Smooth Results
3
X-value
Y-value
P-value
    0.0000    -3.0000  0.000006
    0.4000    -3.0000  0.000003
    0.8000    -3.0000  0.000001
    1.2000    -3.0000  0.000001
    1.6000    -3.0000  0.000002
    2.0000    -3.0000  0.000003
    2.4000    -3.0000  0.000001
    2.8000    -3.0000  0.000001
    3.2000    -3.0000  0.000000
    3.6000    -3.0000  0.000000
    4.0000    -3.0000  0.000001
    4.4000    -3.0000  0.000015
    4.8000    -3.0000  0.000027
    5.2000    -3.0000  0.000047
    5.6000    -3.0000  0.000075
    6.0000    -3.0000  0.000092
    6.4000    -3.0000  0.000118
    6.8000    -3.0000  0.000137
    7.2000    -3.0000  0.000161
    7.6000    -3.0000  0.000171
    8.0000    -3.0000  0.000174
    8.4000    -3.0000  0.000183
    8.8000    -3.0000  0.000159
    9.2000    -3.0000  0.000142
    9.6000    -3.0000  0.000115
   10.0000    -3.0000  0.000086
   10.4000    -3.0000  0.000052
   10.8000    -3.0000  0.000033
   11.2000    -3.0000  0.000015
   11.6000    -3.0000  0.000000
   12.0000    -3.0000  0.000000
   12.4000    -3.0000  0.000000
   12.8000    -3.0000  0.000000
   13.2000    -3.0000  0.000000
   13.6000    -3.0000  0.000000
   14.0000    -3.0000  0.000000
   14.4000    -3.0000  0.000000
   14.8000    -3.0000  0.000001
   15.2000    -3.0000  0.000001
   15.6000    -3.0000  0.000000
   16.0000    -3.0000  0.000001
   16.4000    -3.0000  0.000000
   16.8000    -3.0000  0.000001
   17.2000    -3.0000  0.000001
   17.6000    -3.0000  0.000000
   18.0000    -3.0000  0.000001
   18.4000    -3.0000  0.000000
   18.8000    -3.0000  0.000001
   19.2000    -3.0000  0.000000
   19.6000    -3.0000  0.000000
   20.0000    -3.0000  0.000001
   20.4000    -3.0000  0.000001
   20.8000    -3.0000  0.000004
   21.2000    -3.0000  0.000003
   21.6000    -3.0000  0.000002
   22.0000    -3.0000  0.000001
   22.4000    -3.0000  0.000000
   22.8000    -3.0000  0.000001
   23.2000    -3.0000  0.000001
   23.6000    -3.0000  0.000001
   24.0000    -3.0000  0.000004
   24.4000    -3.0000  0.000003
   24.8000    -3.0000  0.000000
   25.2000    -3.0000  0.000000
   25.6000    -3.0000  0.000001
   26.0000    -3.0000  0.000000
   26.4000    -3.0000  0.000000
   26.8000    -3.0000  0.000000
   27.2000    -3.0000  0.000000
   27.6000    -3.0000  0.000001
   28.0000    -3.0000  0.000002
   28.4000    -3.0000  0.000004
   28.8000    -3.0000  0.000000
   29.2000    -3.0000  0.000001
   29.6000    -3.0000  0.000000
   30.0000    -3.0000  0.000000
   30.4000    -3.0000  0.000000
   30.8000    -3.0000  0.000000
   31.2000    -3.0000  0.000000
   31.6000    -3.0000  0.000000
   32.0000    -3.0000  0.000000
   32.4000    -3.0000  0.000000
   32.8000    -3.0000  0.000000
   33.2000    -3.0000  0.000000
   33.6000    -3.0000  0.000000
   34.0000    -3.0000  0.000000
   34.4000    -3.0000  0.000000
   34.8000    -3.0000  0.000000
   35.2000    -3.0000  0.000000
   35.6000    -3.0000  0.000000
   36.0000    -3.0000  0.000000
   36.4000    -3.0000  0.000000
   36.8000    -3.0000  0.000000
   37.2000    -3.0000  0.000000
   37.6000    -3.0000  0.000000
   38.0000    -3.0000  0.000000
   38.4000    -3.0000  0.000000
   38.8000    -3.0000  0.000000
   39.2000    -3.0000  0.000000
   39.6000    -3.0000  0.000000
    0.0000    -2.9200  0.000001
    0.4000    -2.9200  0.000001
    0.8000    -2.9200  0.000001
    1.2000    -2.9200  0.000001
    1.6000    -2.9200  0.000001
    2.0000    -2.9200  0.000001
    2.4000    -2.9200  0.000001
    2.8000    -2.9200  0.000000
    3.2000    -2.9200  0.000000
    3.6000    -2.9200  0.000001
    4.0000    -2.9200  0.000001
    4.4000    -2.9200  0.000009
    4.8000    -2.9200  0.000020
    5.2000    -2.9200  0.000047
    5.6000    -2.9200  0.000076
    6.0000    -2.9200  0.000112
    6.4000    -2.9200  0.000138
    6.8000    -2.9200  0.000170
    7.2000    -2.9200  0.000195
    7.6000    -2.9200  0.000220
    8.0000    -2.9200  0.000233
    8.4000    -2.9200  0.000247
    8.8000    -2.9200  0.000240
    9.2000    -2.9200  0.000215
    9.6000    -2.9200  0.000185
   10.0000    -2.9200  0.000134
   10.4000    -2.9200  0.000094
   10.8000    -2.9200  0.000059
   11.2000    -2.9200  0.000027
   11.6000    -2.9200  0.000001
   12.0000    -2.9200  0.000000
   12.4000    -2.9200  0.000000
   12.8000    -2.9200  0.000000
   13.2000    -2.9200  0.000000
   13.6000    -2.9200  0.000000
   14.0000    -2.9200  0.000000
   14.4000    -2.9200  0.000000
   14.8000    -2.9200  0.000000
   15.2000    -2.9200  0.000001
   15.6000    -2.9200  0.000001
   16.0000    -2.9200  0.000001
   16.4000    -2.9200  0.000000
   16.8000    -2.9200  0.000001
   17.2000    -2.9200  0.000000
   17.6000    -2.9200  0.000000
   18.0000    -2.9200  0.000000
   18.4000    -2.9200  0.000001
   18.8000    -2.9200  0.000001
   19.2000    -2.9200  0.000000
   19.6000    -2.9200  0.000000
   20.0000    -2.9200  0.000000
   20.4000    -2.9200  0.000000
   20.8000    -2.9200  0.000003
   21.2000    -2.9200  0.000001
   21.6000    -2.9200  0.000002
   22.0000    -2.9200  0.000001
   22.4000    -2.9200  0.000001
   22.8000    -2.9200  0.000001
   23.2000    -2.9200  0.000001
   23.6000    -2.9200  0.000001
   24.0000    -2.9200  0.000002
   24.4000    -2.9200  0.000002
   24.8000    -2.9200  0.000000
   25.2000    -2.9200  0.000000
   25.6000    -2.9200  0.000000
   26.0000    -2.9200  0.000000
   26.4000    -2.9200  0.000000
   26.8000    -2.9200  0.000000
   27.2000    -2.9200  0.000001
   27.6000    -2.9200  0.000000
   28.0000    -2.9200  0.000001
   28.4000    -2.9200  0.000001
   28.8000    -2.9200  0.000000
   29.2000    -2.9200  0.000000
   29.6000    -2.9200  0.000000
   30.0000    -2.9200  0.000000
   30.4000    -2.9200  0.000000
   30.8000    -2.9200  0.000000
   31.2000    -2.9200  0.000000
   31.6000    -2.9200  0.000000
   32.0000    -2.9200  0.000000
   32.4000    -2.9200  0.000000
   32.8000    -2.9200  0.000000
   33.2000    -2.9200  0.000000
   33.6000    -2.9200  0.000000
   34.0000    -2.9200  0.000000
   34.4000    -2.9200  0.000000
   34.8000    -2.9200  0.000000
   35.2000    -2.9200  0.000000
   35.6000    -2.9200  0.000000
   36.0000    -2.9200  0.000000
   36.4000    -2.9200  0.000000
   36.8000    -2.9200  0.000000
   37.2000    -2.9200  0.000000
   37.6000    -2.9200  0.000000
   38.0000    -2.9200  0.000000
   38.4000    -2.9200  0.000000
   38.8000    -2.9200  0.000000
   39.2000    -2.9200  0.000000
   39.6000    -2.9200  0.000000
    0.0000    -2.8400  0.000001
    0.4000    -2.8400  0.000002
    0.8000    -2.8400  0.000002
    1.2000    -2.8400  0.000002
    1.6000    -2.8400  0.000001
    2.0000    -2.8400  0.000001
    2.4000    -2.8400  0.000001
    2.8000    -2.8400  0.000000
    3.2000    -2.8400  0.000000
    3.6000    -2.8400  0.000000
    4.0000    -2.8400  0.000000
    4.4000    -2.8400  0.000002
    4.8000    -2.8400  0.000019
    5.2000    -2.8400  0.000042
    5.6000    -2.8400  0.000072
    6.0000    -2.8400  0.000109
    6.4000    -2.8400  0.000150
    6.8000    -2.8400  0.000179
    7.2000    -2.8400  0.000215
    7.6000    -2.8400  0.000249
    8.0000    -2.8400  0.000277
    8.4000    -2.8400  0.000293
    8.8000    -2.8400  0.000289
    9.2000    -2.8400  0.000289
    9.6000    -2.8400  0.000250
   10.0000    -2.8400  0.000203
   10.4000    -2.8400  0.000151
   10.8000    -2.8400  0.000094
   11.2000    -2.8400  0.000053
   11.6000    -2.8400  0.000006
   12.0000    -2.8400  0.000001
   12.4000    -2.8400  0.000000
   12.8000    -2.8400  0.000000
   13.2000    -2.8400  0.000000
   13.6000    -2.8400  0.000000
   14.0000    -2.8400  0.000000
   14.4000    -2.8400  0.000000
   14.8000    -2.8400  0.000000
   15.2000    -2.8400  0.000000
   15.6000    -2.8400  0.000000
   16.0000    -2.8400  0.000001
   16.4000    -2.8400  0.000001
   16.8000    -2.8400  0.000001
   17.2000    -2.8400  0.000000
   17.6000    -2.8400  0.000000
   18.0000    -2.8400  0.000000
   18.4000    -2.8400  0.000000
   18.8000    -2.8400  0.000000
   19.2000    -2.8400  0.000000
   19.6000    -2.8400  0.000000
   20.0000    -2.8400  0.000000
   20.4000    -2.8400  0.000000
   20.8000    -2.8400  0.000004
   21.2000    -2.8400  0.000000
   21.6000    -2.8400  0.000000
   22.0000    -2.8400  0.000000
   22.4000    -2.8400  0.000001
   22.8000    -2.8400  0.000001
   23.2000    -2.8400  0.000001
   23.6000    -2.8400  0.000000
   24.0000    -2.8400  0.000000
   24.4000    -2.8400  0.000001
   24.8000    -2.8400  0.000001
   25.2000    -2.8400  0.000000
   25.6000    -2.8400  0.000000
   26.0000    -2.8400  0.000000
   26.4000    -2.8400  0.000000
   26.8000    -2.8400  0.000001
   27.2000    -2.8400  0.000001
   27.6000    -2.8400  0.000000
   28.0000    -2.8400  0.000000
   28.4000    -2.8400  0.000001
   28.8000    -2.8400  0.000001
   29.2000    -2.8400  0.000000
   29.6000    -2.8400  0.000000
   30.0000    -2.8400  0.000000
   30.4000    -2.8400  0.000000
   30.8000    -2.8400  0.000000
   31.2000    -2.8400  0.000000
   31.6000    -2.8400  0.000000
   32.0000    -2.8400  0.000000
   32.4000    -2.8400  0.000000
   32.8000    -2.8400  0.000000
   33.2000    -2.8400  0.000000
   33.6000    -2.8400  0.000000
   34.0000    -2.8400  0.000000
   34.4000    -2.8400  0.000000
   34.8000    -2.8400  0.000000
   35.2000    -2.8400  0.000000
   35.6000    -2.8400  0.000000
   36.0000    -2.8400  0.000000
   36.4000    -2.8400  0.000000
   36.8000    -2.8400  0.000000
   37.2000    -2.8400  0.000000
   37.6000    -2.8400  0.000000
   38.0000    -2.8400  0.000000
   38.4000    -2.8400  0.000000
   38.8000    -2.8400  0.000000
   39.2000    -2.8400  0.000000
   39.6000    -2.8400  0.000000
    0.0000    -2.7600  0.000001
    0.4000    -2.7600  0.000001
    0.8000    -2.7600  0.000001
    1.2000    -2.7600  0.000002
    1.6000    -2.7600  0.000001
    2.0000    -2.7600  0.000000
    2.4000    -2.7600  0.000001
    2.8000    -2.7600  0.000001
    3.2000    -2.7600  0.000000
    3.6000    -2.7600  0.000001
    4.0000    -2.7600  0.000001
    4.4000    -2.7600  0.000002
    4.8000    -2.7600  0.000008
    5.2000    -2.7600  0.000035
    5.6000    -2.7600  0.000059
    6.0000    -2.7600  0.000103
    6.4000    -2.7600  0.000144
    6.8000    -2.7600  0.000181
    7.2000    -2.7600  0.000222
    7.6000    -2.7600  0.000264
    8.0000    -2.7600  0.000302
    8.4000    -2.7600  0.000337
    8.8000    -2.7600  0.000349
    9.2000    -2.7600  0.000361
    9.6000    -2.7600  0.000343
   10.0000    -2.7600  0.000277
   10.4000    -2.7600  0.000230
   10.8000    -2.7600  0.000146
   11.2000    -2.7600  0.000089
   11.6000    -2.7600  0.000031
   12.0000    -2.7600  0.000006
   12.4000    -2.7600  0.000000
   12.8000    -2.7600  0.000000
   13.2000    -2.7600  0.000000
   13.6000    -2.7600  0.000000
   14.0000    -2.7600  0.000000
   14.4000    -2.7600  0.000000
   14.8000    -2.7600  0.000000
   15.2000    -2.7600  0.000001
   15.6000    -2.7600  0.000000
   16.0000    -2.7600  0.000000
   16.4000    -2.7600  0.000000
   16.8000    -2.7600  0.000000
   17.2000    -2.7600  0.000001
   17.6000    -2.7600  0.000000
   18.0000    -2.7600  0.000000
   18.4000    -2.7600  0.000001
   18.8000    -2.7600  0.000000
   19.2000    -2.7600  0.000001
   19.6000    -2.7600  0.000000
   20.0000    -2.7600  0.000000
   20.4000    -2.7600  0.000000
   20.8000    -2.7600  0.000003
   21.2000    -2.7600  0.000001
   21.6000    -2.7600  0.000000
   22.0000    -2.7600  0.000001
   22.4000    -2.7600  0.000000
   22.8000    -2.7600  0.000000
   23.2000    -2.7600  0.000001
   23.6000    -2.7600  0.000001
   24.0000    -2.7600  0.000001
   24.4000    -2.7600  0.000001
   24.8000    -2.7600  0.000000
   25.2000    -2.7600  0.000000
   25.6000    -2.7600  0.000000
   26.0000    -2.7600  0.000000
   26.4000    -2.7600  0.000000
   26.8000    -2.7600  0.000000
   27.2000    -2.7600  0.000000
   27.6000    -2.7600  0.000000
   28.0000    -2.7600  0.000001
   28.4000    -2.7600  0.000001
   28.8000    -2.7600  0.000000
   29.2000    -2.7600  0.000000
   29.6000    -2.7600  0.000000
   30.0000    -2.7600  0.000000
   30.4000    -2.7600  0.000000
   30.8000    -2.7600  0.000000
   31.2000    -2.7600  0.000000
   31.6000    -2.7600  0.000000
   32.0000    -2.7600  0.000000
   32.4000    -2.7600  0.000000
   32.8000    -2.7600  0.000000
   33.2000    -2.7600  0.000000
   33.6000    -2.7600  0.000000
   34.0000    -2.7600  0.000000
   34.4000    -2.7600  0.000000
   34.8000    -2.7600  0.000000
   35.2000    -2.7600  0.000000
   35.6000    -2.7600  0.000000
   36.0000    -2.7600  0.000000
   36.4000    -2.7600  0.000000
   36.8000    -2.7600  0.000000
   37.2000    -2.7600  0.000000
   37.6000    -2.7600  0.000000
   38.0000    -2.7600  0.000000
   38.4000    -2.7600  0.000000
   38.8000    -2.7600  0.000000
   39.2000    -2.7600  0.000000
   39.6000    -2.7600  0.000000
    0.0000    -2.6800  0.000001
    0.4000    -2.6800  0.000000
    0.8000    -2.6800  0.000001
    1.2000    -2.6800  0.000001
    1.6000    -2.6800  0.000001
    2.0000    -2.6800  0.000001
    2.4000    -2.6800  0.000002
    2.8000    -2.6800  0.000001
    3.2000    -2.6800  0.000000
    3.6000    -2.6800  0.000001
    4.0000    -2.6800  0.000003
    4.4000    -2.6800  0.000001
    4.8000    -2.6800  0.000010
    5.2000    -2.6800  0.000029
    5.6000    -2.6800  0.000052
    6.0000    -2.6800  0.000097
    6.4000    -2.6800  0.000130
    6.8000    -2.6800  0.000178
    7.2000    -2.6800  0.000233
    7.6000    -2.6800  0.000264
    8.0000    -2.6800  0.000312
    8.4000    -2.6800  0.000349
    8.8000    -2.6800  0.000373
    9.2000    -2.6800  0.000384
    9.6000    -2.6800  0.000372
   10.0000    -2.6800  0.000342
   10.4000    -2.6800  0.000300
   10.8000    -2.6800  0.000217
   11.2000    -2.6800  0.000145
   11.6000    -2.6800  0.000061
   12.0000    -2.6800  0.000021
   12.4000    -2.6800  0.000001
   12.8000    -2.6800  0.000000
   13.2000    -2.6800  0.000000
   13.6000    -2.6800  0.000000
   14.0000    -2.6800  0.000000
   14.4000    -2.6800  0.000000
   14.8000    -2.6800  0.000000
   15.2000    -2.6800  0.000001
   15.6000    -2.6800  0.000001
   16.0000    -2.6800  0.000000
   16.4000    -2.6800  0.000000
   16.8000    -2.6800  0.000001
   17.2000    -2.6800  0.000002
   17.6000    -2.6800  0.000000
   18.0000    -2.6800  0.000000
   18.4000    -2.6800  0.000000
   18.8000    -2.6800  0.000000
   19.2000    -2.6800  0.000000
   19.6000    -2.6800  0.000000
   20.0000    -2.6800  0.000000
   20.4000    -2.6800  0.000000
   20.8000    -2.6800  0.000007
   21.2000    -2.6800  0.000001
   21.6000    -2.6800  0.000003
   22.0000    -2.6800  0.000001
   22.4000    -2.6800  0.000000
   22.8000    -2.6800  0.000001
   23.2000    -2.6800  0.000004
   23.6000    -2.6800  0.000000
   24.0000    -2.6800  0.000001
   24.4000    -2.6800  0.000001
   24.8000    -2.6800  0.000000
   25.2000    -2.6800  0.000000
   25.6000    -2.6800  0.000000
   26.0000    -2.6800  0.000000
   26.4000    -2.6800  0.000001
   26.8000    -2.6800  0.000001
   27.2000    -2.6800  0.000001
   27.6000    -2.6800  0.000001
   28.0000    -2.6800  0.000001
   28.4000    -2.6800  0.000001
   28.8000    -2.6800  0.000001
   29.2000    -2.6800  0.000000
   29.6000    -2.6800  0.000000
   30.0000    -2.6800  0.000000
   30.4000    -2.6800  0.000000
   30.8000    -2.6800  0.000000
   31.2000    -2.6800  0.000000
   31.6000    -2.6800  0.000000
   32.0000    -2.6800  0.000000
   32.4000    -2.6800  0.000000
   32.8000    -2.6800  0.000000
   33.2000    -2.6800  0.000000
   33.6000    -2.6800  0.000000
   34.0000    -2.6800  0.000000
   34.4000    -2.6800  0.000000
   34.8000    -2.6800  0.000000
   35.2000    -2.6800  0.000000
   35.6000    -2.6800  0.000000
   36.0000    -2.6800  0.000000
   36.4000    -2.6800  0.000000
   36.8000    -2.6800  0.000000
   37.2000    -2.6800  0.000000
   37.6000    -2.6800  0.000000
   38.0000    -2.6800  0.000000
   38.4000    -2.6800  0.000000
   38.8000    -2.6800  0.000000
   39.2000    -2.6800  0.000000
   39.6000    -2.6800  0.000000
    0.0000    -2.6000  0.000000
    0.4000    -2.6000  0.000000
    0.8000    -2.6000  0.000001
    1.2000    -2.6000  0.000003
    1.6000    -2.6000  0.000001
    2.0000    -2.6000  0.000003
    2.4000    -2.6000  0.000003
    2.8000    -2.6000  0.000001
    3.2000    -2.6000  0.000002
    3.6000    -2.6000  0.000000
    4.0000    -2.6000  0.000001
    4.4000    -2.6000  0.000010
    4.8000    -2.6000  0.000013
    5.2000    -2.6000  0.000026
    5.6000    -2.6000  0.000060
    6.0000    -2.6000  0.000086
    6.4000    -2.6000  0.000130
    6.8000    -2.6000  0.000164
    7.2000    -2.6000  0.000219
    7.6000    -2.6000  0.000267
    8.0000    -2.6000  0.000298
    8.4000    -2.6000  0.000352
    8.8000    -2.6000  0.000375
    9.2000    -2.6000  0.000408
    9.6000    -2.6000  0.000408
   10.0000    -2.6000  0.000385
   10.4000    -2.6000  0.000324
   10.8000    -2.6000  0.000269
   11.2000    -2.6000  0.000184
   11.6000    -2.6000  0.000084
   12.0000    -2.6000  0.000041
   12.4000    -2.6000  0.000008
   12.8000    -2.6000  0.000000
   13.2000    -2.6000  0.000000
   13.6000    -2.6000  0.000000
   14.0000    -2.6000  0.000000
   14.4000    -2.6000  0.000000
   14.8000    -2.6000  0.000000
   15.2000    -2.6000  0.000000
   15.6000    -2.6000  0.000001
   16.0000    -2.6000  0.000001
   16.4000    -2.6000  0.000002
   16.8000    -2.6000  0.000000
   17.2000    -2.6000  0.000001
   17.6000    -2.6000  0.000000
   18.0000    -2.6000  0.000000
   18.4000    -2.6000  0.000000
   18.8000    -2.6000  0.000000
   19.2000    -2.6000  0.000000
   19.6000    -2.6000  0.000000
   20.0000    -2.6000  0.000000
   20.4000    -2.6000  0.000000
   20.8000    -2.6000  0.000001
   21.2000    -2.6000  0.000005
   21.6000    -2.6000  0.000008
   22.0000    -2.6000  0.000002
   22.4000    -2.6000  0.000001
   22.8000    -2.6000  0.000001
   23.2000    -2.6000  0.000000
   23.6000    -2.6000  0.000001
   24.0000    -2.6000  0.000000
   24.4000    -2.6000  0.000001
   24.8000    -2.6000  0.000000
   25.2000    -2.6000  0.000000
   25.6000    -2.6000  0.000000
   26.0000    -2.6000  0.000000
   26.4000    -2.6000  0.000000
   26.8000    -2.6000  0.000001
   27.2000    -2.6000  0.000002
   27.6000    -2.6000  0.000001
   28.0000    -2.6000  0.000002
   28.4000    -2.6000  0.000003
   28.8000    -2.6000  0.000000
   29.2000    -2.6000  0.000000
   29.6000    -2.6000  0.000000
   30.0000    -2.6000  0.000000
   30.4000    -2.6000  0.000000
   30.8000    -2.6000  0.000000
   31.2000    -2.6000  0.000000
   31.6000    -2.6000  0.000000
   32.0000    -2.6000  0.000000
   32.4000    -2.6000  0.000000
   32.8000    -2.6000  0.000000
   33.2000    -2.6000  0.000000
   33.6000    -2.6000  0.000000
   34.0000    -2.6000  0.000000
   34.4000    -2.6000  0.000000
   34.8000    -2.6000  0.000001
   35.2000    -2.6000  0.000000
   35.6000    -2.6000  0.000000
   36.0000    -2.6000  0.000000
   36.4000    -2.6000  0.000000
   36.8000    -2.6000  0.000000
   37.2000    -2.6000  0.000000
   37.6000    -2.6000  0.000000
   38.0000    -2.6000  0.000000
   38.4000    -2.6000  0.000000
   38.8000    -2.6000  0.000000
   39.2000    -2.6000  0.000000
   39.6000    -2.6000  0.000000
    0.0000    -2.5200  0.000001
    0.4000    -2.5200  0.000001
    0.8000    -2.5200  0.000001
    1.2000    -2.5200  0.000001
    1.6000    -2.5200  0.000001
    2.0000    -2.5200  0.000001
    2.4000    -2.5200  0.000001
    2.8000    -2.5200  0.000001
    3.2000    -2.5200  0.000001
    3.6000    -2.5200  0.000001
    4.0000    -2.5200  0.000002
    4.4000    -2.5200  0.000004
    4.8000    -2.5200  0.000022
    5.2000    -2.5200  0.000032
    5.6000    -2.5200  0.000051
    6.0000    -2.5200  0.000080
    6.4000    -2.5200  0.000120
    6.8000    -2.5200  0.000155
    7.2000    -2.5200  0.000209
    7.6000    -2.5200  0.000255
    8.0000    -2.5200  0.000294
    8.4000    -2.5200  0.000336
    8.8000    -2.5200  0.000350
    9.2000    -2.5200  0.000395
    9.6000    -2.5200  0.000402
   10.0000    -2.5200  0.000390
   10.4000    -2.5200  0.000352
   10.8000    -2.5200  0.000308
   11.2000    -2.5200  0.000232
   11.6000    -2.5200  0.000128
   12.0000    -2.5200  0.000069
   12.4000    -2.5200  0.000021
   12.8000    -2.5200  0.000002
   13.2000    -2.5200  0.000000
   13.6000    -2.5200  0.000000
   14.0000    -2.5200  0.000000
   14.4000    -2.5200  0.000000
   14.8000    -2.5200  0.000001
   15.2000    -2.5200  0.000000
   15.6000    -2.5200  0.000001
   16.0000    -2.5200  0.000000
   16.4000    -2.5200  0.000002
   16.8000    -2.5200  0.000000
   17.2000    -2.5200  0.000000
   17.6000    -2.5200  0.000000
   18.0000    -2.5200  0.000000
   18.4000    -2.5200  0.000000
   18.8000    -2.5200  0.000000
   19.2000    -2.5200  0.000000
   19.6000    -2.5200  0.000000
   20.0000    -2.5200  0.000000
   20.4000    -2.5200  0.000001
   20.8000    -2.5200  0.000002
   21.2000    -2.5200  0.000001
   21.6000    -2.5200  0.000002
   22.0000    -2.5200  0.000000
   22.4000    -2.5200  0.000000
   22.8000    -2.5200  0.000001
   23.2000    -2.5200  0.000000
   23.6000    -2.5200  0.000001
   24.0000    -2.5200  0.000001
   24.4000    -2.5200  0.000002
   24.8000    -2.5200  0.000000
   25.2000    -2.5200  0.000000
   25.6000    -2.5200  0.000000
   26.0000    -2.5200  0.000000
   26.4000    -2.5200  0.000000
   26.8000    -2.5200  0.000000
   27.2000    -2.5200  0.000001
   27.6000    -2.5200  0.000001
   28.0000    -2.5200  0.000005
   28.4000    -2.5200  0.000004
   28.8000    -2.5200  0.000000
   29.2000    -2.5200  0.000001
   29.6000    -2.5200  0.000000
   30.0000    -2.5200  0.000000
   30.4000    -2.5200  0.000000
   30.8000    -2.5200  0.000000
   31.2000    -2.5200  0.000000
   31.6000    -2.5200  0.000000
   32.0000    -2.5200  0.000000
   32.4000    -2.5200  0.000000
   32.8000    -2.5200  0.000000
   33.2000    -2.5200  0.000000
   33.6000    -2.5200  0.000000
   34.0000    -2.5200  0.000000
   34.4000    -2.5200  0.000000
   34.8000    -2.5200  0.000000
   35.2000    -2.5200  0.000000
   35.6000    -2.5200  0.000000
   36.0000    -2.5200  0.000000
   36.4000    -2.5200  0.000000
   36.8000    -2.5200  0.000000
   37.2000    -2.5200  0.000000
   37.6000    -2.5200  0.000000
   38.0000    -2.5200  0.000000
   38.4000    -2.5200  0.000000
   38.8000    -2.5200  0.000000
   39.2000    -2.5200  0.000000
   39.6000    -2.5200  0.000000
    0.0000    -2.4400  0.000001
    0.4000    -2.4400  0.000001
    0.8000    -2.4400  0.000001
    1.2000    -2.4400  0.000001
    1.6000    -2.4400  0.000002
    2.0000    -2.4400  0.000001
    2.4000    -2.4400  0.000001
    2.8000    -2.4400  0.000005
    3.2000    -2.4400  0.000003
    3.6000    -2.4400  0.000003
    4.0000    -2.4400  0.000009
    4.4000    -2.4400  0.000014
    4.8000    -2.4400  0.000028
    5.2000    -2.4400  0.000042
    5.6000    -2.4400  0.000062
    6.0000    -2.4400  0.000090
    6.4000    -2.4400  0.000119
    6.8000    -2.4400  0.000159
    7.2000    -2.4400  0.000199
    7.6000    -2.4400  0.000235
    8.0000    -2.4400  0.000278
    8.4000    -2.4400  0.000329
    8.8000    -2.4400  0.000355
    9.2000    -2.4400  0.000385
    9.6000    -2.4400  0.000398
   10.0000    -2.4400  0.000388
   10.4000    -2.4400  0.000364
   10.8000    -2.4400  0.000321
   11.2000    -2.4400  0.000256
   11.6000    -2.4400  0.000170
   12.0000    -2.4400  0.000097
   12.4000    -2.4400  0.000039
   12.8000    -2.4400  0.000006
   13.2000    -2.4400  0.000000
   13.6000    -2.4400  0.000000
   14.0000    -2.4400  0.000000
   14.4000    -2.4400  0.000000
   14.8000    -2.4400  0.000001
   15.2000    -2.4400  0.000002
   15.6000    -2.4400  0.000000
   16.0000    -2.4400  0.000000
   16.4000    -2.4400  0.000000
   16.8000    -2.4400  0.000000
   17.2000    -2.4400  0.000000
   17.6000    -2.4400  0.000000
   18.0000    -2.4400  0.000000
   18.4000    -2.4400  0.000001
   18.8000    -2.4400  0.000000
   19.2000    -2.4400  0.000000
   19.6000    -2.4400  0.000001
   20.0000    -2.4400  0.000000
   20.4000    -2.4400  0.000000
   20.8000    -2.4400  0.000010
   21.2000    -2.4400  0.000001
   21.6000    -2.4400  0.000001
   22.0000    -2.4400  0.000000
   22.4000    -2.4400  0.000000
   22.8000    -2.4400  0.000001
   23.2000    -2.4400  0.000001
   23.6000    -2.4400  0.000006
   24.0000    -2.4400  0.000001
   24.4000    -2.4400  0.000001
   24.8000    -2.4400  0.000000
   25.2000    -2.4400  0.000001
   25.6000    -2.4400  0.000000
   26.0000    -2.4400  0.000000
   26.4000    -2.4400  0.000000
   26.8000    -2.4400  0.000000
   27.2000    -2.4400  0.000001
   27.6000    -2.4400  0.000002
   28.0000    -2.4400  0.000001
   28.4000    -2.4400  0.000001
   28.8000    -2.4400  0.000001
   29.2000    -2.4400  0.000000
   29.6000    -2.4400  0.000000
   30.0000    -2.4400  0.000000
   30.4000    -2.4400  0.000000
   30.8000    -2.4400  0.000000
   31.2000    -2.4400  0.000000
   31.6000    -2.4400  0.000000
   32.0000    -2.4400  0.000000
   32.4000    -2.4400  0.000000
   32.8000    -2.4400  0.000000
   33.2000    -2.4400  0.000000
   33.6000    -2.4400  0.000000
   34.0000    -2.4400  0.000000
   34.4000    -2.4400  0.000000
   34.8000    -2.4400  0.000000
   35.2000    -2.4400  0.000000
   35.6000    -2.4400  0.000000
   36.0000    -2.4400  0.000001
   36.4000    -2.4400  0.000000
   36.8000    -2.4400  0.000000
   37.2000    -2.4400  0.000000
   37.6000    -2.4400  0.000000
   38.0000    -2.4400  0.000000
   38.4000    -2.4400  0.000000
   38.8000    -2.4400  0.000000
   39.2000    -2.4400  0.000000
   39.6000    -2.4400  0.000000
    0.0000    -2.3600  0.000001
    0.4000    -2.3600  0.000001
    0.8000    -2.3600  0.000001
    1.2000    -2.3600  0.000001
    1.6000    -2.3600  0.000004
    2.0000    -2.3600  0.000001
    2.4000    -2.3600  0.000002
    2.8000    -2.3600  0.000002
    3.2000    -2.3600  0.000002
    3.6000    -2.3600  0.000011
    4.0000    -2.3600  0.000017
    4.4000    -2.3600  0.000024
    4.8000    -2.3600  0.000034
    5.2000    -2.3600  0.000052
    5.6000    -2.3600  0.000071
    6.0000    -2.3600  0.000099
    6.4000    -2.3600  0.000133
    6.8000    -2.3600  0.000163
    7.2000    -2.3600  0.000205
    7.6000    -2.3600  0.000234
    8.0000    -2.3600  0.000278
    8.4000    -2.3600  0.000314
    8.8000    -2.3600  0.000349
    9.2000    -2.3600  0.000389
    9.6000    -2.3600  0.000389
   10.0000    -2.3600  0.000385
   10.4000    -2.3600  0.000369
   10.8000    -2.3600  0.000335
   11.2000    -2.3600  0.000271
   11.6000    -2.3600  0.000181
   12.0000    -2.3600  0.000113
   12.4000    -2.3600  0.000055
   12.8000    -2.3600  0.000013
   13.2000    -2.3600  0.000000
   13.6000    -2.3600  0.000000
   14.0000    -2.3600  0.000001
   14.4000    -2.3600  0.000000
   14.8000    -2.3600  0.000001
   15.2000    -2.3600  0.000000
   15.6000    -2.3600  0.000000
   16.0000    -2.3600  0.000000
   16.4000    -2.3600  0.000004
   16.8000    -2.3600  0.000002
   17.2000    -2.3600  0.000001
   17.6000    -2.3600  0.000000
   18.0000    -2.3600  0.000000
   18.4000    -2.3600  0.000000
   18.8000    -2.3600  0.000000
   19.2000    -2.3600  0.000001
   19.6000    -2.3600  0.000000
   20.0000    -2.3600  0.000002
   20.4000    -2.3600  0.000000
   20.8000    -2.3600  0.000012
   21.2000    -2.3600  0.000003
   21.6000    -2.3600  0.000016
   22.0000    -2.3600  0.000002
   22.4000    -2.3600  0.000011
   22.8000    -2.3600  0.000010
   23.2000    -2.3600  0.000001
   23.6000    -2.3600  0.000002
   24.0000    -2.3600  0.000002
   24.4000    -2.3600  0.000004
   24.8000    -2.3600  0.000000
   25.2000    -2.3600  0.000000
   25.6000    -2.3600  0.000001
   26.0000    -2.3600  0.000000
   26.4000    -2.3600  0.000001
   26.8000    -2.3600  0.000002
   27.2000    -2.3600  0.000001
   27.6000    -2.3600  0.000001
   28.0000    -2.3600  0.000003
   28.4000    -2.3600  0.000007
   28.8000    -2.3600  0.000002
   29.2000    -2.3600  0.000001
   29.6000    -2.3600  0.000001
   30.0000    -2.3600  0.000001
   30.4000    -2.3600  0.000000
   30.8000    -2.3600  0.000000
   31.2000    -2.3600  0.000000
   31.6000    -2.3600  0.000000
   32.0000    -2.3600  0.000000
   32.4000    -2.3600  0.000000
   32.8000    -2.3600  0.000000
   33.2000    -2.3600  0.000000
   33.6000    -2.3600  0.000000
   34.0000    -2.3600  0.000000
   34.4000    -2.3600  0.000000
   34.8000    -2.3600  0.000000
   35.2000    -2.3600  0.000000
   35.6000    -2.3600  0.000000
   36.0000    -2.3600  0.000000
   36.4000    -2.3600  0.000000
   36.8000    -2.3600  0.000000
   37.2000    -2.3600  0.000000
   37.6000    -2.3600  0.000000
   38.0000    -2.3600  0.000000
   38.4000    -2.3600  0.000000
   38.8000    -2.3600  0.000000
   39.2000    -2.3600  0.000000
   39.6000    -2.3600  0.000000
    0.0000    -2.2800  0.000001
    0.4000    -2.2800  0.000001
    0.8000    -2.2800  0.000001
    1.2000    -2.2800  0.000001
    1.6000    -2.2800  0.000006
    2.0000    -2.2800  0.000002
    2.4000    -2.2800  0.000003
    2.8000    -2.2800  0.000002
    3.2000    -2.2800  0.000007
    3.6000    -2.2800  0.000012
    4.0000    -2.2800  0.000021
    4.4000    -2.2800  0.000036
    4.8000    -2.2800  0.000049
    5.2000    -2.2800  0.000066
    5.6000    -2.2800  0.000090
    6.0000    -2.2800  0.000111
    6.4000    -2.2800  0.000139
    6.8000    -2.2800  0.000167
    7.2000    -2.2800  0.000211
    7.6000    -2.2800  0.000234
    8.0000    -2.2800  0.000275
    8.4000    -2.2800  0.000312
    8.8000    -2.2800  0.000346
    9.2000    -2.2800  0.000374
    9.6000    -2.2800  0.000383
   10.0000    -2.2800  0.000375
   10.4000    -2.2800  0.000357
   10.8000    -2.2800  0.000322
   11.2000    -2.2800  0.000265
   11.6000    -2.2800  0.000194
   12.0000    -2.2800  0.000139
   12.4000    -2.2800  0.000072
   12.8000    -2.2800  0.000026
   13.2000    -2.2800  0.000002
   13.6000    -2.2800  0.000000
   14.0000    -2.2800  0.000000
   14.4000    -2.2800  0.000000
   14.8000    -2.2800  0.000001
   15.2000    -2.2800  0.000001
   15.6000    -2.2800  0.000001
   16.0000    -2.2800  0.000002
   16.4000    -2.2800  0.000000
   16.8000    -2.2800  0.000000
   17.2000    -2.2800  0.000001
   17.6000    -2.2800  0.000000
   18.0000    -2.2800  0.000000
   18.4000    -2.2800  0.000000
   18.8000    -2.2800  0.000000
   19.2000    -2.2800  0.000001
   19.6000    -2.2800  0.000000
   20.0000    -2.2800  0.000001
   20.4000    -2.2800  0.000004
   20.8000    -2.2800  0.000008
   21.2000    -2.2800  0.000019
   21.6000    -2.2800  0.000005
   22.0000    -2.2800  0.000008
   22.4000    -2.2800  0.000002
   22.8000    -2.2800  0.000015
   23.2000    -2.2800  0.000013
   23.6000    -2.2800  0.000010
   24.0000    -2.2800  0.000008
   24.4000    -2.2800  0.000014
   24.8000    -2.2800  0.000001
   25.2000    -2.2800  0.000001
   25.6000    -2.2800  0.000001
   26.0000    -2.2800  0.000001
   26.4000    -2.2800  0.000001
   26.8000    -2.2800  0.000001
   27.2000    -2.2800  0.000001
   27.6000    -2.2800  0.000004
   28.0000    -2.2800  0.000006
   28.4000    -2.2800  0.000007
   28.8000    -2.2800  0.000004
   29.2000    -2.2800  0.000001
   29.6000    -2.2800  0.000001
   30.0000    -2.2800  0.000000
   30.4000    -2.2800  0.000000
   30.8000    -2.2800  0.000000
   31.2000    -2.2800  0.000000
   31.6000    -2.2800  0.000000
   32.0000    -2.2800  0.000000
   32.4000    -2.2800  0.000000
   32.8000    -2.2800  0.000000
   33.2000    -2.2800  0.000000
   33.6000    -2.2800  0.000000
   34.0000    -2.2800  0.000000
   34.4000    -2.2800  0.000000
   34.8000    -2.2800  0.000000
   35.2000    -2.2800  0.000000
   35.6000    -2.2800  0.000000
   36.0000    -2.2800  0.000000
   36.4000    -2.2800  0.000000
   36.8000    -2.2800  0.000000
   37.2000    -2.2800  0.000000
   37.6000    -2.2800  0.000000
   38.0000    -2.2800  0.000000
   38.4000    -2.2800  0.000000
   38.8000    -2.2800  0.000000
   39.2000    -2.2800  0.000000
   39.6000    -2.2800  0.000000
    0.0000    -2.2000  0.000001
    0.4000    -2.2000  0.000003
    0.8000    -2.2000  0.000002
    1.2000    -2.2000  0.000002
    1.6000    -2.2000  0.000003
    2.0000    -2.2000  0.000002
    2.4000    -2.2000  0.000003
    2.8000    -2.2000  0.000008
    3.2000    -2.2000  0.000006
    3.6000    -2.2000  0.000015
    4.0000    -2.2000  0.000021
    4.4000    -2.2000  0.000048
    4.8000    -2.2000  0.000070
    5.2000    -2.2000  0.000087
    5.6000    -2.2000  0.000104
    6.0000    -2.2000  0.000129
    6.4000    -2.2000  0.000155
    6.8000    -2.2000  0.000185
    7.2000    -2.2000  0.000216
    7.6000    -2.2000  0.000252
    8.0000    -2.2000  0.000285
    8.4000    -2.2000  0.000307
    8.8000    -2.2000  0.000346
    9.2000    -2.2000  0.000372
    9.6000    -2.2000  0.000382
   10.0000    -2.2000  0.000372
   10.4000    -2.2000  0.000352
   10.8000    -2.2000  0.000307
   11.2000    -2.2000  0.000257
   11.6000    -2.2000  0.000195
   12.0000    -2.2000  0.000133
   12.4000    -2.2000  0.000082
   12.8000    -2.2000  0.000039
   13.2000    -2.2000  0.000007
   13.6000    -2.2000  0.000000
   14.0000    -2.2000  0.000000
   14.4000    -2.2000  0.000000
   14.8000    -2.2000  0.000000
   15.2000    -2.2000  0.000001
   15.6000    -2.2000  0.000001
   16.0000    -2.2000  0.000001
   16.4000    -2.2000  0.000000
   16.8000    -2.2000  0.000000
   17.2000    -2.2000  0.000001
   17.6000    -2.2000  0.000002
   18.0000    -2.2000  0.000000
   18.4000    -2.2000  0.000000
   18.8000    -2.2000  0.000000
   19.2000    -2.2000  0.000000
   19.6000    -2.2000  0.000000
   20.0000    -2.2000  0.000001
   20.4000    -2.2000  0.000003
   20.8000    -2.2000  0.000018
   21.2000    -2.2000  0.000015
   21.6000    -2.2000  0.000011
   22.0000    -2.2000  0.000005
   22.4000    -2.2000  0.000015
   22.8000    -2.2000  0.000020
   23.2000    -2.2000  0.000018
   23.6000    -2.2000  0.000019
   24.0000    -2.2000  0.000014
   24.4000    -2.2000  0.000021
   24.8000    -2.2000  0.000010
   25.2000    -2.2000  0.000008
   25.6000    -2.2000  0.000002
   26.0000    -2.2000  0.000005
   26.4000    -2.2000  0.000004
   26.8000    -2.2000  0.000004
   27.2000    -2.2000  0.000010
   27.6000    -2.2000  0.000008
   28.0000    -2.2000  0.000002
   28.4000    -2.2000  0.000006
   28.8000    -2.2000  0.000001
   29.2000    -2.2000  0.000000
   29.6000    -2.2000  0.000000
   30.0000    -2.2000  0.000000
   30.4000    -2.2000  0.000000
   30.8000    -2.2000  0.000000
   31.2000    -2.2000  0.000000
   31.6000    -2.2000  0.000000
   32.0000    -2.2000  0.000000
   32.4000    -2.2000  0.000000
   32.8000    -2.2000  0.000000
   33.2000    -2.2000  0.000000
   33.6000    -2.2000  0.000000
   34.0000    -2.2000  0.000000
   34.4000    -2.2000  0.000000
   34.8000    -2.2000  0.000000
   35.2000    -2.2000  0.000000
   35.6000    -2.2000  0.000000
   36.0000    -2.2000  0.000000
   36.4000    -2.2000  0.000000
   36.8000    -2.2000  0.000000
   37.2000    -2.2000  0.000000
   37.6000    -2.2000  0.000000
   38.0000    -2.2000  0.000000
   38.4000    -2.2000  0.000000
   38.8000    -2.2000  0.000000
   39.2000    -2.2000  0.000000
   39.6000    -2.2000  0.000000
    0.0000    -2.1200  0.000004
    0.4000    -2.1200  0.000004
    0.8000    -2.1200  0.000007
    1.2000    -2.1200  0.000003
    1.6000    -2.1200  0.000004
    2.0000    -2.1200  0.000003
    2.4000    -2.1200  0.000007
    2.8000    -2.1200  0.000008
    3.2000    -2.1200  0.000013
    3.6000    -2.1200  0.000017
    4.0000    -2.1200  0.000031
    4.4000    -2.1200  0.000047
    4.8000    -2.1200  0.000074
    5.2000    -2.1200  0.000100
    5.6000    -2.1200  0.000122
    6.0000    -2.1200  0.000150
    6.4000    -2.1200  0.000176
    6.8000    -2.1200  0.000203
    7.2000    -2.1200  0.000229
    7.6000    -2.1200  0.000260
    8.0000    -2.1200  0.000309
    8.4000    -2.1200  0.000321
    8.8000    -2.1200  0.000347
    9.2000    -2.1200  0.000373
    9.6000    -2.1200  0.000386
   10.0000    -2.1200  0.000380
   10.4000    -2.1200  0.000355
   10.8000    -2.1200  0.000314
   11.2000    -2.1200  0.000252
   11.6000    -2.1200  0.000182
   12.0000    -2.1200  0.000125
   12.4000    -2.1200  0.000080
   12.8000    -2.1200  0.000040
   13.2000    -2.1200  0.000012
   13.6000    -2.1200  0.000000
   14.0000    -2.1200  0.000000
   14.4000    -2.1200  0.000001
   14.8000    -2.1200  0.000000
   15.2000    -2.1200  0.000001
   15.6000    -2.1200  0.000001
   16.0000    -2.1200  0.000000
   16.4000    -2.1200  0.000002
   16.8000    -2.1200  0.000003
   17.2000    -2.1200  0.000002
   17.6000    -2.1200  0.000001
   18.0000    -2.1200  0.000000
   18.4000    -2.1200  0.000000
   18.8000    -2.1200  0.000001
   19.2000    -2.1200  0.000001
   19.6000    -2.1200  0.000001
   20.0000    -2.1200  0.000001
   20.4000    -2.1200  0.000008
   20.8000    -2.1200  0.000029
   21.2000    -2.1200  0.000031
   21.6000    -2.1200  0.000030
   22.0000    -2.1200  0.000032
   22.4000    -2.1200  0.000035
   22.8000    -2.1200  0.000031
   23.2000    -2.1200  0.000037
   23.6000    -2.1200  0.000034
   24.0000    -2.1200  0.000029
   24.4000    -2.1200  0.000031
   24.8000    -2.1200  0.000017
   25.2000    -2.1200  0.000015
   25.6000    -2.1200  0.000017
   26.0000    -2.1200  0.000015
   26.4000    -2.1200  0.000015
   26.8000    -2.1200  0.000015
   27.2000    -2.1200  0.000009
   27.6000    -2.1200  0.000013
   28.0000    -2.1200  0.000005
   28.4000    -2.1200  0.000010
   28.8000    -2.1200  0.000007
   29.2000    -2.1200  0.000001
   29.6000    -2.1200  0.000000
   30.0000    -2.1200  0.000000
   30.4000    -2.1200  0.000000
   30.8000    -2.1200  0.000000
   31.2000    -2.1200  0.000000
   31.6000    -2.1200  0.000000
   32.0000    -2.1200  0.000000
   32.4000    -2.1200  0.000000
   32.8000    -2.1200  0.000000
   33.2000    -2.1200  0.000000
   33.6000    -2.1200  0.000000
   34.0000    -2.1200  0.000000
   34.4000    -2.1200  0.000000
   34.8000    -2.1200  0.000000
   35.2000    -2.1200  0.000000
   35.6000    -2.1200  0.000000
   36.0000    -2.1200  0.000000
   36.4000    -2.1200  0.000000
   36.8000    -2.1200  0.000000
   37.2000    -2.1200  0.000000
   37.6000    -2.1200  0.000000
   38.0000    -2.1200  0.000000
   38.4000    -2.1200  0.000000
   38.8000    -2.1200  0.000000
   39.2000    -2.1200  0.000000
   39.6000    -2.1200  0.000000
    0.0000    -2.0400  0.000012
    0.4000    -2.0400  0.000013
    0.8000    -2.0400  0.000011
    1.2000    -2.0400  0.000009
    1.6000    -2.0400  0.000011
    2.0000    -2.0400  0.000006
    2.4000    -2.0400  0.000013
    2.8000    -2.0400  0.000009
    3.2000    -2.0400  0.000011
    3.6000    -2.0400  0.000029
    4.0000    -2.0400  0.000037
    4.4000    -2.0400  0.000054
    4.8000    -2.0400  0.000077
    5.2000    -2.0400  0.000105
    5.6000    -2.0400  0.000137
    6.0000    -2.0400  0.000168
    6.4000    -2.0400  0.000207
    6.8000    -2.0400  0.000233
    7.2000    -2.0400  0.000255
    7.6000    -2.0400  0.000298
    8.0000    -2.0400  0.000313
    8.4000    -2.0400  0.000336
    8.8000    -2.0400  0.000370
    9.2000    -2.0400  0.000385
    9.6000    -2.0400  0.000393
   10.0000    -2.0400  0.000389
   10.4000    -2.0400  0.000359
   10.8000    -2.0400  0.000320
   11.2000    -2.0400  0.000259
   11.6000    -2.0400  0.000179
   12.0000    -2.0400  0.000123
   12.4000    -2.0400  0.000073
   12.8000    -2.0400  0.000038
   13.2000    -2.0400  0.000013
   13.6000    -2.0400  0.000000
   14.0000    -2.0400  0.000000
   14.4000    -2.0400  0.000000
   14.8000    -2.0400  0.000001
   15.2000    -2.0400  0.000000
   15.6000    -2.0400  0.000002
   16.0000    -2.0400  0.000001
   16.4000    -2.0400  0.000001
   16.8000    -2.0400  0.000000
   17.2000    -2.0400  0.000001
   17.6000    -2.0400  0.000003
   18.0000    -2.0400  0.000002
   18.4000    -2.0400  0.000001
   18.8000    -2.0400  0.000001
   19.2000    -2.0400  0.000001
   19.6000    -2.0400  0.000004
   20.0000    -2.0400  0.000002
   20.4000    -2.0400  0.000001
   20.8000    -2.0400  0.000041
   21.2000    -2.0400  0.000040
   21.6000    -2.0400  0.000048
   22.0000    -2.0400  0.000044
   22.4000    -2.0400  0.000047
   22.8000    -2.0400  0.000046
   23.2000    -2.0400  0.000049
   23.6000    -2.0400  0.000046
   24.0000    -2.0400  0.000042
   24.4000    -2.0400  0.000041
   24.8000    -2.0400  0.000027
   25.2000    -2.0400  0.000028
   25.6000    -2.0400  0.000027
   26.0000    -2.0400  0.000025
   26.4000    -2.0400  0.000022
   26.8000    -2.0400  0.000030
   27.2000    -2.0400  0.000030
   27.6000    -2.0400  0.000030
   28.0000    -2.0400  0.000012
   28.4000    -2.0400  0.000012
   28.8000    -2.0400  0.000009
   29.2000    -2.0400  0.000003
   29.6000    -2.0400  0.000003
   30.0000    -2.0400  0.000001
   30.4000    -2.0400  0.000000
   30.8000    -2.0400  0.000000
   31.2000    -2.0400  0.000000
   31.6000    -2.0400  0.000000
   32.0000    -2.0400  0.000000
   32.4000    -2.0400  0.000000
   32.8000    -2.0400  0.000000
   33.2000    -2.0400  0.000000
   33.6000    -2.0400  0.000000
   34.0000    -2.0400  0.000000
   34.4000    -2.0400  0.000000
   34.8000    -2.0400  0.000000
   35.2000    -2.0400  0.000000
   35.6000    -2.0400  0.000000
   36.0000    -2.0400  0.000000
   36.4000    -2.0400  0.000000
   36.8000    -2.0400  0.000000
   37.2000    -2.0400  0.000000
   37.6000    -2.0400  0.000000
   38.0000    -2.0400  0.000000
   38.4000    -2.0400  0.000000
   38.8000    -2.0400  0.000000
   39.2000    -2.0400  0.000000
   39.6000    -2.0400  0.000000
    0.0000    -1.9600  0.000024
    0.4000    -1.9600  0.000022
    0.8000    -1.9600  0.000021
    1.2000    -1.9600  0.000017
    1.6000    -1.9600  0.000018
    2.0000    -1.9600  0.000015
    2.4000    -1.9600  0.000010
    2.8000    -1.9600  0.000019
    3.2000    -1.9600  0.000026
    3.6000    -1.9600  0.000030
    4.0000    -1.9600  0.000036
    4.4000    -1.9600  0.000061
    4.8000    -1.9600  0.000084
    5.2000    -1.9600  0.000125
    5.6000    -1.9600  0.000155
    6.0000    -1.9600  0.000195
    6.4000    -1.9600  0.000227
    6.8000    -1.9600  0.000265
    7.2000    -1.9600  0.000282
    7.6000    -1.9600  0.000312
    8.0000    -1.9600  0.000330
    8.4000    -1.9600  0.000367
    8.8000    -1.9600  0.000375
    9.2000    -1.9600  0.000412
    9.6000    -1.9600  0.000419
   10.0000    -1.9600  0.000408
   10.4000    -1.9600  0.000386
   10.8000    -1.9600  0.000335
   11.2000    -1.9600  0.000279
   11.6000    -1.9600  0.000191
   12.0000    -1.9600  0.000118
   12.4000    -1.9600  0.000065
   12.8000    -1.9600  0.000027
   13.2000    -1.9600  0.000011
   13.6000    -1.9600  0.000000
   14.0000    -1.9600  0.000000
   14.4000    -1.9600  0.000000
   14.8000    -1.9600  0.000001
   15.2000    -1.9600  0.000000
   15.6000    -1.9600  0.000002
   16.0000    -1.9600  0.000002
   16.4000    -1.9600  0.000003
   16.8000    -1.9600  0.000002
   17.2000    -1.9600  0.000001
   17.6000    -1.9600  0.000001
   18.0000    -1.9600  0.000001
   18.4000    -1.9600  0.000001
   18.8000    -1.9600  0.000000
   19.2000    -1.9600  0.000000
   19.6000    -1.9600  0.000001
   20.0000    -1.9600  0.000000
   20.4000    -1.9600  0.000014
   20.8000    -1.9600  0.000037
   21.2000    -1.9600  0.000048
   21.6000    -1.9600  0.000060
   22.0000    -1.9600  0.000058
   22.4000    -1.9600  0.000064
   22.8000    -1.9600  0.000059
   23.2000    -1.9600  0.000058
   23.6000    -1.9600  0.000061
   24.0000    -1.9600  0.000055
   24.4000    -1.9600  0.000053
   24.8000    -1.9600  0.000039
   25.2000    -1.9600  0.000042
   25.6000    -1.9600  0.000035
   26.0000    -1.9600  0.000041
   26.4000    -1.9600  0.000046
   26.8000    -1.9600  0.000036
   27.2000    -1.9600  0.000046
   27.6000    -1.9600  0.000036
   28.0000    -1.9600  0.000034
   28.4000    -1.9600  0.000023
   28.8000    -1.9600  0.000015
   29.2000    -1.9600  0.000001
   29.6000    -1.9600  0.000000
   30.0000    -1.9600  0.000000
   30.4000    -1.9600  0.000000
   30.8000    -1.9600  0.000000
   31.2000    -1.9600  0.000000
   31.6000    -1.9600  0.000000
   32.0000    -1.9600  0.000000
   32.4000    -1.9600  0.000000
   32.8000    -1.9600  0.000000
   33.2000    -1.9600  0.000000
   33.6000    -1.9600  0.000000
   34.0000    -1.9600  0.000000
   34.4000    -1.9600  0.000000
   34.8000    -1.9600  0.000000
   35.2000    -1.9600  0.000000
   35.6000    -1.9600  0.000000
   36.0000    -1.9600  0.000000
   36.4000    -1.9600  0.000000
   36.8000    -1.9600  0.000000
   37.2000    -1.9600  0.000000
   37.6000    -1.9600  0.000000
   38.0000    -1.9600  0.000000
   38.4000    -1.9600  0.000000
   38.8000    -1.9600  0.000000
   39.2000    -1.9600  0.000000
   39.6000    -1.9600  0.000000
    0.0000    -1.8800  0.000025
    0.4000    -1.8800  0.000032
    0.8000    -1.8800  0.000036
    1.2000    -1.8800  0.000025
    1.6000    -1.8800  0.000031
    2.0000    -1.8800  0.000028
    2.4000    -1.8800  0.000025
    2.8000    -1.8800  0.000026
    3.2000    -1.8800  0.000030
    3.6000    -1.8800  0.000040
    4.0000    -1.8800  0.000054
    4.4000    -1.8800  0.000073
    4.8000    -1.8800  0.000092
    5.2000    -1.8800  0.000129
    5.6000    -1.8800  0.000163
    6.0000    -1.8800  0.000209
    6.4000    -1.8800  0.000244
    6.8000    -1.8800  0.000280
    7.2000    -1.8800  0.000308
    7.6000    -1.8800  0.000347
    8.0000    -1.8800  0.000364
    8.4000    -1.8800  0.000386
    8.8000    -1.8800  0.000412
    9.2000    -1.8800  0.000441
    9.6000    -1.8800  0.000439
   10.0000    -1.8800  0.000441
   10.4000    -1.8800  0.000401
   10.8000    -1.8800  0.000359
   11.2000    -1.8800  0.000305
   11.6000    -1.8800  0.000212
   12.0000    -1.8800  0.000151
   12.4000    -1.8800  0.000077
   12.8000    -1.8800  0.000028
   13.2000    -1.8800  0.000001
   13.6000    -1.8800  0.000001
   14.0000    -1.8800  0.000000
   14.4000    -1.8800  0.000000
   14.8000    -1.8800  0.000001
   15.2000    -1.8800  0.000001
   15.6000    -1.8800  0.000001
   16.0000    -1.8800  0.000001
   16.4000    -1.8800  0.000001
   16.8000    -1.8800  0.000002
   17.2000    -1.8800  0.000001
   17.6000    -1.8800  0.000001
   18.0000    -1.8800  0.000000
   18.4000    -1.8800  0.000002
   18.8000    -1.8800  0.000001
   19.2000    -1.8800  0.000000
   19.6000    -1.8800  0.000001
   20.0000    -1.8800  0.000008
   20.4000    -1.8800  0.000020
   20.8000    -1.8800  0.000038
   21.2000    -1.8800  0.000045
   21.6000    -1.8800  0.000056
   22.0000    -1.8800  0.000071
   22.4000    -1.8800  0.000074
   22.8000    -1.8800  0.000073
   23.2000    -1.8800  0.000069
   23.6000    -1.8800  0.000070
   24.0000    -1.8800  0.000077
   24.4000    -1.8800  0.000066
   24.8000    -1.8800  0.000055
   25.2000    -1.8800  0.000050
   25.6000    -1.8800  0.000048
   26.0000    -1.8800  0.000048
   26.4000    -1.8800  0.000057
   26.8000    -1.8800  0.000059
   27.2000    -1.8800  0.000058
   27.6000    -1.8800  0.000053
   28.0000    -1.8800  0.000046
   28.4000    -1.8800  0.000036
   28.8000    -1.8800  0.000018
   29.2000    -1.8800  0.000011
   29.6000    -1.8800  0.000001
   30.0000    -1.8800  0.000001
   30.4000    -1.8800  0.000000
   30.8000    -1.8800  0.000000
   31.2000    -1.8800  0.000000
   31.6000    -1.8800  0.000000
   32.0000    -1.8800  0.000000
   32.4000    -1.8800  0.000000
   32.8000    -1.8800  0.000000
   33.2000    -1.8800  0.000000
   33.6000    -1.8800  0.000000
   34.0000    -1.8800  0.000000
   34.4000    -1.8800  0.000000
   34.8000    -1.8800  0.000000
   35.2000    -1.8800  0.000000
   35.6000    -1.8800  0.000000
   36.0000    -1.8800  0.000000
   36.4000    -1.8800  0.000000
   36.8000    -1.8800  0.000000
   37.2000    -1.8800  0.000000
   37.6000    -1.8800  0.000000
   38.0000    -1.8800  0.000000
   38.4000    -1.8800  0.000000
   38.8000    -1.8800  0.000000
   39.2000    -1.8800  0.000000
   39.6000    -1.8800  0.000000
    0.0000    -1.8000  0.000038
    0.4000    -1.8000  0.000042
    0.8000    -1.8000  0.000047
    1.2000    -1.8000  0.000053
    1.6000    -1.8000  0.000056
    2.0000    -1.8000  0.000049
    2.4000    -1.8000  0.000046
    2.8000    -1.8000  0.000039
    3.2000    -1.8000  0.000044
    3.6000    -1.8000  0.000051
    4.0000    -1.8000  0.000061
    4.4000    -1.8000  0.000085
    4.8000    -1.8000  0.000101
    5.2000    -1.8000  0.000130
    5.6000    -1.8000  0.000165
    6.0000    -1.8000  0.000203
    6.4000    -1.8000  0.000256
    6.8000    -1.8000  0.000296
    7.2000    -1.8000  0.000337
    7.6000    -1.8000  0.000372
    8.0000    -1.8000  0.000404
    8.4000    -1.8000  0.000433
    8.8000    -1.8000  0.000457
    9.2000    -1.8000  0.000464
    9.6000    -1.8000  0.000471
   10.0000    -1.8000  0.000476
   10.4000    -1.8000  0.000442
   10.8000    -1.8000  0.000406
   11.2000    -1.8000  0.000345
   11.6000    -1.8000  0.000252
   12.0000    -1.8000  0.000181
   12.4000    -1.8000  0.000102
   12.8000    -1.8000  0.000043
   13.2000    -1.8000  0.000003
   13.6000    -1.8000  0.000000
   14.0000    -1.8000  0.000000
   14.4000    -1.8000  0.000000
   14.8000    -1.8000  0.000001
   15.2000    -1.8000  0.000001
   15.6000    -1.8000  0.000001
   16.0000    -1.8000  0.000005
   16.4000    -1.8000  0.000007
   16.8000    -1.8000  0.000007
   17.2000    -1.8000  0.000009
   17.6000    -1.8000  0.000001
   18.0000    -1.8000  0.000001
   18.4000    -1.8000  0.000001
   18.8000    -1.8000  0.000000
   19.2000    -1.8000  0.000005
   19.6000    -1.8000  0.000001
   20.0000    -1.8000  0.000011
   20.4000    -1.8000  0.000014
   20.8000    -1.8000  0.000029
   21.2000    -1.8000  0.000043
   21.6000    -1.8000  0.000057
   22.0000    -1.8000  0.000072
   22.4000    -1.8000  0.000076
   22.8000    -1.8000  0.000086
   23.2000    -1.8000  0.000084
   23.6000    -1.8000  0.000088
   24.0000    -1.8000  0.000079
   24.4000    -1.8000  0.000080
   24.8000    -1.8000  0.000071
   25.2000    -1.8000  0.000070
   25.6000    -1.8000  0.000068
   26.0000    -1.8000  0.000066
   26.4000    -1.8000  0.000067
   26.8000    -1.8000  0.000070
   27.2000    -1.8000  0.000067
   27.6000    -1.8000  0.000069
   28.0000    -1.8000  0.000061
   28.4000    -1.8000  0.000047
   28.8000    -1.8000  0.000032
   29.2000    -1.8000  0.000026
   29.6000    -1.8000  0.000009
   30.0000    -1.8000  0.000001
   30.4000    -1.8000  0.000000
   30.8000    -1.8000  0.000000
   31.2000    -1.8000  0.000000
   31.6000    -1.8000  0.000000
   32.0000    -1.8000  0.000000
   32.4000    -1.8000  0.000000
   32.8000    -1.8000  0.000000
   33.2000    -1.8000  0.000000
   33.6000    -1.8000  0.000000
   34.0000    -1.8000  0.000000
   34.4000    -1.8000  0.000000
   34.8000    -1.8000  0.000000
   35.2000    -1.8000  0.000000
   35.6000    -1.8000  0.000000
   36.0000    -1.8000  0.000000
   36.4000    -1.8000  0.000000
   36.8000    -1.8000  0.000000
   37.2000    -1.8000  0.000000
   37.6000    -1.8000  0.000000
   38.0000    -1.8000  0.000000
   38.4000    -1.8000  0.000000
   38.8000    -1.8000  0.000000
   39.2000    -1.8000  0.000000
   39.6000    -1.8000  0.000000
    0.0000    -1.7200  0.000045
    0.4000    -1.7200  0.000056
    0.8000    -1.7200  0.000068
    1.2000    -1.7200  0.000070
    1.6000    -1.7200  0.000068
    2.0000    -1.7200  0.000072
    2.4000    -1.7200  0.000064
    2.8000    -1.7200  0.000054
    3.2000    -1.7200  0.000065
    3.6000    -1.7200  0.000060
    4.0000    -1.7200  0.000073
    4.4000    -1.7200  0.000089
    4.8000    -1.7200  0.000114
    5.2000    -1.7200  0.000142
    5.6000    -1.7200  0.000178
    6.0000    -1.7200  0.000218
    6.4000    -1.7200  0.000259
    6.8000    -1.7200  0.000306
    7.2000    -1.7200  0.000352
    7.6000    -1.7200  0.000394
    8.0000    -1.7200  0.000429
    8.4000    -1.7200  0.000425
    8.8000    -1.7200  0.000478
    9.2000    -1.7200  0.000497
    9.6000    -1.7200  0.000508
   10.0000    -1.7200  0.000505
   10.4000    -1.7200  0.000493
   10.8000    -1.7200  0.000454
   11.2000    -1.7200  0.000399
   11.6000    -1.7200  0.000309
   12.0000    -1.7200  0.000228
   12.4000    -1.7200  0.000145
   12.8000    -1.7200  0.000075
   13.2000    -1.7200  0.000022
   13.6000    -1.7200  0.000000
   14.0000    -1.7200  0.000000
   14.4000    -1.7200  0.000000
   14.8000    -1.7200  0.000001
   15.2000    -1.7200  0.000005
   15.6000    -1.7200  0.000003
   16.0000    -1.7200  0.000010
   16.4000    -1.7200  0.000005
   16.8000    -1.7200  0.000007
   17.2000    -1.7200  0.000001
   17.6000    -1.7200  0.000002
   18.0000    -1.7200  0.000004
   18.4000    -1.7200  0.000005
   18.8000    -1.7200  0.000005
   19.2000    -1.7200  0.000005
   19.6000    -1.7200  0.000001
   20.0000    -1.7200  0.000003
   20.4000    -1.7200  0.000017
   20.8000    -1.7200  0.000024
   21.2000    -1.7200  0.000037
   21.6000    -1.7200  0.000042
   22.0000    -1.7200  0.000057
   22.4000    -1.7200  0.000072
   22.8000    -1.7200  0.000090
   23.2000    -1.7200  0.000095
   23.6000    -1.7200  0.000098
   24.0000    -1.7200  0.000095
   24.4000    -1.7200  0.000093
   24.8000    -1.7200  0.000073
   25.2000    -1.7200  0.000081
   25.6000    -1.7200  0.000069
   26.0000    -1.7200  0.000066
   26.4000    -1.7200  0.000074
   26.8000    -1.7200  0.000082
   27.2000    -1.7200  0.000086
   27.6000    -1.7200  0.000084
   28.0000    -1.7200  0.000077
   28.4000    -1.7200  0.000056
   28.8000    -1.7200  0.000040
   29.2000    -1.7200  0.000025
   29.6000    -1.7200  0.000010
   30.0000    -1.7200  0.000001
   30.4000    -1.7200  0.000001
   30.8000    -1.7200  0.000000
   31.2000    -1.7200  0.000000
   31.6000    -1.7200  0.000000
   32.0000    -1.7200  0.000000
   32.4000    -1.7200  0.000000
   32.8000    -1.7200  0.000000
   33.2000    -1.7200  0.000000
   33.6000    -1.7200  0.000000
   34.0000    -1.7200  0.000000
   34.4000    -1.7200  0.000000
   34.8000    -1.7200  0.000000
   35.2000    -1.7200  0.000000
   35.6000    -1.7200  0.000000
   36.0000    -1.7200  0.000000
   36.4000    -1.7200  0.000000
   36.8000    -1.7200  0.000000
   37.2000    -1.7200  0.000000
   37.6000    -1.7200  0.000000
   38.0000    -1.7200  0.000000
   38.4000    -1.7200  0.000000
   38.8000    -1.7200  0.000000
   39.2000    -1.7200  0.000000
   39.6000    -1.7200  0.000000
    0.0000    -1.6400  0.000050
    0.4000    -1.6400  0.000069
    0.8000    -1.6400  0.000078
    1.2000    -1.6400  0.000094
    1.6000    -1.6400  0.000091
    2.0000    -1.6400  0.000091
    2.4000    -1.6400  0.000086
    2.8000    -1.6400  0.000085
    3.2000    -1.6400  0.000079
    3.6000    -1.6400  0.000084
    4.0000    -1.6400  0.000093
    4.4000    -1.6400  0.000102
    4.8000    -1.6400  0.000127
    5.2000    -1.6400  0.000157
    5.6000    -1.6400  0.000188
    6.0000    -1.6400  0.000229
    6.4000    -1.6400  0.000260
    6.8000    -1.6400  0.000316
    7.2000    -1.6400  0.000364
    7.6000    -1.6400  0.000392
    8.0000    -1.6400  0.000443
    8.4000    -1.6400  0.000479
    8.8000    -1.6400  0.000498
    9.2000    -1.6400  0.000536
    9.6000    -1.6400  0.000532
   10.0000    -1.6400  0.000557
   10.4000    -1.6400  0.000527
   10.8000    -1.6400  0.000506
   11.2000    -1.6400  0.000468
   11.6000    -1.6400  0.000380
   12.0000    -1.6400  0.000297
   12.4000    -1.6400  0.000211
   12.8000    -1.6400  0.000133
   13.2000    -1.6400  0.000063
   13.6000    -1.6400  0.000013
   14.0000    -1.6400  0.000000
   14.4000    -1.6400  0.000000
   14.8000    -1.6400  0.000002
   15.2000    -1.6400  0.000001
   15.6000    -1.6400  0.000011
   16.0000    -1.6400  0.000011
   16.4000    -1.6400  0.000015
   16.8000    -1.6400  0.000009
   17.2000    -1.6400  0.000006
   17.6000    -1.6400  0.000002
   18.0000    -1.6400  0.000003
   18.4000    -1.6400  0.000001
   18.8000    -1.6400  0.000001
   19.2000    -1.6400  0.000001
   19.6000    -1.6400  0.000000
   20.0000    -1.6400  0.000010
   20.4000    -1.6400  0.000005
   20.8000    -1.6400  0.000020
   21.2000    -1.6400  0.000025
   21.6000    -1.6400  0.000029
   22.0000    -1.6400  0.000044
   22.4000    -1.6400  0.000054
   22.8000    -1.6400  0.000073
   23.2000    -1.6400  0.000081
   23.6000    -1.6400  0.000094
   24.0000    -1.6400  0.000109
   24.4000    -1.6400  0.000092
   24.8000    -1.6400  0.000084
   25.2000    -1.6400  0.000074
   25.6000    -1.6400  0.000076
   26.0000    -1.6400  0.000066
   26.4000    -1.6400  0.000078
   26.8000    -1.6400  0.000078
   27.2000    -1.6400  0.000087
   27.6000    -1.6400  0.000093
   28.0000    -1.6400  0.000088
   28.4000    -1.6400  0.000074
   28.8000    -1.6400  0.000054
   29.2000    -1.6400  0.000038
   29.6000    -1.6400  0.000016
   30.0000    -1.6400  0.000005
   30.4000    -1.6400  0.000000
   30.8000    -1.6400  0.000000
   31.2000    -1.6400  0.000000
   31.6000    -1.6400  0.000000
   32.0000    -1.6400  0.000000
   32.4000    -1.6400  0.000000
   32.8000    -1.6400  0.000000
   33.2000    -1.6400  0.000000
   33.6000    -1.6400  0.000000
   34.0000    -1.6400  0.000000
   34.4000    -1.6400  0.000000
   34.8000    -1.6400  0.000000
   35.2000    -1.6400  0.000000
   35.6000    -1.6400  0.000000
   36.0000    -1.6400  0.000000
   36.4000    -1.6400  0.000000
   36.8000    -1.6400  0.000000
   37.2000    -1.6400  0.000000
   37.6000    -1.6400  0.000000
   38.0000    -1.6400  0.000000
   38.4000    -1.6400  0.000000
   38.8000    -1.6400  0.000000
   39.2000    -1.6400  0.000000
   39.6000    -1.6400  0.000000
    0.0000    -1.5600  0.000051
    0.4000    -1.5600  0.000072
    0.8000    -1.5600  0.000090
    1.2000    -1.5600  0.000108
    1.6000    -1.5600  0.000112
    2.0000    -1.5600  0.000121
    2.4000    -1.5600  0.000108
    2.8000    -1.5600  0.000107
    3.2000    -1.5600  0.000109
    3.6000    -1.5600  0.000107
    4.0000    -1.5600  0.000107
    4.4000    -1.5600  0.000120
    4.8000    -1.5600  0.000150
    5.2000    -1.5600  0.000169
    5.6000    -1.5600  0.000196
    6.0000    -1.5600  0.000228
    6.4000    -1.5600  0.000271
    6.8000    -1.5600  0.000312
    7.2000    -1.5600  0.000358
    7.6000    -1.5600  0.000414
    8.0000    -1.5600  0.000454
    8.4000    -1.5600  0.000496
    8.8000    -1.5600  0.000533
    9.2000    -1.5600  0.000577
    9.6000    -1.5600  0.000579
   10.0000    -1.5600  0.000580
   10.4000    -1.5600  0.000571
   10.8000    -1.5600  0.000541
   11.2000    -1.5600  0.000527
   11.6000    -1.5600  0.000454
   12.0000    -1.5600  0.000368
   12.4000    -1.5600  0.000289
   12.8000    -1.5600  0.000201
   13.2000    -1.5600  0.000125
   13.6000    -1.5600  0.000063
   14.0000    -1.5600  0.000013
   14.4000    -1.5600  0.000001
   14.8000    -1.5600  0.000003
   15.2000    -1.5600  0.000013
   15.6000    -1.5600  0.000010
   16.0000    -1.5600  0.000022
   16.4000    -1.5600  0.000020
   16.8000    -1.5600  0.000015
   17.2000    -1.5600  0.000013
   17.6000    -1.5600  0.000007
   18.0000    -1.5600  0.000009
   18.4000    -1.5600  0.000003
   18.8000    -1.5600  0.000005
   19.2000    -1.5600  0.000001
   19.6000    -1.5600  0.000000
   20.0000    -1.5600  0.000001
   20.4000    -1.5600  0.000001
   20.8000    -1.5600  0.000011
   21.2000    -1.5600  0.000018
   21.6000    -1.5600  0.000026
   22.0000    -1.5600  0.000030
   22.4000    -1.5600  0.000037
   22.8000    -1.5600  0.000047
   23.2000    -1.5600  0.000064
   23.6000    -1.5600  0.000080
   24.0000    -1.5600  0.000094
   24.4000    -1.5600  0.000104
   24.8000    -1.5600  0.000092
   25.2000    -1.5600  0.000081
   25.6000    -1.5600  0.000083
   26.0000    -1.5600  0.000080
   26.4000    -1.5600  0.000090
   26.8000    -1.5600  0.000084
   27.2000    -1.5600  0.000086
   27.6000    -1.5600  0.000087
   28.0000    -1.5600  0.000091
   28.4000    -1.5600  0.000080
   28.8000    -1.5600  0.000061
   29.2000    -1.5600  0.000046
   29.6000    -1.5600  0.000029
   30.0000    -1.5600  0.000013
   30.4000    -1.5600  0.000000
   30.8000    -1.5600  0.000000
   31.2000    -1.5600  0.000000
   31.6000    -1.5600  0.000000
   32.0000    -1.5600  0.000000
   32.4000    -1.5600  0.000000
   32.8000    -1.5600  0.000000
   33.2000    -1.5600  0.000000
   33.6000    -1.5600  0.000000
   34.0000    -1.5600  0.000000
   34.4000    -1.5600  0.000000
   34.8000    -1.5600  0.000000
   35.2000    -1.5600  0.000000
   35.6000    -1.5600  0.000000
   36.0000    -1.5600  0.000000
   36.4000    -1.5600  0.000000
   36.8000    -1.5600  0.000000
   37.2000    -1.5600  0.000000
   37.6000    -1.5600  0.000000
   38.0000    -1.5600  0.000000
   38.4000    -1.5600  0.000000
   38.8000    -1.5600  0.000000
   39.2000    -1.5600  0.000000
   39.6000    -1.5600  0.000000
    0.0000    -1.4800  0.000048
    0.4000    -1.4800  0.000069
    0.8000    -1.4800  0.000096
    1.2000    -1.4800  0.000112
    1.6000    -1.4800  0.000145
    2.0000    -1.4800  0.000138
    2.4000    -1.4800  0.000144
    2.8000    -1.4800  0.000142
    3.2000    -1.4800  0.000135
    3.6000    -1.4800  0.000127
    4.0000    -1.4800  0.000125
    4.4000    -1.4800  0.000142
    4.8000    -1.4800  0.000153
    5.2000    -1.4800  0.000183
    5.6000    -1.4800  0.000205
    6.0000    -1.4800  0.000247
    6.4000    -1.4800  0.000275
    6.8000    -1.4800  0.000329
    7.2000    -1.4800  0.000357
    7.6000    -1.4800  0.000400
    8.0000    -1.4800  0.000456
    8.4000    -1.4800  0.000494
    8.8000    -1.4800  0.000551
    9.2000    -1.4800  0.000597
    9.6000    -1.4800  0.000608
   10.0000    -1.4800  0.000612
   10.4000    -1.4800  0.000627
   10.8000    -1.4800  0.000586
   11.2000    -1.4800  0.000577
   11.6000    -1.4800  0.000500
   12.0000    -1.4800  0.000441
   12.4000    -1.4800  0.000375
   12.8000    -1.4800  0.000295
   13.2000    -1.4800  0.000210
   13.6000    -1.4800  0.000127
   14.0000    -1.4800  0.000062
   14.4000    -1.4800  0.000027
   14.8000    -1.4800  0.000022
   15.2000    -1.4800  0.000023
   15.6000    -1.4800  0.000019
   16.0000    -1.4800  0.000007
   16.4000    -1.4800  0.000030
   16.8000    -1.4800  0.000025
   17.2000    -1.4800  0.000019
   17.6000    -1.4800  0.000012
   18.0000    -1.4800  0.000010
   18.4000    -1.4800  0.000003
   18.8000    -1.4800  0.000002
   19.2000    -1.4800  0.000002
   19.6000    -1.4800  0.000001
   20.0000    -1.4800  0.000000
   20.4000    -1.4800  0.000001
   20.8000    -1.4800  0.000012
   21.2000    -1.4800  0.000008
   21.6000    -1.4800  0.000014
   22.0000    -1.4800  0.000009
   22.4000    -1.4800  0.000016
   22.8000    -1.4800  0.000021
   23.2000    -1.4800  0.000044
   23.6000    -1.4800  0.000061
   24.0000    -1.4800  0.000086
   24.4000    -1.4800  0.000098
   24.8000    -1.4800  0.000098
   25.2000    -1.4800  0.000097
   25.6000    -1.4800  0.000086
   26.0000    -1.4800  0.000080
   26.4000    -1.4800  0.000082
   26.8000    -1.4800  0.000079
   27.2000    -1.4800  0.000083
   27.6000    -1.4800  0.000084
   28.0000    -1.4800  0.000084
   28.4000    -1.4800  0.000085
   28.8000    -1.4800  0.000066
   29.2000    -1.4800  0.000046
   29.6000    -1.4800  0.000026
   30.0000    -1.4800  0.000012
   30.4000    -1.4800  0.000001
   30.8000    -1.4800  0.000000
   31.2000    -1.4800  0.000000
   31.6000    -1.4800  0.000000
   32.0000    -1.4800  0.000000
   32.4000    -1.4800  0.000000
   32.8000    -1.4800  0.000000
   33.2000    -1.4800  0.000000
   33.6000    -1.4800  0.000000
   34.0000    -1.4800  0.000000
   34.4000    -1.4800  0.000000
   34.8000    -1.4800  0.000000
   35.2000    -1.4800  0.000000
   35.6000    -1.4800  0.000000
   36.0000    -1.4800  0.000000
   36.4000    -1.4800  0.000000
   36.8000    -1.4800  0.000000
   37.2000    -1.4800  0.000000
   37.6000    -1.4800  0.000000
   38.0000    -1.4800  0.000000
   38.4000    -1.4800  0.000000
   38.8000    -1.4800  0.000000
   39.2000    -1.4800  0.000000
   39.6000    -1.4800  0.000000
    0.0000    -1.4000  0.000046
    0.4000    -1.4000  0.000077
    0.8000    -1.4000  0.000100
    1.2000    -1.4000  0.000130
    1.6000    -1.4000  0.000156
    2.0000    -1.4000  0.000159
    2.4000    -1.4000  0.000178
    2.8000    -1.4000  0.000168
    3.2000    -1.4000  0.000160
    3.6000    -1.4000  0.000161
    4.0000    -1.4000  0.000160
    4.4000    -1.4000  0.000165
    4.8000    -1.4000  0.000180
    5.2000    -1.4000  0.000194
    5.6000    -1.4000  0.000230
    6.0000    -1.4000  0.000265
    6.4000    -1.4000  0.000297
    6.8000    -1.4000  0.000341
    7.2000    -1.4000  0.000379
    7.6000    -1.4000  0.000424
    8.0000    -1.4000  0.000469
    8.4000    -1.4000  0.000524
    8.8000    -1.4000  0.000564
    9.2000    -1.4000  0.000613
    9.6000    -1.4000  0.000628
   10.0000    -1.4000  0.000631
   10.4000    -1.4000  0.000644
   10.8000    -1.4000  0.000613
   11.2000    -1.4000  0.000614
   11.6000    -1.4000  0.000591
   12.0000    -1.4000  0.000543
   12.4000    -1.4000  0.000475
   12.8000    -1.4000  0.000397
   13.2000    -1.4000  0.000315
   13.6000    -1.4000  0.000240
   14.0000    -1.4000  0.000158
   14.4000    -1.4000  0.000102
   14.8000    -1.4000  0.000061
   15.2000    -1.4000  0.000042
   15.6000    -1.4000  0.000041
   16.0000    -1.4000  0.000040
   16.4000    -1.4000  0.000042
   16.8000    -1.4000  0.000045
   17.2000    -1.4000  0.000042
   17.6000    -1.4000  0.000032
   18.0000    -1.4000  0.000026
   18.4000    -1.4000  0.000022
   18.8000    -1.4000  0.000008
   19.2000    -1.4000  0.000007
   19.6000    -1.4000  0.000004
   20.0000    -1.4000  0.000002
   20.4000    -1.4000  0.000005
   20.8000    -1.4000  0.000000
   21.2000    -1.4000  0.000001
   21.6000    -1.4000  0.000000
   22.0000    -1.4000  0.000001
   22.4000    -1.4000  0.000002
   22.8000    -1.4000  0.000001
   23.2000    -1.4000  0.000006
   23.6000    -1.4000  0.000026
   24.0000    -1.4000  0.000040
   24.4000    -1.4000  0.000071
   24.8000    -1.4000  0.000072
   25.2000    -1.4000  0.000093
   25.6000    -1.4000  0.000095
   26.0000    -1.4000  0.000082
   26.4000    -1.4000  0.000081
   26.8000    -1.4000  0.000079
   27.2000    -1.4000  0.000080
   27.6000    -1.4000  0.000087
   28.0000    -1.4000  0.000081
   28.4000    -1.4000  0.000084
   28.8000    -1.4000  0.000066
   29.2000    -1.4000  0.000050
   29.6000    -1.4000  0.000032
   30.0000    -1.4000  0.000013
   30.4000    -1.4000  0.000001
   30.8000    -1.4000  0.000000
   31.2000    -1.4000  0.000000
   31.6000    -1.4000  0.000000
   32.0000    -1.4000  0.000000
   32.4000    -1.4000  0.000000
   32.8000    -1.4000  0.000000
   33.2000    -1.4000  0.000000
   33.6000    -1.4000  0.000000
   34.0000    -1.4000  0.000000
   34.4000    -1.4000  0.000000
   34.8000    -1.4000  0.000000
   35.2000    -1.4000  0.000000
   35.6000    -1.4000  0.000000
   36.0000    -1.4000  0.000000
   36.4000    -1.4000  0.000000
   36.8000    -1.4000  0.000000
   37.2000    -1.4000  0.000001
   37.6000    -1.4000  0.000000
   38.0000    -1.4000  0.000000
   38.4000    -1.4000  0.000000
   38.8000    -1.4000  0.000000
   39.2000    -1.4000  0.000000
   39.6000    -1.4000  0.000000
    0.0000    -1.3200  0.000037
    0.4000    -1.3200  0.000056
    0.8000    -1.3200  0.000091
    1.2000    -1.3200  0.000118
    1.6000    -1.3200  0.000144
    2.0000    -1.3200  0.000166
    2.4000    -1.3200  0.000183
    2.8000    -1.3200  0.000184
    3.2000    -1.3200  0.000183
    3.6000    -1.3200  0.000174
    4.0000    -1.3200  0.000180
    4.4000    -1.3200  0.000179
    4.8000    -1.3200  0.000190
    5.2000    -1.3200  0.000207
    5.6000    -1.3200  0.000234
    6.0000    -1.3200  0.000265
    6.4000    -1.3200  0.000312
    6.8000    -1.3200  0.000346
    7.2000    -1.3200  0.000390
    7.6000    -1.3200  0.000423
    8.0000    -1.3200  0.000464
    8.4000    -1.3200  0.000501
    8.8000    -1.3200  0.000534
    9.2000    -1.3200  0.000587
    9.6000    -1.3200  0.000614
   10.0000    -1.3200  0.000647
   10.4000    -1.3200  0.000651
   10.8000    -1.3200  0.000644
   11.2000    -1.3200  0.000636
   11.6000    -1.3200  0.000625
   12.0000    -1.3200  0.000587
   12.4000    -1.3200  0.000534
   12.8000    -1.3200  0.000462
   13.2000    -1.3200  0.000400
   13.6000    -1.3200  0.000325
   14.0000    -1.3200  0.000243
   14.4000    -1.3200  0.000171
   14.8000    -1.3200  0.000110
   15.2000    -1.3200  0.000079
   15.6000    -1.3200  0.000063
   16.0000    -1.3200  0.000055
   16.4000    -1.3200  0.000047
   16.8000    -1.3200  0.000051
   17.2000    -1.3200  0.000049
   17.6000    -1.3200  0.000051
   18.0000    -1.3200  0.000037
   18.4000    -1.3200  0.000035
   18.8000    -1.3200  0.000019
   19.2000    -1.3200  0.000011
   19.6000    -1.3200  0.000003
   20.0000    -1.3200  0.000009
   20.4000    -1.3200  0.000001
   20.8000    -1.3200  0.000001
   21.2000    -1.3200  0.000001
   21.6000    -1.3200  0.000000
   22.0000    -1.3200  0.000000
   22.4000    -1.3200  0.000000
   22.8000    -1.3200  0.000001
   23.2000    -1.3200  0.000001
   23.6000    -1.3200  0.000010
   24.0000    -1.3200  0.000012
   24.4000    -1.3200  0.000044
   24.8000    -1.3200  0.000060
   25.2000    -1.3200  0.000083
   25.6000    -1.3200  0.000095
   26.0000    -1.3200  0.000087
   26.4000    -1.3200  0.000090
   26.8000    -1.3200  0.000082
   27.2000    -1.3200  0.000090
   27.6000    -1.3200  0.000083
   28.0000    -1.3200  0.000088
   28.4000    -1.3200  0.000077
   28.8000    -1.3200  0.000061
   29.2000    -1.3200  0.000040
   29.6000    -1.3200  0.000026
   30.0000    -1.3200  0.000010
   30.4000    -1.3200  0.000002
   30.8000    -1.3200  0.000000
   31.2000    -1.3200  0.000000
   31.6000    -1.3200  0.000000
   32.0000    -1.3200  0.000000
   32.4000    -1.3200  0.000000
   32.8000    -1.3200  0.000000
   33.2000    -1.3200  0.000000
   33.6000    -1.3200  0.000000
   34.0000    -1.3200  0.000000
   34.4000    -1.3200  0.000000
   34.8000    -1.3200  0.000000
   35.2000    -1.3200  0.000000
   35.6000    -1.3200  0.000000
   36.0000    -1.3200  0.000000
   36.4000    -1.3200  0.000000
   36.8000    -1.3200  0.000000
   37.2000    -1.3200  0.000000
   37.6000    -1.3200  0.000000
   38.0000    -1.3200  0.000000
   38.4000    -1.3200  0.000000
   38.8000    -1.3200  0.000000
   39.2000    -1.3200  0.000000
   39.6000    -1.3200  0.000000
    0.0000    -1.2400  0.000022
    0.4000    -1.2400  0.000051
    0.8000    -1.2400  0.000073
    1.2000    -1.2400  0.000096
    1.6000    -1.2400  0.000131
    2.0000    -1.2400  0.000148
    2.4000    -1.2400  0.000186
    2.8000    -1.2400  0.000187
    3.2000    -1.2400  0.000191
    3.6000    -1.2400  0.000202
    4.0000    -1.2400  0.000198
    4.4000    -1.2400  0.000200
    4.8000    -1.2400  0.000200
    5.2000    -1.2400  0.000217
    5.6000    -1.2400  0.000249
    6.0000    -1.2400  0.000271
    6.4000    -1.2400  0.000310
    6.8000    -1.2400  0.000347
    7.2000    -1.2400  0.000391
    7.6000    -1.2400  0.000412
    8.0000    -1.2400  0.000473
    8.4000    -1.2400  0.000489
    8.8000    -1.2400  0.000538
    9.2000    -1.2400  0.000588
    9.6000    -1.2400  0.000621
   10.0000    -1.2400  0.000649
   10.4000    -1.2400  0.000662
   10.8000    -1.2400  0.000666
   11.2000    -1.2400  0.000646
   11.6000    -1.2400  0.000633
   12.0000    -1.2400  0.000614
   12.4000    -1.2400  0.000573
   12.8000    -1.2400  0.000520
   13.2000    -1.2400  0.000463
   13.6000    -1.2400  0.000398
   14.0000    -1.2400  0.000335
   14.4000    -1.2400  0.000256
   14.8000    -1.2400  0.000182
   15.2000    -1.2400  0.000121
   15.6000    -1.2400  0.000097
   16.0000    -1.2400  0.000076
   16.4000    -1.2400  0.000071
   16.8000    -1.2400  0.000057
   17.2000    -1.2400  0.000058
   17.6000    -1.2400  0.000061
   18.0000    -1.2400  0.000050
   18.4000    -1.2400  0.000046
   18.8000    -1.2400  0.000039
   19.2000    -1.2400  0.000023
   19.6000    -1.2400  0.000016
   20.0000    -1.2400  0.000006
   20.4000    -1.2400  0.000009
   20.8000    -1.2400  0.000001
   21.2000    -1.2400  0.000001
   21.6000    -1.2400  0.000001
   22.0000    -1.2400  0.000001
   22.4000    -1.2400  0.000000
   22.8000    -1.2400  0.000000
   23.2000    -1.2400  0.000000
   23.6000    -1.2400  0.000000
   24.0000    -1.2400  0.000005
   24.4000    -1.2400  0.000016
   24.8000    -1.2400  0.000041
   25.2000    -1.2400  0.000062
   25.6000    -1.2400  0.000082
   26.0000    -1.2400  0.000107
   26.4000    -1.2400  0.000091
   26.8000    -1.2400  0.000083
   27.2000    -1.2400  0.000083
   27.6000    -1.2400  0.000083
   28.0000    -1.2400  0.000079
   28.4000    -1.2400  0.000075
   28.8000    -1.2400  0.000064
   29.2000    -1.2400  0.000047
   29.6000    -1.2400  0.000031
   30.0000    -1.2400  0.000014
   30.4000    -1.2400  0.000002
   30.8000    -1.2400  0.000000
   31.2000    -1.2400  0.000000
   31.6000    -1.2400  0.000000
   32.0000    -1.2400  0.000000
   32.4000    -1.2400  0.000000
   32.8000    -1.2400  0.000000
   33.2000    -1.2400  0.000000
   33.6000    -1.2400  0.000000
   34.0000    -1.2400  0.000000
   34.4000    -1.2400  0.000000
   34.8000    -1.2400  0.000000
   35.2000    -1.2400  0.000000
   35.6000    -1.2400  0.000000
   36.0000    -1.2400  0.000000
   36.4000    -1.2400  0.000000
   36.8000    -1.2400  0.000000
   37.2000    -1.2400  0.000000
   37.6000    -1.2400  0.000000
   38.0000    -1.2400  0.000000
   38.4000    -1.2400  0.000000
   38.8000    -1.2400  0.000000
   39.2000    -1.2400  0.000000
   39.6000    -1.2400  0.000000
    0.0000    -1.1600  0.000016
    0.4000    -1.1600  0.000035
    0.8000    -1.1600  0.000056
    1.2000    -1.1600  0.000074
    1.6000    -1.1600  0.000111
    2.0000    -1.1600  0.000139
    2.4000    -1.1600  0.000167
    2.8000    -1.1600  0.000179
    3.2000    -1.1600  0.000196
    3.6000    -1.1600  0.000201
    4.0000    -1.1600  0.000209
    4.4000    -1.1600  0.000201
    4.8000    -1.1600  0.000212
    5.2000    -1.1600  0.000229
    5.6000    -1.1600  0.000236
    6.0000    -1.1600  0.000271
    6.4000    -1.1600  0.000296
    6.8000    -1.1600  0.000340
    7.2000    -1.1600  0.000396
    7.6000    -1.1600  0.000406
    8.0000    -1.1600  0.000467
    8.4000    -1.1600  0.000496
    8.8000    -1.1600  0.000513
    9.2000    -1.1600  0.000556
    9.6000    -1.1600  0.000596
   10.0000    -1.1600  0.000631
   10.4000    -1.1600  0.000651
   10.8000    -1.1600  0.000657
   11.2000    -1.1600  0.000650
   11.6000    -1.1600  0.000616
   12.0000    -1.1600  0.000603
   12.4000    -1.1600  0.000578
   12.8000    -1.1600  0.000546
   13.2000    -1.1600  0.000506
   13.6000    -1.1600  0.000456
   14.0000    -1.1600  0.000397
   14.4000    -1.1600  0.000328
   14.8000    -1.1600  0.000246
   15.2000    -1.1600  0.000191
   15.6000    -1.1600  0.000138
   16.0000    -1.1600  0.000106
   16.4000    -1.1600  0.000092
   16.8000    -1.1600  0.000073
   17.2000    -1.1600  0.000075
   17.6000    -1.1600  0.000064
   18.0000    -1.1600  0.000072
   18.4000    -1.1600  0.000057
   18.8000    -1.1600  0.000048
   19.2000    -1.1600  0.000037
   19.6000    -1.1600  0.000024
   20.0000    -1.1600  0.000010
   20.4000    -1.1600  0.000003
   20.8000    -1.1600  0.000000
   21.2000    -1.1600  0.000001
   21.6000    -1.1600  0.000000
   22.0000    -1.1600  0.000001
   22.4000    -1.1600  0.000000
   22.8000    -1.1600  0.000000
   23.2000    -1.1600  0.000000
   23.6000    -1.1600  0.000001
   24.0000    -1.1600  0.000003
   24.4000    -1.1600  0.000008
   24.8000    -1.1600  0.000015
   25.2000    -1.1600  0.000043
   25.6000    -1.1600  0.000065
   26.0000    -1.1600  0.000086
   26.4000    -1.1600  0.000092
   26.8000    -1.1600  0.000086
   27.2000    -1.1600  0.000085
   27.6000    -1.1600  0.000090
   28.0000    -1.1600  0.000078
   28.4000    -1.1600  0.000071
   28.8000    -1.1600  0.000051
   29.2000    -1.1600  0.000043
   29.6000    -1.1600  0.000027
   30.0000    -1.1600  0.000016
   30.4000    -1.1600  0.000003
   30.8000    -1.1600  0.000000
   31.2000    -1.1600  0.000000
   31.6000    -1.1600  0.000000
   32.0000    -1.1600  0.000000
   32.4000    -1.1600  0.000000
   32.8000    -1.1600  0.000000
   33.2000    -1.1600  0.000000
   33.6000    -1.1600  0.000000
   34.0000    -1.1600  0.000000
   34.4000    -1.1600  0.000000
   34.8000    -1.1600  0.000000
   35.2000    -1.1600  0.000000
   35.6000    -1.1600  0.000000
   36.0000    -1.1600  0.000000
   36.4000    -1.1600  0.000000
   36.8000    -1.1600  0.000000
   37.2000    -1.1600  0.000000
   37.6000    -1.1600  0.000000
   38.0000    -1.1600  0.000000
   38.4000    -1.1600  0.000000
   38.8000    -1.1600  0.000000
   39.2000    -1.1600  0.000000
   39.6000    -1.1600  0.000000
    0.0000    -1.0800  0.000013
    0.4000    -1.0800  0.000017
    0.8000    -1.0800  0.000036
    1.2000    -1.0800  0.000058
    1.6000    -1.0800  0.000088
    2.0000    -1.0800  0.000096
    2.4000    -1.0800  0.000136
    2.8000    -1.0800  0.000154
    3.2000    -1.0800  0.000172
    3.6000    -1.0800  0.000197
    4.0000    -1.0800  0.000197
    4.4000    -1.0800  0.000205
    4.8000    -1.0800  0.000215
    5.2000    -1.0800  0.000222
    5.6000    -1.0800  0.000246
    6.0000    -1.0800  0.000266
    6.4000    -1.0800  0.000297
    6.8000    -1.0800  0.000334
    7.2000    -1.0800  0.000356
    7.6000    -1.0800  0.000408
    8.0000    -1.0800  0.000423
    8.4000    -1.0800  0.000478
    8.8000    -1.0800  0.000489
    9.2000    -1.0800  0.000533
    9.6000    -1.0800  0.000571
   10.0000    -1.0800  0.000599
   10.4000    -1.0800  0.000622
   10.8000    -1.0800  0.000638
   11.2000    -1.0800  0.000619
   11.6000    -1.0800  0.000608
   12.0000    -1.0800  0.000586
   12.4000    -1.0800  0.000575
   12.8000    -1.0800  0.000541
   13.2000    -1.0800  0.000511
   13.6000    -1.0800  0.000472
   14.0000    -1.0800  0.000430
   14.4000    -1.0800  0.000370
   14.8000    -1.0800  0.000312
   15.2000    -1.0800  0.000236
   15.6000    -1.0800  0.000185
   16.0000    -1.0800  0.000143
   16.4000    -1.0800  0.000112
   16.8000    -1.0800  0.000093
   17.2000    -1.0800  0.000088
   17.6000    -1.0800  0.000076
   18.0000    -1.0800  0.000073
   18.4000    -1.0800  0.000062
   18.8000    -1.0800  0.000059
   19.2000    -1.0800  0.000044
   19.6000    -1.0800  0.000033
   20.0000    -1.0800  0.000022
   20.4000    -1.0800  0.000010
   20.8000    -1.0800  0.000001
   21.2000    -1.0800  0.000000
   21.6000    -1.0800  0.000001
   22.0000    -1.0800  0.000000
   22.4000    -1.0800  0.000000
   22.8000    -1.0800  0.000000
   23.2000    -1.0800  0.000000
   23.6000    -1.0800  0.000000
   24.0000    -1.0800  0.000001
   24.4000    -1.0800  0.000004
   24.8000    -1.0800  0.000016
   25.2000    -1.0800  0.000028
   25.6000    -1.0800  0.000046
   26.0000    -1.0800  0.000064
   26.4000    -1.0800  0.000075
   26.8000    -1.0800  0.000094
   27.2000    -1.0800  0.000089
   27.6000    -1.0800  0.000095
   28.0000    -1.0800  0.000096
   28.4000    -1.0800  0.000070
   28.8000    -1.0800  0.000064
   29.2000    -1.0800  0.000043
   29.6000    -1.0800  0.000028
   30.0000    -1.0800  0.000012
   30.4000    -1.0800  0.000003
   30.8000    -1.0800  0.000000
   31.2000    -1.0800  0.000000
   31.6000    -1.0800  0.000000
   32.0000    -1.0800  0.000000
   32.4000    -1.0800  0.000000
   32.8000    -1.0800  0.000000
   33.2000    -1.0800  0.000000
   33.6000    -1.0800  0.000000
   34.0000    -1.0800  0.000000
   34.4000    -1.0800  0.000000
   34.8000    -1.0800  0.000000
   35.2000    -1.0800  0.000000
   35.6000    -1.0800  0.000000
   36.0000    -1.0800  0.000000
   36.4000    -1.0800  0.000000
   36.8000    -1.0800  0.000000
   37.2000    -1.0800  0.000000
   37.6000    -1.0800  0.000000
   38.0000    -1.0800  0.000000
   38.4000    -1.0800  0.000000
   38.8000    -1.0800  0.000000
   39.2000    -1.0800  0.000000
   39.6000    -1.0800  0.000000
    0.0000    -1.0000  0.000003
    0.4000    -1.0000  0.000012
    0.8000    -1.0000  0.000023
    1.2000    -1.0000  0.000030
    1.6000    -1.0000  0.000052
    2.0000    -1.0000  0.000074
    2.4000    -1.0000  0.000099
    2.8000    -1.0000  0.000116
    3.2000    -1.0000  0.000139
    3.6000    -1.0000  0.000149
    4.0000    -1.0000  0.000180
    4.4000    -1.0000  0.000194
    4.8000    -1.0000  0.000197
    5.2000    -1.0000  0.000221
    5.6000    -1.0000  0.000242
    6.0000    -1.0000  0.000262
    6.4000    -1.0000  0.000279
    6.8000    -1.0000  0.000310
    7.2000    -1.0000  0.000348
    7.6000    -1.0000  0.000388
    8.0000    -1.0000  0.000423
    8.4000    -1.0000  0.000465
    8.8000    -1.0000  0.000468
    9.2000    -1.0000  0.000499
    9.6000    -1.0000  0.000535
   10.0000    -1.0000  0.000549
   10.4000    -1.0000  0.000573
   10.8000    -1.0000  0.000588
   11.2000    -1.0000  0.000600
   11.6000    -1.0000  0.000582
   12.0000    -1.0000  0.000567
   12.4000    -1.0000  0.000556
   12.8000    -1.0000  0.000529
   13.2000    -1.0000  0.000475
   13.6000    -1.0000  0.000466
   14.0000    -1.0000  0.000439
   14.4000    -1.0000  0.000379
   14.8000    -1.0000  0.000336
   15.2000    -1.0000  0.000283
   15.6000    -1.0000  0.000232
   16.0000    -1.0000  0.000176
   16.4000    -1.0000  0.000130
   16.8000    -1.0000  0.000112
   17.2000    -1.0000  0.000094
   17.6000    -1.0000  0.000085
   18.0000    -1.0000  0.000080
   18.4000    -1.0000  0.000071
   18.8000    -1.0000  0.000064
   19.2000    -1.0000  0.000060
   19.6000    -1.0000  0.000043
   20.0000    -1.0000  0.000031
   20.4000    -1.0000  0.000020
   20.8000    -1.0000  0.000006
   21.2000    -1.0000  0.000001
   21.6000    -1.0000  0.000000
   22.0000    -1.0000  0.000001
   22.4000    -1.0000  0.000000
   22.8000    -1.0000  0.000000
   23.2000    -1.0000  0.000000
   23.6000    -1.0000  0.000001
   24.0000    -1.0000  0.000007
   24.4000    -1.0000  0.000011
   24.8000    -1.0000  0.000020
   25.2000    -1.0000  0.000022
   25.6000    -1.0000  0.000040
   26.0000    -1.0000  0.000061
   26.4000    -1.0000  0.000087
   26.8000    -1.0000  0.000091
   27.2000    -1.0000  0.000103
   27.6000    -1.0000  0.000104
   28.0000    -1.0000  0.000089
   28.4000    -1.0000  0.000082
   28.8000    -1.0000  0.000069
   29.2000    -1.0000  0.000042
   29.6000    -1.0000  0.000023
   30.0000    -1.0000  0.000016
   30.4000    -1.0000  0.000002
   30.8000    -1.0000  0.000000
   31.2000    -1.0000  0.000000
   31.6000    -1.0000  0.000000
   32.0000    -1.0000  0.000000
   32.4000    -1.0000  0.000000
   32.8000    -1.0000  0.000000
   33.2000    -1.0000  0.000000
   33.6000    -1.0000  0.000000
   34.0000    -1.0000  0.000000
   34.4000    -1.0000  0.000000
   34.8000    -1.0000  0.000000
   35.2000    -1.0000  0.000000
   35.6000    -1.0000  0.000000
   36.0000    -1.0000  0.000000
   36.4000    -1.0000  0.000000
   36.8000    -1.0000  0.000000
   37.2000    -1.0000  0.000000
   37.6000    -1.0000  0.000000
   38.0000    -1.0000  0.000000
   38.4000    -1.0000  0.000000
   38.8000    -1.0000  0.000000
   39.2000    -1.0000  0.000000
   39.6000    -1.0000  0.000000
    0.0000    -0.9200  0.000001
    0.4000    -0.9200  0.000006
    0.8000    -0.9200  0.000008
    1.2000    -0.9200  0.000019
    1.6000    -0.9200  0.000033
    2.0000    -0.9200  0.000045
    2.4000    -0.9200  0.000061
    2.8000    -0.9200  0.000080
    3.2000    -0.9200  0.000107
    3.6000    -0.9200  0.000124
    4.0000    -0.9200  0.000138
    4.4000    -0.9200  0.000166
    4.8000    -0.9200  0.000183
    5.2000    -0.9200  0.000198
    5.6000    -0.9200  0.000216
    6.0000    -0.9200  0.000241
    6.4000    -0.9200  0.000259
    6.8000    -0.9200  0.000290
    7.2000    -0.9200  0.000324
    7.6000    -0.9200  0.000342
    8.0000    -0.9200  0.000382
    8.4000    -0.9200  0.000411
    8.8000    -0.9200  0.000447
    9.2000    -0.9200  0.000484
    9.6000    -0.9200  0.000504
   10.0000    -0.9200  0.000512
   10.4000    -0.9200  0.000539
   10.8000    -0.9200  0.000543
   11.2000    -0.9200  0.000558
   11.6000    -0.9200  0.000548
   12.0000    -0.9200  0.000529
   12.4000    -0.9200  0.000509
   12.8000    -0.9200  0.000489
   13.2000    -0.9200  0.000466
   13.6000    -0.9200  0.000440
   14.0000    -0.9200  0.000411
   14.4000    -0.9200  0.000381
   14.8000    -0.9200  0.000349
   15.2000    -0.9200  0.000311
   15.6000    -0.9200  0.000252
   16.0000    -0.9200  0.000202
   16.4000    -0.9200  0.000159
   16.8000    -0.9200  0.000131
   17.2000    -0.9200  0.000105
   17.6000    -0.9200  0.000094
   18.0000    -0.9200  0.000085
   18.4000    -0.9200  0.000073
   18.8000    -0.9200  0.000069
   19.2000    -0.9200  0.000059
   19.6000    -0.9200  0.000043
   20.0000    -0.9200  0.000037
   20.4000    -0.9200  0.000019
   20.8000    -0.9200  0.000009
   21.2000    -0.9200  0.000001
   21.6000    -0.9200  0.000000
   22.0000    -0.9200  0.000000
   22.4000    -0.9200  0.000000
   22.8000    -0.9200  0.000000
   23.2000    -0.9200  0.000000
   23.6000    -0.9200  0.000002
   24.0000    -0.9200  0.000005
   24.4000    -0.9200  0.000008
   24.8000    -0.9200  0.000014
   25.2000    -0.9200  0.000030
   25.6000    -0.9200  0.000044
   26.0000    -0.9200  0.000057
   26.4000    -0.9200  0.000080
   26.8000    -0.9200  0.000104
   27.2000    -0.9200  0.000111
   27.6000    -0.9200  0.000099
   28.0000    -0.9200  0.000100
   28.4000    -0.9200  0.000084
   28.8000    -0.9200  0.000066
   29.2000    -0.9200  0.000046
   29.6000    -0.9200  0.000024
   30.0000    -0.9200  0.000010
   30.4000    -0.9200  0.000002
   30.8000    -0.9200  0.000000
   31.2000    -0.9200  0.000000
   31.6000    -0.9200  0.000000
   32.0000    -0.9200  0.000000
   32.4000    -0.9200  0.000000
   32.8000    -0.9200  0.000000
   33.2000    -0.9200  0.000000
   33.6000    -0.9200  0.000000
   34.0000    -0.9200  0.000000
   34.4000    -0.9200  0.000000
   34.8000    -0.9200  0.000000
   35.2000    -0.9200  0.000000
   35.6000    -0.9200  0.000000
   36.0000    -0.9200  0.000000
   36.4000    -0.9200  0.000000
   36.8000    -0.9200  0.000000
   37.2000    -0.9200  0.000000
   37.6000    -0.9200  0.000000
   38.0000    -0.9200  0.000000
   38.4000    -0.9200  0.000000
   38.8000    -0.9200  0.000000
   39.2000    -0.9200  0.000000
   39.6000    -0.9200  0.000000
    0.0000    -0.8400  0.000001
    0.4000    -0.8400  0.000001
    0.8000    -0.8400  0.000003
    1.2000    -0.8400  0.000006
    1.6000    -0.8400  0.000016
    2.0000    -0.8400  0.000018
    2.4000    -0.8400  0.000032
    2.8000    -0.8400  0.000037
    3.2000    -0.8400  0.000054
    3.6000    -0.8400  0.000071
    4.0000    -0.8400  0.000093
    4.4000    -0.8400  0.000116
    4.8000    -0.8400  0.000137
    5.2000    -0.8400  0.000172
    5.6000    -0.8400  0.000187
    6.0000    -0.8400  0.000214
    6.4000    -0.8400  0.000241
    6.8000    -0.8400  0.000272
    7.2000    -0.8400  0.000296
    7.6000    -0.8400  0.000324
    8.0000    -0.8400  0.000359
    8.4000    -0.8400  0.000384
    8.8000    -0.8400  0.000417
    9.2000    -0.8400  0.000442
    9.6000    -0.8400  0.000472
   10.0000    -0.8400  0.000482
   10.4000    -0.8400  0.000489
   10.8000    -0.8400  0.000501
   11.2000    -0.8400  0.000498
   11.6000    -0.8400  0.000496
   12.0000    -0.8400  0.000478
   12.4000    -0.8400  0.000457
   12.8000    -0.8400  0.000445
   13.2000    -0.8400  0.000426
   13.6000    -0.8400  0.000415
   14.0000    -0.8400  0.000382
   14.4000    -0.8400  0.000367
   14.8000    -0.8400  0.000329
   15.2000    -0.8400  0.000312
   15.6000    -0.8400  0.000266
   16.0000    -0.8400  0.000229
   16.4000    -0.8400  0.000184
   16.8000    -0.8400  0.000145
   17.2000    -0.8400  0.000120
   17.6000    -0.8400  0.000099
   18.0000    -0.8400  0.000084
   18.4000    -0.8400  0.000071
   18.8000    -0.8400  0.000074
   19.2000    -0.8400  0.000054
   19.6000    -0.8400  0.000051
   20.0000    -0.8400  0.000033
   20.4000    -0.8400  0.000025
   20.8000    -0.8400  0.000015
   21.2000    -0.8400  0.000001
   21.6000    -0.8400  0.000000
   22.0000    -0.8400  0.000000
   22.4000    -0.8400  0.000000
   22.8000    -0.8400  0.000000
   23.2000    -0.8400  0.000001
   23.6000    -0.8400  0.000002
   24.0000    -0.8400  0.000009
   24.4000    -0.8400  0.000020
   24.8000    -0.8400  0.000021
   25.2000    -0.8400  0.000036
   25.6000    -0.8400  0.000043
   26.0000    -0.8400  0.000063
   26.4000    -0.8400  0.000071
   26.8000    -0.8400  0.000086
   27.2000    -0.8400  0.000098
   27.6000    -0.8400  0.000103
   28.0000    -0.8400  0.000094
   28.4000    -0.8400  0.000084
   28.8000    -0.8400  0.000075
   29.2000    -0.8400  0.000055
   29.6000    -0.8400  0.000040
   30.0000    -0.8400  0.000017
   30.4000    -0.8400  0.000004
   30.8000    -0.8400  0.000000
   31.2000    -0.8400  0.000000
   31.6000    -0.8400  0.000000
   32.0000    -0.8400  0.000000
   32.4000    -0.8400  0.000000
   32.8000    -0.8400  0.000000
   33.2000    -0.8400  0.000000
   33.6000    -0.8400  0.000000
   34.0000    -0.8400  0.000000
   34.4000    -0.8400  0.000000
   34.8000    -0.8400  0.000000
   35.2000    -0.8400  0.000000
   35.6000    -0.8400  0.000000
   36.0000    -0.8400  0.000000
   36.4000    -0.8400  0.000000
   36.8000    -0.8400  0.000000
   37.2000    -0.8400  0.000000
   37.6000    -0.8400  0.000000
   38.0000    -0.8400  0.000000
   38.4000    -0.8400  0.000000
   38.8000    -0.8400  0.000000
   39.2000    -0.8400  0.000000
   39.6000    -0.8400  0.000000
    0.0000    -0.7600  0.000000
    0.4000    -0.7600  0.000000
    0.8000    -0.7600  0.000000
    1.2000    -0.7600  0.000001
    1.6000    -0.7600  0.000001
    2.0000    -0.7600  0.000005
    2.4000    -0.7600  0.000004
    2.8000    -0.7600  0.000014
    3.2000    -0.7600  0.000020
    3.6000    -0.7600  0.000025
    4.0000    -0.7600  0.000041
    4.4000    -0.7600  0.000058
    4.8000    -0.7600  0.000087
    5.2000    -0.7600  0.000125
    5.6000    -0.7600  0.000148
    6.0000    -0.7600  0.000186
    6.4000    -0.7600  0.000210
    6.8000    -0.7600  0.000234
    7.2000    -0.7600  0.000256
    7.6000    -0.7600  0.000281
    8.0000    -0.7600  0.000312
    8.4000    -0.7600  0.000344
    8.8000    -0.7600  0.000361
    9.2000    -0.7600  0.000397
    9.6000    -0.7600  0.000424
   10.0000    -0.7600  0.000436
   10.4000    -0.7600  0.000439
   10.8000    -0.7600  0.000443
   11.2000    -0.7600  0.000435
   11.6000    -0.7600  0.000420
   12.0000    -0.7600  0.000407
   12.4000    -0.7600  0.000405
   12.8000    -0.7600  0.000371
   13.2000    -0.7600  0.000356
   13.6000    -0.7600  0.000353
   14.0000    -0.7600  0.000325
   14.4000    -0.7600  0.000321
   14.8000    -0.7600  0.000294
   15.2000    -0.7600  0.000280
   15.6000    -0.7600  0.000256
   16.0000    -0.7600  0.000230
   16.4000    -0.7600  0.000193
   16.8000    -0.7600  0.000154
   17.2000    -0.7600  0.000123
   17.6000    -0.7600  0.000095
   18.0000    -0.7600  0.000078
   18.4000    -0.7600  0.000073
   18.8000    -0.7600  0.000060
   19.2000    -0.7600  0.000051
   19.6000    -0.7600  0.000043
   20.0000    -0.7600  0.000037
   20.4000    -0.7600  0.000024
   20.8000    -0.7600  0.000017
   21.2000    -0.7600  0.000003
   21.6000    -0.7600  0.000000
   22.0000    -0.7600  0.000001
   22.4000    -0.7600  0.000000
   22.8000    -0.7600  0.000000
   23.2000    -0.7600  0.000002
   23.6000    -0.7600  0.000006
   24.0000    -0.7600  0.000020
   24.4000    -0.7600  0.000029
   24.8000    -0.7600  0.000035
   25.2000    -0.7600  0.000037
   25.6000    -0.7600  0.000051
   26.0000    -0.7600  0.000065
   26.4000    -0.7600  0.000089
   26.8000    -0.7600  0.000090
   27.2000    -0.7600  0.000102
   27.6000    -0.7600  0.000110
   28.0000    -0.7600  0.000120
   28.4000    -0.7600  0.000096
   28.8000    -0.7600  0.000071
   29.2000    -0.7600  0.000051
   29.6000    -0.7600  0.000034
   30.0000    -0.7600  0.000024
   30.4000    -0.7600  0.000009
   30.8000    -0.7600  0.000001
   31.2000    -0.7600  0.000000
   31.6000    -0.7600  0.000000
   32.0000    -0.7600  0.000000
   32.4000    -0.7600  0.000000
   32.8000    -0.7600  0.000000
   33.2000    -0.7600  0.000000
   33.6000    -0.7600  0.000000
   34.0000    -0.7600  0.000000
   34.4000    -0.7600  0.000000
   34.8000    -0.7600  0.000000
   35.2000    -0.7600  0.000000
   35.6000    -0.7600  0.000000
   36.0000    -0.7600  0.000000
   36.4000    -0.7600  0.000000
   36.8000    -0.7600  0.000000
   37.2000    -0.7600  0.000000
   37.6000    -0.7600  0.000000
   38.0000    -0.7600  0.000000
   38.4000    -0.7600  0.000000
   38.8000    -0.7600  0.000000
   39.2000    -0.7600  0.000000
   39.6000    -0.7600  0.000000
    0.0000    -0.6800  0.000001
    0.4000    -0.6800  0.000000
    0.8000    -0.6800  0.000000
    1.2000    -0.6800  0.000000
    1.6000    -0.6800  0.000002
    2.0000    -0.6800  0.000001
    2.4000    -0.6800  0.000001
    2.8000    -0.6800  0.000003
    3.2000    -0.6800  0.000005
    3.6000    -0.6800  0.000010
    4.0000    -0.6800  0.000015
    4.4000    -0.6800  0.000025
    4.8000    -0.6800  0.000045
    5.2000    -0.6800  0.000078
    5.6000    -0.6800  0.000113
    6.0000    -0.6800  0.000152
    6.4000    -0.6800  0.000182
    6.8000    -0.6800  0.000207
    7.2000    -0.6800  0.000238
    7.6000    -0.6800  0.000257
    8.0000    -0.6800  0.000274
    8.4000    -0.6800  0.000301
    8.8000    -0.6800  0.000331
    9.2000    -0.6800  0.000352
    9.6000    -0.6800  0.000381
   10.0000    -0.6800  0.000404
   10.4000    -0.6800  0.000411
   10.8000    -0.6800  0.000412
   11.2000    -0.6800  0.000398
   11.6000    -0.6800  0.000381
   12.0000    -0.6800  0.000361
   12.4000    -0.6800  0.000349
   12.8000    -0.6800  0.000336
   13.2000    -0.6800  0.000308
   13.6000    -0.6800  0.000285
   14.0000    -0.6800  0.000267
   14.4000    -0.6800  0.000263
   14.8000    -0.6800  0.000255
   15.2000    -0.6800  0.000245
   15.6000    -0.6800  0.000227
   16.0000    -0.6800  0.000220
   16.4000    -0.6800  0.000186
   16.8000    -0.6800  0.000156
   17.2000    -0.6800  0.000127
   17.6000    -0.6800  0.000102
   18.0000    -0.6800  0.000084
   18.4000    -0.6800  0.000068
   18.8000    -0.6800  0.000055
   19.2000    -0.6800  0.000051
   19.6000    -0.6800  0.000049
   20.0000    -0.6800  0.000038
   20.4000    -0.6800  0.000026
   20.8000    -0.6800  0.000009
   21.2000    -0.6800  0.000006
   21.6000    -0.6800  0.000001
   22.0000    -0.6800  0.000000
   22.4000    -0.6800  0.000000
   22.8000    -0.6800  0.000001
   23.2000    -0.6800  0.000001
   23.6000    -0.6800  0.000014
   24.0000    -0.6800  0.000022
   24.4000    -0.6800  0.000033
   24.8000    -0.6800  0.000040
   25.2000    -0.6800  0.000047
   25.6000    -0.6800  0.000063
   26.0000    -0.6800  0.000070
   26.4000    -0.6800  0.000088
   26.8000    -0.6800  0.000096
   27.2000    -0.6800  0.000123
   27.6000    -0.6800  0.000123
   28.0000    -0.6800  0.000117
   28.4000    -0.6800  0.000101
   28.8000    -0.6800  0.000090
   29.2000    -0.6800  0.000060
   29.6000    -0.6800  0.000036
   30.0000    -0.6800  0.000013
   30.4000    -0.6800  0.000004
   30.8000    -0.6800  0.000001
   31.2000    -0.6800  0.000000
   31.6000    -0.6800  0.000000
   32.0000    -0.6800  0.000000
   32.4000    -0.6800  0.000000
   32.8000    -0.6800  0.000000
   33.2000    -0.6800  0.000000
   33.6000    -0.6800  0.000000
   34.0000    -0.6800  0.000000
   34.4000    -0.6800  0.000000
   34.8000    -0.6800  0.000000
   35.2000    -0.6800  0.000000
   35.6000    -0.6800  0.000000
   36.0000    -0.6800  0.000000
   36.4000    -0.6800  0.000000
   36.8000    -0.6800  0.000000
   37.2000    -0.6800  0.000000
   37.6000    -0.6800  0.000000
   38.0000    -0.6800  0.000000
   38.4000    -0.6800  0.000000
   38.8000    -0.6800  0.000000
   39.2000    -0.6800  0.000000
   39.6000    -0.6800  0.000000
    0.0000    -0.6000  0.000000
    0.4000    -0.6000  0.000001
    0.8000    -0.6000  0.000000
    1.2000    -0.6000  0.000000
    1.6000    -0.6000  0.000000
    2.0000    -0.6000  0.000000
    2.4000    -0.6000  0.000000
    2.8000    -0.6000  0.000002
    3.2000    -0.6000  0.000001
    3.6000    -0.6000  0.000001
    4.0000    -0.6000  0.000003
    4.4000    -0.6000  0.000004
    4.8000    -0.6000  0.000017
    5.2000    -0.6000  0.000038
    5.6000    -0.6000  0.000075
    6.0000    -0.6000  0.000111
    6.4000    -0.6000  0.000149
    6.8000    -0.6000  0.000180
    7.2000    -0.6000  0.000217
    7.6000    -0.6000  0.000239
    8.0000    -0.6000  0.000259
    8.4000    -0.6000  0.000279
    8.8000    -0.6000  0.000293
    9.2000    -0.6000  0.000321
    9.6000    -0.6000  0.000353
   10.0000    -0.6000  0.000374
   10.4000    -0.6000  0.000386
   10.8000    -0.6000  0.000380
   11.2000    -0.6000  0.000365
   11.6000    -0.6000  0.000350
   12.0000    -0.6000  0.000330
   12.4000    -0.6000  0.000307
   12.8000    -0.6000  0.000285
   13.2000    -0.6000  0.000274
   13.6000    -0.6000  0.000249
   14.0000    -0.6000  0.000235
   14.4000    -0.6000  0.000226
   14.8000    -0.6000  0.000211
   15.2000    -0.6000  0.000213
   15.6000    -0.6000  0.000190
   16.0000    -0.6000  0.000187
   16.4000    -0.6000  0.000180
   16.8000    -0.6000  0.000162
   17.2000    -0.6000  0.000129
   17.6000    -0.6000  0.000102
   18.0000    -0.6000  0.000087
   18.4000    -0.6000  0.000069
   18.8000    -0.6000  0.000047
   19.2000    -0.6000  0.000048
   19.6000    -0.6000  0.000036
   20.0000    -0.6000  0.000038
   20.4000    -0.6000  0.000024
   20.8000    -0.6000  0.000013
   21.2000    -0.6000  0.000010
   21.6000    -0.6000  0.000002
   22.0000    -0.6000  0.000000
   22.4000    -0.6000  0.000001
   22.8000    -0.6000  0.000002
   23.2000    -0.6000  0.000003
   23.6000    -0.6000  0.000010
   24.0000    -0.6000  0.000030
   24.4000    -0.6000  0.000044
   24.8000    -0.6000  0.000051
   25.2000    -0.6000  0.000060
   25.6000    -0.6000  0.000081
   26.0000    -0.6000  0.000081
   26.4000    -0.6000  0.000096
   26.8000    -0.6000  0.000105
   27.2000    -0.6000  0.000123
   27.6000    -0.6000  0.000122
   28.0000    -0.6000  0.000128
   28.4000    -0.6000  0.000114
   28.8000    -0.6000  0.000090
   29.2000    -0.6000  0.000073
   29.6000    -0.6000  0.000049
   30.0000    -0.6000  0.000024
   30.4000    -0.6000  0.000007
   30.8000    -0.6000  0.000001
   31.2000    -0.6000  0.000000
   31.6000    -0.6000  0.000000
   32.0000    -0.6000  0.000000
   32.4000    -0.6000  0.000000
   32.8000    -0.6000  0.000000
   33.2000    -0.6000  0.000000
   33.6000    -0.6000  0.000000
   34.0000    -0.6000  0.000000
   34.4000    -0.6000  0.000000
   34.8000    -0.6000  0.000000
   35.2000    -0.6000  0.000000
   35.6000    -0.6000  0.000000
   36.0000    -0.6000  0.000000
   36.4000    -0.6000  0.000000
   36.8000    -0.6000  0.000001
   37.2000    -0.6000  0.000000
   37.6000    -0.6000  0.000000
   38.0000    -0.6000  0.000000
   38.4000    -0.6000  0.000000
   38.8000    -0.6000  0.000000
   39.2000    -0.6000  0.000000
   39.6000    -0.6000  0.000000
    0.0000    -0.5200  0.000000
    0.4000    -0.5200  0.000001
    0.8000    -0.5200  0.000001
    1.2000    -0.5200  0.000000
    1.6000    -0.5200  0.000001
    2.0000    -0.5200  0.000001
    2.4000    -0.5200  0.000001
    2.8000    -0.5200  0.000001
    3.2000    -0.5200  0.000000
    3.6000    -0.5200  0.000000
    4.0000    -0.5200  0.000000
    4.4000    -0.5200  0.000000
    4.8000    -0.5200  0.000001
    5.2000    -0.5200  0.000014
    5.6000    -0.5200  0.000038
    6.0000    -0.5200  0.000079
    6.4000    -0.5200  0.000120
    6.8000    -0.5200  0.000151
    7.2000    -0.5200  0.000185
    7.6000    -0.5200  0.000225
    8.0000    -0.5200  0.000242
    8.4000    -0.5200  0.000257
    8.8000    -0.5200  0.000274
    9.2000    -0.5200  0.000300
    9.6000    -0.5200  0.000315
   10.0000    -0.5200  0.000342
   10.4000    -0.5200  0.000348
   10.8000    -0.5200  0.000363
   11.2000    -0.5200  0.000353
   11.6000    -0.5200  0.000325
   12.0000    -0.5200  0.000309
   12.4000    -0.5200  0.000273
   12.8000    -0.5200  0.000248
   13.2000    -0.5200  0.000232
   13.6000    -0.5200  0.000220
   14.0000    -0.5200  0.000203
   14.4000    -0.5200  0.000183
   14.8000    -0.5200  0.000170
   15.2000    -0.5200  0.000164
   15.6000    -0.5200  0.000163
   16.0000    -0.5200  0.000161
   16.4000    -0.5200  0.000146
   16.8000    -0.5200  0.000143
   17.2000    -0.5200  0.000131
   17.6000    -0.5200  0.000109
   18.0000    -0.5200  0.000088
   18.4000    -0.5200  0.000064
   18.8000    -0.5200  0.000051
   19.2000    -0.5200  0.000040
   19.6000    -0.5200  0.000033
   20.0000    -0.5200  0.000033
   20.4000    -0.5200  0.000016
   20.8000    -0.5200  0.000022
   21.2000    -0.5200  0.000010
   21.6000    -0.5200  0.000006
   22.0000    -0.5200  0.000002
   22.4000    -0.5200  0.000000
   22.8000    -0.5200  0.000001
   23.2000    -0.5200  0.000012
   23.6000    -0.5200  0.000016
   24.0000    -0.5200  0.000031
   24.4000    -0.5200  0.000045
   24.8000    -0.5200  0.000052
   25.2000    -0.5200  0.000076
   25.6000    -0.5200  0.000087
   26.0000    -0.5200  0.000101
   26.4000    -0.5200  0.000104
   26.8000    -0.5200  0.000118
   27.2000    -0.5200  0.000137
   27.6000    -0.5200  0.000136
   28.0000    -0.5200  0.000142
   28.4000    -0.5200  0.000120
   28.8000    -0.5200  0.000109
   29.2000    -0.5200  0.000073
   29.6000    -0.5200  0.000053
   30.0000    -0.5200  0.000027
   30.4000    -0.5200  0.000012
   30.8000    -0.5200  0.000001
   31.2000    -0.5200  0.000000
   31.6000    -0.5200  0.000000
   32.0000    -0.5200  0.000000
   32.4000    -0.5200  0.000000
   32.8000    -0.5200  0.000000
   33.2000    -0.5200  0.000000
   33.6000    -0.5200  0.000000
   34.0000    -0.5200  0.000000
   34.4000    -0.5200  0.000000
   34.8000    -0.5200  0.000000
   35.2000    -0.5200  0.000000
   35.6000    -0.5200  0.000000
   36.0000    -0.5200  0.000000
   36.4000    -0.5200  0.000000
   36.8000    -0.5200  0.000000
   37.2000    -0.5200  0.000000
   37.6000    -0.5200  0.000000
   38.0000    -0.5200  0.000000
   38.4000    -0.5200  0.000000
   38.8000    -0.5200  0.000000
   39.2000    -0.5200  0.000000
   39.6000    -0.5200  0.000000
    0.0000    -0.4400  0.000001
    0.4000    -0.4400  0.000000
    0.8000    -0.4400  0.000000
    1.2000    -0.4400  0.000000
    1.6000    -0.4400  0.000000
    2.0000    -0.4400  0.000000
    2.4000    -0.4400  0.000001
    2.8000    -0.4400  0.000000
    3.2000    -0.4400  0.000000
    3.6000    -0.4400  0.000001
    4.0000    -0.4400  0.000000
    4.4000    -0.4400  0.000000
    4.8000    -0.4400  0.000000
    5.2000    -0.4400  0.000003
    5.6000    -0.4400  0.000014
    6.0000    -0.4400  0.000041
    6.4000    -0.4400  0.000081
    6.8000    -0.4400  0.000125
    7.2000    -0.4400  0.000163
    7.6000    -0.4400  0.000205
    8.0000    -0.4400  0.000225
    8.4000    -0.4400  0.000256
    8.8000    -0.4400  0.000260
    9.2000    -0.4400  0.000282
    9.6000    -0.4400  0.000289
   10.0000    -0.4400  0.000305
   10.4000    -0.4400  0.000319
   10.8000    -0.4400  0.000326
   11.2000    -0.4400  0.000334
   11.6000    -0.4400  0.000321
   12.0000    -0.4400  0.000295
   12.4000    -0.4400  0.000268
   12.8000    -0.4400  0.000231
   13.2000    -0.4400  0.000203
   13.6000    -0.4400  0.000187
   14.0000    -0.4400  0.000170
   14.4000    -0.4400  0.000163
   14.8000    -0.4400  0.000147
   15.2000    -0.4400  0.000143
   15.6000    -0.4400  0.000132
   16.0000    -0.4400  0.000133
   16.4000    -0.4400  0.000125
   16.8000    -0.4400  0.000129
   17.2000    -0.4400  0.000111
   17.6000    -0.4400  0.000107
   18.0000    -0.4400  0.000088
   18.4000    -0.4400  0.000077
   18.8000    -0.4400  0.000055
   19.2000    -0.4400  0.000041
   19.6000    -0.4400  0.000034
   20.0000    -0.4400  0.000024
   20.4000    -0.4400  0.000025
   20.8000    -0.4400  0.000017
   21.2000    -0.4400  0.000014
   21.6000    -0.4400  0.000008
   22.0000    -0.4400  0.000001
   22.4000    -0.4400  0.000000
   22.8000    -0.4400  0.000002
   23.2000    -0.4400  0.000006
   23.6000    -0.4400  0.000012
   24.0000    -0.4400  0.000026
   24.4000    -0.4400  0.000044
   24.8000    -0.4400  0.000062
   25.2000    -0.4400  0.000080
   25.6000    -0.4400  0.000103
   26.0000    -0.4400  0.000103
   26.4000    -0.4400  0.000117
   26.8000    -0.4400  0.000118
   27.2000    -0.4400  0.000140
   27.6000    -0.4400  0.000137
   28.0000    -0.4400  0.000133
   28.4000    -0.4400  0.000135
   28.8000    -0.4400  0.000115
   29.2000    -0.4400  0.000087
   29.6000    -0.4400  0.000076
   30.0000    -0.4400  0.000038
   30.4000    -0.4400  0.000015
   30.8000    -0.4400  0.000002
   31.2000    -0.4400  0.000000
   31.6000    -0.4400  0.000000
   32.0000    -0.4400  0.000000
   32.4000    -0.4400  0.000000
   32.8000    -0.4400  0.000000
   33.2000    -0.4400  0.000000
   33.6000    -0.4400  0.000000
   34.0000    -0.4400  0.000000
   34.4000    -0.4400  0.000000
   34.8000    -0.4400  0.000000
   35.2000    -0.4400  0.000000
   35.6000    -0.4400  0.000000
   36.0000    -0.4400  0.000000
   36.4000    -0.4400  0.000000
   36.8000    -0.4400  0.000000
   37.2000    -0.4400  0.000000
   37.6000    -0.4400  0.000000
   38.0000    -0.4400  0.000000
   38.4000    -0.4400  0.000000
   38.8000    -0.4400  0.000000
   39.2000    -0.4400  0.000000
   39.6000    -0.4400  0.000000
    0.0000    -0.3600  0.000000
    0.4000    -0.3600  0.000000
    0.8000    -0.3600  0.000000
    1.2000    -0.3600  0.000000
    1.6000    -0.3600  0.000000
    2.0000    -0.3600  0.000001
    2.4000    -0.3600  0.000001
    2.8000    -0.3600  0.000000
    3.2000    -0.3600  0.000000
    3.6000    -0.3600  0.000000
    4.0000    -0.3600  0.000000
    4.4000    -0.3600  0.000000
    4.8000    -0.3600  0.000000
    5.2000    -0.3600  0.000000
    5.6000    -0.3600  0.000006
    6.0000    -0.3600  0.000028
    6.4000    -0.3600  0.000060
    6.8000    -0.3600  0.000102
    7.2000    -0.3600  0.000135
    7.6000    -0.3600  0.000177
    8.0000    -0.3600  0.000217
    8.4000    -0.3600  0.000237
    8.8000    -0.3600  0.000253
    9.2000    -0.3600  0.000259
    9.6000    -0.3600  0.000273
   10.0000    -0.3600  0.000275
   10.4000    -0.3600  0.000295
   10.8000    -0.3600  0.000300
   11.2000    -0.3600  0.000309
   11.6000    -0.3600  0.000297
   12.0000    -0.3600  0.000290
   12.4000    -0.3600  0.000268
   12.8000    -0.3600  0.000233
   13.2000    -0.3600  0.000206
   13.6000    -0.3600  0.000176
   14.0000    -0.3600  0.000154
   14.4000    -0.3600  0.000149
   14.8000    -0.3600  0.000140
   15.2000    -0.3600  0.000132
   15.6000    -0.3600  0.000123
   16.0000    -0.3600  0.000114
   16.4000    -0.3600  0.000114
   16.8000    -0.3600  0.000107
   17.2000    -0.3600  0.000096
   17.6000    -0.3600  0.000099
   18.0000    -0.3600  0.000087
   18.4000    -0.3600  0.000075
   18.8000    -0.3600  0.000056
   19.2000    -0.3600  0.000046
   19.6000    -0.3600  0.000033
   20.0000    -0.3600  0.000025
   20.4000    -0.3600  0.000017
   20.8000    -0.3600  0.000014
   21.2000    -0.3600  0.000008
   21.6000    -0.3600  0.000005
   22.0000    -0.3600  0.000001
   22.4000    -0.3600  0.000000
   22.8000    -0.3600  0.000001
   23.2000    -0.3600  0.000004
   23.6000    -0.3600  0.000011
   24.0000    -0.3600  0.000023
   24.4000    -0.3600  0.000041
   24.8000    -0.3600  0.000060
   25.2000    -0.3600  0.000067
   25.6000    -0.3600  0.000096
   26.0000    -0.3600  0.000124
   26.4000    -0.3600  0.000125
   26.8000    -0.3600  0.000134
   27.2000    -0.3600  0.000140
   27.6000    -0.3600  0.000155
   28.0000    -0.3600  0.000147
   28.4000    -0.3600  0.000142
   28.8000    -0.3600  0.000122
   29.2000    -0.3600  0.000101
   29.6000    -0.3600  0.000074
   30.0000    -0.3600  0.000044
   30.4000    -0.3600  0.000019
   30.8000    -0.3600  0.000005
   31.2000    -0.3600  0.000000
   31.6000    -0.3600  0.000000
   32.0000    -0.3600  0.000000
   32.4000    -0.3600  0.000000
   32.8000    -0.3600  0.000000
   33.2000    -0.3600  0.000000
   33.6000    -0.3600  0.000000
   34.0000    -0.3600  0.000000
   34.4000    -0.3600  0.000000
   34.8000    -0.3600  0.000000
   35.2000    -0.3600  0.000000
   35.6000    -0.3600  0.000000
   36.0000    -0.3600  0.000000
   36.4000    -0.3600  0.000000
   36.8000    -0.3600  0.000000
   37.2000    -0.3600  0.000000
   37.6000    -0.3600  0.000000
   38.0000    -0.3600  0.000000
   38.4000    -0.3600  0.000000
   38.8000    -0.3600  0.000000
   39.2000    -0.3600  0.000000
   39.6000    -0.3600  0.000000
    0.0000    -0.2800  0.000000
    0.4000    -0.2800  0.000001
    0.8000    -0.2800  0.000000
    1.2000    -0.2800  0.000001
    1.6000    -0.2800  0.000001
    2.0000    -0.2800  0.000001
    2.4000    -0.2800  0.000000
    2.8000    -0.2800  0.000000
    3.2000    -0.2800  0.000001
    3.6000    -0.2800  0.000000
    4.0000    -0.2800  0.000000
    4.4000    -0.2800  0.000000
    4.8000    -0.2800  0.000000
    5.2000    -0.2800  0.000000
    5.6000    -0.2800  0.000001
    6.0000    -0.2800  0.000015
    6.4000    -0.2800  0.000041
    6.8000    -0.2800  0.000069
    7.2000    -0.2800  0.000113
    7.6000    -0.2800  0.000151
    8.0000    -0.2800  0.000188
    8.4000    -0.2800  0.000224
    8.8000    -0.2800  0.000245
    9.2000    -0.2800  0.000259
    9.6000    -0.2800  0.000261
   10.0000    -0.2800  0.000260
   10.4000    -0.2800  0.000268
   10.8000    -0.2800  0.000275
   11.2000    -0.2800  0.000285
   11.6000    -0.2800  0.000280
   12.0000    -0.2800  0.000281
   12.4000    -0.2800  0.000271
   12.8000    -0.2800  0.000237
   13.2000    -0.2800  0.000202
   13.6000    -0.2800  0.000167
   14.0000    -0.2800  0.000152
   14.4000    -0.2800  0.000133
   14.8000    -0.2800  0.000127
   15.2000    -0.2800  0.000123
   15.6000    -0.2800  0.000123
   16.0000    -0.2800  0.000112
   16.4000    -0.2800  0.000095
   16.8000    -0.2800  0.000094
   17.2000    -0.2800  0.000088
   17.6000    -0.2800  0.000089
   18.0000    -0.2800  0.000082
   18.4000    -0.2800  0.000075
   18.8000    -0.2800  0.000068
   19.2000    -0.2800  0.000054
   19.6000    -0.2800  0.000036
   20.0000    -0.2800  0.000028
   20.4000    -0.2800  0.000021
   20.8000    -0.2800  0.000009
   21.2000    -0.2800  0.000009
   21.6000    -0.2800  0.000002
   22.0000    -0.2800  0.000002
   22.4000    -0.2800  0.000000
   22.8000    -0.2800  0.000001
   23.2000    -0.2800  0.000002
   23.6000    -0.2800  0.000006
   24.0000    -0.2800  0.000024
   24.4000    -0.2800  0.000033
   24.8000    -0.2800  0.000052
   25.2000    -0.2800  0.000080
   25.6000    -0.2800  0.000089
   26.0000    -0.2800  0.000119
   26.4000    -0.2800  0.000137
   26.8000    -0.2800  0.000142
   27.2000    -0.2800  0.000148
   27.6000    -0.2800  0.000152
   28.0000    -0.2800  0.000151
   28.4000    -0.2800  0.000141
   28.8000    -0.2800  0.000122
   29.2000    -0.2800  0.000105
   29.6000    -0.2800  0.000079
   30.0000    -0.2800  0.000050
   30.4000    -0.2800  0.000027
   30.8000    -0.2800  0.000009
   31.2000    -0.2800  0.000001
   31.6000    -0.2800  0.000000
   32.0000    -0.2800  0.000000
   32.4000    -0.2800  0.000000
   32.8000    -0.2800  0.000000
   33.2000    -0.2800  0.000000
   33.6000    -0.2800  0.000000
   34.0000    -0.2800  0.000000
   34.4000    -0.2800  0.000000
   34.8000    -0.2800  0.000000
   35.2000    -0.2800  0.000000
   35.6000    -0.2800  0.000000
   36.0000    -0.2800  0.000000
   36.4000    -0.2800  0.000000
   36.8000    -0.2800  0.000000
   37.2000    -0.2800  0.000000
   37.6000    -0.2800  0.000000
   38.0000    -0.2800  0.000000
   38.4000    -0.2800  0.000000
   38.8000    -0.2800  0.000000
   39.2000    -0.2800  0.000000
   39.6000    -0.2800  0.000000
    0.0000    -0.2000  0.000000
    0.4000    -0.2000  0.000000
    0.8000    -0.2000  0.000000
    1.2000    -0.2000  0.000000
    1.6000    -0.2000  0.000000
    2.0000    -0.2000  0.000001
    2.4000    -0.2000  0.000000
    2.8000    -0.2000  0.000000
    3.2000    -0.2000  0.000000
    3.6000    -0.2000  0.000000
    4.0000    -0.2000  0.000000
    4.4000    -0.2000  0.000000
    4.8000    -0.2000  0.000000
    5.2000    -0.2000  0.000000
    5.6000    -0.2000  0.000001
    6.0000    -0.2000  0.000012
    6.4000    -0.2000  0.000031
    6.8000    -0.2000  0.000056
    7.2000    -0.2000  0.000093
    7.6000    -0.2000  0.000125
    8.0000    -0.2000  0.000167
    8.4000    -0.2000  0.000202
    8.8000    -0.2000  0.000220
    9.2000    -0.2000  0.000254
    9.6000    -0.2000  0.000255
   10.0000    -0.2000  0.000261
   10.4000    -0.2000  0.000253
   10.8000    -0.2000  0.000256
   11.2000    -0.2000  0.000253
   11.6000    -0.2000  0.000256
   12.0000    -0.2000  0.000262
   12.4000    -0.2000  0.000265
   12.8000    -0.2000  0.000242
   13.2000    -0.2000  0.000214
   13.6000    -0.2000  0.000184
   14.0000    -0.2000  0.000159
   14.4000    -0.2000  0.000133
   14.8000    -0.2000  0.000119
   15.2000    -0.2000  0.000125
   15.6000    -0.2000  0.000124
   16.0000    -0.2000  0.000111
   16.4000    -0.2000  0.000095
   16.8000    -0.2000  0.000084
   17.2000    -0.2000  0.000086
   17.6000    -0.2000  0.000080
   18.0000    -0.2000  0.000084
   18.4000    -0.2000  0.000069
   18.8000    -0.2000  0.000063
   19.2000    -0.2000  0.000052
   19.6000    -0.2000  0.000039
   20.0000    -0.2000  0.000028
   20.4000    -0.2000  0.000019
   20.8000    -0.2000  0.000014
   21.2000    -0.2000  0.000006
   21.6000    -0.2000  0.000001
   22.0000    -0.2000  0.000001
   22.4000    -0.2000  0.000003
   22.8000    -0.2000  0.000000
   23.2000    -0.2000  0.000006
   23.6000    -0.2000  0.000005
   24.0000    -0.2000  0.000014
   24.4000    -0.2000  0.000032
   24.8000    -0.2000  0.000043
   25.2000    -0.2000  0.000069
   25.6000    -0.2000  0.000083
   26.0000    -0.2000  0.000111
   26.4000    -0.2000  0.000127
   26.8000    -0.2000  0.000157
   27.2000    -0.2000  0.000153
   27.6000    -0.2000  0.000152
   28.0000    -0.2000  0.000165
   28.4000    -0.2000  0.000151
   28.8000    -0.2000  0.000135
   29.2000    -0.2000  0.000110
   29.6000    -0.2000  0.000088
   30.0000    -0.2000  0.000058
   30.4000    -0.2000  0.000038
   30.8000    -0.2000  0.000017
   31.2000    -0.2000  0.000001
   31.6000    -0.2000  0.000000
   32.0000    -0.2000  0.000000
   32.4000    -0.2000  0.000000
   32.8000    -0.2000  0.000000
   33.2000    -0.2000  0.000000
   33.6000    -0.2000  0.000000
   34.0000    -0.2000  0.000001
   34.4000    -0.2000  0.000000
   34.8000    -0.2000  0.000000
   35.2000    -0.2000  0.000000
   35.6000    -0.2000  0.000000
   36.0000    -0.2000  0.000000
   36.4000    -0.2000  0.000000
   36.8000    -0.2000  0.000000
   37.2000    -0.2000  0.000000
   37.6000    -0.2000  0.000000
   38.0000    -0.2000  0.000000
   38.4000    -0.2000  0.000000
   38.8000    -0.2000  0.000000
   39.2000    -0.2000  0.000001
   39.6000    -0.2000  0.000000
    0.0000    -0.1200  0.000000
    0.4000    -0.1200  0.000000
    0.8000    -0.1200  0.000000
    1.2000    -0.1200  0.000000
    1.6000    -0.1200  0.000000
    2.0000    -0.1200  0.000001
    2.4000    -0.1200  0.000000
    2.8000    -0.1200  0.000000
    3.2000    -0.1200  0.000000
    3.6000    -0.1200  0.000000
    4.0000    -0.1200  0.000000
    4.4000    -0.1200  0.000000
    4.8000    -0.1200  0.000000
    5.2000    -0.1200  0.000000
    5.6000    -0.1200  0.000001
    6.0000    -0.1200  0.000006
    6.4000    -0.1200  0.000019
    6.8000    -0.1200  0.000039
    7.2000    -0.1200  0.000073
    7.6000    -0.1200  0.000101
    8.0000    -0.1200  0.000141
    8.4000    -0.1200  0.000168
    8.8000    -0.1200  0.000206
    9.2000    -0.1200  0.000224
    9.6000    -0.1200  0.000254
   10.0000    -0.1200  0.000257
   10.4000    -0.1200  0.000256
   10.8000    -0.1200  0.000240
   11.2000    -0.1200  0.000247
   11.6000    -0.1200  0.000238
   12.0000    -0.1200  0.000248
   12.4000    -0.1200  0.000248
   12.8000    -0.1200  0.000240
   13.2000    -0.1200  0.000224
   13.6000    -0.1200  0.000200
   14.0000    -0.1200  0.000173
   14.4000    -0.1200  0.000144
   14.8000    -0.1200  0.000122
   15.2000    -0.1200  0.000122
   15.6000    -0.1200  0.000114
   16.0000    -0.1200  0.000118
   16.4000    -0.1200  0.000109
   16.8000    -0.1200  0.000099
   17.2000    -0.1200  0.000091
   17.6000    -0.1200  0.000082
   18.0000    -0.1200  0.000077
   18.4000    -0.1200  0.000075
   18.8000    -0.1200  0.000064
   19.2000    -0.1200  0.000052
   19.6000    -0.1200  0.000043
   20.0000    -0.1200  0.000031
   20.4000    -0.1200  0.000025
   20.8000    -0.1200  0.000020
   21.2000    -0.1200  0.000007
   21.6000    -0.1200  0.000001
   22.0000    -0.1200  0.000000
   22.4000    -0.1200  0.000002
   22.8000    -0.1200  0.000000
   23.2000    -0.1200  0.000000
   23.6000    -0.1200  0.000003
   24.0000    -0.1200  0.000007
   24.4000    -0.1200  0.000017
   24.8000    -0.1200  0.000031
   25.2000    -0.1200  0.000039
   25.6000    -0.1200  0.000065
   26.0000    -0.1200  0.000098
   26.4000    -0.1200  0.000108
   26.8000    -0.1200  0.000123
   27.2000    -0.1200  0.000144
   27.6000    -0.1200  0.000158
   28.0000    -0.1200  0.000164
   28.4000    -0.1200  0.000145
   28.8000    -0.1200  0.000132
   29.2000    -0.1200  0.000107
   29.6000    -0.1200  0.000087
   30.0000    -0.1200  0.000062
   30.4000    -0.1200  0.000031
   30.8000    -0.1200  0.000016
   31.2000    -0.1200  0.000000
   31.6000    -0.1200  0.000000
   32.0000    -0.1200  0.000000
   32.4000    -0.1200  0.000000
   32.8000    -0.1200  0.000000
   33.2000    -0.1200  0.000000
   33.6000    -0.1200  0.000000
   34.0000    -0.1200  0.000000
   34.4000    -0.1200  0.000000
   34.8000    -0.1200  0.000000
   35.2000    -0.1200  0.000000
   35.6000    -0.1200  0.000000
   36.0000    -0.1200  0.000000
   36.4000    -0.1200  0.000000
   36.8000    -0.1200  0.000000
   37.2000    -0.1200  0.000000
   37.6000    -0.1200  0.000000
   38.0000    -0.1200  0.000000
   38.4000    -0.1200  0.000000
   38.8000    -0.1200  0.000000
   39.2000    -0.1200  0.000000
   39.6000    -0.1200  0.000000
    0.0000    -0.0400  0.000000
    0.4000    -0.0400  0.000000
    0.8000    -0.0400  0.000000
    1.2000    -0.0400  0.000000
    1.6000    -0.0400  0.000001
    2.0000    -0.0400  0.000000
    2.4000    -0.0400  0.000000
    2.8000    -0.0400  0.000000
    3.2000    -0.0400  0.000000
    3.6000    -0.0400  0.000000
    4.0000    -0.0400  0.000000
    4.4000    -0.0400  0.000000
    4.8000    -0.0400  0.000000
    5.2000    -0.0400  0.000000
    5.6000    -0.0400  0.000001
    6.0000    -0.0400  0.000009
    6.4000    -0.0400  0.000017
    6.8000    -0.0400  0.000032
    7.2000    -0.0400  0.000049
    7.6000    -0.0400  0.000081
    8.0000    -0.0400  0.000111
    8.4000    -0.0400  0.000140
    8.8000    -0.0400  0.000172
    9.2000    -0.0400  0.000214
    9.6000    -0.0400  0.000231
   10.0000    -0.0400  0.000246
   10.4000    -0.0400  0.000246
   10.8000    -0.0400  0.000239
   11.2000    -0.0400  0.000235
   11.6000    -0.0400  0.000229
   12.0000    -0.0400  0.000231
   12.4000    -0.0400  0.000235
   12.8000    -0.0400  0.000226
   13.2000    -0.0400  0.000233
   13.6000    -0.0400  0.000215
   14.0000    -0.0400  0.000207
   14.4000    -0.0400  0.000163
   14.8000    -0.0400  0.000150
   15.2000    -0.0400  0.000126
   15.6000    -0.0400  0.000121
   16.0000    -0.0400  0.000124
   16.4000    -0.0400  0.000119
   16.8000    -0.0400  0.000123
   17.2000    -0.0400  0.000109
   17.6000    -0.0400  0.000096
   18.0000    -0.0400  0.000088
   18.4000    -0.0400  0.000082
   18.8000    -0.0400  0.000072
   19.2000    -0.0400  0.000066
   19.6000    -0.0400  0.000062
   20.0000    -0.0400  0.000046
   20.4000    -0.0400  0.000033
   20.8000    -0.0400  0.000018
   21.2000    -0.0400  0.000007
   21.6000    -0.0400  0.000006
   22.0000    -0.0400  0.000002
   22.4000    -0.0400  0.000001
   22.8000    -0.0400  0.000001
   23.2000    -0.0400  0.000000
   23.6000    -0.0400  0.000001
   24.0000    -0.0400  0.000007
   24.4000    -0.0400  0.000011
   24.8000    -0.0400  0.000018
   25.2000    -0.0400  0.000033
   25.6000    -0.0400  0.000061
   26.0000    -0.0400  0.000075
   26.4000    -0.0400  0.000106
   26.8000    -0.0400  0.000120
   27.2000    -0.0400  0.000124
   27.6000    -0.0400  0.000143
   28.0000    -0.0400  0.000147
   28.4000    -0.0400  0.000143
   28.8000    -0.0400  0.000129
   29.2000    -0.0400  0.000104
   29.6000    -0.0400  0.000088
   30.0000    -0.0400  0.000057
   30.4000    -0.0400  0.000030
   30.8000    -0.0400  0.000002
   31.2000    -0.0400  0.000000
   31.6000    -0.0400  0.000000
   32.0000    -0.0400  0.000000
   32.4000    -0.0400  0.000000
   32.8000    -0.0400  0.000000
   33.2000    -0.0400  0.000000
   33.6000    -0.0400  0.000000
   34.0000    -0.0400  0.000000
   34.4000    -0.0400  0.000001
   34.8000    -0.0400  0.000000
   35.2000    -0.0400  0.000000
   35.6000    -0.0400  0.000000
   36.0000    -0.0400  0.000000
   36.4000    -0.0400  0.000000
   36.8000    -0.0400  0.000000
   37.2000    -0.0400  0.000000
   37.6000    -0.0400  0.000000
   38.0000    -0.0400  0.000000
   38.4000    -0.0400  0.000000
   38.8000    -0.0400  0.000000
   39.2000    -0.0400  0.000000
   39.6000    -0.0400  0.000000
    0.0000     0.0400  0.000000
    0.4000     0.0400  0.000000
    0.8000     0.0400  0.000000
    1.2000     0.0400  0.000000
    1.6000     0.0400  0.000000
    2.0000     0.0400  0.000000
    2.4000     0.0400  0.000000
    2.8000     0.0400  0.000000
    3.2000     0.0400  0.000000
    3.6000     0.0400  0.000000
    4.0000     0.0400  0.000000
    4.4000     0.0400  0.000000
    4.8000     0.0400  0.000000
    5.2000     0.0400  0.000000
    5.6000     0.0400  0.000001
    6.0000     0.0400  0.000006
    6.4000     0.0400  0.000015
    6.8000     0.0400  0.000025
    7.2000     0.0400  0.000039
    7.6000     0.0400  0.000061
    8.0000     0.0400  0.000083
    8.4000     0.0400  0.000117
    8.8000     0.0400  0.000145
    9.2000     0.0400  0.000181
    9.6000     0.0400  0.000206
   10.0000     0.0400  0.000231
   10.4000     0.0400  0.000233
   10.8000     0.0400  0.000242
   11.2000     0.0400  0.000222
   11.6000     0.0400  0.000213
   12.0000     0.0400  0.000211
   12.4000     0.0400  0.000209
   12.8000     0.0400  0.000212
   13.2000     0.0400  0.000218
   13.6000     0.0400  0.000220
   14.0000     0.0400  0.000219
   14.4000     0.0400  0.000195
   14.8000     0.0400  0.000175
   15.2000     0.0400  0.000146
   15.6000     0.0400  0.000137
   16.0000     0.0400  0.000130
   16.4000     0.0400  0.000130
   16.8000     0.0400  0.000137
   17.2000     0.0400  0.000122
   17.6000     0.0400  0.000116
   18.0000     0.0400  0.000097
   18.4000     0.0400  0.000088
   18.8000     0.0400  0.000088
   19.2000     0.0400  0.000073
   19.6000     0.0400  0.000058
   20.0000     0.0400  0.000053
   20.4000     0.0400  0.000044
   20.8000     0.0400  0.000035
   21.2000     0.0400  0.000016
   21.6000     0.0400  0.000010
   22.0000     0.0400  0.000009
   22.4000     0.0400  0.000001
   22.8000     0.0400  0.000001
   23.2000     0.0400  0.000001
   23.6000     0.0400  0.000001
   24.0000     0.0400  0.000007
   24.4000     0.0400  0.000006
   24.8000     0.0400  0.000004
   25.2000     0.0400  0.000018
   25.6000     0.0400  0.000026
   26.0000     0.0400  0.000048
   26.4000     0.0400  0.000081
   26.8000     0.0400  0.000093
   27.2000     0.0400  0.000107
   27.6000     0.0400  0.000119
   28.0000     0.0400  0.000124
   28.4000     0.0400  0.000132
   28.8000     0.0400  0.000117
   29.2000     0.0400  0.000102
   29.6000     0.0400  0.000079
   30.0000     0.0400  0.000059
   30.4000     0.0400  0.000035
   30.8000     0.0400  0.000021
   31.2000     0.0400  0.000001
   31.6000     0.0400  0.000000
   32.0000     0.0400  0.000000
   32.4000     0.0400  0.000000
   32.8000     0.0400  0.000000
   33.2000     0.0400  0.000001
   33.6000     0.0400  0.000000
   34.0000     0.0400  0.000000
   34.4000     0.0400  0.000000
   34.8000     0.0400  0.000000
   35.2000     0.0400  0.000000
   35.6000     0.0400  0.000000
   36.0000     0.0400  0.000000
   36.4000     0.0400  0.000000
   36.8000     0.0400  0.000000
   37.2000     0.0400  0.000000
   37.6000     0.0400  0.000000
   38.0000     0.0400  0.000000
   38.4000     0.0400  0.000000
   38.8000     0.0400  0.000000
   39.2000     0.0400  0.000000
   39.6000     0.0400  0.000000
    0.0000     0.1200  0.000000
    0.4000     0.1200  0.000000
    0.8000     0.1200  0.000000
    1.2000     0.1200  0.000000
    1.6000     0.1200  0.000000
    2.0000     0.1200  0.000000
    2.4000     0.1200  0.000000
    2.8000     0.1200  0.000000
    3.2000     0.1200  0.000000
    3.6000     0.1200  0.000000
    4.0000     0.1200  0.000000
    4.4000     0.1200  0.000001
    4.8000     0.1200  0.000000
    5.2000     0.1200  0.000000
    5.6000     0.1200  0.000001
    6.0000     0.1200  0.000003
    6.4000     0.1200  0.000018
    6.8000     0.1200  0.000026
    7.2000     0.1200  0.000032
    7.6000     0.1200  0.000058
    8.0000     0.1200  0.000078
    8.4000     0.1200  0.000090
    8.8000     0.1200  0.000116
    9.2000     0.1200  0.000147
    9.6000     0.1200  0.000177
   10.0000     0.1200  0.000210
   10.4000     0.1200  0.000221
   10.8000     0.1200  0.000225
   11.2000     0.1200  0.000220
   11.6000     0.1200  0.000206
   12.0000     0.1200  0.000194
   12.4000     0.1200  0.000192
   12.8000     0.1200  0.000205
   13.2000     0.1200  0.000211
   13.6000     0.1200  0.000208
   14.0000     0.1200  0.000221
   14.4000     0.1200  0.000213
   14.8000     0.1200  0.000201
   15.2000     0.1200  0.000177
   15.6000     0.1200  0.000166
   16.0000     0.1200  0.000144
   16.4000     0.1200  0.000139
   16.8000     0.1200  0.000140
   17.2000     0.1200  0.000147
   17.6000     0.1200  0.000139
   18.0000     0.1200  0.000128
   18.4000     0.1200  0.000107
   18.8000     0.1200  0.000092
   19.2000     0.1200  0.000081
   19.6000     0.1200  0.000075
   20.0000     0.1200  0.000066
   20.4000     0.1200  0.000053
   20.8000     0.1200  0.000049
   21.2000     0.1200  0.000029
   21.6000     0.1200  0.000019
   22.0000     0.1200  0.000010
   22.4000     0.1200  0.000006
   22.8000     0.1200  0.000001
   23.2000     0.1200  0.000001
   23.6000     0.1200  0.000002
   24.0000     0.1200  0.000001
   24.4000     0.1200  0.000002
   24.8000     0.1200  0.000003
   25.2000     0.1200  0.000004
   25.6000     0.1200  0.000017
   26.0000     0.1200  0.000038
   26.4000     0.1200  0.000042
   26.8000     0.1200  0.000068
   27.2000     0.1200  0.000094
   27.6000     0.1200  0.000103
   28.0000     0.1200  0.000116
   28.4000     0.1200  0.000115
   28.8000     0.1200  0.000107
   29.2000     0.1200  0.000093
   29.6000     0.1200  0.000078
   30.0000     0.1200  0.000057
   30.4000     0.1200  0.000028
   30.8000     0.1200  0.000017
   31.2000     0.1200  0.000000
   31.6000     0.1200  0.000000
   32.0000     0.1200  0.000000
   32.4000     0.1200  0.000000
   32.8000     0.1200  0.000000
   33.2000     0.1200  0.000000
   33.6000     0.1200  0.000000
   34.0000     0.1200  0.000000
   34.4000     0.1200  0.000000
   34.8000     0.1200  0.000000
   35.2000     0.1200  0.000000
   35.6000     0.1200  0.000000
   36.0000     0.1200  0.000000
   36.4000     0.1200  0.000000
   36.8000     0.1200  0.000000
   37.2000     0.1200  0.000000
   37.6000     0.1200  0.000000
   38.0000     0.1200  0.000000
   38.4000     0.1200  0.000000
   38.8000     0.1200  0.000001
   39.2000     0.1200  0.000000
   39.6000     0.1200  0.000000
    0.0000     0.2000  0.000000
    0.4000     0.2000  0.000000
    0.8000     0.2000  0.000000
    1.2000     0.2000  0.000000
    1.6000     0.2000  0.000002
    2.0000     0.2000  0.000001
    2.4000     0.2000  0.000000
    2.8000     0.2000  0.000001
    3.2000     0.2000  0.000000
    3.6000     0.2000  0.000000
    4.0000     0.2000  0.000001
    4.4000     0.2000  0.000001
    4.8000     0.2000  0.000001
    5.2000     0.2000  0.000002
    5.6000     0.2000  0.000006
    6.0000     0.2000  0.000007
    6.4000     0.2000  0.000027
    6.8000     0.2000  0.000033
    7.2000     0.2000  0.000050
    7.6000     0.2000  0.000054
    8.0000     0.2000  0.000071
    8.4000     0.2000  0.000089
    8.8000     0.2000  0.000108
    9.2000     0.2000  0.000129
    9.6000     0.2000  0.000157
   10.0000     0.2000  0.000177
   10.4000     0.2000  0.000201
   10.8000     0.2000  0.000210
   11.2000     0.2000  0.000218
   11.6000     0.2000  0.000206
   12.0000     0.2000  0.000198
   12.4000     0.2000  0.000187
   12.8000     0.2000  0.000192
   13.2000     0.2000  0.000194
   13.6000     0.2000  0.000212
   14.0000     0.2000  0.000222
   14.4000     0.2000  0.000224
   14.8000     0.2000  0.000226
   15.2000     0.2000  0.000220
   15.6000     0.2000  0.000199
   16.0000     0.2000  0.000175
   16.4000     0.2000  0.000160
   16.8000     0.2000  0.000159
   17.2000     0.2000  0.000163
   17.6000     0.2000  0.000161
   18.0000     0.2000  0.000156
   18.4000     0.2000  0.000142
   18.8000     0.2000  0.000123
   19.2000     0.2000  0.000109
   19.6000     0.2000  0.000095
   20.0000     0.2000  0.000089
   20.4000     0.2000  0.000080
   20.8000     0.2000  0.000066
   21.2000     0.2000  0.000051
   21.6000     0.2000  0.000033
   22.0000     0.2000  0.000022
   22.4000     0.2000  0.000011
   22.8000     0.2000  0.000005
   23.2000     0.2000  0.000005
   23.6000     0.2000  0.000002
   24.0000     0.2000  0.000004
   24.4000     0.2000  0.000005
   24.8000     0.2000  0.000003
   25.2000     0.2000  0.000004
   25.6000     0.2000  0.000004
   26.0000     0.2000  0.000014
   26.4000     0.2000  0.000027
   26.8000     0.2000  0.000052
   27.2000     0.2000  0.000068
   27.6000     0.2000  0.000087
   28.0000     0.2000  0.000094
   28.4000     0.2000  0.000096
   28.8000     0.2000  0.000094
   29.2000     0.2000  0.000077
   29.6000     0.2000  0.000063
   30.0000     0.2000  0.000046
   30.4000     0.2000  0.000024
   30.8000     0.2000  0.000012
   31.2000     0.2000  0.000001
   31.6000     0.2000  0.000000
   32.0000     0.2000  0.000000
   32.4000     0.2000  0.000000
   32.8000     0.2000  0.000000
   33.2000     0.2000  0.000000
   33.6000     0.2000  0.000000
   34.0000     0.2000  0.000000
   34.4000     0.2000  0.000000
   34.8000     0.2000  0.000000
   35.2000     0.2000  0.000000
   35.6000     0.2000  0.000000
   36.0000     0.2000  0.000000
   36.4000     0.2000  0.000000
   36.8000     0.2000  0.000001
   37.2000     0.2000  0.000000
   37.6000     0.2000  0.000000
   38.0000     0.2000  0.000000
   38.4000     0.2000  0.000000
   38.8000     0.2000  0.000000
   39.2000     0.2000  0.000000
   39.6000     0.2000  0.000000
    0.0000     0.2800  0.000001
    0.4000     0.2800  0.000001
    0.8000     0.2800  0.000001
    1.2000     0.2800  0.000000
    1.6000     0.2800  0.000001
    2.0000     0.2800  0.000000
    2.4000     0.2800  0.000000
    2.8000     0.2800  0.000000
    3.2000     0.2800  0.000000
    3.6000     0.2800  0.000000
    4.0000     0.2800  0.000000
    4.4000     0.2800  0.000002
    4.8000     0.2800  0.000001
    5.2000     0.2800  0.000001
    5.6000     0.2800  0.000005
    6.0000     0.2800  0.000013
    6.4000     0.2800  0.000023
    6.8000     0.2800  0.000030
    7.2000     0.2800  0.000040
    7.6000     0.2800  0.000055
    8.0000     0.2800  0.000066
    8.4000     0.2800  0.000074
    8.8000     0.2800  0.000086
    9.2000     0.2800  0.000099
    9.6000     0.2800  0.000129
   10.0000     0.2800  0.000145
   10.4000     0.2800  0.000167
   10.8000     0.2800  0.000181
   11.2000     0.2800  0.000192
   11.6000     0.2800  0.000196
   12.0000     0.2800  0.000187
   12.4000     0.2800  0.000190
   12.8000     0.2800  0.000183
   13.2000     0.2800  0.000186
   13.6000     0.2800  0.000185
   14.0000     0.2800  0.000207
   14.4000     0.2800  0.000219
   14.8000     0.2800  0.000230
   15.2000     0.2800  0.000235
   15.6000     0.2800  0.000219
   16.0000     0.2800  0.000206
   16.4000     0.2800  0.000184
   16.8000     0.2800  0.000169
   17.2000     0.2800  0.000169
   17.6000     0.2800  0.000172
   18.0000     0.2800  0.000169
   18.4000     0.2800  0.000161
   18.8000     0.2800  0.000147
   19.2000     0.2800  0.000135
   19.6000     0.2800  0.000117
   20.0000     0.2800  0.000102
   20.4000     0.2800  0.000098
   20.8000     0.2800  0.000073
   21.2000     0.2800  0.000065
   21.6000     0.2800  0.000052
   22.0000     0.2800  0.000038
   22.4000     0.2800  0.000014
   22.8000     0.2800  0.000013
   23.2000     0.2800  0.000006
   23.6000     0.2800  0.000005
   24.0000     0.2800  0.000003
   24.4000     0.2800  0.000005
   24.8000     0.2800  0.000001
   25.2000     0.2800  0.000004
   25.6000     0.2800  0.000007
   26.0000     0.2800  0.000003
   26.4000     0.2800  0.000009
   26.8000     0.2800  0.000022
   27.2000     0.2800  0.000045
   27.6000     0.2800  0.000063
   28.0000     0.2800  0.000078
   28.4000     0.2800  0.000083
   28.8000     0.2800  0.000072
   29.2000     0.2800  0.000064
   29.6000     0.2800  0.000067
   30.0000     0.2800  0.000039
   30.4000     0.2800  0.000021
   30.8000     0.2800  0.000002
   31.2000     0.2800  0.000000
   31.6000     0.2800  0.000000
   32.0000     0.2800  0.000000
   32.4000     0.2800  0.000000
   32.8000     0.2800  0.000000
   33.2000     0.2800  0.000000
   33.6000     0.2800  0.000000
   34.0000     0.2800  0.000000
   34.4000     0.2800  0.000000
   34.8000     0.2800  0.000000
   35.2000     0.2800  0.000000
   35.6000     0.2800  0.000000
   36.0000     0.2800  0.000000
   36.4000     0.2800  0.000000
   36.8000     0.2800  0.000000
   37.2000     0.2800  0.000000
   37.6000     0.2800  0.000000
   38.0000     0.2800  0.000000
   38.4000     0.2800  0.000000
   38.8000     0.2800  0.000000
   39.2000     0.2800  0.000000
   39.6000     0.2800  0.000000
    0.0000     0.3600  0.000000
    0.4000     0.3600  0.000000
    0.8000     0.3600  0.000000
    1.2000     0.3600  0.000000
    1.6000     0.3600  0.000000
    2.0000     0.3600  0.000000
    2.4000     0.3600  0.000000
    2.8000     0.3600  0.000000
    3.2000     0.3600  0.000000
    3.6000     0.3600  0.000000
    4.0000     0.3600  0.000000
    4.4000     0.3600  0.000000
    4.8000     0.3600  0.000001
    5.2000     0.3600  0.000000
    5.6000     0.3600  0.000011
    6.0000     0.3600  0.000012
    6.4000     0.3600  0.000022
    6.8000     0.3600  0.000017
    7.2000     0.3600  0.000043
    7.6000     0.3600  0.000042
    8.0000     0.3600  0.000056
    8.4000     0.3600  0.000061
    8.8000     0.3600  0.000080
    9.2000     0.3600  0.000084
    9.6000     0.3600  0.000104
   10.0000     0.3600  0.000123
   10.4000     0.3600  0.000135
   10.8000     0.3600  0.000155
   11.2000     0.3600  0.000179
   11.6000     0.3600  0.000183
   12.0000     0.3600  0.000182
   12.4000     0.3600  0.000175
   12.8000     0.3600  0.000174
   13.2000     0.3600  0.000165
   13.6000     0.3600  0.000181
   14.0000     0.3600  0.000181
   14.4000     0.3600  0.000195
   14.8000     0.3600  0.000220
   15.2000     0.3600  0.000227
   15.6000     0.3600  0.000233
   16.0000     0.3600  0.000224
   16.4000     0.3600  0.000213
   16.8000     0.3600  0.000198
   17.2000     0.3600  0.000189
   17.6000     0.3600  0.000182
   18.0000     0.3600  0.000182
   18.4000     0.3600  0.000179
   18.8000     0.3600  0.000166
   19.2000     0.3600  0.000152
   19.6000     0.3600  0.000140
   20.0000     0.3600  0.000122
   20.4000     0.3600  0.000109
   20.8000     0.3600  0.000094
   21.2000     0.3600  0.000078
   21.6000     0.3600  0.000066
   22.0000     0.3600  0.000043
   22.4000     0.3600  0.000029
   22.8000     0.3600  0.000022
   23.2000     0.3600  0.000012
   23.6000     0.3600  0.000005
   24.0000     0.3600  0.000006
   24.4000     0.3600  0.000003
   24.8000     0.3600  0.000001
   25.2000     0.3600  0.000006
   25.6000     0.3600  0.000003
   26.0000     0.3600  0.000004
   26.4000     0.3600  0.000006
   26.8000     0.3600  0.000016
   27.2000     0.3600  0.000023
   27.6000     0.3600  0.000040
   28.0000     0.3600  0.000059
   28.4000     0.3600  0.000053
   28.8000     0.3600  0.000064
   29.2000     0.3600  0.000057
   29.6000     0.3600  0.000040
   30.0000     0.3600  0.000036
   30.4000     0.3600  0.000022
   30.8000     0.3600  0.000003
   31.2000     0.3600  0.000000
   31.6000     0.3600  0.000000
   32.0000     0.3600  0.000000
   32.4000     0.3600  0.000000
   32.8000     0.3600  0.000000
   33.2000     0.3600  0.000000
   33.6000     0.3600  0.000000
   34.0000     0.3600  0.000000
   34.4000     0.3600  0.000000
   34.8000     0.3600  0.000000
   35.2000     0.3600  0.000000
   35.6000     0.3600  0.000000
   36.0000     0.3600  0.000000
   36.4000     0.3600  0.000000
   36.8000     0.3600  0.000000
   37.2000     0.3600  0.000000
   37.6000     0.3600  0.000000
   38.0000     0.3600  0.000000
   38.4000     0.3600  0.000000
   38.8000     0.3600  0.000000
   39.2000     0.3600  0.000000
   39.6000     0.3600  0.000000
    0.0000     0.4400  0.000000
    0.4000     0.4400  0.000000
    0.8000     0.4400  0.000000
    1.2000     0.4400  0.000000
    1.6000     0.4400  0.000001
    2.0000     0.4400  0.000000
    2.4000     0.4400  0.000000
    2.8000     0.4400  0.000000
    3.2000     0.4400  0.000000
    3.6000     0.4400  0.000000
    4.0000     0.4400  0.000000
    4.4000     0.4400  0.000000
    4.8000     0.4400  0.000000
    5.2000     0.4400  0.000001
    5.6000     0.4400  0.000009
    6.0000     0.4400  0.000009
    6.4000     0.4400  0.000021
    6.8000     0.4400  0.000031
    7.2000     0.4400  0.000039
    7.6000     0.4400  0.000047
    8.0000     0.4400  0.000053
    8.4000     0.4400  0.000067
    8.8000     0.4400  0.000073
    9.2000     0.4400  0.000076
    9.6000     0.4400  0.000083
   10.0000     0.4400  0.000094
   10.4000     0.4400  0.000115
   10.8000     0.4400  0.000132
   11.2000     0.4400  0.000143
   11.6000     0.4400  0.000151
   12.0000     0.4400  0.000169
   12.4000     0.4400  0.000172
   12.8000     0.4400  0.000169
   13.2000     0.4400  0.000170
   13.6000     0.4400  0.000168
   14.0000     0.4400  0.000168
   14.4000     0.4400  0.000187
   14.8000     0.4400  0.000197
   15.2000     0.4400  0.000217
   15.6000     0.4400  0.000229
   16.0000     0.4400  0.000237
   16.4000     0.4400  0.000227
   16.8000     0.4400  0.000220
   17.2000     0.4400  0.000198
   17.6000     0.4400  0.000191
   18.0000     0.4400  0.000187
   18.4000     0.4400  0.000186
   18.8000     0.4400  0.000178
   19.2000     0.4400  0.000172
   19.6000     0.4400  0.000163
   20.0000     0.4400  0.000145
   20.4000     0.4400  0.000125
   20.8000     0.4400  0.000117
   21.2000     0.4400  0.000098
   21.6000     0.4400  0.000086
   22.0000     0.4400  0.000064
   22.4000     0.4400  0.000047
   22.8000     0.4400  0.000031
   23.2000     0.4400  0.000016
   23.6000     0.4400  0.000013
   24.0000     0.4400  0.000009
   24.4000     0.4400  0.000007
   24.8000     0.4400  0.000002
   25.2000     0.4400  0.000001
   25.6000     0.4400  0.000002
   26.0000     0.4400  0.000006
   26.4000     0.4400  0.000008
   26.8000     0.4400  0.000009
   27.2000     0.4400  0.000017
   27.6000     0.4400  0.000021
   28.0000     0.4400  0.000037
   28.4000     0.4400  0.000050
   28.8000     0.4400  0.000044
   29.2000     0.4400  0.000039
   29.6000     0.4400  0.000038
   30.0000     0.4400  0.000022
   30.4000     0.4400  0.000015
   30.8000     0.4400  0.000000
   31.2000     0.4400  0.000000
   31.6000     0.4400  0.000000
   32.0000     0.4400  0.000000
   32.4000     0.4400  0.000000
   32.8000     0.4400  0.000000
   33.2000     0.4400  0.000000
   33.6000     0.4400  0.000000
   34.0000     0.4400  0.000000
   34.4000     0.4400  0.000000
   34.8000     0.4400  0.000000
   35.2000     0.4400  0.000000
   35.6000     0.4400  0.000000
   36.0000     0.4400  0.000000
   36.4000     0.4400  0.000000
   36.8000     0.4400  0.000000
   37.2000     0.4400  0.000000
   37.6000     0.4400  0.000000
   38.0000     0.4400  0.000000
   38.4000     0.4400  0.000000
   38.8000     0.4400  0.000000
   39.2000     0.4400  0.000000
   39.6000     0.4400  0.000000
    0.0000     0.5200  0.000000
    0.4000     0.5200  0.000000
    0.8000     0.5200  0.000000
    1.2000     0.5200  0.000000
    1.6000     0.5200  0.000001
    2.0000     0.5200  0.000001
    2.4000     0.5200  0.000000
    2.8000     0.5200  0.000000
    3.2000     0.5200  0.000000
    3.6000     0.5200  0.000000
    4.0000     0.5200  0.000000
    4.4000     0.5200  0.000001
    4.8000     0.5200  0.000001
    5.2000     0.5200  0.000002
    5.6000     0.5200  0.000001
    6.0000     0.5200  0.000004
    6.4000     0.5200  0.000021
    6.8000     0.5200  0.000031
    7.2000     0.5200  0.000038
    7.6000     0.5200  0.000035
    8.0000     0.5200  0.000046
    8.4000     0.5200  0.000058
    8.8000     0.5200  0.000064
    9.2000     0.5200  0.000066
    9.6000     0.5200  0.000068
   10.0000     0.5200  0.000082
   10.4000     0.5200  0.000097
   10.8000     0.5200  0.000103
   11.2000     0.5200  0.000125
   11.6000     0.5200  0.000134
   12.0000     0.5200  0.000143
   12.4000     0.5200  0.000155
   12.8000     0.5200  0.000159
   13.2000     0.5200  0.000160
   13.6000     0.5200  0.000157
   14.0000     0.5200  0.000163
   14.4000     0.5200  0.000164
   14.8000     0.5200  0.000180
   15.2000     0.5200  0.000194
   15.6000     0.5200  0.000210
   16.0000     0.5200  0.000221
   16.4000     0.5200  0.000234
   16.8000     0.5200  0.000224
   17.2000     0.5200  0.000216
   17.6000     0.5200  0.000209
   18.0000     0.5200  0.000192
   18.4000     0.5200  0.000186
   18.8000     0.5200  0.000188
   19.2000     0.5200  0.000188
   19.6000     0.5200  0.000178
   20.0000     0.5200  0.000165
   20.4000     0.5200  0.000154
   20.8000     0.5200  0.000131
   21.2000     0.5200  0.000117
   21.6000     0.5200  0.000098
   22.0000     0.5200  0.000081
   22.4000     0.5200  0.000064
   22.8000     0.5200  0.000046
   23.2000     0.5200  0.000031
   23.6000     0.5200  0.000018
   24.0000     0.5200  0.000008
   24.4000     0.5200  0.000009
   24.8000     0.5200  0.000001
   25.2000     0.5200  0.000001
   25.6000     0.5200  0.000001
   26.0000     0.5200  0.000012
   26.4000     0.5200  0.000006
   26.8000     0.5200  0.000009
   27.2000     0.5200  0.000012
   27.6000     0.5200  0.000016
   28.0000     0.5200  0.000029
   28.4000     0.5200  0.000034
   28.8000     0.5200  0.000033
   29.2000     0.5200  0.000025
   29.6000     0.5200  0.000031
   30.0000     0.5200  0.000017
   30.4000     0.5200  0.000013
   30.8000     0.5200  0.000000
   31.2000     0.5200  0.000000
   31.6000     0.5200  0.000000
   32.0000     0.5200  0.000000
   32.4000     0.5200  0.000000
   32.8000     0.5200  0.000000
   33.2000     0.5200  0.000000
   33.6000     0.5200  0.000000
   34.0000     0.5200  0.000000
   34.4000     0.5200  0.000000
   34.8000     0.5200  0.000000
   35.2000     0.5200  0.000000
   35.6000     0.5200  0.000000
   36.0000     0.5200  0.000000
   36.4000     0.5200  0.000000
   36.8000     0.5200  0.000000
   37.2000     0.5200  0.000000
   37.6000     0.5200  0.000000
   38.0000     0.5200  0.000000
   38.4000     0.5200  0.000000
   38.8000     0.5200  0.000000
   39.2000     0.5200  0.000000
   39.6000     0.5200  0.000000
    0.0000     0.6000  0.000000
    0.4000     0.6000  0.000000
    0.8000     0.6000  0.000000
    1.2000     0.6000  0.000000
    1.6000     0.6000  0.000001
    2.0000     0.6000  0.000000
    2.4000     0.6000  0.000000
    2.8000     0.6000  0.000000
    3.2000     0.6000  0.000000
    3.6000     0.6000  0.000001
    4.0000     0.6000  0.000000
    4.4000     0.6000  0.000000
    4.8000     0.6000  0.000000
    5.2000     0.6000  0.000001
    5.6000     0.6000  0.000002
    6.0000     0.6000  0.000010
    6.4000     0.6000  0.000018
    6.8000     0.6000  0.000025
    7.2000     0.6000  0.000036
    7.6000     0.6000  0.000043
    8.0000     0.6000  0.000037
    8.4000     0.6000  0.000047
    8.8000     0.6000  0.000058
    9.2000     0.6000  0.000055
    9.6000     0.6000  0.000062
   10.0000     0.6000  0.000063
   10.4000     0.6000  0.000079
   10.8000     0.6000  0.000085
   11.2000     0.6000  0.000092
   11.6000     0.6000  0.000110
   12.0000     0.6000  0.000128
   12.4000     0.6000  0.000134
   12.8000     0.6000  0.000149
   13.2000     0.6000  0.000151
   13.6000     0.6000  0.000153
   14.0000     0.6000  0.000157
   14.4000     0.6000  0.000155
   14.8000     0.6000  0.000167
   15.2000     0.6000  0.000175
   15.6000     0.6000  0.000192
   16.0000     0.6000  0.000210
   16.4000     0.6000  0.000216
   16.8000     0.6000  0.000222
   17.2000     0.6000  0.000216
   17.6000     0.6000  0.000211
   18.0000     0.6000  0.000200
   18.4000     0.6000  0.000191
   18.8000     0.6000  0.000182
   19.2000     0.6000  0.000180
   19.6000     0.6000  0.000179
   20.0000     0.6000  0.000174
   20.4000     0.6000  0.000160
   20.8000     0.6000  0.000153
   21.2000     0.6000  0.000132
   21.6000     0.6000  0.000115
   22.0000     0.6000  0.000107
   22.4000     0.6000  0.000079
   22.8000     0.6000  0.000054
   23.2000     0.6000  0.000045
   23.6000     0.6000  0.000023
   24.0000     0.6000  0.000022
   24.4000     0.6000  0.000009
   24.8000     0.6000  0.000002
   25.2000     0.6000  0.000001
   25.6000     0.6000  0.000002
   26.0000     0.6000  0.000003
   26.4000     0.6000  0.000009
   26.8000     0.6000  0.000012
   27.2000     0.6000  0.000014
   27.6000     0.6000  0.000019
   28.0000     0.6000  0.000026
   28.4000     0.6000  0.000026
   28.8000     0.6000  0.000025
   29.2000     0.6000  0.000016
   29.6000     0.6000  0.000016
   30.0000     0.6000  0.000009
   30.4000     0.6000  0.000005
   30.8000     0.6000  0.000000
   31.2000     0.6000  0.000000
   31.6000     0.6000  0.000000
   32.0000     0.6000  0.000000
   32.4000     0.6000  0.000000
   32.8000     0.6000  0.000000
   33.2000     0.6000  0.000000
   33.6000     0.6000  0.000000
   34.0000     0.6000  0.000000
   34.4000     0.6000  0.000000
   34.8000     0.6000  0.000000
   35.2000     0.6000  0.000000
   35.6000     0.6000  0.000000
   36.0000     0.6000  0.000000
   36.4000     0.6000  0.000000
   36.8000     0.6000  0.000000
   37.2000     0.6000  0.000000
   37.6000     0.6000  0.000000
   38.0000     0.6000  0.000000
   38.4000     0.6000  0.000000
   38.8000     0.6000  0.000000
   39.2000     0.6000  0.000000
   39.6000     0.6000  0.000000
    0.0000     0.6800  0.000000
    0.4000     0.6800  0.000000
    0.8000     0.6800  0.000000
    1.2000     0.6800  0.000000
    1.6000     0.6800  0.000001
    2.0000     0.6800  0.000000
    2.4000     0.6800  0.000000
    2.8000     0.6800  0.000001
    3.2000     0.6800  0.000000
    3.6000     0.6800  0.000000
    4.0000     0.6800  0.000000
    4.4000     0.6800  0.000000
    4.8000     0.6800  0.000000
    5.2000     0.6800  0.000000
    5.6000     0.6800  0.000001
    6.0000     0.6800  0.000009
    6.4000     0.6800  0.000021
    6.8000     0.6800  0.000022
    7.2000     0.6800  0.000030
    7.6000     0.6800  0.000031
    8.0000     0.6800  0.000044
    8.4000     0.6800  0.000036
    8.8000     0.6800  0.000046
    9.2000     0.6800  0.000050
    9.6000     0.6800  0.000058
   10.0000     0.6800  0.000063
   10.4000     0.6800  0.000062
   10.8000     0.6800  0.000072
   11.2000     0.6800  0.000086
   11.6000     0.6800  0.000090
   12.0000     0.6800  0.000107
   12.4000     0.6800  0.000120
   12.8000     0.6800  0.000131
   13.2000     0.6800  0.000140
   13.6000     0.6800  0.000152
   14.0000     0.6800  0.000153
   14.4000     0.6800  0.000160
   14.8000     0.6800  0.000156
   15.2000     0.6800  0.000165
   15.6000     0.6800  0.000177
   16.0000     0.6800  0.000189
   16.4000     0.6800  0.000201
   16.8000     0.6800  0.000212
   17.2000     0.6800  0.000214
   17.6000     0.6800  0.000211
   18.0000     0.6800  0.000203
   18.4000     0.6800  0.000191
   18.8000     0.6800  0.000184
   19.2000     0.6800  0.000180
   19.6000     0.6800  0.000181
   20.0000     0.6800  0.000179
   20.4000     0.6800  0.000181
   20.8000     0.6800  0.000166
   21.2000     0.6800  0.000157
   21.6000     0.6800  0.000140
   22.0000     0.6800  0.000119
   22.4000     0.6800  0.000104
   22.8000     0.6800  0.000081
   23.2000     0.6800  0.000061
   23.6000     0.6800  0.000035
   24.0000     0.6800  0.000026
   24.4000     0.6800  0.000018
   24.8000     0.6800  0.000004
   25.2000     0.6800  0.000002
   25.6000     0.6800  0.000001
   26.0000     0.6800  0.000003
   26.4000     0.6800  0.000003
   26.8000     0.6800  0.000013
   27.2000     0.6800  0.000011
   27.6000     0.6800  0.000018
   28.0000     0.6800  0.000025
   28.4000     0.6800  0.000020
   28.8000     0.6800  0.000024
   29.2000     0.6800  0.000018
   29.6000     0.6800  0.000010
   30.0000     0.6800  0.000007
   30.4000     0.6800  0.000001
   30.8000     0.6800  0.000000
   31.2000     0.6800  0.000001
   31.6000     0.6800  0.000000
   32.0000     0.6800  0.000000
   32.4000     0.6800  0.000000
   32.8000     0.6800  0.000000
   33.2000     0.6800  0.000000
   33.6000     0.6800  0.000000
   34.0000     0.6800  0.000000
   34.4000     0.6800  0.000000
   34.8000     0.6800  0.000000
   35.2000     0.6800  0.000000
   35.6000     0.6800  0.000000
   36.0000     0.6800  0.000000
   36.4000     0.6800  0.000000
   36.8000     0.6800  0.000000
   37.2000     0.6800  0.000000
   37.6000     0.6800  0.000000
   38.0000     0.6800  0.000000
   38.4000     0.6800  0.000000
   38.8000     0.6800  0.000000
   39.2000     0.6800  0.000000
   39.6000     0.6800  0.000000
    0.0000     0.7600  0.000000
    0.4000     0.7600  0.000000
    0.8000     0.7600  0.000000
    1.2000     0.7600  0.000000
    1.6000     0.7600  0.000001
    2.0000     0.7600  0.000000
    2.4000     0.7600  0.000000
    2.8000     0.7600  0.000000
    3.2000     0.7600  0.000000
    3.6000     0.7600  0.000001
    4.0000     0.7600  0.000000
    4.4000     0.7600  0.000000
    4.8000     0.7600  0.000000
    5.2000     0.7600  0.000001
    5.6000     0.7600  0.000001
    6.0000     0.7600  0.000001
    6.4000     0.7600  0.000014
    6.8000     0.7600  0.000023
    7.2000     0.7600  0.000021
    7.6000     0.7600  0.000030
    8.0000     0.7600  0.000040
    8.4000     0.7600  0.000042
    8.8000     0.7600  0.000037
    9.2000     0.7600  0.000039
    9.6000     0.7600  0.000047
   10.0000     0.7600  0.000053
   10.4000     0.7600  0.000059
   10.8000     0.7600  0.000056
   11.2000     0.7600  0.000061
   11.6000     0.7600  0.000074
   12.0000     0.7600  0.000086
   12.4000     0.7600  0.000101
   12.8000     0.7600  0.000109
   13.2000     0.7600  0.000124
   13.6000     0.7600  0.000147
   14.0000     0.7600  0.000153
   14.4000     0.7600  0.000159
   14.8000     0.7600  0.000158
   15.2000     0.7600  0.000164
   15.6000     0.7600  0.000172
   16.0000     0.7600  0.000173
   16.4000     0.7600  0.000180
   16.8000     0.7600  0.000203
   17.2000     0.7600  0.000208
   17.6000     0.7600  0.000211
   18.0000     0.7600  0.000198
   18.4000     0.7600  0.000201
   18.8000     0.7600  0.000177
   19.2000     0.7600  0.000173
   19.6000     0.7600  0.000168
   20.0000     0.7600  0.000172
   20.4000     0.7600  0.000171
   20.8000     0.7600  0.000177
   21.2000     0.7600  0.000162
   21.6000     0.7600  0.000164
   22.0000     0.7600  0.000145
   22.4000     0.7600  0.000123
   22.8000     0.7600  0.000100
   23.2000     0.7600  0.000081
   23.6000     0.7600  0.000062
   24.0000     0.7600  0.000037
   24.4000     0.7600  0.000029
   24.8000     0.7600  0.000008
   25.2000     0.7600  0.000002
   25.6000     0.7600  0.000003
   26.0000     0.7600  0.000007
   26.4000     0.7600  0.000008
   26.8000     0.7600  0.000015
   27.2000     0.7600  0.000015
   27.6000     0.7600  0.000021
   28.0000     0.7600  0.000022
   28.4000     0.7600  0.000024
   28.8000     0.7600  0.000016
   29.2000     0.7600  0.000009
   29.6000     0.7600  0.000012
   30.0000     0.7600  0.000011
   30.4000     0.7600  0.000001
   30.8000     0.7600  0.000000
   31.2000     0.7600  0.000000
   31.6000     0.7600  0.000000
   32.0000     0.7600  0.000000
   32.4000     0.7600  0.000000
   32.8000     0.7600  0.000000
   33.2000     0.7600  0.000000
   33.6000     0.7600  0.000000
   34.0000     0.7600  0.000000
   34.4000     0.7600  0.000000
   34.8000     0.7600  0.000001
   35.2000     0.7600  0.000000
   35.6000     0.7600  0.000000
   36.0000     0.7600  0.000000
   36.4000     0.7600  0.000000
   36.8000     0.7600  0.000000
   37.2000     0.7600  0.000000
   37.6000     0.7600  0.000000
   38.0000     0.7600  0.000000
   38.4000     0.7600  0.000000
   38.8000     0.7600  0.000000
   39.2000     0.7600  0.000000
   39.6000     0.7600  0.000000
    0.0000     0.8400  0.000000
    0.4000     0.8400  0.000000
    0.8000     0.8400  0.000000
    1.2000     0.8400  0.000000
    1.6000     0.8400  0.000000
    2.0000     0.8400  0.000000
    2.4000     0.8400  0.000000
    2.8000     0.8400  0.000001
    3.2000     0.8400  0.000000
    3.6000     0.8400  0.000000
    4.0000     0.8400  0.000000
    4.4000     0.8400  0.000000
    4.8000     0.8400  0.000000
    5.2000     0.8400  0.000000
    5.6000     0.8400  0.000001
    6.0000     0.8400  0.000001
    6.4000     0.8400  0.000013
    6.8000     0.8400  0.000011
    7.2000     0.8400  0.000023
    7.6000     0.8400  0.000029
    8.0000     0.8400  0.000031
    8.4000     0.8400  0.000037
    8.8000     0.8400  0.000038
    9.2000     0.8400  0.000037
    9.6000     0.8400  0.000038
   10.0000     0.8400  0.000052
   10.4000     0.8400  0.000050
   10.8000     0.8400  0.000053
   11.2000     0.8400  0.000055
   11.6000     0.8400  0.000056
   12.0000     0.8400  0.000065
   12.4000     0.8400  0.000072
   12.8000     0.8400  0.000090
   13.2000     0.8400  0.000115
   13.6000     0.8400  0.000133
   14.0000     0.8400  0.000143
   14.4000     0.8400  0.000159
   14.8000     0.8400  0.000163
   15.2000     0.8400  0.000171
   15.6000     0.8400  0.000174
   16.0000     0.8400  0.000175
   16.4000     0.8400  0.000183
   16.8000     0.8400  0.000181
   17.2000     0.8400  0.000200
   17.6000     0.8400  0.000195
   18.0000     0.8400  0.000199
   18.4000     0.8400  0.000187
   18.8000     0.8400  0.000179
   19.2000     0.8400  0.000162
   19.6000     0.8400  0.000165
   20.0000     0.8400  0.000156
   20.4000     0.8400  0.000153
   20.8000     0.8400  0.000161
   21.2000     0.8400  0.000162
   21.6000     0.8400  0.000158
   22.0000     0.8400  0.000154
   22.4000     0.8400  0.000143
   22.8000     0.8400  0.000128
   23.2000     0.8400  0.000101
   23.6000     0.8400  0.000082
   24.0000     0.8400  0.000058
   24.4000     0.8400  0.000034
   24.8000     0.8400  0.000011
   25.2000     0.8400  0.000009
   25.6000     0.8400  0.000006
   26.0000     0.8400  0.000006
   26.4000     0.8400  0.000005
   26.8000     0.8400  0.000022
   27.2000     0.8400  0.000022
   27.6000     0.8400  0.000030
   28.0000     0.8400  0.000026
   28.4000     0.8400  0.000031
   28.8000     0.8400  0.000026
   29.2000     0.8400  0.000013
   29.6000     0.8400  0.000016
   30.0000     0.8400  0.000004
   30.4000     0.8400  0.000002
   30.8000     0.8400  0.000000
   31.2000     0.8400  0.000000
   31.6000     0.8400  0.000000
   32.0000     0.8400  0.000000
   32.4000     0.8400  0.000000
   32.8000     0.8400  0.000000
   33.2000     0.8400  0.000000
   33.6000     0.8400  0.000000
   34.0000     0.8400  0.000000
   34.4000     0.8400  0.000000
   34.8000     0.8400  0.000000
   35.2000     0.8400  0.000000
   35.6000     0.8400  0.000000
   36.0000     0.8400  0.000000
   36.4000     0.8400  0.000000
   36.8000     0.8400  0.000001
   37.2000     0.8400  0.000000
   37.6000     0.8400  0.000000
   38.0000     0.8400  0.000000
   38.4000     0.8400  0.000000
   38.8000     0.8400  0.000000
   39.2000     0.8400  0.000000
   39.6000     0.8400  0.000000
    0.0000     0.9200  0.000000
    0.4000     0.9200  0.000000
    0.8000     0.9200  0.000000
    1.2000     0.9200  0.000000
    1.6000     0.9200  0.000000
    2.0000     0.9200  0.000000
    2.4000     0.9200  0.000001
    2.8000     0.9200  0.000001
    3.2000     0.9200  0.000001
    3.6000     0.9200  0.000000
    4.0000     0.9200  0.000000
    4.4000     0.9200  0.000000
    4.8000     0.9200  0.000000
    5.2000     0.9200  0.000000
    5.6000     0.9200  0.000001
    6.0000     0.9200  0.000000
    6.4000     0.9200  0.000002
    6.8000     0.9200  0.000008
    7.2000     0.9200  0.000018
    7.6000     0.9200  0.000014
    8.0000     0.9200  0.000026
    8.4000     0.9200  0.000030
    8.8000     0.9200  0.000033
    9.2000     0.9200  0.000035
    9.6000     0.9200  0.000041
   10.0000     0.9200  0.000042
   10.4000     0.9200  0.000049
   10.8000     0.9200  0.000047
   11.2000     0.9200  0.000045
   11.6000     0.9200  0.000052
   12.0000     0.9200  0.000051
   12.4000     0.9200  0.000062
   12.8000     0.9200  0.000068
   13.2000     0.9200  0.000091
   13.6000     0.9200  0.000117
   14.0000     0.9200  0.000136
   14.4000     0.9200  0.000151
   14.8000     0.9200  0.000168
   15.2000     0.9200  0.000172
   15.6000     0.9200  0.000177
   16.0000     0.9200  0.000171
   16.4000     0.9200  0.000183
   16.8000     0.9200  0.000182
   17.2000     0.9200  0.000182
   17.6000     0.9200  0.000191
   18.0000     0.9200  0.000201
   18.4000     0.9200  0.000185
   18.8000     0.9200  0.000183
   19.2000     0.9200  0.000166
   19.6000     0.9200  0.000151
   20.0000     0.9200  0.000143
   20.4000     0.9200  0.000146
   20.8000     0.9200  0.000144
   21.2000     0.9200  0.000150
   21.6000     0.9200  0.000156
   22.0000     0.9200  0.000156
   22.4000     0.9200  0.000152
   22.8000     0.9200  0.000138
   23.2000     0.9200  0.000131
   23.6000     0.9200  0.000105
   24.0000     0.9200  0.000083
   24.4000     0.9200  0.000062
   24.8000     0.9200  0.000028
   25.2000     0.9200  0.000015
   25.6000     0.9200  0.000023
   26.0000     0.9200  0.000014
   26.4000     0.9200  0.000015
   26.8000     0.9200  0.000021
   27.2000     0.9200  0.000029
   27.6000     0.9200  0.000037
   28.0000     0.9200  0.000033
   28.4000     0.9200  0.000036
   28.8000     0.9200  0.000027
   29.2000     0.9200  0.000018
   29.6000     0.9200  0.000016
   30.0000     0.9200  0.000004
   30.4000     0.9200  0.000002
   30.8000     0.9200  0.000000
   31.2000     0.9200  0.000000
   31.6000     0.9200  0.000000
   32.0000     0.9200  0.000000
   32.4000     0.9200  0.000000
   32.8000     0.9200  0.000000
   33.2000     0.9200  0.000000
   33.6000     0.9200  0.000000
   34.0000     0.9200  0.000000
   34.4000     0.9200  0.000000
   34.8000     0.9200  0.000000
   35.2000     0.9200  0.000000
   35.6000     0.9200  0.000000
   36.0000     0.9200  0.000000
   36.4000     0.9200  0.000000
   36.8000     0.9200  0.000000
   37.2000     0.9200  0.000000
   37.6000     0.9200  0.000000
   38.0000     0.9200  0.000000
   38.4000     0.9200  0.000000
   38.8000     0.9200  0.000000
   39.2000     0.9200  0.000000
   39.6000     0.9200  0.000001
    0.0000     1.0000  0.000000
    0.4000     1.0000  0.000000
    0.8000     1.0000  0.000000
    1.2000     1.0000  0.000000
    1.6000     1.0000  0.000000
    2.0000     1.0000  0.000000
    2.4000     1.0000  0.000000
    2.8000     1.0000  0.000000
    3.2000     1.0000  0.000001
    3.6000     1.0000  0.000000
    4.0000     1.0000  0.000000
    4.4000     1.0000  0.000000
    4.8000     1.0000  0.000000
    5.2000     1.0000  0.000000
    5.6000     1.0000  0.000001
    6.0000     1.0000  0.000002
    6.4000     1.0000  0.000003
    6.8000     1.0000  0.000004
    7.2000     1.0000  0.000008
    7.6000     1.0000  0.000016
    8.0000     1.0000  0.000017
    8.4000     1.0000  0.000022
    8.8000     1.0000  0.000025
    9.2000     1.0000  0.000032
    9.6000     1.0000  0.000035
   10.0000     1.0000  0.000043
   10.4000     1.0000  0.000043
   10.8000     1.0000  0.000050
   11.2000     1.0000  0.000047
   11.6000     1.0000  0.000047
   12.0000     1.0000  0.000047
   12.4000     1.0000  0.000053
   12.8000     1.0000  0.000053
   13.2000     1.0000  0.000073
   13.6000     1.0000  0.000086
   14.0000     1.0000  0.000116
   14.4000     1.0000  0.000135
   14.8000     1.0000  0.000161
   15.2000     1.0000  0.000171
   15.6000     1.0000  0.000182
   16.0000     1.0000  0.000186
   16.4000     1.0000  0.000185
   16.8000     1.0000  0.000190
   17.2000     1.0000  0.000197
   17.6000     1.0000  0.000194
   18.0000     1.0000  0.000194
   18.4000     1.0000  0.000193
   18.8000     1.0000  0.000191
   19.2000     1.0000  0.000176
   19.6000     1.0000  0.000153
   20.0000     1.0000  0.000140
   20.4000     1.0000  0.000122
   20.8000     1.0000  0.000129
   21.2000     1.0000  0.000132
   21.6000     1.0000  0.000136
   22.0000     1.0000  0.000155
   22.4000     1.0000  0.000157
   22.8000     1.0000  0.000158
   23.2000     1.0000  0.000146
   23.6000     1.0000  0.000122
   24.0000     1.0000  0.000113
   24.4000     1.0000  0.000082
   24.8000     1.0000  0.000050
   25.2000     1.0000  0.000040
   25.6000     1.0000  0.000029
   26.0000     1.0000  0.000029
   26.4000     1.0000  0.000026
   26.8000     1.0000  0.000036
   27.2000     1.0000  0.000036
   27.6000     1.0000  0.000040
   28.0000     1.0000  0.000042
   28.4000     1.0000  0.000033
   28.8000     1.0000  0.000032
   29.2000     1.0000  0.000021
   29.6000     1.0000  0.000017
   30.0000     1.0000  0.000004
   30.4000     1.0000  0.000001
   30.8000     1.0000  0.000001
   31.2000     1.0000  0.000000
   31.6000     1.0000  0.000001
   32.0000     1.0000  0.000000
   32.4000     1.0000  0.000000
   32.8000     1.0000  0.000000
   33.2000     1.0000  0.000000
   33.6000     1.0000  0.000000
   34.0000     1.0000  0.000000
   34.4000     1.0000  0.000000
   34.8000     1.0000  0.000000
   35.2000     1.0000  0.000000
   35.6000     1.0000  0.000000
   36.0000     1.0000  0.000000
   36.4000     1.0000  0.000000
   36.8000     1.0000  0.000000
   37.2000     1.0000  0.000000
   37.6000     1.0000  0.000000
   38.0000     1.0000  0.000000
   38.4000     1.0000  0.000000
   38.8000     1.0000  0.000000
   39.2000     1.0000  0.000000
   39.6000     1.0000  0.000000
    0.0000     1.0800  0.000000
    0.4000     1.0800  0.000000
    0.8000     1.0800  0.000000
    1.2000     1.0800  0.000000
    1.6000     1.0800  0.000000
    2.0000     1.0800  0.000000
    2.4000     1.0800  0.000000
    2.8000     1.0800  0.000000
    3.2000     1.0800  0.000000
    3.6000     1.0800  0.000000
    4.0000     1.0800  0.000000
    4.4000     1.0800  0.000000
    4.8000     1.0800  0.000000
    5.2000     1.0800  0.000001
    5.6000     1.0800  0.000001
    6.0000     1.0800  0.000001
    6.4000     1.0800  0.000005
    6.8000     1.0800  0.000002
    7.2000     1.0800  0.000002
    7.6000     1.0800  0.000017
    8.0000     1.0800  0.000017
    8.4000     1.0800  0.000020
    8.8000     1.0800  0.000015
    9.2000     1.0800  0.000028
    9.6000     1.0800  0.000037
   10.0000     1.0800  0.000036
   10.4000     1.0800  0.000037
   10.8000     1.0800  0.000039
   11.2000     1.0800  0.000040
   11.6000     1.0800  0.000042
   12.0000     1.0800  0.000038
   12.4000     1.0800  0.000045
   12.8000     1.0800  0.000049
   13.2000     1.0800  0.000054
   13.6000     1.0800  0.000074
   14.0000     1.0800  0.000093
   14.4000     1.0800  0.000131
   14.8000     1.0800  0.000148
   15.2000     1.0800  0.000171
   15.6000     1.0800  0.000185
   16.0000     1.0800  0.000195
   16.4000     1.0800  0.000195
   16.8000     1.0800  0.000198
   17.2000     1.0800  0.000198
   17.6000     1.0800  0.000198
   18.0000     1.0800  0.000197
   18.4000     1.0800  0.000188
   18.8000     1.0800  0.000194
   19.2000     1.0800  0.000178
   19.6000     1.0800  0.000168
   20.0000     1.0800  0.000144
   20.4000     1.0800  0.000125
   20.8000     1.0800  0.000115
   21.2000     1.0800  0.000113
   21.6000     1.0800  0.000117
   22.0000     1.0800  0.000129
   22.4000     1.0800  0.000148
   22.8000     1.0800  0.000151
   23.2000     1.0800  0.000156
   23.6000     1.0800  0.000146
   24.0000     1.0800  0.000129
   24.4000     1.0800  0.000113
   24.8000     1.0800  0.000078
   25.2000     1.0800  0.000069
   25.6000     1.0800  0.000048
   26.0000     1.0800  0.000049
   26.4000     1.0800  0.000048
   26.8000     1.0800  0.000052
   27.2000     1.0800  0.000049
   27.6000     1.0800  0.000053
   28.0000     1.0800  0.000047
   28.4000     1.0800  0.000047
   28.8000     1.0800  0.000038
   29.2000     1.0800  0.000027
   29.6000     1.0800  0.000022
   30.0000     1.0800  0.000008
   30.4000     1.0800  0.000001
   30.8000     1.0800  0.000001
   31.2000     1.0800  0.000000
   31.6000     1.0800  0.000000
   32.0000     1.0800  0.000000
   32.4000     1.0800  0.000000
   32.8000     1.0800  0.000000
   33.2000     1.0800  0.000000
   33.6000     1.0800  0.000000
   34.0000     1.0800  0.000000
   34.4000     1.0800  0.000000
   34.8000     1.0800  0.000000
   35.2000     1.0800  0.000000
   35.6000     1.0800  0.000000
   36.0000     1.0800  0.000000
   36.4000     1.0800  0.000000
   36.8000     1.0800  0.000000
   37.2000     1.0800  0.000000
   37.6000     1.0800  0.000000
   38.0000     1.0800  0.000000
   38.4000     1.0800  0.000000
   38.8000     1.0800  0.000000
   39.2000     1.0800  0.000000
   39.6000     1.0800  0.000000
    0.0000     1.1600  0.000000
    0.4000     1.1600  0.000000
    0.8000     1.1600  0.000000
    1.2000     1.1600  0.000000
    1.6000     1.1600  0.000000
    2.0000     1.1600  0.000000
    2.4000     1.1600  0.000000
    2.8000     1.1600  0.000002
    3.2000     1.1600  0.000000
    3.6000     1.1600  0.000000
    4.0000     1.1600  0.000000
    4.4000     1.1600  0.000000
    4.8000     1.1600  0.000000
    5.2000     1.1600  0.000000
    5.6000     1.1600  0.000001
    6.0000     1.1600  0.000001
    6.4000     1.1600  0.000002
    6.8000     1.1600  0.000002
    7.2000     1.1600  0.000006
    7.6000     1.1600  0.000007
    8.0000     1.1600  0.000011
    8.4000     1.1600  0.000012
    8.8000     1.1600  0.000018
    9.2000     1.1600  0.000026
    9.6000     1.1600  0.000026
   10.0000     1.1600  0.000031
   10.4000     1.1600  0.000035
   10.8000     1.1600  0.000043
   11.2000     1.1600  0.000048
   11.6000     1.1600  0.000044
   12.0000     1.1600  0.000043
   12.4000     1.1600  0.000045
   12.8000     1.1600  0.000043
   13.2000     1.1600  0.000046
   13.6000     1.1600  0.000056
   14.0000     1.1600  0.000077
   14.4000     1.1600  0.000101
   14.8000     1.1600  0.000128
   15.2000     1.1600  0.000158
   15.6000     1.1600  0.000186
   16.0000     1.1600  0.000193
   16.4000     1.1600  0.000203
   16.8000     1.1600  0.000202
   17.2000     1.1600  0.000205
   17.6000     1.1600  0.000215
   18.0000     1.1600  0.000208
   18.4000     1.1600  0.000212
   18.8000     1.1600  0.000214
   19.2000     1.1600  0.000200
   19.6000     1.1600  0.000182
   20.0000     1.1600  0.000171
   20.4000     1.1600  0.000138
   20.8000     1.1600  0.000110
   21.2000     1.1600  0.000103
   21.6000     1.1600  0.000092
   22.0000     1.1600  0.000116
   22.4000     1.1600  0.000119
   22.8000     1.1600  0.000148
   23.2000     1.1600  0.000158
   23.6000     1.1600  0.000157
   24.0000     1.1600  0.000153
   24.4000     1.1600  0.000141
   24.8000     1.1600  0.000113
   25.2000     1.1600  0.000101
   25.6000     1.1600  0.000080
   26.0000     1.1600  0.000080
   26.4000     1.1600  0.000070
   26.8000     1.1600  0.000072
   27.2000     1.1600  0.000076
   27.6000     1.1600  0.000071
   28.0000     1.1600  0.000073
   28.4000     1.1600  0.000054
   28.8000     1.1600  0.000044
   29.2000     1.1600  0.000029
   29.6000     1.1600  0.000022
   30.0000     1.1600  0.000014
   30.4000     1.1600  0.000001
   30.8000     1.1600  0.000001
   31.2000     1.1600  0.000000
   31.6000     1.1600  0.000000
   32.0000     1.1600  0.000000
   32.4000     1.1600  0.000000
   32.8000     1.1600  0.000000
   33.2000     1.1600  0.000000
   33.6000     1.1600  0.000000
   34.0000     1.1600  0.000000
   34.4000     1.1600  0.000000
   34.8000     1.1600  0.000000
   35.2000     1.1600  0.000000
   35.6000     1.1600  0.000000
   36.0000     1.1600  0.000000
   36.4000     1.1600  0.000000
   36.8000     1.1600  0.000000
   37.2000     1.1600  0.000000
   37.6000     1.1600  0.000000
   38.0000     1.1600  0.000000
   38.4000     1.1600  0.000000
   38.8000     1.1600  0.000000
   39.2000     1.1600  0.000000
   39.6000     1.1600  0.000000
    0.0000     1.2400  0.000000
    0.4000     1.2400  0.000000
    0.8000     1.2400  0.000000
    1.2000     1.2400  0.000000
    1.6000     1.2400  0.000000
    2.0000     1.2400  0.000000
    2.4000     1.2400  0.000000
    2.8000     1.2400  0.000000
    3.2000     1.2400  0.000000
    3.6000     1.2400  0.000000
    4.0000     1.2400  0.000000
    4.4000     1.2400  0.000001
    4.8000     1.2400  0.000000
    5.2000     1.2400  0.000000
    5.6000     1.2400  0.000002
    6.0000     1.2400  0.000001
    6.4000     1.2400  0.000001
    6.8000     1.2400  0.000004
    7.2000     1.2400  0.000006
    7.6000     1.2400  0.000004
    8.0000     1.2400  0.000005
    8.4000     1.2400  0.000013
    8.8000     1.2400  0.000018
    9.2000     1.2400  0.000012
    9.6000     1.2400  0.000017
   10.0000     1.2400  0.000024
   10.4000     1.2400  0.000038
   10.8000     1.2400  0.000042
   11.2000     1.2400  0.000057
   11.6000     1.2400  0.000053
   12.0000     1.2400  0.000050
   12.4000     1.2400  0.000051
   12.8000     1.2400  0.000041
   13.2000     1.2400  0.000046
   13.6000     1.2400  0.000042
   14.0000     1.2400  0.000059
   14.4000     1.2400  0.000080
   14.8000     1.2400  0.000106
   15.2000     1.2400  0.000135
   15.6000     1.2400  0.000160
   16.0000     1.2400  0.000185
   16.4000     1.2400  0.000209
   16.8000     1.2400  0.000222
   17.2000     1.2400  0.000221
   17.6000     1.2400  0.000224
   18.0000     1.2400  0.000220
   18.4000     1.2400  0.000236
   18.8000     1.2400  0.000232
   19.2000     1.2400  0.000239
   19.6000     1.2400  0.000214
   20.0000     1.2400  0.000203
   20.4000     1.2400  0.000179
   20.8000     1.2400  0.000142
   21.2000     1.2400  0.000103
   21.6000     1.2400  0.000093
   22.0000     1.2400  0.000082
   22.4000     1.2400  0.000105
   22.8000     1.2400  0.000129
   23.2000     1.2400  0.000146
   23.6000     1.2400  0.000168
   24.0000     1.2400  0.000171
   24.4000     1.2400  0.000161
   24.8000     1.2400  0.000148
   25.2000     1.2400  0.000129
   25.6000     1.2400  0.000120
   26.0000     1.2400  0.000117
   26.4000     1.2400  0.000107
   26.8000     1.2400  0.000107
   27.2000     1.2400  0.000104
   27.6000     1.2400  0.000101
   28.0000     1.2400  0.000089
   28.4000     1.2400  0.000074
   28.8000     1.2400  0.000051
   29.2000     1.2400  0.000038
   29.6000     1.2400  0.000027
   30.0000     1.2400  0.000019
   30.4000     1.2400  0.000003
   30.8000     1.2400  0.000000
   31.2000     1.2400  0.000000
   31.6000     1.2400  0.000000
   32.0000     1.2400  0.000000
   32.4000     1.2400  0.000000
   32.8000     1.2400  0.000000
   33.2000     1.2400  0.000000
   33.6000     1.2400  0.000000
   34.0000     1.2400  0.000000
   34.4000     1.2400  0.000000
   34.8000     1.2400  0.000000
   35.2000     1.2400  0.000000
   35.6000     1.2400  0.000000
   36.0000     1.2400  0.000000
   36.4000     1.2400  0.000000
   36.8000     1.2400  0.000000
   37.2000     1.2400  0.000000
   37.6000     1.2400  0.000000
   38.0000     1.2400  0.000000
   38.4000     1.2400  0.000000
   38.8000     1.2400  0.000000
   39.2000     1.2400  0.000000
   39.6000     1.2400  0.000000
    0.0000     1.3200  0.000000
    0.4000     1.3200  0.000000
    0.8000     1.3200  0.000000
    1.2000     1.3200  0.000000
    1.6000     1.3200  0.000000
    2.0000     1.3200  0.000000
    2.4000     1.3200  0.000000
    2.8000     1.3200  0.000000
    3.2000     1.3200  0.000000
    3.6000     1.3200  0.000000
    4.0000     1.3200  0.000000
    4.4000     1.3200  0.000000
    4.8000     1.3200  0.000000
    5.2000     1.3200  0.000000
    5.6000     1.3200  0.000001
    6.0000     1.3200  0.000001
    6.4000     1.3200  0.000001
    6.8000     1.3200  0.000012
    7.2000     1.3200  0.000012
    7.6000     1.3200  0.000011
    8.0000     1.3200  0.000004
    8.4000     1.3200  0.000012
    8.8000     1.3200  0.000013
    9.2000     1.3200  0.000012
    9.6000     1.3200  0.000018
   10.0000     1.3200  0.000026
   10.4000     1.3200  0.000038
   10.8000     1.3200  0.000045
   11.2000     1.3200  0.000049
   11.6000     1.3200  0.000056
   12.0000     1.3200  0.000055
   12.4000     1.3200  0.000046
   12.8000     1.3200  0.000042
   13.2000     1.3200  0.000039
   13.6000     1.3200  0.000046
   14.0000     1.3200  0.000046
   14.4000     1.3200  0.000057
   14.8000     1.3200  0.000083
   15.2000     1.3200  0.000110
   15.6000     1.3200  0.000147
   16.0000     1.3200  0.000170
   16.4000     1.3200  0.000193
   16.8000     1.3200  0.000207
   17.2000     1.3200  0.000220
   17.6000     1.3200  0.000232
   18.0000     1.3200  0.000245
   18.4000     1.3200  0.000255
   18.8000     1.3200  0.000260
   19.2000     1.3200  0.000265
   19.6000     1.3200  0.000255
   20.0000     1.3200  0.000237
   20.4000     1.3200  0.000226
   20.8000     1.3200  0.000188
   21.2000     1.3200  0.000156
   21.6000     1.3200  0.000116
   22.0000     1.3200  0.000087
   22.4000     1.3200  0.000084
   22.8000     1.3200  0.000107
   23.2000     1.3200  0.000137
   23.6000     1.3200  0.000163
   24.0000     1.3200  0.000189
   24.4000     1.3200  0.000187
   24.8000     1.3200  0.000176
   25.2000     1.3200  0.000178
   25.6000     1.3200  0.000165
   26.0000     1.3200  0.000158
   26.4000     1.3200  0.000159
   26.8000     1.3200  0.000152
   27.2000     1.3200  0.000129
   27.6000     1.3200  0.000135
   28.0000     1.3200  0.000121
   28.4000     1.3200  0.000103
   28.8000     1.3200  0.000080
   29.2000     1.3200  0.000053
   29.6000     1.3200  0.000038
   30.0000     1.3200  0.000019
   30.4000     1.3200  0.000008
   30.8000     1.3200  0.000003
   31.2000     1.3200  0.000000
   31.6000     1.3200  0.000000
   32.0000     1.3200  0.000000
   32.4000     1.3200  0.000000
   32.8000     1.3200  0.000000
   33.2000     1.3200  0.000000
   33.6000     1.3200  0.000000
   34.0000     1.3200  0.000000
   34.4000     1.3200  0.000000
   34.8000     1.3200  0.000000
   35.2000     1.3200  0.000001
   35.6000     1.3200  0.000000
   36.0000     1.3200  0.000000
   36.4000     1.3200  0.000000
   36.8000     1.3200  0.000000
   37.2000     1.3200  0.000000
   37.6000     1.3200  0.000000
   38.0000     1.3200  0.000000
   38.4000     1.3200  0.000000
   38.8000     1.3200  0.000000
   39.2000     1.3200  0.000000
   39.6000     1.3200  0.000000
    0.0000     1.4000  0.000000
    0.4000     1.4000  0.000000
    0.8000     1.4000  0.000000
    1.2000     1.4000  0.000000
    1.6000     1.4000  0.000000
    2.0000     1.4000  0.000000
    2.4000     1.4000  0.000000
    2.8000     1.4000  0.000000
    3.2000     1.4000  0.000001
    3.6000     1.4000  0.000000
    4.0000     1.4000  0.000000
    4.4000     1.4000  0.000000
    4.8000     1.4000  0.000000
    5.2000     1.4000  0.000000
    5.6000     1.4000  0.000001
    6.0000     1.4000  0.000010
    6.4000     1.4000  0.000012
    6.8000     1.4000  0.000017
    7.2000     1.4000  0.000012
    7.6000     1.4000  0.000016
    8.0000     1.4000  0.000012
    8.4000     1.4000  0.000014
    8.8000     1.4000  0.000014
    9.2000     1.4000  0.000016
    9.6000     1.4000  0.000024
   10.0000     1.4000  0.000024
   10.4000     1.4000  0.000033
   10.8000     1.4000  0.000042
   11.2000     1.4000  0.000049
   11.6000     1.4000  0.000063
   12.0000     1.4000  0.000065
   12.4000     1.4000  0.000063
   12.8000     1.4000  0.000054
   13.2000     1.4000  0.000047
   13.6000     1.4000  0.000047
   14.0000     1.4000  0.000045
   14.4000     1.4000  0.000051
   14.8000     1.4000  0.000062
   15.2000     1.4000  0.000082
   15.6000     1.4000  0.000112
   16.0000     1.4000  0.000141
   16.4000     1.4000  0.000173
   16.8000     1.4000  0.000189
   17.2000     1.4000  0.000220
   17.6000     1.4000  0.000232
   18.0000     1.4000  0.000248
   18.4000     1.4000  0.000265
   18.8000     1.4000  0.000273
   19.2000     1.4000  0.000286
   19.6000     1.4000  0.000294
   20.0000     1.4000  0.000292
   20.4000     1.4000  0.000271
   20.8000     1.4000  0.000251
   21.2000     1.4000  0.000220
   21.6000     1.4000  0.000174
   22.0000     1.4000  0.000131
   22.4000     1.4000  0.000102
   22.8000     1.4000  0.000108
   23.2000     1.4000  0.000119
   23.6000     1.4000  0.000165
   24.0000     1.4000  0.000178
   24.4000     1.4000  0.000208
   24.8000     1.4000  0.000193
   25.2000     1.4000  0.000190
   25.6000     1.4000  0.000192
   26.0000     1.4000  0.000196
   26.4000     1.4000  0.000192
   26.8000     1.4000  0.000182
   27.2000     1.4000  0.000193
   27.6000     1.4000  0.000177
   28.0000     1.4000  0.000164
   28.4000     1.4000  0.000128
   28.8000     1.4000  0.000110
   29.2000     1.4000  0.000076
   29.6000     1.4000  0.000045
   30.0000     1.4000  0.000019
   30.4000     1.4000  0.000009
   30.8000     1.4000  0.000003
   31.2000     1.4000  0.000000
   31.6000     1.4000  0.000000
   32.0000     1.4000  0.000000
   32.4000     1.4000  0.000000
   32.8000     1.4000  0.000001
   33.2000     1.4000  0.000000
   33.6000     1.4000  0.000000
   34.0000     1.4000  0.000000
   34.4000     1.4000  0.000001
   34.8000     1.4000  0.000000
   35.2000     1.4000  0.000000
   35.6000     1.4000  0.000001
   36.0000     1.4000  0.000000
   36.4000     1.4000  0.000000
   36.8000     1.4000  0.000000
   37.2000     1.4000  0.000000
   37.6000     1.4000  0.000000
   38.0000     1.4000  0.000000
   38.4000     1.4000  0.000000
   38.8000     1.4000  0.000000
   39.2000     1.4000  0.000000
   39.6000     1.4000  0.000000
    0.0000     1.4800  0.000000
    0.4000     1.4800  0.000000
    0.8000     1.4800  0.000000
    1.2000     1.4800  0.000000
    1.6000     1.4800  0.000001
    2.0000     1.4800  0.000000
    2.4000     1.4800  0.000000
    2.8000     1.4800  0.000000
    3.2000     1.4800  0.000000
    3.6000     1.4800  0.000000
    4.0000     1.4800  0.000000
    4.4000     1.4800  0.000000
    4.8000     1.4800  0.000000
    5.2000     1.4800  0.000000
    5.6000     1.4800  0.000001
    6.0000     1.4800  0.000001
    6.4000     1.4800  0.000014
    6.8000     1.4800  0.000015
    7.2000     1.4800  0.000026
    7.6000     1.4800  0.000020
    8.0000     1.4800  0.000017
    8.4000     1.4800  0.000016
    8.8000     1.4800  0.000011
    9.2000     1.4800  0.000020
    9.6000     1.4800  0.000021
   10.0000     1.4800  0.000023
   10.4000     1.4800  0.000032
   10.8000     1.4800  0.000001
   11.2000     1.4800  0.000058
   11.6000     1.4800  0.000066
   12.0000     1.4800  0.000076
   12.4000     1.4800  0.000079
   12.8000     1.4800  0.000066
   13.2000     1.4800  0.000055
   13.6000     1.4800  0.000048
   14.0000     1.4800  0.000038
   14.4000     1.4800  0.000042
   14.8000     1.4800  0.000048
   15.2000     1.4800  0.000065
   15.6000     1.4800  0.000086
   16.0000     1.4800  0.000109
   16.4000     1.4800  0.000143
   16.8000     1.4800  0.000169
   17.2000     1.4800  0.000197
   17.6000     1.4800  0.000217
   18.0000     1.4800  0.000240
   18.4000     1.4800  0.000262
   18.8000     1.4800  0.000280
   19.2000     1.4800  0.000302
   19.6000     1.4800  0.000328
   20.0000     1.4800  0.000342
   20.4000     1.4800  0.000334
   20.8000     1.4800  0.000329
   21.2000     1.4800  0.000299
   21.6000     1.4800  0.000264
   22.0000     1.4800  0.000214
   22.4000     1.4800  0.000169
   22.8000     1.4800  0.000006
   23.2000     1.4800  0.000142
   23.6000     1.4800  0.000158
   24.0000     1.4800  0.000194
   24.4000     1.4800  0.000220
   24.8000     1.4800  0.000216
   25.2000     1.4800  0.000223
   25.6000     1.4800  0.000216
   26.0000     1.4800  0.000223
   26.4000     1.4800  0.000234
   26.8000     1.4800  0.000231
   27.2000     1.4800  0.000228
   27.6000     1.4800  0.000229
   28.0000     1.4800  0.000207
   28.4000     1.4800  0.000172
   28.8000     1.4800  0.000157
   29.2000     1.4800  0.000105
   29.6000     1.4800  0.000075
   30.0000     1.4800  0.000044
   30.4000     1.4800  0.000022
   30.8000     1.4800  0.000006
   31.2000     1.4800  0.000000
   31.6000     1.4800  0.000000
   32.0000     1.4800  0.000000
   32.4000     1.4800  0.000000
   32.8000     1.4800  0.000000
   33.2000     1.4800  0.000000
   33.6000     1.4800  0.000000
   34.0000     1.4800  0.000000
   34.4000     1.4800  0.000001
   34.8000     1.4800  0.000000
   35.2000     1.4800  0.000000
   35.6000     1.4800  0.000000
   36.0000     1.4800  0.000000
   36.4000     1.4800  0.000000
   36.8000     1.4800  0.000000
   37.2000     1.4800  0.000000
   37.6000     1.4800  0.000000
   38.0000     1.4800  0.000000
   38.4000     1.4800  0.000000
   38.8000     1.4800  0.000000
   39.2000     1.4800  0.000000
   39.6000     1.4800  0.000000
    0.0000     1.5600  0.000000
    0.4000     1.5600  0.000000
    0.8000     1.5600  0.000000
    1.2000     1.5600  0.000000
    1.6000     1.5600  0.000000
    2.0000     1.5600  0.000000
    2.4000     1.5600  0.000000
    2.8000     1.5600  0.000000
    3.2000     1.5600  0.000000
    3.6000     1.5600  0.000000
    4.0000     1.5600  0.000000
    4.4000     1.5600  0.000000
    4.8000     1.5600  0.000000
    5.2000     1.5600  0.000000
    5.6000     1.5600  0.000001
    6.0000     1.5600  0.000001
    6.4000     1.5600  0.000015
    6.8000     1.5600  0.000022
    7.2000     1.5600  0.000029
    7.6000     1.5600  0.000025
    8.0000     1.5600  0.000019
    8.4000     1.5600  0.000013
    8.8000     1.5600  0.000017
    9.2000     1.5600  0.000021
    9.6000     1.5600  0.000023
   10.0000     1.5600  0.000032
   10.4000     1.5600  0.000036
   10.8000     1.5600  0.000053
   11.2000     1.5600  0.000059
   11.6000     1.5600  0.000063
   12.0000     1.5600  0.000077
   12.4000     1.5600  0.000086
   12.8000     1.5600  0.000081
   13.2000     1.5600  0.000071
   13.6000     1.5600  0.000058
   14.0000     1.5600  0.000050
   14.4000     1.5600  0.000048
   14.8000     1.5600  0.000038
   15.2000     1.5600  0.000055
   15.6000     1.5600  0.000059
   16.0000     1.5600  0.000077
   16.4000     1.5600  0.000112
   16.8000     1.5600  0.000134
   17.2000     1.5600  0.000162
   17.6000     1.5600  0.000198
   18.0000     1.5600  0.000220
   18.4000     1.5600  0.000240
   18.8000     1.5600  0.000282
   19.2000     1.5600  0.000305
   19.6000     1.5600  0.000344
   20.0000     1.5600  0.000363
   20.4000     1.5600  0.000382
   20.8000     1.5600  0.000379
   21.2000     1.5600  0.000377
   21.6000     1.5600  0.000365
   22.0000     1.5600  0.000328
   22.4000     1.5600  0.000242
   22.8000     1.5600  0.000209
   23.2000     1.5600  0.000184
   23.6000     1.5600  0.000180
   24.0000     1.5600  0.000219
   24.4000     1.5600  0.000237
   24.8000     1.5600  0.000243
   25.2000     1.5600  0.000251
   25.6000     1.5600  0.000256
   26.0000     1.5600  0.000260
   26.4000     1.5600  0.000273
   26.8000     1.5600  0.000268
   27.2000     1.5600  0.000277
   27.6000     1.5600  0.000265
   28.0000     1.5600  0.000247
   28.4000     1.5600  0.000220
   28.8000     1.5600  0.000181
   29.2000     1.5600  0.000129
   29.6000     1.5600  0.000098
   30.0000     1.5600  0.000057
   30.4000     1.5600  0.000029
   30.8000     1.5600  0.000011
   31.2000     1.5600  0.000000
   31.6000     1.5600  0.000000
   32.0000     1.5600  0.000000
   32.4000     1.5600  0.000000
   32.8000     1.5600  0.000001
   33.2000     1.5600  0.000001
   33.6000     1.5600  0.000000
   34.0000     1.5600  0.000000
   34.4000     1.5600  0.000001
   34.8000     1.5600  0.000000
   35.2000     1.5600  0.000000
   35.6000     1.5600  0.000000
   36.0000     1.5600  0.000000
   36.4000     1.5600  0.000000
   36.8000     1.5600  0.000001
   37.2000     1.5600  0.000000
   37.6000     1.5600  0.000000
   38.0000     1.5600  0.000000
   38.4000     1.5600  0.000000
   38.8000     1.5600  0.000000
   39.2000     1.5600  0.000001
   39.6000     1.5600  0.000000
    0.0000     1.6400  0.000000
    0.4000     1.6400  0.000000
    0.8000     1.6400  0.000000
    1.2000     1.6400  0.000000
    1.6000     1.6400  0.000000
    2.0000     1.6400  0.000000
    2.4000     1.6400  0.000000
    2.8000     1.6400  0.000000
    3.2000     1.6400  0.000000
    3.6000     1.6400  0.000000
    4.0000     1.6400  0.000000
    4.4000     1.6400  0.000001
    4.8000     1.6400  0.000000
    5.2000     1.6400  0.000001
    5.6000     1.6400  0.000001
    6.0000     1.6400  0.000001
    6.4000     1.6400  0.000009
    6.8000     1.6400  0.000022
    7.2000     1.6400  0.000031
    7.6000     1.6400  0.000037
    8.0000     1.6400  0.000027
    8.4000     1.6400  0.000026
    8.8000     1.6400  0.000024
    9.2000     1.6400  0.000014
    9.6000     1.6400  0.000018
   10.0000     1.6400  0.000029
   10.4000     1.6400  0.000047
   10.8000     1.6400  0.000053
   11.2000     1.6400  0.000058
   11.6000     1.6400  0.000071
   12.0000     1.6400  0.000084
   12.4000     1.6400  0.000097
   12.8000     1.6400  0.000091
   13.2000     1.6400  0.000090
   13.6000     1.6400  0.000074
   14.0000     1.6400  0.000063
   14.4000     1.6400  0.000054
   14.8000     1.6400  0.000048
   15.2000     1.6400  0.000034
   15.6000     1.6400  0.000037
   16.0000     1.6400  0.000056
   16.4000     1.6400  0.000070
   16.8000     1.6400  0.000100
   17.2000     1.6400  0.000129
   17.6000     1.6400  0.000163
   18.0000     1.6400  0.000187
   18.4000     1.6400  0.000224
   18.8000     1.6400  0.000265
   19.2000     1.6400  0.000298
   19.6000     1.6400  0.000337
   20.0000     1.6400  0.000368
   20.4000     1.6400  0.000408
   20.8000     1.6400  0.000432
   21.2000     1.6400  0.000454
   21.6000     1.6400  0.000442
   22.0000     1.6400  0.000427
   22.4000     1.6400  0.000377
   22.8000     1.6400  0.000333
   23.2000     1.6400  0.000283
   23.6000     1.6400  0.000260
   24.0000     1.6400  0.000248
   24.4000     1.6400  0.000261
   24.8000     1.6400  0.000279
   25.2000     1.6400  0.000281
   25.6000     1.6400  0.000304
   26.0000     1.6400  0.000310
   26.4000     1.6400  0.000312
   26.8000     1.6400  0.000317
   27.2000     1.6400  0.000312
   27.6000     1.6400  0.000320
   28.0000     1.6400  0.000311
   28.4000     1.6400  0.000279
   28.8000     1.6400  0.000229
   29.2000     1.6400  0.000173
   29.6000     1.6400  0.000112
   30.0000     1.6400  0.000073
   30.4000     1.6400  0.000041
   30.8000     1.6400  0.000009
   31.2000     1.6400  0.000002
   31.6000     1.6400  0.000000
   32.0000     1.6400  0.000000
   32.4000     1.6400  0.000000
   32.8000     1.6400  0.000000
   33.2000     1.6400  0.000000
   33.6000     1.6400  0.000000
   34.0000     1.6400  0.000000
   34.4000     1.6400  0.000000
   34.8000     1.6400  0.000000
   35.2000     1.6400  0.000001
   35.6000     1.6400  0.000000
   36.0000     1.6400  0.000000
   36.4000     1.6400  0.000001
   36.8000     1.6400  0.000000
   37.2000     1.6400  0.000001
   37.6000     1.6400  0.000000
   38.0000     1.6400  0.000000
   38.4000     1.6400  0.000000
   38.8000     1.6400  0.000000
   39.2000     1.6400  0.000000
   39.6000     1.6400  0.000000
    0.0000     1.7200  0.000000
    0.4000     1.7200  0.000001
    0.8000     1.7200  0.000000
    1.2000     1.7200  0.000000
    1.6000     1.7200  0.000000
    2.0000     1.7200  0.000000
    2.4000     1.7200  0.000000
    2.8000     1.7200  0.000000
    3.2000     1.7200  0.000001
    3.6000     1.7200  0.000001
    4.0000     1.7200  0.000000
    4.4000     1.7200  0.000000
    4.8000     1.7200  0.000000
    5.2000     1.7200  0.000000
    5.6000     1.7200  0.000001
    6.0000     1.7200  0.000000
    6.4000     1.7200  0.000004
    6.8000     1.7200  0.000015
    7.2000     1.7200  0.000030
    7.6000     1.7200  0.000033
    8.0000     1.7200  0.000038
    8.4000     1.7200  0.000029
    8.8000     1.7200  0.000026
    9.2000     1.7200  0.000023
    9.6000     1.7200  0.000019
   10.0000     1.7200  0.000028
   10.4000     1.7200  0.000036
   10.8000     1.7200  0.000044
   11.2000     1.7200  0.000061
   11.6000     1.7200  0.000066
   12.0000     1.7200  0.000083
   12.4000     1.7200  0.000090
   12.8000     1.7200  0.000102
   13.2000     1.7200  0.000101
   13.6000     1.7200  0.000098
   14.0000     1.7200  0.000084
   14.4000     1.7200  0.000076
   14.8000     1.7200  0.000047
   15.2000     1.7200  0.000039
   15.6000     1.7200  0.000026
   16.0000     1.7200  0.000026
   16.4000     1.7200  0.000045
   16.8000     1.7200  0.000057
   17.2000     1.7200  0.000088
   17.6000     1.7200  0.000114
   18.0000     1.7200  0.000149
   18.4000     1.7200  0.000181
   18.8000     1.7200  0.000218
   19.2000     1.7200  0.000271
   19.6000     1.7200  0.000308
   20.0000     1.7200  0.000361
   20.4000     1.7200  0.000404
   20.8000     1.7200  0.000467
   21.2000     1.7200  0.000492
   21.6000     1.7200  0.000524
   22.0000     1.7200  0.000518
   22.4000     1.7200  0.000508
   22.8000     1.7200  0.000477
   23.2000     1.7200  0.000431
   23.6000     1.7200  0.000380
   24.0000     1.7200  0.000335
   24.4000     1.7200  0.000322
   24.8000     1.7200  0.000340
   25.2000     1.7200  0.000352
   25.6000     1.7200  0.000357
   26.0000     1.7200  0.000353
   26.4000     1.7200  0.000343
   26.8000     1.7200  0.000340
   27.2000     1.7200  0.000340
   27.6000     1.7200  0.000349
   28.0000     1.7200  0.000333
   28.4000     1.7200  0.000297
   28.8000     1.7200  0.000265
   29.2000     1.7200  0.000185
   29.6000     1.7200  0.000147
   30.0000     1.7200  0.000103
   30.4000     1.7200  0.000048
   30.8000     1.7200  0.000021
   31.2000     1.7200  0.000003
   31.6000     1.7200  0.000000
   32.0000     1.7200  0.000000
   32.4000     1.7200  0.000000
   32.8000     1.7200  0.000000
   33.2000     1.7200  0.000000
   33.6000     1.7200  0.000000
   34.0000     1.7200  0.000000
   34.4000     1.7200  0.000000
   34.8000     1.7200  0.000001
   35.2000     1.7200  0.000000
   35.6000     1.7200  0.000000
   36.0000     1.7200  0.000000
   36.4000     1.7200  0.000000
   36.8000     1.7200  0.000000
   37.2000     1.7200  0.000001
   37.6000     1.7200  0.000000
   38.0000     1.7200  0.000000
   38.4000     1.7200  0.000000
   38.8000     1.7200  0.000000
   39.2000     1.7200  0.000000
   39.6000     1.7200  0.000000
    0.0000     1.8000  0.000000
    0.4000     1.8000  0.000000
    0.8000     1.8000  0.000000
    1.2000     1.8000  0.000000
    1.6000     1.8000  0.000000
    2.0000     1.8000  0.000000
    2.4000     1.8000  0.000000
    2.8000     1.8000  0.000000
    3.2000     1.8000  0.000000
    3.6000     1.8000  0.000000
    4.0000     1.8000  0.000000
    4.4000     1.8000  0.000000
    4.8000     1.8000  0.000000
    5.2000     1.8000  0.000000
    5.6000     1.8000  0.000000
    6.0000     1.8000  0.000001
    6.4000     1.8000  0.000010
    6.8000     1.8000  0.000022
    7.2000     1.8000  0.000020
    7.6000     1.8000  0.000036
    8.0000     1.8000  0.000046
    8.4000     1.8000  0.000046
    8.8000     1.8000  0.000033
    9.2000     1.8000  0.000036
    9.6000     1.8000  0.000028
   10.0000     1.8000  0.000034
   10.4000     1.8000  0.000031
   10.8000     1.8000  0.000050
   11.2000     1.8000  0.000057
   11.6000     1.8000  0.000077
   12.0000     1.8000  0.000091
   12.4000     1.8000  0.000094
   12.8000     1.8000  0.000106
   13.2000     1.8000  0.000115
   13.6000     1.8000  0.000115
   14.0000     1.8000  0.000109
   14.4000     1.8000  0.000080
   14.8000     1.8000  0.000069
   15.2000     1.8000  0.000049
   15.6000     1.8000  0.000035
   16.0000     1.8000  0.000035
   16.4000     1.8000  0.000030
   16.8000     1.8000  0.000039
   17.2000     1.8000  0.000060
   17.6000     1.8000  0.000084
   18.0000     1.8000  0.000116
   18.4000     1.8000  0.000145
   18.8000     1.8000  0.000186
   19.2000     1.8000  0.000235
   19.6000     1.8000  0.000282
   20.0000     1.8000  0.000342
   20.4000     1.8000  0.000397
   20.8000     1.8000  0.000455
   21.2000     1.8000  0.000525
   21.6000     1.8000  0.000551
   22.0000     1.8000  0.000602
   22.4000     1.8000  0.000631
   22.8000     1.8000  0.000614
   23.2000     1.8000  0.000586
   23.6000     1.8000  0.000563
   24.0000     1.8000  0.000494
   24.4000     1.8000  0.000430
   24.8000     1.8000  0.000397
   25.2000     1.8000  0.000400
   25.6000     1.8000  0.000407
   26.0000     1.8000  0.000408
   26.4000     1.8000  0.000376
   26.8000     1.8000  0.000379
   27.2000     1.8000  0.000387
   27.6000     1.8000  0.000390
   28.0000     1.8000  0.000390
   28.4000     1.8000  0.000326
   28.8000     1.8000  0.000287
   29.2000     1.8000  0.000242
   29.6000     1.8000  0.000184
   30.0000     1.8000  0.000120
   30.4000     1.8000  0.000075
   30.8000     1.8000  0.000031
   31.2000     1.8000  0.000005
   31.6000     1.8000  0.000000
   32.0000     1.8000  0.000000
   32.4000     1.8000  0.000000
   32.8000     1.8000  0.000000
   33.2000     1.8000  0.000000
   33.6000     1.8000  0.000001
   34.0000     1.8000  0.000000
   34.4000     1.8000  0.000000
   34.8000     1.8000  0.000000
   35.2000     1.8000  0.000001
   35.6000     1.8000  0.000000
   36.0000     1.8000  0.000000
   36.4000     1.8000  0.000000
   36.8000     1.8000  0.000000
   37.2000     1.8000  0.000001
   37.6000     1.8000  0.000000
   38.0000     1.8000  0.000000
   38.4000     1.8000  0.000000
   38.8000     1.8000  0.000000
   39.2000     1.8000  0.000000
   39.6000     1.8000  0.000000
    0.0000     1.8800  0.000000
    0.4000     1.8800  0.000001
    0.8000     1.8800  0.000000
    1.2000     1.8800  0.000000
    1.6000     1.8800  0.000001
    2.0000     1.8800  0.000000
    2.4000     1.8800  0.000000
    2.8000     1.8800  0.000000
    3.2000     1.8800  0.000000
    3.6000     1.8800  0.000000
    4.0000     1.8800  0.000000
    4.4000     1.8800  0.000000
    4.8000     1.8800  0.000000
    5.2000     1.8800  0.000000
    5.6000     1.8800  0.000001
    6.0000     1.8800  0.000002
    6.4000     1.8800  0.000009
    6.8000     1.8800  0.000006
    7.2000     1.8800  0.000019
    7.6000     1.8800  0.000027
    8.0000     1.8800  0.000043
    8.4000     1.8800  0.000051
    8.8000     1.8800  0.000045
    9.2000     1.8800  0.000051
    9.6000     1.8800  0.000038
   10.0000     1.8800  0.000036
   10.4000     1.8800  0.000047
   10.8000     1.8800  0.000059
   11.2000     1.8800  0.000072
   11.6000     1.8800  0.000083
   12.0000     1.8800  0.000100
   12.4000     1.8800  0.000115
   12.8000     1.8800  0.000122
   13.2000     1.8800  0.000114
   13.6000     1.8800  0.000126
   14.0000     1.8800  0.000127
   14.4000     1.8800  0.000102
   14.8000     1.8800  0.000091
   15.2000     1.8800  0.000064
   15.6000     1.8800  0.000055
   16.0000     1.8800  0.000037
   16.4000     1.8800  0.000023
   16.8000     1.8800  0.000031
   17.2000     1.8800  0.000036
   17.6000     1.8800  0.000052
   18.0000     1.8800  0.000085
   18.4000     1.8800  0.000112
   18.8000     1.8800  0.000153
   19.2000     1.8800  0.000192
   19.6000     1.8800  0.000250
   20.0000     1.8800  0.000301
   20.4000     1.8800  0.000373
   20.8000     1.8800  0.000441
   21.2000     1.8800  0.000509
   21.6000     1.8800  0.000557
   22.0000     1.8800  0.000640
   22.4000     1.8800  0.000678
   22.8000     1.8800  0.000723
   23.2000     1.8800  0.000730
   23.6000     1.8800  0.000710
   24.0000     1.8800  0.000679
   24.4000     1.8800  0.000613
   24.8000     1.8800  0.000538
   25.2000     1.8800  0.000504
   25.6000     1.8800  0.000486
   26.0000     1.8800  0.000457
   26.4000     1.8800  0.000436
   26.8000     1.8800  0.000439
   27.2000     1.8800  0.000414
   27.6000     1.8800  0.000423
   28.0000     1.8800  0.000406
   28.4000     1.8800  0.000364
   28.8000     1.8800  0.000320
   29.2000     1.8800  0.000282
   29.6000     1.8800  0.000223
   30.0000     1.8800  0.000154
   30.4000     1.8800  0.000098
   30.8000     1.8800  0.000041
   31.2000     1.8800  0.000019
   31.6000     1.8800  0.000003
   32.0000     1.8800  0.000000
   32.4000     1.8800  0.000000
   32.8000     1.8800  0.000000
   33.2000     1.8800  0.000000
   33.6000     1.8800  0.000000
   34.0000     1.8800  0.000000
   34.4000     1.8800  0.000000
   34.8000     1.8800  0.000000
   35.2000     1.8800  0.000000
   35.6000     1.8800  0.000001
   36.0000     1.8800  0.000000
   36.4000     1.8800  0.000000
   36.8000     1.8800  0.000000
   37.2000     1.8800  0.000000
   37.6000     1.8800  0.000000
   38.0000     1.8800  0.000000
   38.4000     1.8800  0.000000
   38.8000     1.8800  0.000001
   39.2000     1.8800  0.000000
   39.6000     1.8800  0.000000
    0.0000     1.9600  0.000000
    0.4000     1.9600  0.000000
    0.8000     1.9600  0.000000
    1.2000     1.9600  0.000000
    1.6000     1.9600  0.000001
    2.0000     1.9600  0.000000
    2.4000     1.9600  0.000000
    2.8000     1.9600  0.000000
    3.2000     1.9600  0.000000
    3.6000     1.9600  0.000000
    4.0000     1.9600  0.000000
    4.4000     1.9600  0.000000
    4.8000     1.9600  0.000001
    5.2000     1.9600  0.000001
    5.6000     1.9600  0.000001
    6.0000     1.9600  0.000009
    6.4000     1.9600  0.000012
    6.8000     1.9600  0.000013
    7.2000     1.9600  0.000027
    7.6000     1.9600  0.000026
    8.0000     1.9600  0.000046
    8.4000     1.9600  0.000053
    8.8000     1.9600  0.000053
    9.2000     1.9600  0.000050
    9.6000     1.9600  0.000062
   10.0000     1.9600  0.000053
   10.4000     1.9600  0.000054
   10.8000     1.9600  0.000056
   11.2000     1.9600  0.000073
   11.6000     1.9600  0.000084
   12.0000     1.9600  0.000101
   12.4000     1.9600  0.000120
   12.8000     1.9600  0.000124
   13.2000     1.9600  0.000122
   13.6000     1.9600  0.000128
   14.0000     1.9600  0.000132
   14.4000     1.9600  0.000129
   14.8000     1.9600  0.000120
   15.2000     1.9600  0.000097
   15.6000     1.9600  0.000082
   16.0000     1.9600  0.000059
   16.4000     1.9600  0.000043
   16.8000     1.9600  0.000024
   17.2000     1.9600  0.000025
   17.6000     1.9600  0.000032
   18.0000     1.9600  0.000051
   18.4000     1.9600  0.000084
   18.8000     1.9600  0.000113
   19.2000     1.9600  0.000161
   19.6000     1.9600  0.000208
   20.0000     1.9600  0.000275
   20.4000     1.9600  0.000328
   20.8000     1.9600  0.000402
   21.2000     1.9600  0.000474
   21.6000     1.9600  0.000546
   22.0000     1.9600  0.000621
   22.4000     1.9600  0.000699
   22.8000     1.9600  0.000790
   23.2000     1.9600  0.000864
   23.6000     1.9600  0.000875
   24.0000     1.9600  0.000895
   24.4000     1.9600  0.000821
   24.8000     1.9600  0.000752
   25.2000     1.9600  0.000668
   25.6000     1.9600  0.000597
   26.0000     1.9600  0.000556
   26.4000     1.9600  0.000512
   26.8000     1.9600  0.000478
   27.2000     1.9600  0.000463
   27.6000     1.9600  0.000463
   28.0000     1.9600  0.000435
   28.4000     1.9600  0.000414
   28.8000     1.9600  0.000387
   29.2000     1.9600  0.000316
   29.6000     1.9600  0.000263
   30.0000     1.9600  0.000185
   30.4000     1.9600  0.000123
   30.8000     1.9600  0.000062
   31.2000     1.9600  0.000022
   31.6000     1.9600  0.000002
   32.0000     1.9600  0.000001
   32.4000     1.9600  0.000000
   32.8000     1.9600  0.000000
   33.2000     1.9600  0.000000
   33.6000     1.9600  0.000000
   34.0000     1.9600  0.000000
   34.4000     1.9600  0.000000
   34.8000     1.9600  0.000001
   35.2000     1.9600  0.000000
   35.6000     1.9600  0.000000
   36.0000     1.9600  0.000000
   36.4000     1.9600  0.000000
   36.8000     1.9600  0.000001
   37.2000     1.9600  0.000000
   37.6000     1.9600  0.000000
   38.0000     1.9600  0.000000
   38.4000     1.9600  0.000001
   38.8000     1.9600  0.000001
   39.2000     1.9600  0.000000
   39.6000     1.9600  0.000000
    0.0000     2.0400  0.000000
    0.4000     2.0400  0.000000
    0.8000     2.0400  0.000000
    1.2000     2.0400  0.000000
    1.6000     2.0400  0.000000
    2.0000     2.0400  0.000000
    2.4000     2.0400  0.000000
    2.8000     2.0400  0.000000
    3.2000     2.0400  0.000000
    3.6000     2.0400  0.000000
    4.0000     2.0400  0.000000
    4.4000     2.0400  0.000000
    4.8000     2.0400  0.000001
    5.2000     2.0400  0.000003
    5.6000     2.0400  0.000010
    6.0000     2.0400  0.000009
    6.4000     2.0400  0.000012
    6.8000     2.0400  0.000023
    7.2000     2.0400  0.000024
    7.6000     2.0400  0.000034
    8.0000     2.0400  0.000041
    8.4000     2.0400  0.000057
    8.8000     2.0400  0.000059
    9.2000     2.0400  0.000071
    9.6000     2.0400  0.000074
   10.0000     2.0400  0.000072
   10.4000     2.0400  0.000078
   10.8000     2.0400  0.000078
   11.2000     2.0400  0.000077
   11.6000     2.0400  0.000094
   12.0000     2.0400  0.000097
   12.4000     2.0400  0.000122
   12.8000     2.0400  0.000121
   13.2000     2.0400  0.000128
   13.6000     2.0400  0.000139
   14.0000     2.0400  0.000144
   14.4000     2.0400  0.000136
   14.8000     2.0400  0.000126
   15.2000     2.0400  0.000123
   15.6000     2.0400  0.000110
   16.0000     2.0400  0.000090
   16.4000     2.0400  0.000075
   16.8000     2.0400  0.000047
   17.2000     2.0400  0.000029
   17.6000     2.0400  0.000027
   18.0000     2.0400  0.000034
   18.4000     2.0400  0.000062
   18.8000     2.0400  0.000087
   19.2000     2.0400  0.000127
   19.6000     2.0400  0.000171
   20.0000     2.0400  0.000228
   20.4000     2.0400  0.000289
   20.8000     2.0400  0.000374
   21.2000     2.0400  0.000431
   21.6000     2.0400  0.000511
   22.0000     2.0400  0.000600
   22.4000     2.0400  0.000695
   22.8000     2.0400  0.000791
   23.2000     2.0400  0.000899
   23.6000     2.0400  0.000992
   24.0000     2.0400  0.001045
   24.4000     2.0400  0.001058
   24.8000     2.0400  0.000963
   25.2000     2.0400  0.000859
   25.6000     2.0400  0.000755
   26.0000     2.0400  0.000688
   26.4000     2.0400  0.000623
   26.8000     2.0400  0.000562
   27.2000     2.0400  0.000545
   27.6000     2.0400  0.000512
   28.0000     2.0400  0.000487
   28.4000     2.0400  0.000448
   28.8000     2.0400  0.000399
   29.2000     2.0400  0.000360
   29.6000     2.0400  0.000291
   30.0000     2.0400  0.000234
   30.4000     2.0400  0.000149
   30.8000     2.0400  0.000087
   31.2000     2.0400  0.000033
   31.6000     2.0400  0.000005
   32.0000     2.0400  0.000000
   32.4000     2.0400  0.000000
   32.8000     2.0400  0.000000
   33.2000     2.0400  0.000000
   33.6000     2.0400  0.000000
   34.0000     2.0400  0.000000
   34.4000     2.0400  0.000000
   34.8000     2.0400  0.000000
   35.2000     2.0400  0.000001
   35.6000     2.0400  0.000000
   36.0000     2.0400  0.000000
   36.4000     2.0400  0.000000
   36.8000     2.0400  0.000000
   37.2000     2.0400  0.000000
   37.6000     2.0400  0.000000
   38.0000     2.0400  0.000000
   38.4000     2.0400  0.000000
   38.8000     2.0400  0.000000
   39.2000     2.0400  0.000000
   39.6000     2.0400  0.000000
    0.0000     2.1200  0.000000
    0.4000     2.1200  0.000000
    0.8000     2.1200  0.000000
    1.2000     2.1200  0.000000
    1.6000     2.1200  0.000000
    2.0000     2.1200  0.000000
    2.4000     2.1200  0.000000
    2.8000     2.1200  0.000000
    3.2000     2.1200  0.000000
    3.6000     2.1200  0.000000
    4.0000     2.1200  0.000001
    4.4000     2.1200  0.000000
    4.8000     2.1200  0.000000
    5.2000     2.1200  0.000005
    5.6000     2.1200  0.000013
    6.0000     2.1200  0.000015
    6.4000     2.1200  0.000026
    6.8000     2.1200  0.000030
    7.2000     2.1200  0.000038
    7.6000     2.1200  0.000033
    8.0000     2.1200  0.000044
    8.4000     2.1200  0.000053
    8.8000     2.1200  0.000056
    9.2000     2.1200  0.000067
    9.6000     2.1200  0.000074
   10.0000     2.1200  0.000084
   10.4000     2.1200  0.000094
   10.8000     2.1200  0.000103
   11.2000     2.1200  0.000101
   11.6000     2.1200  0.000102
   12.0000     2.1200  0.000109
   12.4000     2.1200  0.000120
   12.8000     2.1200  0.000133
   13.2000     2.1200  0.000142
   13.6000     2.1200  0.000141
   14.0000     2.1200  0.000137
   14.4000     2.1200  0.000139
   14.8000     2.1200  0.000144
   15.2000     2.1200  0.000131
   15.6000     2.1200  0.000133
   16.0000     2.1200  0.000123
   16.4000     2.1200  0.000098
   16.8000     2.1200  0.000074
   17.2000     2.1200  0.000061
   17.6000     2.1200  0.000044
   18.0000     2.1200  0.000033
   18.4000     2.1200  0.000037
   18.8000     2.1200  0.000065
   19.2000     2.1200  0.000097
   19.6000     2.1200  0.000133
   20.0000     2.1200  0.000173
   20.4000     2.1200  0.000256
   20.8000     2.1200  0.000313
   21.2000     2.1200  0.000385
   21.6000     2.1200  0.000458
   22.0000     2.1200  0.000559
   22.4000     2.1200  0.000659
   22.8000     2.1200  0.000768
   23.2000     2.1200  0.000912
   23.6000     2.1200  0.001046
   24.0000     2.1200  0.001113
   24.4000     2.1200  0.001196
   24.8000     2.1200  0.001166
   25.2000     2.1200  0.001115
   25.6000     2.1200  0.000965
   26.0000     2.1200  0.000878
   26.4000     2.1200  0.000700
   26.8000     2.1200  0.000701
   27.2000     2.1200  0.000625
   27.6000     2.1200  0.000583
   28.0000     2.1200  0.000538
   28.4000     2.1200  0.000493
   28.8000     2.1200  0.000436
   29.2000     2.1200  0.000391
   29.6000     2.1200  0.000325
   30.0000     2.1200  0.000255
   30.4000     2.1200  0.000177
   30.8000     2.1200  0.000101
   31.2000     2.1200  0.000052
   31.6000     2.1200  0.000010
   32.0000     2.1200  0.000000
   32.4000     2.1200  0.000000
   32.8000     2.1200  0.000000
   33.2000     2.1200  0.000000
   33.6000     2.1200  0.000000
   34.0000     2.1200  0.000000
   34.4000     2.1200  0.000000
   34.8000     2.1200  0.000001
   35.2000     2.1200  0.000001
   35.6000     2.1200  0.000001
   36.0000     2.1200  0.000000
   36.4000     2.1200  0.000000
   36.8000     2.1200  0.000001
   37.2000     2.1200  0.000000
   37.6000     2.1200  0.000000
   38.0000     2.1200  0.000000
   38.4000     2.1200  0.000001
   38.8000     2.1200  0.000000
   39.2000     2.1200  0.000001
   39.6000     2.1200  0.000000
    0.0000     2.2000  0.000000
    0.4000     2.2000  0.000000
    0.8000     2.2000  0.000000
    1.2000     2.2000  0.000000
    1.6000     2.2000  0.000000
    2.0000     2.2000  0.000000
    2.4000     2.2000  0.000000
    2.8000     2.2000  0.000000
    3.2000     2.2000  0.000000
    3.6000     2.2000  0.000000
    4.0000     2.2000  0.000000
    4.4000     2.2000  0.000000
    4.8000     2.2000  0.000001
    5.2000     2.2000  0.000008
    5.6000     2.2000  0.000013
    6.0000     2.2000  0.000020
    6.4000     2.2000  0.000038
    6.8000     2.2000  0.000037
    7.2000     2.2000  0.000055
    7.6000     2.2000  0.000054
    8.0000     2.2000  0.000045
    8.4000     2.2000  0.000045
    8.8000     2.2000  0.000057
    9.2000     2.2000  0.000071
    9.6000     2.2000  0.000076
   10.0000     2.2000  0.000097
   10.4000     2.2000  0.000098
   10.8000     2.2000  0.000111
   11.2000     2.2000  0.000121
   11.6000     2.2000  0.000132
   12.0000     2.2000  0.000123
   12.4000     2.2000  0.000125
   12.8000     2.2000  0.000142
   13.2000     2.2000  0.000146
   13.6000     2.2000  0.000155
   14.0000     2.2000  0.000154
   14.4000     2.2000  0.000148
   14.8000     2.2000  0.000155
   15.2000     2.2000  0.000149
   15.6000     2.2000  0.000149
   16.0000     2.2000  0.000137
   16.4000     2.2000  0.000131
   16.8000     2.2000  0.000108
   17.2000     2.2000  0.000096
   17.6000     2.2000  0.000068
   18.0000     2.2000  0.000058
   18.4000     2.2000  0.000042
   18.8000     2.2000  0.000045
   19.2000     2.2000  0.000071
   19.6000     2.2000  0.000103
   20.0000     2.2000  0.000155
   20.4000     2.2000  0.000207
   20.8000     2.2000  0.000271
   21.2000     2.2000  0.000318
   21.6000     2.2000  0.000399
   22.0000     2.2000  0.000481
   22.4000     2.2000  0.000594
   22.8000     2.2000  0.000720
   23.2000     2.2000  0.000875
   23.6000     2.2000  0.001009
   24.0000     2.2000  0.001178
   24.4000     2.2000  0.001276
   24.8000     2.2000  0.001421
   25.2000     2.2000  0.001450
   25.6000     2.2000  0.001306
   26.0000     2.2000  0.001155
   26.4000     2.2000  0.001027
   26.8000     2.2000  0.000890
   27.2000     2.2000  0.000831
   27.6000     2.2000  0.000728
   28.0000     2.2000  0.000630
   28.4000     2.2000  0.000558
   28.8000     2.2000  0.000487
   29.2000     2.2000  0.000423
   29.6000     2.2000  0.000368
   30.0000     2.2000  0.000277
   30.4000     2.2000  0.000207
   30.8000     2.2000  0.000125
   31.2000     2.2000  0.000067
   31.6000     2.2000  0.000028
   32.0000     2.2000  0.000002
   32.4000     2.2000  0.000000
   32.8000     2.2000  0.000000
   33.2000     2.2000  0.000000
   33.6000     2.2000  0.000000
   34.0000     2.2000  0.000000
   34.4000     2.2000  0.000001
   34.8000     2.2000  0.000000
   35.2000     2.2000  0.000001
   35.6000     2.2000  0.000001
   36.0000     2.2000  0.000001
   36.4000     2.2000  0.000000
   36.8000     2.2000  0.000000
   37.2000     2.2000  0.000000
   37.6000     2.2000  0.000000
   38.0000     2.2000  0.000000
   38.4000     2.2000  0.000000
   38.8000     2.2000  0.000000
   39.2000     2.2000  0.000000
   39.6000     2.2000  0.000000
    0.0000     2.2800  0.000000
    0.4000     2.2800  0.000000
    0.8000     2.2800  0.000000
    1.2000     2.2800  0.000000
    1.6000     2.2800  0.000000
    2.0000     2.2800  0.000000
    2.4000     2.2800  0.000000
    2.8000     2.2800  0.000000
    3.2000     2.2800  0.000000
    3.6000     2.2800  0.000000
    4.0000     2.2800  0.000000
    4.4000     2.2800  0.000000
    4.8000     2.2800  0.000001
    5.2000     2.2800  0.000008
    5.6000     2.2800  0.000016
    6.0000     2.2800  0.000030
    6.4000     2.2800  0.000049
    6.8000     2.2800  0.000056
    7.2000     2.2800  0.000061
    7.6000     2.2800  0.000064
    8.0000     2.2800  0.000064
    8.4000     2.2800  0.000054
    8.8000     2.2800  0.000068
    9.2000     2.2800  0.000076
    9.6000     2.2800  0.000091
   10.0000     2.2800  0.000100
   10.4000     2.2800  0.000103
   10.8000     2.2800  0.000123
   11.2000     2.2800  0.000135
   11.6000     2.2800  0.000147
   12.0000     2.2800  0.000145
   12.4000     2.2800  0.000151
   12.8000     2.2800  0.000147
   13.2000     2.2800  0.000153
   13.6000     2.2800  0.000149
   14.0000     2.2800  0.000158
   14.4000     2.2800  0.000149
   14.8000     2.2800  0.000157
   15.2000     2.2800  0.000147
   15.6000     2.2800  0.000147
   16.0000     2.2800  0.000159
   16.4000     2.2800  0.000154
   16.8000     2.2800  0.000139
   17.2000     2.2800  0.000128
   17.6000     2.2800  0.000100
   18.0000     2.2800  0.000075
   18.4000     2.2800  0.000061
   18.8000     2.2800  0.000055
   19.2000     2.2800  0.000058
   19.6000     2.2800  0.000084
   20.0000     2.2800  0.000114
   20.4000     2.2800  0.000166
   20.8000     2.2800  0.000206
   21.2000     2.2800  0.000274
   21.6000     2.2800  0.000338
   22.0000     2.2800  0.000426
   22.4000     2.2800  0.000521
   22.8000     2.2800  0.000636
   23.2000     2.2800  0.000775
   23.6000     2.2800  0.000921
   24.0000     2.2800  0.001126
   24.4000     2.2800  0.001279
   24.8000     2.2800  0.001515
   25.2000     2.2800  0.001578
   25.6000     2.2800  0.001551
   26.0000     2.2800  0.001419
   26.4000     2.2800  0.001269
   26.8000     2.2800  0.001125
   27.2000     2.2800  0.000970
   27.6000     2.2800  0.000871
   28.0000     2.2800  0.000794
   28.4000     2.2800  0.000660
   28.8000     2.2800  0.000558
   29.2000     2.2800  0.000472
   29.6000     2.2800  0.000398
   30.0000     2.2800  0.000317
   30.4000     2.2800  0.000247
   30.8000     2.2800  0.000185
   31.2000     2.2800  0.000106
   31.6000     2.2800  0.000050
   32.0000     2.2800  0.000010
   32.4000     2.2800  0.000002
   32.8000     2.2800  0.000001
   33.2000     2.2800  0.000001
   33.6000     2.2800  0.000001
   34.0000     2.2800  0.000001
   34.4000     2.2800  0.000001
   34.8000     2.2800  0.000001
   35.2000     2.2800  0.000001
   35.6000     2.2800  0.000001
   36.0000     2.2800  0.000001
   36.4000     2.2800  0.000002
   36.8000     2.2800  0.000001
   37.2000     2.2800  0.000000
   37.6000     2.2800  0.000000
   38.0000     2.2800  0.000000
   38.4000     2.2800  0.000000
   38.8000     2.2800  0.000000
   39.2000     2.2800  0.000000
   39.6000     2.2800  0.000000
    0.0000     2.3600  0.000000
    0.4000     2.3600  0.000000
    0.8000     2.3600  0.000000
    1.2000     2.3600  0.000000
    1.6000     2.3600  0.000000
    2.0000     2.3600  0.000000
    2.4000     2.3600  0.000000
    2.8000     2.3600  0.000000
    3.2000     2.3600  0.000000
    3.6000     2.3600  0.000000
    4.0000     2.3600  0.000000
    4.4000     2.3600  0.000000
    4.8000     2.3600  0.000001
    5.2000     2.3600  0.000008
    5.6000     2.3600  0.000021
    6.0000     2.3600  0.000034
    6.4000     2.3600  0.000051
    6.8000     2.3600  0.000062
    7.2000     2.3600  0.000081
    7.6000     2.3600  0.000082
    8.0000     2.3600  0.000076
    8.4000     2.3600  0.000078
    8.8000     2.3600  0.000071
    9.2000     2.3600  0.000080
    9.6000     2.3600  0.000087
   10.0000     2.3600  0.000105
   10.4000     2.3600  0.000108
   10.8000     2.3600  0.000131
   11.2000     2.3600  0.000137
   11.6000     2.3600  0.000164
   12.0000     2.3600  0.000164
   12.4000     2.3600  0.000161
   12.8000     2.3600  0.000161
   13.2000     2.3600  0.000150
   13.6000     2.3600  0.000155
   14.0000     2.3600  0.000158
   14.4000     2.3600  0.000153
   14.8000     2.3600  0.000153
   15.2000     2.3600  0.000141
   15.6000     2.3600  0.000152
   16.0000     2.3600  0.000145
   16.4000     2.3600  0.000159
   16.8000     2.3600  0.000154
   17.2000     2.3600  0.000141
   17.6000     2.3600  0.000129
   18.0000     2.3600  0.000109
   18.4000     2.3600  0.000090
   18.8000     2.3600  0.000072
   19.2000     2.3600  0.000061
   19.6000     2.3600  0.000061
   20.0000     2.3600  0.000078
   20.4000     2.3600  0.000123
   20.8000     2.3600  0.000166
   21.2000     2.3600  0.000243
   21.6000     2.3600  0.000298
   22.0000     2.3600  0.000381
   22.4000     2.3600  0.000471
   22.8000     2.3600  0.000563
   23.2000     2.3600  0.000694
   23.6000     2.3600  0.000896
   24.0000     2.3600  0.001080
   24.4000     2.3600  0.001255
   24.8000     2.3600  0.001528
   25.2000     2.3600  0.001647
   25.6000     2.3600  0.001664
   26.0000     2.3600  0.001685
   26.4000     2.3600  0.001504
   26.8000     2.3600  0.001401
   27.2000     2.3600  0.000867
   27.6000     2.3600  0.001076
   28.0000     2.3600  0.000971
   28.4000     2.3600  0.000809
   28.8000     2.3600  0.000675
   29.2000     2.3600  0.000545
   29.6000     2.3600  0.000449
   30.0000     2.3600  0.000365
   30.4000     2.3600  0.000286
   30.8000     2.3600  0.000217
   31.2000     2.3600  0.000151
   31.6000     2.3600  0.000091
   32.0000     2.3600  0.000038
   32.4000     2.3600  0.000017
   32.8000     2.3600  0.000004
   33.2000     2.3600  0.000003
   33.6000     2.3600  0.000003
   34.0000     2.3600  0.000001
   34.4000     2.3600  0.000004
   34.8000     2.3600  0.000009
   35.2000     2.3600  0.000008
   35.6000     2.3600  0.000007
   36.0000     2.3600  0.000003
   36.4000     2.3600  0.000006
   36.8000     2.3600  0.000001
   37.2000     2.3600  0.000001
   37.6000     2.3600  0.000003
   38.0000     2.3600  0.000001
   38.4000     2.3600  0.000001
   38.8000     2.3600  0.000001
   39.2000     2.3600  0.000001
   39.6000     2.3600  0.000000
    0.0000     2.4400  0.000001
    0.4000     2.4400  0.000000
    0.8000     2.4400  0.000000
    1.2000     2.4400  0.000000
    1.6000     2.4400  0.000000
    2.0000     2.4400  0.000001
    2.4000     2.4400  0.000000
    2.8000     2.4400  0.000000
    3.2000     2.4400  0.000000
    3.6000     2.4400  0.000000
    4.0000     2.4400  0.000000
    4.4000     2.4400  0.000001
    4.8000     2.4400  0.000000
    5.2000     2.4400  0.000007
    5.6000     2.4400  0.000012
    6.0000     2.4400  0.000034
    6.4000     2.4400  0.000060
    6.8000     2.4400  0.000069
    7.2000     2.4400  0.000088
    7.6000     2.4400  0.000086
    8.0000     2.4400  0.000096
    8.4000     2.4400  0.000100
    8.8000     2.4400  0.000096
    9.2000     2.4400  0.000080
    9.6000     2.4400  0.000090
   10.0000     2.4400  0.000096
   10.4000     2.4400  0.000115
   10.8000     2.4400  0.000133
   11.2000     2.4400  0.000148
   11.6000     2.4400  0.000167
   12.0000     2.4400  0.000175
   12.4000     2.4400  0.000175
   12.8000     2.4400  0.000166
   13.2000     2.4400  0.000158
   13.6000     2.4400  0.000160
   14.0000     2.4400  0.000142
   14.4000     2.4400  0.000148
   14.8000     2.4400  0.000140
   15.2000     2.4400  0.000130
   15.6000     2.4400  0.000139
   16.0000     2.4400  0.000146
   16.4000     2.4400  0.000143
   16.8000     2.4400  0.000152
   17.2000     2.4400  0.000155
   17.6000     2.4400  0.000152
   18.0000     2.4400  0.000128
   18.4000     2.4400  0.000112
   18.8000     2.4400  0.000084
   19.2000     2.4400  0.000072
   19.6000     2.4400  0.000064
   20.0000     2.4400  0.000060
   20.4000     2.4400  0.000081
   20.8000     2.4400  0.000124
   21.2000     2.4400  0.000180
   21.6000     2.4400  0.000237
   22.0000     2.4400  0.000305
   22.4000     2.4400  0.000383
   22.8000     2.4400  0.000499
   23.2000     2.4400  0.000623
   23.6000     2.4400  0.000790
   24.0000     2.4400  0.000976
   24.4000     2.4400  0.001201
   24.8000     2.4400  0.001419
   25.2000     2.4400  0.001511
   25.6000     2.4400  0.001751
   26.0000     2.4400  0.001794
   26.4000     2.4400  0.001754
   26.8000     2.4400  0.001606
   27.2000     2.4400  0.001530
   27.6000     2.4400  0.001308
   28.0000     2.4400  0.001208
   28.4000     2.4400  0.001047
   28.8000     2.4400  0.000835
   29.2000     2.4400  0.000680
   29.6000     2.4400  0.000525
   30.0000     2.4400  0.000420
   30.4000     2.4400  0.000334
   30.8000     2.4400  0.000259
   31.2000     2.4400  0.000192
   31.6000     2.4400  0.000144
   32.0000     2.4400  0.000087
   32.4000     2.4400  0.000052
   32.8000     2.4400  0.000029
   33.2000     2.4400  0.000022
   33.6000     2.4400  0.000006
   34.0000     2.4400  0.000019
   34.4000     2.4400  0.000013
   34.8000     2.4400  0.000015
   35.2000     2.4400  0.000011
   35.6000     2.4400  0.000013
   36.0000     2.4400  0.000018
   36.4000     2.4400  0.000013
   36.8000     2.4400  0.000010
   37.2000     2.4400  0.000008
   37.6000     2.4400  0.000004
   38.0000     2.4400  0.000002
   38.4000     2.4400  0.000001
   38.8000     2.4400  0.000001
   39.2000     2.4400  0.000000
   39.6000     2.4400  0.000001
    0.0000     2.5200  0.000000
    0.4000     2.5200  0.000000
    0.8000     2.5200  0.000001
    1.2000     2.5200  0.000000
    1.6000     2.5200  0.000002
    2.0000     2.5200  0.000001
    2.4000     2.5200  0.000000
    2.8000     2.5200  0.000000
    3.2000     2.5200  0.000000
    3.6000     2.5200  0.000000
    4.0000     2.5200  0.000000
    4.4000     2.5200  0.000000
    4.8000     2.5200  0.000000
    5.2000     2.5200  0.000003
    5.6000     2.5200  0.000012
    6.0000     2.5200  0.000030
    6.4000     2.5200  0.000051
    6.8000     2.5200  0.000074
    7.2000     2.5200  0.000093
    7.6000     2.5200  0.000104
    8.0000     2.5200  0.000104
    8.4000     2.5200  0.000111
    8.8000     2.5200  0.000099
    9.2000     2.5200  0.000099
    9.6000     2.5200  0.000095
   10.0000     2.5200  0.000103
   10.4000     2.5200  0.000115
   10.8000     2.5200  0.000120
   11.2000     2.5200  0.000139
   11.6000     2.5200  0.000145
   12.0000     2.5200  0.000157
   12.4000     2.5200  0.000174
   12.8000     2.5200  0.000174
   13.2000     2.5200  0.000167
   13.6000     2.5200  0.000144
   14.0000     2.5200  0.000137
   14.4000     2.5200  0.000130
   14.8000     2.5200  0.000120
   15.2000     2.5200  0.000119
   15.6000     2.5200  0.000123
   16.0000     2.5200  0.000120
   16.4000     2.5200  0.000136
   16.8000     2.5200  0.000128
   17.2000     2.5200  0.000147
   17.6000     2.5200  0.000138
   18.0000     2.5200  0.000138
   18.4000     2.5200  0.000120
   18.8000     2.5200  0.000100
   19.2000     2.5200  0.000092
   19.6000     2.5200  0.000075
   20.0000     2.5200  0.000063
   20.4000     2.5200  0.000063
   20.8000     2.5200  0.000089
   21.2000     2.5200  0.000130
   21.6000     2.5200  0.000187
   22.0000     2.5200  0.000273
   22.4000     2.5200  0.000348
   22.8000     2.5200  0.000424
   23.2000     2.5200  0.000539
   23.6000     2.5200  0.000679
   24.0000     2.5200  0.000857
   24.4000     2.5200  0.001054
   24.8000     2.5200  0.001329
   25.2000     2.5200  0.001488
   25.6000     2.5200  0.001625
   26.0000     2.5200  0.001759
   26.4000     2.5200  0.001688
   26.8000     2.5200  0.001821
   27.2000     2.5200  0.001673
   27.6000     2.5200  0.001617
   28.0000     2.5200  0.001387
   28.4000     2.5200  0.001257
   28.8000     2.5200  0.001107
   29.2000     2.5200  0.000924
   29.6000     2.5200  0.000670
   30.0000     2.5200  0.000510
   30.4000     2.5200  0.000381
   30.8000     2.5200  0.000297
   31.2000     2.5200  0.000236
   31.6000     2.5200  0.000181
   32.0000     2.5200  0.000139
   32.4000     2.5200  0.000102
   32.8000     2.5200  0.000069
   33.2000     2.5200  0.000048
   33.6000     2.5200  0.000044
   34.0000     2.5200  0.000038
   34.4000     2.5200  0.000035
   34.8000     2.5200  0.000029
   35.2000     2.5200  0.000037
   35.6000     2.5200  0.000033
   36.0000     2.5200  0.000036
   36.4000     2.5200  0.000036
   36.8000     2.5200  0.000038
   37.2000     2.5200  0.000034
   37.6000     2.5200  0.000017
   38.0000     2.5200  0.000009
   38.4000     2.5200  0.000005
   38.8000     2.5200  0.000001
   39.2000     2.5200  0.000001
   39.6000     2.5200  0.000000
    0.0000     2.6000  0.000000
    0.4000     2.6000  0.000000
    0.8000     2.6000  0.000000
    1.2000     2.6000  0.000001
    1.6000     2.6000  0.000000
    2.0000     2.6000  0.000000
    2.4000     2.6000  0.000000
    2.8000     2.6000  0.000000
    3.2000     2.6000  0.000000
    3.6000     2.6000  0.000000
    4.0000     2.6000  0.000001
    4.4000     2.6000  0.000001
    4.8000     2.6000  0.000000
    5.2000     2.6000  0.000002
    5.6000     2.6000  0.000004
    6.0000     2.6000  0.000023
    6.4000     2.6000  0.000037
    6.8000     2.6000  0.000060
    7.2000     2.6000  0.000082
    7.6000     2.6000  0.000113
    8.0000     2.6000  0.000112
    8.4000     2.6000  0.000109
    8.8000     2.6000  0.000113
    9.2000     2.6000  0.000117
    9.6000     2.6000  0.000096
   10.0000     2.6000  0.000097
   10.4000     2.6000  0.000102
   10.8000     2.6000  0.000121
   11.2000     2.6000  0.000121
   11.6000     2.6000  0.000130
   12.0000     2.6000  0.000139
   12.4000     2.6000  0.000172
   12.8000     2.6000  0.000165
   13.2000     2.6000  0.000160
   13.6000     2.6000  0.000138
   14.0000     2.6000  0.000141
   14.4000     2.6000  0.000121
   14.8000     2.6000  0.000115
   15.2000     2.6000  0.000106
   15.6000     2.6000  0.000095
   16.0000     2.6000  0.000097
   16.4000     2.6000  0.000111
   16.8000     2.6000  0.000115
   17.2000     2.6000  0.000118
   17.6000     2.6000  0.000121
   18.0000     2.6000  0.000132
   18.4000     2.6000  0.000118
   18.8000     2.6000  0.000108
   19.2000     2.6000  0.000095
   19.6000     2.6000  0.000082
   20.0000     2.6000  0.000066
   20.4000     2.6000  0.000075
   20.8000     2.6000  0.000062
   21.2000     2.6000  0.000095
   21.6000     2.6000  0.000156
   22.0000     2.6000  0.000225
   22.4000     2.6000  0.000292
   22.8000     2.6000  0.000380
   23.2000     2.6000  0.000468
   23.6000     2.6000  0.000583
   24.0000     2.6000  0.000748
   24.4000     2.6000  0.000898
   24.8000     2.6000  0.001143
   25.2000     2.6000  0.001415
   25.6000     2.6000  0.001483
   26.0000     2.6000  0.001642
   26.4000     2.6000  0.001758
   26.8000     2.6000  0.001778
   27.2000     2.6000  0.001778
   27.6000     2.6000  0.001734
   28.0000     2.6000  0.001598
   28.4000     2.6000  0.001433
   28.8000     2.6000  0.001261
   29.2000     2.6000  0.001105
   29.6000     2.6000  0.000812
   30.0000     2.6000  0.000617
   30.4000     2.6000  0.000460
   30.8000     2.6000  0.000353
   31.2000     2.6000  0.000275
   31.6000     2.6000  0.000237
   32.0000     2.6000  0.000181
   32.4000     2.6000  0.000142
   32.8000     2.6000  0.000115
   33.2000     2.6000  0.000092
   33.6000     2.6000  0.000070
   34.0000     2.6000  0.000069
   34.4000     2.6000  0.000067
   34.8000     2.6000  0.000071
   35.2000     2.6000  0.000061
   35.6000     2.6000  0.000058
   36.0000     2.6000  0.000060
   36.4000     2.6000  0.000064
   36.8000     2.6000  0.000062
   37.2000     2.6000  0.000072
   37.6000     2.6000  0.000046
   38.0000     2.6000  0.000038
   38.4000     2.6000  0.000020
   38.8000     2.6000  0.000008
   39.2000     2.6000  0.000002
   39.6000     2.6000  0.000000
    0.0000     2.6800  0.000000
    0.4000     2.6800  0.000000
    0.8000     2.6800  0.000000
    1.2000     2.6800  0.000000
    1.6000     2.6800  0.000000
    2.0000     2.6800  0.000000
    2.4000     2.6800  0.000000
    2.8000     2.6800  0.000000
    3.2000     2.6800  0.000000
    3.6000     2.6800  0.000000
    4.0000     2.6800  0.000000
    4.4000     2.6800  0.000000
    4.8000     2.6800  0.000000
    5.2000     2.6800  0.000001
    5.6000     2.6800  0.000002
    6.0000     2.6800  0.000010
    6.4000     2.6800  0.000022
    6.8000     2.6800  0.000047
    7.2000     2.6800  0.000069
    7.6000     2.6800  0.000102
    8.0000     2.6800  0.000107
    8.4000     2.6800  0.000108
    8.8000     2.6800  0.000103
    9.2000     2.6800  0.000110
    9.6000     2.6800  0.000113
   10.0000     2.6800  0.000101
   10.4000     2.6800  0.000107
   10.8000     2.6800  0.000106
   11.2000     2.6800  0.000119
   11.6000     2.6800  0.000120
   12.0000     2.6800  0.000123
   12.4000     2.6800  0.000142
   12.8000     2.6800  0.000145
   13.2000     2.6800  0.000148
   13.6000     2.6800  0.000138
   14.0000     2.6800  0.000127
   14.4000     2.6800  0.000118
   14.8000     2.6800  0.000096
   15.2000     2.6800  0.000092
   15.6000     2.6800  0.000077
   16.0000     2.6800  0.000085
   16.4000     2.6800  0.000085
   16.8000     2.6800  0.000101
   17.2000     2.6800  0.000099
   17.6000     2.6800  0.000108
   18.0000     2.6800  0.000111
   18.4000     2.6800  0.000122
   18.8000     2.6800  0.000113
   19.2000     2.6800  0.000101
   19.6000     2.6800  0.000082
   20.0000     2.6800  0.000069
   20.4000     2.6800  0.000061
   20.8000     2.6800  0.000053
   21.2000     2.6800  0.000065
   21.6000     2.6800  0.000096
   22.0000     2.6800  0.000163
   22.4000     2.6800  0.000239
   22.8000     2.6800  0.000322
   23.2000     2.6800  0.000439
   23.6000     2.6800  0.000526
   24.0000     2.6800  0.000646
   24.4000     2.6800  0.000785
   24.8000     2.6800  0.001041
   25.2000     2.6800  0.001225
   25.6000     2.6800  0.001433
   26.0000     2.6800  0.001625
   26.4000     2.6800  0.001650
   26.8000     2.6800  0.001799
   27.2000     2.6800  0.001808
   27.6000     2.6800  0.001702
   28.0000     2.6800  0.001732
   28.4000     2.6800  0.001650
   28.8000     2.6800  0.001483
   29.2000     2.6800  0.001270
   29.6000     2.6800  0.000962
   30.0000     2.6800  0.000776
   30.4000     2.6800  0.000535
   30.8000     2.6800  0.000414
   31.2000     2.6800  0.000308
   31.6000     2.6800  0.000245
   32.0000     2.6800  0.000201
   32.4000     2.6800  0.000178
   32.8000     2.6800  0.000149
   33.2000     2.6800  0.000129
   33.6000     2.6800  0.000119
   34.0000     2.6800  0.000105
   34.4000     2.6800  0.000088
   34.8000     2.6800  0.000085
   35.2000     2.6800  0.000089
   35.6000     2.6800  0.000069
   36.0000     2.6800  0.000082
   36.4000     2.6800  0.000082
   36.8000     2.6800  0.000087
   37.2000     2.6800  0.000090
   37.6000     2.6800  0.000083
   38.0000     2.6800  0.000068
   38.4000     2.6800  0.000054
   38.8000     2.6800  0.000027
   39.2000     2.6800  0.000011
   39.6000     2.6800  0.000003
    0.0000     2.7600  0.000000
    0.4000     2.7600  0.000000
    0.8000     2.7600  0.000000
    1.2000     2.7600  0.000001
    1.6000     2.7600  0.000001
    2.0000     2.7600  0.000000
    2.4000     2.7600  0.000001
    2.8000     2.7600  0.000000
    3.2000     2.7600  0.000000
    3.6000     2.7600  0.000000
    4.0000     2.7600  0.000000
    4.4000     2.7600  0.000000
    4.8000     2.7600  0.000000
    5.2000     2.7600  0.000000
    5.6000     2.7600  0.000002
    6.0000     2.7600  0.000007
    6.4000     2.7600  0.000018
    6.8000     2.7600  0.000035
    7.2000     2.7600  0.000053
    7.6000     2.7600  0.000077
    8.0000     2.7600  0.000085
    8.4000     2.7600  0.000104
    8.8000     2.7600  0.000103
    9.2000     2.7600  0.000104
    9.6000     2.7600  0.000098
   10.0000     2.7600  0.000102
   10.4000     2.7600  0.000096
   10.8000     2.7600  0.000098
   11.2000     2.7600  0.000098
   11.6000     2.7600  0.000101
   12.0000     2.7600  0.000120
   12.4000     2.7600  0.000125
   12.8000     2.7600  0.000125
   13.2000     2.7600  0.000134
   13.6000     2.7600  0.000134
   14.0000     2.7600  0.000128
   14.4000     2.7600  0.000115
   14.8000     2.7600  0.000098
   15.2000     2.7600  0.000081
   15.6000     2.7600  0.000074
   16.0000     2.7600  0.000068
   16.4000     2.7600  0.000068
   16.8000     2.7600  0.000072
   17.2000     2.7600  0.000086
   17.6000     2.7600  0.000089
   18.0000     2.7600  0.000095
   18.4000     2.7600  0.000103
   18.8000     2.7600  0.000108
   19.2000     2.7600  0.000108
   19.6000     2.7600  0.000088
   20.0000     2.7600  0.000070
   20.4000     2.7600  0.000059
   20.8000     2.7600  0.000057
   21.2000     2.7600  0.000061
   21.6000     2.7600  0.000087
   22.0000     2.7600  0.000121
   22.4000     2.7600  0.000198
   22.8000     2.7600  0.000296
   23.2000     2.7600  0.000381
   23.6000     2.7600  0.000482
   24.0000     2.7600  0.000581
   24.4000     2.7600  0.000719
   24.8000     2.7600  0.000855
   25.2000     2.7600  0.001035
   25.6000     2.7600  0.001213
   26.0000     2.7600  0.001382
   26.4000     2.7600  0.001545
   26.8000     2.7600  0.001700
   27.2000     2.7600  0.001757
   27.6000     2.7600  0.001766
   28.0000     2.7600  0.001762
   28.4000     2.7600  0.001739
   28.8000     2.7600  0.001611
   29.2000     2.7600  0.001336
   29.6000     2.7600  0.001159
   30.0000     2.7600  0.000921
   30.4000     2.7600  0.000712
   30.8000     2.7600  0.000538
   31.2000     2.7600  0.000393
   31.6000     2.7600  0.000300
   32.0000     2.7600  0.000252
   32.4000     2.7600  0.000219
   32.8000     2.7600  0.000217
   33.2000     2.7600  0.000193
   33.6000     2.7600  0.000173
   34.0000     2.7600  0.000165
   34.4000     2.7600  0.000150
   34.8000     2.7600  0.000140
   35.2000     2.7600  0.000140
   35.6000     2.7600  0.000134
   36.0000     2.7600  0.000139
   36.4000     2.7600  0.000137
   36.8000     2.7600  0.000142
   37.2000     2.7600  0.000146
   37.6000     2.7600  0.000132
   38.0000     2.7600  0.000133
   38.4000     2.7600  0.000113
   38.8000     2.7600  0.000093
   39.2000     2.7600  0.000069
   39.6000     2.7600  0.000051
    0.0000     2.8400  0.000000
    0.4000     2.8400  0.000000
    0.8000     2.8400  0.000000
    1.2000     2.8400  0.000000
    1.6000     2.8400  0.000000
    2.0000     2.8400  0.000000
    2.4000     2.8400  0.000000
    2.8000     2.8400  0.000000
    3.2000     2.8400  0.000000
    3.6000     2.8400  0.000000
    4.0000     2.8400  0.000000
    4.4000     2.8400  0.000000
    4.8000     2.8400  0.000000
    5.2000     2.8400  0.000000
    5.6000     2.8400  0.000000
    6.0000     2.8400  0.000004
    6.4000     2.8400  0.000010
    6.8000     2.8400  0.000018
    7.2000     2.8400  0.000035
    7.6000     2.8400  0.000053
    8.0000     2.8400  0.000076
    8.4000     2.8400  0.000079
    8.8000     2.8400  0.000092
    9.2000     2.8400  0.000088
    9.6000     2.8400  0.000090
   10.0000     2.8400  0.000096
   10.4000     2.8400  0.000083
   10.8000     2.8400  0.000086
   11.2000     2.8400  0.000089
   11.6000     2.8400  0.000094
   12.0000     2.8400  0.000097
   12.4000     2.8400  0.000096
   12.8000     2.8400  0.000101
   13.2000     2.8400  0.000103
   13.6000     2.8400  0.000116
   14.0000     2.8400  0.000113
   14.4000     2.8400  0.000108
   14.8000     2.8400  0.000087
   15.2000     2.8400  0.000075
   15.6000     2.8400  0.000068
   16.0000     2.8400  0.000056
   16.4000     2.8400  0.000050
   16.8000     2.8400  0.000044
   17.2000     2.8400  0.000050
   17.6000     2.8400  0.000068
   18.0000     2.8400  0.000077
   18.4000     2.8400  0.000080
   18.8000     2.8400  0.000091
   19.2000     2.8400  0.000084
   19.6000     2.8400  0.000077
   20.0000     2.8400  0.000068
   20.4000     2.8400  0.000055
   20.8000     2.8400  0.000045
   21.2000     2.8400  0.000042
   21.6000     2.8400  0.000061
   22.0000     2.8400  0.000087
   22.4000     2.8400  0.000158
   22.8000     2.8400  0.000223
   23.2000     2.8400  0.000314
   23.6000     2.8400  0.000424
   24.0000     2.8400  0.000530
   24.4000     2.8400  0.000647
   24.8000     2.8400  0.000761
   25.2000     2.8400  0.000916
   25.6000     2.8400  0.001126
   26.0000     2.8400  0.001270
   26.4000     2.8400  0.001461
   26.8000     2.8400  0.001587
   27.2000     2.8400  0.001618
   27.6000     2.8400  0.001666
   28.0000     2.8400  0.001638
   28.4000     2.8400  0.001620
   28.8000     2.8400  0.001502
   29.2000     2.8400  0.001429
   29.6000     2.8400  0.001215
   30.0000     2.8400  0.000978
   30.4000     2.8400  0.000788
   30.8000     2.8400  0.000600
   31.2000     2.8400  0.000437
   31.6000     2.8400  0.000316
   32.0000     2.8400  0.000260
   32.4000     2.8400  0.000211
   32.8000     2.8400  0.000197
   33.2000     2.8400  0.000182
   33.6000     2.8400  0.000164
   34.0000     2.8400  0.000165
   34.4000     2.8400  0.000156
   34.8000     2.8400  0.000139
   35.2000     2.8400  0.000138
   35.6000     2.8400  0.000139
   36.0000     2.8400  0.000128
   36.4000     2.8400  0.000135
   36.8000     2.8400  0.000132
   37.2000     2.8400  0.000148
   37.6000     2.8400  0.000140
   38.0000     2.8400  0.000136
   38.4000     2.8400  0.000124
   38.8000     2.8400  0.000115
   39.2000     2.8400  0.000092
   39.6000     2.8400  0.000062
    0.0000     2.9200  0.000000
    0.4000     2.9200  0.000000
    0.8000     2.9200  0.000000
    1.2000     2.9200  0.000000
    1.6000     2.9200  0.000000
    2.0000     2.9200  0.000000
    2.4000     2.9200  0.000000
    2.8000     2.9200  0.000000
    3.2000     2.9200  0.000000
    3.6000     2.9200  0.000000
    4.0000     2.9200  0.000000
    4.4000     2.9200  0.000000
    4.8000     2.9200  0.000000
    5.2000     2.9200  0.000000
    5.6000     2.9200  0.000000
    6.0000     2.9200  0.000002
    6.4000     2.9200  0.000008
    6.8000     2.9200  0.000011
    7.2000     2.9200  0.000025
    7.6000     2.9200  0.000045
    8.0000     2.9200  0.000054
    8.4000     2.9200  0.000063
    8.8000     2.9200  0.000074
    9.2000     2.9200  0.000080
    9.6000     2.9200  0.000073
   10.0000     2.9200  0.000074
   10.4000     2.9200  0.000085
   10.8000     2.9200  0.000081
   11.2000     2.9200  0.000074
   11.6000     2.9200  0.000080
   12.0000     2.9200  0.000076
   12.4000     2.9200  0.000083
   12.8000     2.9200  0.000080
   13.2000     2.9200  0.000094
   13.6000     2.9200  0.000084
   14.0000     2.9200  0.000097
   14.4000     2.9200  0.000090
   14.8000     2.9200  0.000076
   15.2000     2.9200  0.000070
   15.6000     2.9200  0.000062
   16.0000     2.9200  0.000046
   16.4000     2.9200  0.000041
   16.8000     2.9200  0.000037
   17.2000     2.9200  0.000037
   17.6000     2.9200  0.000047
   18.0000     2.9200  0.000050
   18.4000     2.9200  0.000062
   18.8000     2.9200  0.000070
   19.2000     2.9200  0.000072
   19.6000     2.9200  0.000069
   20.0000     2.9200  0.000065
   20.4000     2.9200  0.000044
   20.8000     2.9200  0.000041
   21.2000     2.9200  0.000042
   21.6000     2.9200  0.000034
   22.0000     2.9200  0.000054
   22.4000     2.9200  0.000095
   22.8000     2.9200  0.000157
   23.2000     2.9200  0.000257
   23.6000     2.9200  0.000367
   24.0000     2.9200  0.000466
   24.4000     2.9200  0.000575
   24.8000     2.9200  0.000703
   25.2000     2.9200  0.000853
   25.6000     2.9200  0.001013
   26.0000     2.9200  0.001115
   26.4000     2.9200  0.001334
   26.8000     2.9200  0.001424
   27.2000     2.9200  0.001475
   27.6000     2.9200  0.001530
   28.0000     2.9200  0.001526
   28.4000     2.9200  0.001554
   28.8000     2.9200  0.001355
   29.2000     2.9200  0.001414
   29.6000     2.9200  0.001170
   30.0000     2.9200  0.001015
   30.4000     2.9200  0.000802
   30.8000     2.9200  0.000638
   31.2000     2.9200  0.000486
   31.6000     2.9200  0.000355
   32.0000     2.9200  0.000248
   32.4000     2.9200  0.000189
   32.8000     2.9200  0.000164
   33.2000     2.9200  0.000147
   33.6000     2.9200  0.000147
   34.0000     2.9200  0.000140
   34.4000     2.9200  0.000146
   34.8000     2.9200  0.000136
   35.2000     2.9200  0.000132
   35.6000     2.9200  0.000135
   36.0000     2.9200  0.000128
   36.4000     2.9200  0.000121
   36.8000     2.9200  0.000127
   37.2000     2.9200  0.000128
   37.6000     2.9200  0.000123
   38.0000     2.9200  0.000126
   38.4000     2.9200  0.000123
   38.8000     2.9200  0.000112
   39.2000     2.9200  0.000100
   39.6000     2.9200  0.000081
    0.0000     3.0000  0.000000
    0.4000     3.0000  0.000000
    0.8000     3.0000  0.000000
    1.2000     3.0000  0.000000
    1.6000     3.0000  0.000000
    2.0000     3.0000  0.000000
    2.4000     3.0000  0.000000
    2.8000     3.0000  0.000000
    3.2000     3.0000  0.000000
    3.6000     3.0000  0.000000
    4.0000     3.0000  0.000000
    4.4000     3.0000  0.000000
    4.8000     3.0000  0.000001
    5.2000     3.0000  0.000000
    5.6000     3.0000  0.000001
    6.0000     3.0000  0.000004
    6.4000     3.0000  0.000010
    6.8000     3.0000  0.000013
    7.2000     3.0000  0.000026
    7.6000     3.0000  0.000026
    8.0000     3.0000  0.000043
    8.4000     3.0000  0.000056
    8.8000     3.0000  0.000064
    9.2000     3.0000  0.000059
    9.6000     3.0000  0.000064
   10.0000     3.0000  0.000074
   10.4000     3.0000  0.000069
   10.8000     3.0000  0.000069
   11.2000     3.0000  0.000074
   11.6000     3.0000  0.000070
   12.0000     3.0000  0.000068
   12.4000     3.0000  0.000074
   12.8000     3.0000  0.000079
   13.2000     3.0000  0.000070
   13.6000     3.0000  0.000079
   14.0000     3.0000  0.000089
   14.4000     3.0000  0.000084
   14.8000     3.0000  0.000085
   15.2000     3.0000  0.000074
   15.6000     3.0000  0.000059
   16.0000     3.0000  0.000045
   16.4000     3.0000  0.000040
   16.8000     3.0000  0.000033
   17.2000     3.0000  0.000028
   17.6000     3.0000  0.000035
   18.0000     3.0000  0.000039
   18.4000     3.0000  0.000051
   18.8000     3.0000  0.000063
   19.2000     3.0000  0.000072
   19.6000     3.0000  0.000069
   20.0000     3.0000  0.000062
   20.4000     3.0000  0.000050
   20.8000     3.0000  0.000038
   21.2000     3.0000  0.000026
   21.6000     3.0000  0.000023
   22.0000     3.0000  0.000028
   22.4000     3.0000  0.000060
   22.8000     3.0000  0.000122
   23.2000     3.0000  0.000205
   23.6000     3.0000  0.000299
   24.0000     3.0000  0.000406
   24.4000     3.0000  0.000510
   24.8000     3.0000  0.000644
   25.2000     3.0000  0.000775
   25.6000     3.0000  0.000869
   26.0000     3.0000  0.001036
   26.4000     3.0000  0.001172
   26.8000     3.0000  0.001252
   27.2000     3.0000  0.001374
   27.6000     3.0000  0.001378
   28.0000     3.0000  0.001380
   28.4000     3.0000  0.001359
   28.8000     3.0000  0.001312
   29.2000     3.0000  0.001133
   29.6000     3.0000  0.001089
   30.0000     3.0000  0.000921
   30.4000     3.0000  0.000732
   30.8000     3.0000  0.000583
   31.2000     3.0000  0.000441
   31.6000     3.0000  0.000309
   32.0000     3.0000  0.000211
   32.4000     3.0000  0.000136
   32.8000     3.0000  0.000095
   33.2000     3.0000  0.000080
   33.6000     3.0000  0.000071
   34.0000     3.0000  0.000076
   34.4000     3.0000  0.000076
   34.8000     3.0000  0.000079
   35.2000     3.0000  0.000071
   35.6000     3.0000  0.000061
   36.0000     3.0000  0.000056
   36.4000     3.0000  0.000061
   36.8000     3.0000  0.000061
   37.2000     3.0000  0.000058
   37.6000     3.0000  0.000064
   38.0000     3.0000  0.000060
   38.4000     3.0000  0.000077
   38.8000     3.0000  0.000061
   39.2000     3.0000  0.000061
   39.6000     3.0000  0.000043
    0.0000     3.0800  0.000001
    0.4000     3.0800  0.000000
    0.8000     3.0800  0.000000
    1.2000     3.0800  0.000000
    1.6000     3.0800  0.000000
    2.0000     3.0800  0.000000
    2.4000     3.0800  0.000000
    2.8000     3.0800  0.000000
    3.2000     3.0800  0.000000
    3.6000     3.0800  0.000000
    4.0000     3.0800  0.000000
    4.4000     3.0800  0.000000
    4.8000     3.0800  0.000000
    5.2000     3.0800  0.000000
    5.6000     3.0800  0.000000
    6.0000     3.0800  0.000000
    6.4000     3.0800  0.000004
    6.8000     3.0800  0.000007
    7.2000     3.0800  0.000014
    7.6000     3.0800  0.000017
    8.0000     3.0800  0.000038
    8.4000     3.0800  0.000038
    8.8000     3.0800  0.000048
    9.2000     3.0800  0.000046
    9.6000     3.0800  0.000047
   10.0000     3.0800  0.000061
   10.4000     3.0800  0.000060
   10.8000     3.0800  0.000059
   11.2000     3.0800  0.000064
   11.6000     3.0800  0.000056
   12.0000     3.0800  0.000060
   12.4000     3.0800  0.000062
   12.8000     3.0800  0.000056
   13.2000     3.0800  0.000051
   13.6000     3.0800  0.000066
   14.0000     3.0800  0.000066
   14.4000     3.0800  0.000063
   14.8000     3.0800  0.000057
   15.2000     3.0800  0.000060
   15.6000     3.0800  0.000057
   16.0000     3.0800  0.000046
   16.4000     3.0800  0.000041
   16.8000     3.0800  0.000031
   17.2000     3.0800  0.000029
   17.6000     3.0800  0.000023
   18.0000     3.0800  0.000031
   18.4000     3.0800  0.000039
   18.8000     3.0800  0.000041
   19.2000     3.0800  0.000054
   19.6000     3.0800  0.000061
   20.0000     3.0800  0.000054
   20.4000     3.0800  0.000041
   20.8000     3.0800  0.000041
   21.2000     3.0800  0.000022
   21.6000     3.0800  0.000015
   22.0000     3.0800  0.000013
   22.4000     3.0800  0.000029
   22.8000     3.0800  0.000073
   23.2000     3.0800  0.000138
   23.6000     3.0800  0.000234
   24.0000     3.0800  0.000353
   24.4000     3.0800  0.000437
   24.8000     3.0800  0.000573
   25.2000     3.0800  0.000659
   25.6000     3.0800  0.000800
   26.0000     3.0800  0.000920
   26.4000     3.0800  0.001029
   26.8000     3.0800  0.001101
   27.2000     3.0800  0.001200
   27.6000     3.0800  0.001254
   28.0000     3.0800  0.001274
   28.4000     3.0800  0.001218
   28.8000     3.0800  0.001177
   29.2000     3.0800  0.001003
   29.6000     3.0800  0.000908
   30.0000     3.0800  0.000781
   30.4000     3.0800  0.000672
   30.8000     3.0800  0.000533
   31.2000     3.0800  0.000416
   31.6000     3.0800  0.000302
   32.0000     3.0800  0.000206
   32.4000     3.0800  0.000121
   32.8000     3.0800  0.000081
   33.2000     3.0800  0.000046
   33.6000     3.0800  0.000033
   34.0000     3.0800  0.000042
   34.4000     3.0800  0.000036
   34.8000     3.0800  0.000040
   35.2000     3.0800  0.000048
   35.6000     3.0800  0.000039
   36.0000     3.0800  0.000037
   36.4000     3.0800  0.000030
   36.8000     3.0800  0.000035
   37.2000     3.0800  0.000030
   37.6000     3.0800  0.000026
   38.0000     3.0800  0.000035
   38.4000     3.0800  0.000039
   38.8000     3.0800  0.000042
   39.2000     3.0800  0.000040
   39.6000     3.0800  0.000037
    0.0000     3.1600  0.000000
    0.4000     3.1600  0.000000
    0.8000     3.1600  0.000000
    1.2000     3.1600  0.000000
    1.6000     3.1600  0.000000
    2.0000     3.1600  0.000000
    2.4000     3.1600  0.000000
    2.8000     3.1600  0.000000
    3.2000     3.1600  0.000000
    3.6000     3.1600  0.000000
    4.0000     3.1600  0.000000
    4.4000     3.1600  0.000000
    4.8000     3.1600  0.000000
    5.2000     3.1600  0.000000
    5.6000     3.1600  0.000000
    6.0000     3.1600  0.000001
    6.4000     3.1600  0.000001
    6.8000     3.1600  0.000014
    7.2000     3.1600  0.000015
    7.6000     3.1600  0.000018
    8.0000     3.1600  0.000029
    8.4000     3.1600  0.000029
    8.8000     3.1600  0.000033
    9.2000     3.1600  0.000036
    9.6000     3.1600  0.000036
   10.0000     3.1600  0.000039
   10.4000     3.1600  0.000044
   10.8000     3.1600  0.000044
   11.2000     3.1600  0.000050
   11.6000     3.1600  0.000052
   12.0000     3.1600  0.000054
   12.4000     3.1600  0.000047
   12.8000     3.1600  0.000045
   13.2000     3.1600  0.000045
   13.6000     3.1600  0.000044
   14.0000     3.1600  0.000050
   14.4000     3.1600  0.000045
   14.8000     3.1600  0.000049
   15.2000     3.1600  0.000046
   15.6000     3.1600  0.000046
   16.0000     3.1600  0.000043
   16.4000     3.1600  0.000039
   16.8000     3.1600  0.000033
   17.2000     3.1600  0.000025
   17.6000     3.1600  0.000022
   18.0000     3.1600  0.000024
   18.4000     3.1600  0.000028
   18.8000     3.1600  0.000031
   19.2000     3.1600  0.000040
   19.6000     3.1600  0.000043
   20.0000     3.1600  0.000049
   20.4000     3.1600  0.000038
   20.8000     3.1600  0.000028
   21.2000     3.1600  0.000022
   21.6000     3.1600  0.000011
   22.0000     3.1600  0.000019
   22.4000     3.1600  0.000020
   22.8000     3.1600  0.000038
   23.2000     3.1600  0.000093
   23.6000     3.1600  0.000169
   24.0000     3.1600  0.000274
   24.4000     3.1600  0.000366
   24.8000     3.1600  0.000479
   25.2000     3.1600  0.000561
   25.6000     3.1600  0.000716
   26.0000     3.1600  0.000783
   26.4000     3.1600  0.000920
   26.8000     3.1600  0.001043
   27.2000     3.1600  0.001145
   27.6000     3.1600  0.001152
   28.0000     3.1600  0.001152
   28.4000     3.1600  0.001139
   28.8000     3.1600  0.001051
   29.2000     3.1600  0.000931
   29.6000     3.1600  0.000801
   30.0000     3.1600  0.000664
   30.4000     3.1600  0.000566
   30.8000     3.1600  0.000453
   31.2000     3.1600  0.000363
   31.6000     3.1600  0.000267
   32.0000     3.1600  0.000176
   32.4000     3.1600  0.000112
   32.8000     3.1600  0.000063
   33.2000     3.1600  0.000027
   33.6000     3.1600  0.000013
   34.0000     3.1600  0.000003
   34.4000     3.1600  0.000015
   34.8000     3.1600  0.000017
   35.2000     3.1600  0.000016
   35.6000     3.1600  0.000023
   36.0000     3.1600  0.000020
   36.4000     3.1600  0.000023
   36.8000     3.1600  0.000008
   37.2000     3.1600  0.000015
   37.6000     3.1600  0.000006
   38.0000     3.1600  0.000009
   38.4000     3.1600  0.000008
   38.8000     3.1600  0.000019
   39.2000     3.1600  0.000020
   39.6000     3.1600  0.000018
    0.0000     3.2400  0.000000
    0.4000     3.2400  0.000000
    0.8000     3.2400  0.000001
    1.2000     3.2400  0.000000
    1.6000     3.2400  0.000000
    2.0000     3.2400  0.000000
    2.4000     3.2400  0.000000
    2.8000     3.2400  0.000000
    3.2000     3.2400  0.000000
    3.6000     3.2400  0.000000
    4.0000     3.2400  0.000000
    4.4000     3.2400  0.000000
    4.8000     3.2400  0.000000
    5.2000     3.2400  0.000000
    5.6000     3.2400  0.000001
    6.0000     3.2400  0.000000
    6.4000     3.2400  0.000004
    6.8000     3.2400  0.000009
    7.2000     3.2400  0.000012
    7.6000     3.2400  0.000017
    8.0000     3.2400  0.000012
    8.4000     3.2400  0.000016
    8.8000     3.2400  0.000023
    9.2000     3.2400  0.000028
    9.6000     3.2400  0.000027
   10.0000     3.2400  0.000029
   10.4000     3.2400  0.000042
   10.8000     3.2400  0.000045
   11.2000     3.2400  0.000040
   11.6000     3.2400  0.000041
   12.0000     3.2400  0.000041
   12.4000     3.2400  0.000044
   12.8000     3.2400  0.000041
   13.2000     3.2400  0.000037
   13.6000     3.2400  0.000037
   14.0000     3.2400  0.000036
   14.4000     3.2400  0.000035
   14.8000     3.2400  0.000034
   15.2000     3.2400  0.000041
   15.6000     3.2400  0.000038
   16.0000     3.2400  0.000039
   16.4000     3.2400  0.000033
   16.8000     3.2400  0.000034
   17.2000     3.2400  0.000025
   17.6000     3.2400  0.000024
   18.0000     3.2400  0.000027
   18.4000     3.2400  0.000025
   18.8000     3.2400  0.000029
   19.2000     3.2400  0.000035
   19.6000     3.2400  0.000036
   20.0000     3.2400  0.000044
   20.4000     3.2400  0.000035
   20.8000     3.2400  0.000023
   21.2000     3.2400  0.000018
   21.6000     3.2400  0.000011
   22.0000     3.2400  0.000008
   22.4000     3.2400  0.000009
   22.8000     3.2400  0.000021
   23.2000     3.2400  0.000049
   23.6000     3.2400  0.000105
   24.0000     3.2400  0.000197
   24.4000     3.2400  0.000289
   24.8000     3.2400  0.000410
   25.2000     3.2400  0.000512
   25.6000     3.2400  0.000601
   26.0000     3.2400  0.000671
   26.4000     3.2400  0.000819
   26.8000     3.2400  0.000940
   27.2000     3.2400  0.001013
   27.6000     3.2400  0.001087
   28.0000     3.2400  0.001098
   28.4000     3.2400  0.001075
   28.8000     3.2400  0.000987
   29.2000     3.2400  0.000904
   29.6000     3.2400  0.000742
   30.0000     3.2400  0.000609
   30.4000     3.2400  0.000475
   30.8000     3.2400  0.000381
   31.2000     3.2400  0.000284
   31.6000     3.2400  0.000207
   32.0000     3.2400  0.000153
   32.4000     3.2400  0.000084
   32.8000     3.2400  0.000043
   33.2000     3.2400  0.000008
   33.6000     3.2400  0.000003
   34.0000     3.2400  0.000001
   34.4000     3.2400  0.000001
   34.8000     3.2400  0.000001
   35.2000     3.2400  0.000002
   35.6000     3.2400  0.000002
   36.0000     3.2400  0.000005
   36.4000     3.2400  0.000008
   36.8000     3.2400  0.000005
   37.2000     3.2400  0.000004
   37.6000     3.2400  0.000002
   38.0000     3.2400  0.000001
   38.4000     3.2400  0.000002
   38.8000     3.2400  0.000003
   39.2000     3.2400  0.000002
   39.6000     3.2400  0.000010
    0.0000     3.3200  0.000000
    0.4000     3.3200  0.000000
    0.8000     3.3200  0.000000
    1.2000     3.3200  0.000000
    1.6000     3.3200  0.000000
    2.0000     3.3200  0.000000
    2.4000     3.3200  0.000000
    2.8000     3.3200  0.000000
    3.2000     3.3200  0.000000
    3.6000     3.3200  0.000000
    4.0000     3.3200  0.000000
    4.4000     3.3200  0.000000
    4.8000     3.3200  0.000000
    5.2000     3.3200  0.000000
    5.6000     3.3200  0.000000
    6.0000     3.3200  0.000001
    6.4000     3.3200  0.000001
    6.8000     3.3200  0.000005
    7.2000     3.3200  0.000006
    7.6000     3.3200  0.000002
    8.0000     3.3200  0.000013
    8.4000     3.3200  0.000015
    8.8000     3.3200  0.000019
    9.2000     3.3200  0.000013
    9.6000     3.3200  0.000021
   10.0000     3.3200  0.000020
   10.4000     3.3200  0.000028
   10.8000     3.3200  0.000022
   11.2000     3.3200  0.000021
   11.6000     3.3200  0.000023
   12.0000     3.3200  0.000028
   12.4000     3.3200  0.000029
   12.8000     3.3200  0.000019
   13.2000     3.3200  0.000027
   13.6000     3.3200  0.000017
   14.0000     3.3200  0.000018
   14.4000     3.3200  0.000022
   14.8000     3.3200  0.000017
   15.2000     3.3200  0.000027
   15.6000     3.3200  0.000019
   16.0000     3.3200  0.000026
   16.4000     3.3200  0.000021
   16.8000     3.3200  0.000026
   17.2000     3.3200  0.000025
   17.6000     3.3200  0.000020
   18.0000     3.3200  0.000029
   18.4000     3.3200  0.000020
   18.8000     3.3200  0.000022
   19.2000     3.3200  0.000019
   19.6000     3.3200  0.000026
   20.0000     3.3200  0.000027
   20.4000     3.3200  0.000033
   20.8000     3.3200  0.000025
   21.2000     3.3200  0.000013
   21.6000     3.3200  0.000008
   22.0000     3.3200  0.000004
   22.4000     3.3200  0.000004
   22.8000     3.3200  0.000009
   23.2000     3.3200  0.000021
   23.6000     3.3200  0.000053
   24.0000     3.3200  0.000131
   24.4000     3.3200  0.000203
   24.8000     3.3200  0.000335
   25.2000     3.3200  0.000429
   25.6000     3.3200  0.000517
   26.0000     3.3200  0.000589
   26.4000     3.3200  0.000667
   26.8000     3.3200  0.000802
   27.2000     3.3200  0.000878
   27.6000     3.3200  0.000975
   28.0000     3.3200  0.001008
   28.4000     3.3200  0.000987
   28.8000     3.3200  0.000965
   29.2000     3.3200  0.000858
   29.6000     3.3200  0.000691
   30.0000     3.3200  0.000586
   30.4000     3.3200  0.000442
   30.8000     3.3200  0.000322
   31.2000     3.3200  0.000236
   31.6000     3.3200  0.000160
   32.0000     3.3200  0.000114
   32.4000     3.3200  0.000069
   32.8000     3.3200  0.000034
   33.2000     3.3200  0.000004
   33.6000     3.3200  0.000002
   34.0000     3.3200  0.000003
   34.4000     3.3200  0.000003
   34.8000     3.3200  0.000000
   35.2000     3.3200  0.000001
   35.6000     3.3200  0.000003
   36.0000     3.3200  0.000006
   36.4000     3.3200  0.000003
   36.8000     3.3200  0.000006
   37.2000     3.3200  0.000005
   37.6000     3.3200  0.000002
   38.0000     3.3200  0.000002
   38.4000     3.3200  0.000001
   38.8000     3.3200  0.000001
   39.2000     3.3200  0.000000
   39.6000     3.3200  0.000001
    0.0000     3.4000  0.000000
    0.4000     3.4000  0.000000
    0.8000     3.4000  0.000000
    1.2000     3.4000  0.000000
    1.6000     3.4000  0.000000
    2.0000     3.4000  0.000000
    2.4000     3.4000  0.000000
    2.8000     3.4000  0.000000
    3.2000     3.4000  0.000000
    3.6000     3.4000  0.000000
    4.0000     3.4000  0.000000
    4.4000     3.4000  0.000000
    4.8000     3.4000  0.000000
    5.2000     3.4000  0.000000
    5.6000     3.4000  0.000000
    6.0000     3.4000  0.000000
    6.4000     3.4000  0.000005
    6.8000     3.4000  0.000000
    7.2000     3.4000  0.000001
    7.6000     3.4000  0.000006
    8.0000     3.4000  0.000005
    8.4000     3.4000  0.000011
    8.8000     3.4000  0.000005
    9.2000     3.4000  0.000011
    9.6000     3.4000  0.000013
   10.0000     3.4000  0.000013
   10.4000     3.4000  0.000017
   10.8000     3.4000  0.000013
   11.2000     3.4000  0.000022
   11.6000     3.4000  0.000015
   12.0000     3.4000  0.000022
   12.4000     3.4000  0.000022
   12.8000     3.4000  0.000022
   13.2000     3.4000  0.000028
   13.6000     3.4000  0.000022
   14.0000     3.4000  0.000020
   14.4000     3.4000  0.000014
   14.8000     3.4000  0.000011
   15.2000     3.4000  0.000011
   15.6000     3.4000  0.000016
   16.0000     3.4000  0.000013
   16.4000     3.4000  0.000018
   16.8000     3.4000  0.000019
   17.2000     3.4000  0.000020
   17.6000     3.4000  0.000022
   18.0000     3.4000  0.000019
   18.4000     3.4000  0.000023
   18.8000     3.4000  0.000020
   19.2000     3.4000  0.000022
   19.6000     3.4000  0.000022
   20.0000     3.4000  0.000034
   20.4000     3.4000  0.000032
   20.8000     3.4000  0.000029
   21.2000     3.4000  0.000026
   21.6000     3.4000  0.000019
   22.0000     3.4000  0.000003
   22.4000     3.4000  0.000008
   22.8000     3.4000  0.000010
   23.2000     3.4000  0.000017
   23.6000     3.4000  0.000042
   24.0000     3.4000  0.000082
   24.4000     3.4000  0.000148
   24.8000     3.4000  0.000233
   25.2000     3.4000  0.000317
   25.6000     3.4000  0.000409
   26.0000     3.4000  0.000479
   26.4000     3.4000  0.000557
   26.8000     3.4000  0.000502
   27.2000     3.4000  0.000733
   27.6000     3.4000  0.000851
   28.0000     3.4000  0.000934
   28.4000     3.4000  0.000955
   28.8000     3.4000  0.000938
   29.2000     3.4000  0.000819
   29.6000     3.4000  0.000685
   30.0000     3.4000  0.000571
   30.4000     3.4000  0.000435
   30.8000     3.4000  0.000309
   31.2000     3.4000  0.000214
   31.6000     3.4000  0.000142
   32.0000     3.4000  0.000102
   32.4000     3.4000  0.000068
   32.8000     3.4000  0.000040
   33.2000     3.4000  0.000016
   33.6000     3.4000  0.000004
   34.0000     3.4000  0.000001
   34.4000     3.4000  0.000004
   34.8000     3.4000  0.000005
   35.2000     3.4000  0.000003
   35.6000     3.4000  0.000007
   36.0000     3.4000  0.000002
   36.4000     3.4000  0.000007
   36.8000     3.4000  0.000010
   37.2000     3.4000  0.000012
   37.6000     3.4000  0.000006
   38.0000     3.4000  0.000007
   38.4000     3.4000  0.000003
   38.8000     3.4000  0.000002
   39.2000     3.4000  0.000003
   39.6000     3.4000  0.000003
    0.0000     3.4800  0.000000
    0.4000     3.4800  0.000000
    0.8000     3.4800  0.000000
    1.2000     3.4800  0.000000
    1.6000     3.4800  0.000000
    2.0000     3.4800  0.000000
    2.4000     3.4800  0.000000
    2.8000     3.4800  0.000000
    3.2000     3.4800  0.000000
    3.6000     3.4800  0.000000
    4.0000     3.4800  0.000000
    4.4000     3.4800  0.000000
    4.8000     3.4800  0.000000
    5.2000     3.4800  0.000000
    5.6000     3.4800  0.000000
    6.0000     3.4800  0.000000
    6.4000     3.4800  0.000001
    6.8000     3.4800  0.000005
    7.2000     3.4800  0.000006
    7.6000     3.4800  0.000008
    8.0000     3.4800  0.000001
    8.4000     3.4800  0.000002
    8.8000     3.4800  0.000007
    9.2000     3.4800  0.000006
    9.6000     3.4800  0.000003
   10.0000     3.4800  0.000002
   10.4000     3.4800  0.000004
   10.8000     3.4800  0.000012
   11.2000     3.4800  0.000008
   11.6000     3.4800  0.000012
   12.0000     3.4800  0.000009
   12.4000     3.4800  0.000017
   12.8000     3.4800  0.000012
   13.2000     3.4800  0.000010
   13.6000     3.4800  0.000012
   14.0000     3.4800  0.000006
   14.4000     3.4800  0.000003
   14.8000     3.4800  0.000003
   15.2000     3.4800  0.000008
   15.6000     3.4800  0.000006
   16.0000     3.4800  0.000011
   16.4000     3.4800  0.000010
   16.8000     3.4800  0.000011
   17.2000     3.4800  0.000017
   17.6000     3.4800  0.000017
   18.0000     3.4800  0.000015
   18.4000     3.4800  0.000024
   18.8000     3.4800  0.000019
   19.2000     3.4800  0.000022
   19.6000     3.4800  0.000014
   20.0000     3.4800  0.000024
   20.4000     3.4800  0.000027
   20.8000     3.4800  0.000018
   21.2000     3.4800  0.000019
   21.6000     3.4800  0.000013
   22.0000     3.4800  0.000007
   22.4000     3.4800  0.000003
   22.8000     3.4800  0.000004
   23.2000     3.4800  0.000013
   23.6000     3.4800  0.000035
   24.0000     3.4800  0.000056
   24.4000     3.4800  0.000110
   24.8000     3.4800  0.000151
   25.2000     3.4800  0.000236
   25.6000     3.4800  0.000330
   26.0000     3.4800  0.000428
   26.4000     3.4800  0.000483
   26.8000     3.4800  0.000555
   27.2000     3.4800  0.000646
   27.6000     3.4800  0.000796
   28.0000     3.4800  0.000813
   28.4000     3.4800  0.000870
   28.8000     3.4800  0.000851
   29.2000     3.4800  0.000813
   29.6000     3.4800  0.000689
   30.0000     3.4800  0.000544
   30.4000     3.4800  0.000432
   30.8000     3.4800  0.000317
   31.2000     3.4800  0.000211
   31.6000     3.4800  0.000133
   32.0000     3.4800  0.000078
   32.4000     3.4800  0.000045
   32.8000     3.4800  0.000028
   33.2000     3.4800  0.000011
   33.6000     3.4800  0.000002
   34.0000     3.4800  0.000001
   34.4000     3.4800  0.000003
   34.8000     3.4800  0.000003
   35.2000     3.4800  0.000003
   35.6000     3.4800  0.000006
   36.0000     3.4800  0.000010
   36.4000     3.4800  0.000008
   36.8000     3.4800  0.000010
   37.2000     3.4800  0.000008
   37.6000     3.4800  0.000010
   38.0000     3.4800  0.000008
   38.4000     3.4800  0.000006
   38.8000     3.4800  0.000007
   39.2000     3.4800  0.000006
   39.6000     3.4800  0.000002
    0.0000     3.5600  0.000000
    0.4000     3.5600  0.000000
    0.8000     3.5600  0.000000
    1.2000     3.5600  0.000000
    1.6000     3.5600  0.000000
    2.0000     3.5600  0.000000
    2.4000     3.5600  0.000000
    2.8000     3.5600  0.000000
    3.2000     3.5600  0.000000
    3.6000     3.5600  0.000000
    4.0000     3.5600  0.000000
    4.4000     3.5600  0.000000
    4.8000     3.5600  0.000000
    5.2000     3.5600  0.000000
    5.6000     3.5600  0.000000
    6.0000     3.5600  0.000000
    6.4000     3.5600  0.000000
    6.8000     3.5600  0.000000
    7.2000     3.5600  0.000001
    7.6000     3.5600  0.000001
    8.0000     3.5600  0.000001
    8.4000     3.5600  0.000001
    8.8000     3.5600  0.000001
    9.2000     3.5600  0.000000
    9.6000     3.5600  0.000001
   10.0000     3.5600  0.000001
   10.4000     3.5600  0.000003
   10.8000     3.5600  0.000001
   11.2000     3.5600  0.000000
   11.6000     3.5600  0.000007
   12.0000     3.5600  0.000005
   12.4000     3.5600  0.000003
   12.8000     3.5600  0.000002
   13.2000     3.5600  0.000010
   13.6000     3.5600  0.000001
   14.0000     3.5600  0.000001
   14.4000     3.5600  0.000001
   14.8000     3.5600  0.000005
   15.2000     3.5600  0.000006
   15.6000     3.5600  0.000001
   16.0000     3.5600  0.000008
   16.4000     3.5600  0.000004
   16.8000     3.5600  0.000010
   17.2000     3.5600  0.000001
   17.6000     3.5600  0.000006
   18.0000     3.5600  0.000011
   18.4000     3.5600  0.000006
   18.8000     3.5600  0.000012
   19.2000     3.5600  0.000014
   19.6000     3.5600  0.000015
   20.0000     3.5600  0.000012
   20.4000     3.5600  0.000009
   20.8000     3.5600  0.000010
   21.2000     3.5600  0.000016
   21.6000     3.5600  0.000012
   22.0000     3.5600  0.000007
   22.4000     3.5600  0.000001
   22.8000     3.5600  0.000005
   23.2000     3.5600  0.000005
   23.6000     3.5600  0.000022
   24.0000     3.5600  0.000033
   24.4000     3.5600  0.000073
   24.8000     3.5600  0.000117
   25.2000     3.5600  0.000169
   25.6000     3.5600  0.000265
   26.0000     3.5600  0.000354
   26.4000     3.5600  0.000449
   26.8000     3.5600  0.000522
   27.2000     3.5600  0.000544
   27.6000     3.5600  0.000629
   28.0000     3.5600  0.000708
   28.4000     3.5600  0.000789
   28.8000     3.5600  0.000792
   29.2000     3.5600  0.000747
   29.6000     3.5600  0.000650
   30.0000     3.5600  0.000547
   30.4000     3.5600  0.000421
   30.8000     3.5600  0.000303
   31.2000     3.5600  0.000202
   31.6000     3.5600  0.000122
   32.0000     3.5600  0.000061
   32.4000     3.5600  0.000025
   32.8000     3.5600  0.000006
   33.2000     3.5600  0.000006
   33.6000     3.5600  0.000003
   34.0000     3.5600  0.000003
   34.4000     3.5600  0.000001
   34.8000     3.5600  0.000007
   35.2000     3.5600  0.000002
   35.6000     3.5600  0.000004
   36.0000     3.5600  0.000008
   36.4000     3.5600  0.000011
   36.8000     3.5600  0.000014
   37.2000     3.5600  0.000008
   37.6000     3.5600  0.000009
   38.0000     3.5600  0.000013
   38.4000     3.5600  0.000010
   38.8000     3.5600  0.000011
   39.2000     3.5600  0.000002
   39.6000     3.5600  0.000005
    0.0000     3.6400  0.000000
    0.4000     3.6400  0.000000
    0.8000     3.6400  0.000000
    1.2000     3.6400  0.000000
    1.6000     3.6400  0.000000
    2.0000     3.6400  0.000000
    2.4000     3.6400  0.000000
    2.8000     3.6400  0.000000
    3.2000     3.6400  0.000000
    3.6000     3.6400  0.000000
    4.0000     3.6400  0.000000
    4.4000     3.6400  0.000000
    4.8000     3.6400  0.000000
    5.2000     3.6400  0.000000
    5.6000     3.6400  0.000000
    6.0000     3.6400  0.000000
    6.4000     3.6400  0.000000
    6.8000     3.6400  0.000000
    7.2000     3.6400  0.000001
    7.6000     3.6400  0.000001
    8.0000     3.6400  0.000000
    8.4000     3.6400  0.000000
    8.8000     3.6400  0.000001
    9.2000     3.6400  0.000001
    9.6000     3.6400  0.000000
   10.0000     3.6400  0.000000
   10.4000     3.6400  0.000000
   10.8000     3.6400  0.000002
   11.2000     3.6400  0.000001
   11.6000     3.6400  0.000000
   12.0000     3.6400  0.000000
   12.4000     3.6400  0.000001
   12.8000     3.6400  0.000001
   13.2000     3.6400  0.000001
   13.6000     3.6400  0.000001
   14.0000     3.6400  0.000001
   14.4000     3.6400  0.000001
   14.8000     3.6400  0.000000
   15.2000     3.6400  0.000001
   15.6000     3.6400  0.000001
   16.0000     3.6400  0.000000
   16.4000     3.6400  0.000005
   16.8000     3.6400  0.000001
   17.2000     3.6400  0.000000
   17.6000     3.6400  0.000000
   18.0000     3.6400  0.000005
   18.4000     3.6400  0.000002
   18.8000     3.6400  0.000011
   19.2000     3.6400  0.000014
   19.6000     3.6400  0.000013
   20.0000     3.6400  0.000012
   20.4000     3.6400  0.000009
   20.8000     3.6400  0.000009
   21.2000     3.6400  0.000004
   21.6000     3.6400  0.000009
   22.0000     3.6400  0.000000
   22.4000     3.6400  0.000000
   22.8000     3.6400  0.000001
   23.2000     3.6400  0.000002
   23.6000     3.6400  0.000011
   24.0000     3.6400  0.000032
   24.4000     3.6400  0.000066
   24.8000     3.6400  0.000095
   25.2000     3.6400  0.000146
   25.6000     3.6400  0.000205
   26.0000     3.6400  0.000283
   26.4000     3.6400  0.000378
   26.8000     3.6400  0.000475
   27.2000     3.6400  0.000524
   27.6000     3.6400  0.000584
   28.0000     3.6400  0.000591
   28.4000     3.6400  0.000654
   28.8000     3.6400  0.000674
   29.2000     3.6400  0.000672
   29.6000     3.6400  0.000606
   30.0000     3.6400  0.000522
   30.4000     3.6400  0.000409
   30.8000     3.6400  0.000308
   31.2000     3.6400  0.000202
   31.6000     3.6400  0.000123
   32.0000     3.6400  0.000064
   32.4000     3.6400  0.000024
   32.8000     3.6400  0.000012
   33.2000     3.6400  0.000010
   33.6000     3.6400  0.000001
   34.0000     3.6400  0.000003
   34.4000     3.6400  0.000002
   34.8000     3.6400  0.000004
   35.2000     3.6400  0.000004
   35.6000     3.6400  0.000010
   36.0000     3.6400  0.000007
   36.4000     3.6400  0.000008
   36.8000     3.6400  0.000011
   37.2000     3.6400  0.000005
   37.6000     3.6400  0.000009
   38.0000     3.6400  0.000006
   38.4000     3.6400  0.000015
   38.8000     3.6400  0.000012
   39.2000     3.6400  0.000009
   39.6000     3.6400  0.000008
    0.0000     3.7200  0.000000
    0.4000     3.7200  0.000000
    0.8000     3.7200  0.000000
    1.2000     3.7200  0.000000
    1.6000     3.7200  0.000000
    2.0000     3.7200  0.000000
    2.4000     3.7200  0.000000
    2.8000     3.7200  0.000000
    3.2000     3.7200  0.000000
    3.6000     3.7200  0.000000
    4.0000     3.7200  0.000000
    4.4000     3.7200  0.000000
    4.8000     3.7200  0.000000
    5.2000     3.7200  0.000000
    5.6000     3.7200  0.000000
    6.0000     3.7200  0.000000
    6.4000     3.7200  0.000000
    6.8000     3.7200  0.000000
    7.2000     3.7200  0.000000
    7.6000     3.7200  0.000000
    8.0000     3.7200  0.000000
    8.4000     3.7200  0.000000
    8.8000     3.7200  0.000000
    9.2000     3.7200  0.000000
    9.6000     3.7200  0.000000
   10.0000     3.7200  0.000000
   10.4000     3.7200  0.000000
   10.8000     3.7200  0.000000
   11.2000     3.7200  0.000000
   11.6000     3.7200  0.000000
   12.0000     3.7200  0.000000
   12.4000     3.7200  0.000000
   12.8000     3.7200  0.000001
   13.2000     3.7200  0.000000
   13.6000     3.7200  0.000000
   14.0000     3.7200  0.000001
   14.4000     3.7200  0.000000
   14.8000     3.7200  0.000000
   15.2000     3.7200  0.000000
   15.6000     3.7200  0.000000
   16.0000     3.7200  0.000001
   16.4000     3.7200  0.000003
   16.8000     3.7200  0.000000
   17.2000     3.7200  0.000000
   17.6000     3.7200  0.000001
   18.0000     3.7200  0.000003
   18.4000     3.7200  0.000001
   18.8000     3.7200  0.000001
   19.2000     3.7200  0.000001
   19.6000     3.7200  0.000001
   20.0000     3.7200  0.000003
   20.4000     3.7200  0.000001
   20.8000     3.7200  0.000004
   21.2000     3.7200  0.000001
   21.6000     3.7200  0.000002
   22.0000     3.7200  0.000001
   22.4000     3.7200  0.000000
   22.8000     3.7200  0.000000
   23.2000     3.7200  0.000001
   23.6000     3.7200  0.000002
   24.0000     3.7200  0.000017
   24.4000     3.7200  0.000059
   24.8000     3.7200  0.000073
   25.2000     3.7200  0.000127
   25.6000     3.7200  0.000186
   26.0000     3.7200  0.000243
   26.4000     3.7200  0.000323
   26.8000     3.7200  0.000396
   27.2000     3.7200  0.000483
   27.6000     3.7200  0.000556
   28.0000     3.7200  0.000582
   28.4000     3.7200  0.000607
   28.8000     3.7200  0.000627
   29.2000     3.7200  0.000618
   29.6000     3.7200  0.000546
   30.0000     3.7200  0.000498
   30.4000     3.7200  0.000414
   30.8000     3.7200  0.000287
   31.2000     3.7200  0.000205
   31.6000     3.7200  0.000116
   32.0000     3.7200  0.000066
   32.4000     3.7200  0.000021
   32.8000     3.7200  0.000005
   33.2000     3.7200  0.000001
   33.6000     3.7200  0.000001
   34.0000     3.7200  0.000002
   34.4000     3.7200  0.000002
   34.8000     3.7200  0.000005
   35.2000     3.7200  0.000002
   35.6000     3.7200  0.000003
   36.0000     3.7200  0.000006
   36.4000     3.7200  0.000007
   36.8000     3.7200  0.000004
   37.2000     3.7200  0.000008
   37.6000     3.7200  0.000008
   38.0000     3.7200  0.000010
   38.4000     3.7200  0.000009
   38.8000     3.7200  0.000010
   39.2000     3.7200  0.000012
   39.6000     3.7200  0.000009
    0.0000     3.8000  0.000000
    0.4000     3.8000  0.000000
    0.8000     3.8000  0.000000
    1.2000     3.8000  0.000000
    1.6000     3.8000  0.000000
    2.0000     3.8000  0.000000
    2.4000     3.8000  0.000000
    2.8000     3.8000  0.000000
    3.2000     3.8000  0.000000
    3.6000     3.8000  0.000000
    4.0000     3.8000  0.000000
    4.4000     3.8000  0.000000
    4.8000     3.8000  0.000000
    5.2000     3.8000  0.000000
    5.6000     3.8000  0.000000
    6.0000     3.8000  0.000000
    6.4000     3.8000  0.000000
    6.8000     3.8000  0.000000
    7.2000     3.8000  0.000000
    7.6000     3.8000  0.000000
    8.0000     3.8000  0.000000
    8.4000     3.8000  0.000000
    8.8000     3.8000  0.000001
    9.2000     3.8000  0.000000
    9.6000     3.8000  0.000000
   10.0000     3.8000  0.000000
   10.4000     3.8000  0.000000
   10.8000     3.8000  0.000000
   11.2000     3.8000  0.000000
   11.6000     3.8000  0.000000
   12.0000     3.8000  0.000000
   12.4000     3.8000  0.000000
   12.8000     3.8000  0.000000
   13.2000     3.8000  0.000000
   13.6000     3.8000  0.000000
   14.0000     3.8000  0.000000
   14.4000     3.8000  0.000000
   14.8000     3.8000  0.000000
   15.2000     3.8000  0.000000
   15.6000     3.8000  0.000000
   16.0000     3.8000  0.000000
   16.4000     3.8000  0.000001
   16.8000     3.8000  0.000000
   17.2000     3.8000  0.000001
   17.6000     3.8000  0.000000
   18.0000     3.8000  0.000000
   18.4000     3.8000  0.000000
   18.8000     3.8000  0.000000
   19.2000     3.8000  0.000001
   19.6000     3.8000  0.000001
   20.0000     3.8000  0.000001
   20.4000     3.8000  0.000006
   20.8000     3.8000  0.000000
   21.2000     3.8000  0.000000
   21.6000     3.8000  0.000000
   22.0000     3.8000  0.000000
   22.4000     3.8000  0.000000
   22.8000     3.8000  0.000000
   23.2000     3.8000  0.000001
   23.6000     3.8000  0.000001
   24.0000     3.8000  0.000007
   24.4000     3.8000  0.000033
   24.8000     3.8000  0.000067
   25.2000     3.8000  0.000126
   25.6000     3.8000  0.000179
   26.0000     3.8000  0.000217
   26.4000     3.8000  0.000290
   26.8000     3.8000  0.000353
   27.2000     3.8000  0.000436
   27.6000     3.8000  0.000517
   28.0000     3.8000  0.000555
   28.4000     3.8000  0.000580
   28.8000     3.8000  0.000563
   29.2000     3.8000  0.000545
   29.6000     3.8000  0.000487
   30.0000     3.8000  0.000425
   30.4000     3.8000  0.000351
   30.8000     3.8000  0.000277
   31.2000     3.8000  0.000176
   31.6000     3.8000  0.000106
   32.0000     3.8000  0.000059
   32.4000     3.8000  0.000023
   32.8000     3.8000  0.000004
   33.2000     3.8000  0.000001
   33.6000     3.8000  0.000001
   34.0000     3.8000  0.000000
   34.4000     3.8000  0.000001
   34.8000     3.8000  0.000001
   35.2000     3.8000  0.000001
   35.6000     3.8000  0.000004
   36.0000     3.8000  0.000010
   36.4000     3.8000  0.000004
   36.8000     3.8000  0.000005
   37.2000     3.8000  0.000005
   37.6000     3.8000  0.000005
   38.0000     3.8000  0.000004
   38.4000     3.8000  0.000012
   38.8000     3.8000  0.000013
   39.2000     3.8000  0.000007
   39.6000     3.8000  0.000002
    0.0000     3.8800  0.000000
    0.4000     3.8800  0.000000
    0.8000     3.8800  0.000000
    1.2000     3.8800  0.000000
    1.6000     3.8800  0.000000
    2.0000     3.8800  0.000000
    2.4000     3.8800  0.000000
    2.8000     3.8800  0.000000
    3.2000     3.8800  0.000000
    3.6000     3.8800  0.000000
    4.0000     3.8800  0.000000
    4.4000     3.8800  0.000000
    4.8000     3.8800  0.000000
    5.2000     3.8800  0.000000
    5.6000     3.8800  0.000000
    6.0000     3.8800  0.000000
    6.4000     3.8800  0.000000
    6.8000     3.8800  0.000000
    7.2000     3.8800  0.000000
    7.6000     3.8800  0.000000
    8.0000     3.8800  0.000000
    8.4000     3.8800  0.000000
    8.8000     3.8800  0.000000
    9.2000     3.8800  0.000000
    9.6000     3.8800  0.000000
   10.0000     3.8800  0.000000
   10.4000     3.8800  0.000000
   10.8000     3.8800  0.000000
   11.2000     3.8800  0.000000
   11.6000     3.8800  0.000000
   12.0000     3.8800  0.000000
   12.4000     3.8800  0.000000
   12.8000     3.8800  0.000000
   13.2000     3.8800  0.000000
   13.6000     3.8800  0.000000
   14.0000     3.8800  0.000000
   14.4000     3.8800  0.000000
   14.8000     3.8800  0.000000
   15.2000     3.8800  0.000000
   15.6000     3.8800  0.000000
   16.0000     3.8800  0.000000
   16.4000     3.8800  0.000000
   16.8000     3.8800  0.000000
   17.2000     3.8800  0.000000
   17.6000     3.8800  0.000000
   18.0000     3.8800  0.000000
   18.4000     3.8800  0.000000
   18.8000     3.8800  0.000000
   19.2000     3.8800  0.000000
   19.6000     3.8800  0.000000
   20.0000     3.8800  0.000000
   20.4000     3.8800  0.000001
   20.8000     3.8800  0.000001
   21.2000     3.8800  0.000000
   21.6000     3.8800  0.000000
   22.0000     3.8800  0.000000
   22.4000     3.8800  0.000000
   22.8000     3.8800  0.000000
   23.2000     3.8800  0.000000
   23.6000     3.8800  0.000001
   24.0000     3.8800  0.000006
   24.4000     3.8800  0.000027
   24.8000     3.8800  0.000051
   25.2000     3.8800  0.000119
   25.6000     3.8800  0.000181
   26.0000     3.8800  0.000254
   26.4000     3.8800  0.000309
   26.8000     3.8800  0.000347
   27.2000     3.8800  0.000397
   27.6000     3.8800  0.000453
   28.0000     3.8800  0.000502
   28.4000     3.8800  0.000544
   28.8000     3.8800  0.000526
   29.2000     3.8800  0.000477
   29.6000     3.8800  0.000403
   30.0000     3.8800  0.000366
   30.4000     3.8800  0.000310
   30.8000     3.8800  0.000226
   31.2000     3.8800  0.000169
   31.6000     3.8800  0.000099
   32.0000     3.8800  0.000058
   32.4000     3.8800  0.000021
   32.8000     3.8800  0.000001
   33.2000     3.8800  0.000001
   33.6000     3.8800  0.000001
   34.0000     3.8800  0.000000
   34.4000     3.8800  0.000001
   34.8000     3.8800  0.000000
   35.2000     3.8800  0.000000
   35.6000     3.8800  0.000001
   36.0000     3.8800  0.000001
   36.4000     3.8800  0.000002
   36.8000     3.8800  0.000004
   37.2000     3.8800  0.000004
   37.6000     3.8800  0.000007
   38.0000     3.8800  0.000003
   38.4000     3.8800  0.000003
   38.8000     3.8800  0.000006
   39.2000     3.8800  0.000004
   39.6000     3.8800  0.000006
    0.0000     3.9600  0.000000
    0.4000     3.9600  0.000000
    0.8000     3.9600  0.000000
    1.2000     3.9600  0.000000
    1.6000     3.9600  0.000000
    2.0000     3.9600  0.000000
    2.4000     3.9600  0.000000
    2.8000     3.9600  0.000000
    3.2000     3.9600  0.000000
    3.6000     3.9600  0.000000
    4.0000     3.9600  0.000000
    4.4000     3.9600  0.000000
    4.8000     3.9600  0.000000
    5.2000     3.9600  0.000000
    5.6000     3.9600  0.000000
    6.0000     3.9600  0.000000
    6.4000     3.9600  0.000000
    6.8000     3.9600  0.000000
    7.2000     3.9600  0.000000
    7.6000     3.9600  0.000001
    8.0000     3.9600  0.000000
    8.4000     3.9600  0.000000
    8.8000     3.9600  0.000000
    9.2000     3.9600  0.000000
    9.6000     3.9600  0.000000
   10.0000     3.9600  0.000000
   10.4000     3.9600  0.000000
   10.8000     3.9600  0.000000
   11.2000     3.9600  0.000000
   11.6000     3.9600  0.000000
   12.0000     3.9600  0.000000
   12.4000     3.9600  0.000000
   12.8000     3.9600  0.000000
   13.2000     3.9600  0.000000
   13.6000     3.9600  0.000000
   14.0000     3.9600  0.000000
   14.4000     3.9600  0.000000
   14.8000     3.9600  0.000000
   15.2000     3.9600  0.000000
   15.6000     3.9600  0.000000
   16.0000     3.9600  0.000001
   16.4000     3.9600  0.000000
   16.8000     3.9600  0.000001
   17.2000     3.9600  0.000000
   17.6000     3.9600  0.000000
   18.0000     3.9600  0.000000
   18.4000     3.9600  0.000000
   18.8000     3.9600  0.000000
   19.2000     3.9600  0.000001
   19.6000     3.9600  0.000000
   20.0000     3.9600  0.000000
   20.4000     3.9600  0.000001
   20.8000     3.9600  0.000000
   21.2000     3.9600  0.000000
   21.6000     3.9600  0.000000
   22.0000     3.9600  0.000000
   22.4000     3.9600  0.000000
   22.8000     3.9600  0.000000
   23.2000     3.9600  0.000000
   23.6000     3.9600  0.000000
   24.0000     3.9600  0.000000
   24.4000     3.9600  0.000017
   24.8000     3.9600  0.000042
   25.2000     3.9600  0.000098
   25.6000     3.9600  0.000192
   26.0000     3.9600  0.000261
   26.4000     3.9600  0.000319
   26.8000     3.9600  0.000379
   27.2000     3.9600  0.000397
   27.6000     3.9600  0.000455
   28.0000     3.9600  0.000467
   28.4000     3.9600  0.000494
   28.8000     3.9600  0.000497
   29.2000     3.9600  0.000465
   29.6000     3.9600  0.000382
   30.0000     3.9600  0.000334
   30.4000     3.9600  0.000264
   30.8000     3.9600  0.000200
   31.2000     3.9600  0.000139
   31.6000     3.9600  0.000078
   32.0000     3.9600  0.000040
   32.4000     3.9600  0.000011
   32.8000     3.9600  0.000002
   33.2000     3.9600  0.000000
   33.6000     3.9600  0.000000
   34.0000     3.9600  0.000001
   34.4000     3.9600  0.000001
   34.8000     3.9600  0.000001
   35.2000     3.9600  0.000000
   35.6000     3.9600  0.000001
   36.0000     3.9600  0.000000
   36.4000     3.9600  0.000001
   36.8000     3.9600  0.000002
   37.2000     3.9600  0.000002
   37.6000     3.9600  0.000001
   38.0000     3.9600  0.000003
   38.4000     3.9600  0.000002
   38.8000     3.9600  0.000004
   39.2000     3.9600  0.000007
   39.6000     3.9600  0.000002
    0.0000     4.0400  0.000000
    0.4000     4.0400  0.000000
    0.8000     4.0400  0.000000
    1.2000     4.0400  0.000000
    1.6000     4.0400  0.000000
    2.0000     4.0400  0.000000
    2.4000     4.0400  0.000000
    2.8000     4.0400  0.000000
    3.2000     4.0400  0.000000
    3.6000     4.0400  0.000000
    4.0000     4.0400  0.000000
    4.4000     4.0400  0.000000
    4.8000     4.0400  0.000000
    5.2000     4.0400  0.000000
    5.6000     4.0400  0.000000
    6.0000     4.0400  0.000000
    6.4000     4.0400  0.000000
    6.8000     4.0400  0.000000
    7.2000     4.0400  0.000000
    7.6000     4.0400  0.000000
    8.0000     4.0400  0.000000
    8.4000     4.0400  0.000000
    8.8000     4.0400  0.000000
    9.2000     4.0400  0.000000
    9.6000     4.0400  0.000000
   10.0000     4.0400  0.000000
   10.4000     4.0400  0.000000
   10.8000     4.0400  0.000000
   11.2000     4.0400  0.000000
   11.6000     4.0400  0.000000
   12.0000     4.0400  0.000000
   12.4000     4.0400  0.000000
   12.8000     4.0400  0.000000
   13.2000     4.0400  0.000000
   13.6000     4.0400  0.000000
   14.0000     4.0400  0.000000
   14.4000     4.0400  0.000000
   14.8000     4.0400  0.000000
   15.2000     4.0400  0.000000
   15.6000     4.0400  0.000000
   16.0000     4.0400  0.000000
   16.4000     4.0400  0.000000
   16.8000     4.0400  0.000000
   17.2000     4.0400  0.000000
   17.6000     4.0400  0.000000
   18.0000     4.0400  0.000000
   18.4000     4.0400  0.000000
   18.8000     4.0400  0.000000
   19.2000     4.0400  0.000001
   19.6000     4.0400  0.000001
   20.0000     4.0400  0.000000
   20.4000     4.0400  0.000000
   20.8000     4.0400  0.000000
   21.2000     4.0400  0.000000
   21.6000     4.0400  0.000000
   22.0000     4.0400  0.000000
   22.4000     4.0400  0.000000
   22.8000     4.0400  0.000000
   23.2000     4.0400  0.000000
   23.6000     4.0400  0.000000
   24.0000     4.0400  0.000001
   24.4000     4.0400  0.000006
   24.8000     4.0400  0.000021
   25.2000     4.0400  0.000087
   25.6000     4.0400  0.000166
   26.0000     4.0400  0.000249
   26.4000     4.0400  0.000336
   26.8000     4.0400  0.000430
   27.2000     4.0400  0.000454
   27.6000     4.0400  0.000487
   28.0000     4.0400  0.000472
   28.4000     4.0400  0.000479
   28.8000     4.0400  0.000457
   29.2000     4.0400  0.000429
   29.6000     4.0400  0.000359
   30.0000     4.0400  0.000296
   30.4000     4.0400  0.000231
   30.8000     4.0400  0.000162
   31.2000     4.0400  0.000111
   31.6000     4.0400  0.000072
   32.0000     4.0400  0.000031
   32.4000     4.0400  0.000001
   32.8000     4.0400  0.000001
   33.2000     4.0400  0.000000
   33.6000     4.0400  0.000000
   34.0000     4.0400  0.000000
   34.4000     4.0400  0.000000
   34.8000     4.0400  0.000000
   35.2000     4.0400  0.000000
   35.6000     4.0400  0.000000
   36.0000     4.0400  0.000000
   36.4000     4.0400  0.000000
   36.8000     4.0400  0.000001
   37.2000     4.0400  0.000001
   37.6000     4.0400  0.000002
   38.0000     4.0400  0.000001
   38.4000     4.0400  0.000002
   38.8000     4.0400  0.000003
   39.2000     4.0400  0.000002
   39.6000     4.0400  0.000006
    0.0000     4.1200  0.000000
    0.4000     4.1200  0.000000
    0.8000     4.1200  0.000000
    1.2000     4.1200  0.000000
    1.6000     4.1200  0.000000
    2.0000     4.1200  0.000000
    2.4000     4.1200  0.000000
    2.8000     4.1200  0.000000
    3.2000     4.1200  0.000000
    3.6000     4.1200  0.000000
    4.0000     4.1200  0.000000
    4.4000     4.1200  0.000000
    4.8000     4.1200  0.000000
    5.2000     4.1200  0.000000
    5.6000     4.1200  0.000000
    6.0000     4.1200  0.000000
    6.4000     4.1200  0.000000
    6.8000     4.1200  0.000000
    7.2000     4.1200  0.000000
    7.6000     4.1200  0.000000
    8.0000     4.1200  0.000000
    8.4000     4.1200  0.000000
    8.8000     4.1200  0.000000
    9.2000     4.1200  0.000000
    9.6000     4.1200  0.000000
   10.0000     4.1200  0.000000
   10.4000     4.1200  0.000000
   10.8000     4.1200  0.000000
   11.2000     4.1200  0.000000
   11.6000     4.1200  0.000000
   12.0000     4.1200  0.000000
   12.4000     4.1200  0.000000
   12.8000     4.1200  0.000000
   13.2000     4.1200  0.000000
   13.6000     4.1200  0.000000
   14.0000     4.1200  0.000000
   14.4000     4.1200  0.000000
   14.8000     4.1200  0.000000
   15.2000     4.1200  0.000000
   15.6000     4.1200  0.000000
   16.0000     4.1200  0.000001
   16.4000     4.1200  0.000000
   16.8000     4.1200  0.000000
   17.2000     4.1200  0.000001
   17.6000     4.1200  0.000000
   18.0000     4.1200  0.000001
   18.4000     4.1200  0.000000
   18.8000     4.1200  0.000000
   19.2000     4.1200  0.000000
   19.6000     4.1200  0.000000
   20.0000     4.1200  0.000000
   20.4000     4.1200  0.000000
   20.8000     4.1200  0.000000
   21.2000     4.1200  0.000000
   21.6000     4.1200  0.000000
   22.0000     4.1200  0.000000
   22.4000     4.1200  0.000000
   22.8000     4.1200  0.000000
   23.2000     4.1200  0.000000
   23.6000     4.1200  0.000000
   24.0000     4.1200  0.000001
   24.4000     4.1200  0.000001
   24.8000     4.1200  0.000006
   25.2000     4.1200  0.000050
   25.6000     4.1200  0.000145
   26.0000     4.1200  0.000244
   26.4000     4.1200  0.000350
   26.8000     4.1200  0.000448
   27.2000     4.1200  0.000489
   27.6000     4.1200  0.000539
   28.0000     4.1200  0.000518
   28.4000     4.1200  0.000502
   28.8000     4.1200  0.000412
   29.2000     4.1200  0.000415
   29.6000     4.1200  0.000329
   30.0000     4.1200  0.000274
   30.4000     4.1200  0.000202
   30.8000     4.1200  0.000141
   31.2000     4.1200  0.000086
   31.6000     4.1200  0.000053
   32.0000     4.1200  0.000023
   32.4000     4.1200  0.000002
   32.8000     4.1200  0.000000
   33.2000     4.1200  0.000000
   33.6000     4.1200  0.000000
   34.0000     4.1200  0.000000
   34.4000     4.1200  0.000000
   34.8000     4.1200  0.000000
   35.2000     4.1200  0.000001
   35.6000     4.1200  0.000000
   36.0000     4.1200  0.000001
   36.4000     4.1200  0.000001
   36.8000     4.1200  0.000002
   37.2000     4.1200  0.000000
   37.6000     4.1200  0.000001
   38.0000     4.1200  0.000000
   38.4000     4.1200  0.000001
   38.8000     4.1200  0.000002
   39.2000     4.1200  0.000002
   39.6000     4.1200  0.000005
    0.0000     4.2000  0.000000
    0.4000     4.2000  0.000000
    0.8000     4.2000  0.000000
    1.2000     4.2000  0.000000
    1.6000     4.2000  0.000000
    2.0000     4.2000  0.000000
    2.4000     4.2000  0.000000
    2.8000     4.2000  0.000000
    3.2000     4.2000  0.000000
    3.6000     4.2000  0.000000
    4.0000     4.2000  0.000000
    4.4000     4.2000  0.000000
    4.8000     4.2000  0.000000
    5.2000     4.2000  0.000000
    5.6000     4.2000  0.000000
    6.0000     4.2000  0.000000
    6.4000     4.2000  0.000000
    6.8000     4.2000  0.000000
    7.2000     4.2000  0.000000
    7.6000     4.2000  0.000000
    8.0000     4.2000  0.000000
    8.4000     4.2000  0.000000
    8.8000     4.2000  0.000000
    9.2000     4.2000  0.000000
    9.6000     4.2000  0.000000
   10.0000     4.2000  0.000000
   10.4000     4.2000  0.000000
   10.8000     4.2000  0.000000
   11.2000     4.2000  0.000000
   11.6000     4.2000  0.000000
   12.0000     4.2000  0.000000
   12.4000     4.2000  0.000000
   12.8000     4.2000  0.000000
   13.2000     4.2000  0.000000
   13.6000     4.2000  0.000000
   14.0000     4.2000  0.000000
   14.4000     4.2000  0.000000
   14.8000     4.2000  0.000000
   15.2000     4.2000  0.000000
   15.6000     4.2000  0.000000
   16.0000     4.2000  0.000000
   16.4000     4.2000  0.000000
   16.8000     4.2000  0.000000
   17.2000     4.2000  0.000000
   17.6000     4.2000  0.000000
   18.0000     4.2000  0.000000
   18.4000     4.2000  0.000000
   18.8000     4.2000  0.000001
   19.2000     4.2000  0.000000
   19.6000     4.2000  0.000000
   20.0000     4.2000  0.000000
   20.4000     4.2000  0.000000
   20.8000     4.2000  0.000000
   21.2000     4.2000  0.000001
   21.6000     4.2000  0.000000
   22.0000     4.2000  0.000000
   22.4000     4.2000  0.000000
   22.8000     4.2000  0.000000
   23.2000     4.2000  0.000000
   23.6000     4.2000  0.000000
   24.0000     4.2000  0.000000
   24.4000     4.2000  0.000001
   24.8000     4.2000  0.000001
   25.2000     4.2000  0.000024
   25.6000     4.2000  0.000090
   26.0000     4.2000  0.000201
   26.4000     4.2000  0.000321
   26.8000     4.2000  0.000423
   27.2000     4.2000  0.000547
   27.6000     4.2000  0.000612
   28.0000     4.2000  0.000589
   28.4000     4.2000  0.000562
   28.8000     4.2000  0.000475
   29.2000     4.2000  0.000391
   29.6000     4.2000  0.000302
   30.0000     4.2000  0.000252
   30.4000     4.2000  0.000183
   30.8000     4.2000  0.000136
   31.2000     4.2000  0.000078
   31.6000     4.2000  0.000046
   32.0000     4.2000  0.000005
   32.4000     4.2000  0.000000
   32.8000     4.2000  0.000000
   33.2000     4.2000  0.000000
   33.6000     4.2000  0.000000
   34.0000     4.2000  0.000001
   34.4000     4.2000  0.000000
   34.8000     4.2000  0.000000
   35.2000     4.2000  0.000000
   35.6000     4.2000  0.000000
   36.0000     4.2000  0.000001
   36.4000     4.2000  0.000000
   36.8000     4.2000  0.000001
   37.2000     4.2000  0.000000
   37.6000     4.2000  0.000001
   38.0000     4.2000  0.000000
   38.4000     4.2000  0.000001
   38.8000     4.2000  0.000001
   39.2000     4.2000  0.000002
   39.6000     4.2000  0.000001
    0.0000     4.2800  0.000000
    0.4000     4.2800  0.000000
    0.8000     4.2800  0.000000
    1.2000     4.2800  0.000000
    1.6000     4.2800  0.000000
    2.0000     4.2800  0.000000
    2.4000     4.2800  0.000000
    2.8000     4.2800  0.000000
    3.2000     4.2800  0.000000
    3.6000     4.2800  0.000000
    4.0000     4.2800  0.000000
    4.4000     4.2800  0.000000
    4.8000     4.2800  0.000000
    5.2000     4.2800  0.000000
    5.6000     4.2800  0.000000
    6.0000     4.2800  0.000000
    6.4000     4.2800  0.000000
    6.8000     4.2800  0.000000
    7.2000     4.2800  0.000000
    7.6000     4.2800  0.000000
    8.0000     4.2800  0.000000
    8.4000     4.2800  0.000000
    8.8000     4.2800  0.000000
    9.2000     4.2800  0.000000
    9.6000     4.2800  0.000000
   10.0000     4.2800  0.000000
   10.4000     4.2800  0.000000
   10.8000     4.2800  0.000000
   11.2000     4.2800  0.000000
   11.6000     4.2800  0.000000
   12.0000     4.2800  0.000000
   12.4000     4.2800  0.000000
   12.8000     4.2800  0.000000
   13.2000     4.2800  0.000000
   13.6000     4.2800  0.000000
   14.0000     4.2800  0.000000
   14.4000     4.2800  0.000001
   14.8000     4.2800  0.000000
   15.2000     4.2800  0.000000
   15.6000     4.2800  0.000000
   16.0000     4.2800  0.000000
   16.4000     4.2800  0.000000
   16.8000     4.2800  0.000000
   17.2000     4.2800  0.000000
   17.6000     4.2800  0.000000
   18.0000     4.2800  0.000000
   18.4000     4.2800  0.000000
   18.8000     4.2800  0.000000
   19.2000     4.2800  0.000000
   19.6000     4.2800  0.000001
   20.0000     4.2800  0.000000
   20.4000     4.2800  0.000000
   20.8000     4.2800  0.000000
   21.2000     4.2800  0.000000
   21.6000     4.2800  0.000000
   22.0000     4.2800  0.000000
   22.4000     4.2800  0.000000
   22.8000     4.2800  0.000000
   23.2000     4.2800  0.000000
   23.6000     4.2800  0.000000
   24.0000     4.2800  0.000000
   24.4000     4.2800  0.000000
   24.8000     4.2800  0.000000
   25.2000     4.2800  0.000005
   25.6000     4.2800  0.000055
   26.0000     4.2800  0.000151
   26.4000     4.2800  0.000275
   26.8000     4.2800  0.000433
   27.2000     4.2800  0.000554
   27.6000     4.2800  0.000631
   28.0000     4.2800  0.000670
   28.4000     4.2800  0.000652
   28.8000     4.2800  0.000562
   29.2000     4.2800  0.000460
   29.6000     4.2800  0.000337
   30.0000     4.2800  0.000240
   30.4000     4.2800  0.000182
   30.8000     4.2800  0.000109
   31.2000     4.2800  0.000060
   31.6000     4.2800  0.000028
   32.0000     4.2800  0.000000
   32.4000     4.2800  0.000000
   32.8000     4.2800  0.000000
   33.2000     4.2800  0.000000
   33.6000     4.2800  0.000000
   34.0000     4.2800  0.000000
   34.4000     4.2800  0.000000
   34.8000     4.2800  0.000000
   35.2000     4.2800  0.000000
   35.6000     4.2800  0.000000
   36.0000     4.2800  0.000000
   36.4000     4.2800  0.000000
   36.8000     4.2800  0.000000
   37.2000     4.2800  0.000000
   37.6000     4.2800  0.000000
   38.0000     4.2800  0.000000
   38.4000     4.2800  0.000000
   38.8000     4.2800  0.000000
   39.2000     4.2800  0.000001
   39.6000     4.2800  0.000000
    0.0000     4.3600  0.000000
    0.4000     4.3600  0.000000
    0.8000     4.3600  0.000000
    1.2000     4.3600  0.000000
    1.6000     4.3600  0.000000
    2.0000     4.3600  0.000000
    2.4000     4.3600  0.000000
    2.8000     4.3600  0.000000
    3.2000     4.3600  0.000001
    3.6000     4.3600  0.000000
    4.0000     4.3600  0.000000
    4.4000     4.3600  0.000000
    4.8000     4.3600  0.000000
    5.2000     4.3600  0.000000
    5.6000     4.3600  0.000000
    6.0000     4.3600  0.000000
    6.4000     4.3600  0.000000
    6.8000     4.3600  0.000000
    7.2000     4.3600  0.000000
    7.6000     4.3600  0.000000
    8.0000     4.3600  0.000000
    8.4000     4.3600  0.000000
    8.8000     4.3600  0.000000
    9.2000     4.3600  0.000000
    9.6000     4.3600  0.000000
   10.0000     4.3600  0.000000
   10.4000     4.3600  0.000000
   10.8000     4.3600  0.000000
   11.2000     4.3600  0.000000
   11.6000     4.3600  0.000000
   12.0000     4.3600  0.000000
   12.4000     4.3600  0.000000
   12.8000     4.3600  0.000000
   13.2000     4.3600  0.000000
   13.6000     4.3600  0.000000
   14.0000     4.3600  0.000000
   14.4000     4.3600  0.000000
   14.8000     4.3600  0.000000
   15.2000     4.3600  0.000000
   15.6000     4.3600  0.000000
   16.0000     4.3600  0.000000
   16.4000     4.3600  0.000000
   16.8000     4.3600  0.000000
   17.2000     4.3600  0.000000
   17.6000     4.3600  0.000000
   18.0000     4.3600  0.000000
   18.4000     4.3600  0.000000
   18.8000     4.3600  0.000000
   19.2000     4.3600  0.000000
   19.6000     4.3600  0.000000
   20.0000     4.3600  0.000000
   20.4000     4.3600  0.000000
   20.8000     4.3600  0.000000
   21.2000     4.3600  0.000000
   21.6000     4.3600  0.000000
   22.0000     4.3600  0.000000
   22.4000     4.3600  0.000000
   22.8000     4.3600  0.000000
   23.2000     4.3600  0.000000
   23.6000     4.3600  0.000000
   24.0000     4.3600  0.000000
   24.4000     4.3600  0.000001
   24.8000     4.3600  0.000000
   25.2000     4.3600  0.000001
   25.6000     4.3600  0.000017
   26.0000     4.3600  0.000089
   26.4000     4.3600  0.000217
   26.8000     4.3600  0.000350
   27.2000     4.3600  0.000505
   27.6000     4.3600  0.000643
   28.0000     4.3600  0.000723
   28.4000     4.3600  0.000712
   28.8000     4.3600  0.000661
   29.2000     4.3600  0.000549
   29.6000     4.3600  0.000388
   30.0000     4.3600  0.000283
   30.4000     4.3600  0.000174
   30.8000     4.3600  0.000105
   31.2000     4.3600  0.000051
   31.6000     4.3600  0.000020
   32.0000     4.3600  0.000000
   32.4000     4.3600  0.000000
   32.8000     4.3600  0.000000
   33.2000     4.3600  0.000000
   33.6000     4.3600  0.000000
   34.0000     4.3600  0.000000
   34.4000     4.3600  0.000000
   34.8000     4.3600  0.000000
   35.2000     4.3600  0.000000
   35.6000     4.3600  0.000001
   36.0000     4.3600  0.000001
   36.4000     4.3600  0.000000
   36.8000     4.3600  0.000000
   37.2000     4.3600  0.000001
   37.6000     4.3600  0.000000
   38.0000     4.3600  0.000000
   38.4000     4.3600  0.000000
   38.8000     4.3600  0.000000
   39.2000     4.3600  0.000000
   39.6000     4.3600  0.000000
    0.0000     4.4400  0.000000
    0.4000     4.4400  0.000000
    0.8000     4.4400  0.000000
    1.2000     4.4400  0.000000
    1.6000     4.4400  0.000000
    2.0000     4.4400  0.000000
    2.4000     4.4400  0.000000
    2.8000     4.4400  0.000000
    3.2000     4.4400  0.000000
    3.6000     4.4400  0.000000
    4.0000     4.4400  0.000000
    4.4000     4.4400  0.000000
    4.8000     4.4400  0.000000
    5.2000     4.4400  0.000000
    5.6000     4.4400  0.000000
    6.0000     4.4400  0.000000
    6.4000     4.4400  0.000000
    6.8000     4.4400  0.000000
    7.2000     4.4400  0.000000
    7.6000     4.4400  0.000000
    8.0000     4.4400  0.000000
    8.4000     4.4400  0.000000
    8.8000     4.4400  0.000000
    9.2000     4.4400  0.000000
    9.6000     4.4400  0.000000
   10.0000     4.4400  0.000000
   10.4000     4.4400  0.000000
   10.8000     4.4400  0.000000
   11.2000     4.4400  0.000000
   11.6000     4.4400  0.000000
   12.0000     4.4400  0.000000
   12.4000     4.4400  0.000000
   12.8000     4.4400  0.000001
   13.2000     4.4400  0.000000
   13.6000     4.4400  0.000000
   14.0000     4.4400  0.000000
   14.4000     4.4400  0.000000
   14.8000     4.4400  0.000000
   15.2000     4.4400  0.000000
   15.6000     4.4400  0.000000
   16.0000     4.4400  0.000000
   16.4000     4.4400  0.000000
   16.8000     4.4400  0.000000
   17.2000     4.4400  0.000000
   17.6000     4.4400  0.000000
   18.0000     4.4400  0.000000
   18.4000     4.4400  0.000000
   18.8000     4.4400  0.000000
   19.2000     4.4400  0.000000
   19.6000     4.4400  0.000000
   20.0000     4.4400  0.000000
   20.4000     4.4400  0.000000
   20.8000     4.4400  0.000000
   21.2000     4.4400  0.000000
   21.6000     4.4400  0.000000
   22.0000     4.4400  0.000000
   22.4000     4.4400  0.000000
   22.8000     4.4400  0.000000
   23.2000     4.4400  0.000000
   23.6000     4.4400  0.000000
   24.0000     4.4400  0.000000
   24.4000     4.4400  0.000001
   24.8000     4.4400  0.000000
   25.2000     4.4400  0.000002
   25.6000     4.4400  0.000007
   26.0000     4.4400  0.000036
   26.4000     4.4400  0.000132
   26.8000     4.4400  0.000248
   27.2000     4.4400  0.000422
   27.6000     4.4400  0.000581
   28.0000     4.4400  0.000695
   28.4000     4.4400  0.000763
   28.8000     4.4400  0.000703
   29.2000     4.4400  0.000639
   29.6000     4.4400  0.000492
   30.0000     4.4400  0.000350
   30.4000     4.4400  0.000206
   30.8000     4.4400  0.000113
   31.2000     4.4400  0.000049
   31.6000     4.4400  0.000011
   32.0000     4.4400  0.000000
   32.4000     4.4400  0.000000
   32.8000     4.4400  0.000000
   33.2000     4.4400  0.000000
   33.6000     4.4400  0.000000
   34.0000     4.4400  0.000000
   34.4000     4.4400  0.000000
   34.8000     4.4400  0.000001
   35.2000     4.4400  0.000000
   35.6000     4.4400  0.000001
   36.0000     4.4400  0.000000
   36.4000     4.4400  0.000001
   36.8000     4.4400  0.000000
   37.2000     4.4400  0.000000
   37.6000     4.4400  0.000000
   38.0000     4.4400  0.000001
   38.4000     4.4400  0.000001
   38.8000     4.4400  0.000000
   39.2000     4.4400  0.000001
   39.6000     4.4400  0.000000
    0.0000     4.5200  0.000000
    0.4000     4.5200  0.000000
    0.8000     4.5200  0.000000
    1.2000     4.5200  0.000000
    1.6000     4.5200  0.000000
    2.0000     4.5200  0.000000
    2.4000     4.5200  0.000000
    2.8000     4.5200  0.000000
    3.2000     4.5200  0.000000
    3.6000     4.5200  0.000000
    4.0000     4.5200  0.000000
    4.4000     4.5200  0.000000
    4.8000     4.5200  0.000000
    5.2000     4.5200  0.000000
    5.6000     4.5200  0.000000
    6.0000     4.5200  0.000000
    6.4000     4.5200  0.000000
    6.8000     4.5200  0.000000
    7.2000     4.5200  0.000000
    7.6000     4.5200  0.000000
    8.0000     4.5200  0.000000
    8.4000     4.5200  0.000000
    8.8000     4.5200  0.000000
    9.2000     4.5200  0.000000
    9.6000     4.5200  0.000000
   10.0000     4.5200  0.000000
   10.4000     4.5200  0.000000
   10.8000     4.5200  0.000000
   11.2000     4.5200  0.000000
   11.6000     4.5200  0.000000
   12.0000     4.5200  0.000000
   12.4000     4.5200  0.000000
   12.8000     4.5200  0.000000
   13.2000     4.5200  0.000000
   13.6000     4.5200  0.000000
   14.0000     4.5200  0.000000
   14.4000     4.5200  0.000000
   14.8000     4.5200  0.000000
   15.2000     4.5200  0.000000
   15.6000     4.5200  0.000000
   16.0000     4.5200  0.000000
   16.4000     4.5200  0.000000
   16.8000     4.5200  0.000000
   17.2000     4.5200  0.000000
   17.6000     4.5200  0.000000
   18.0000     4.5200  0.000000
   18.4000     4.5200  0.000000
   18.8000     4.5200  0.000000
   19.2000     4.5200  0.000000
   19.6000     4.5200  0.000000
   20.0000     4.5200  0.000001
   20.4000     4.5200  0.000000
   20.8000     4.5200  0.000000
   21.2000     4.5200  0.000000
   21.6000     4.5200  0.000000
   22.0000     4.5200  0.000000
   22.4000     4.5200  0.000000
   22.8000     4.5200  0.000000
   23.2000     4.5200  0.000000
   23.6000     4.5200  0.000000
   24.0000     4.5200  0.000000
   24.4000     4.5200  0.000001
   24.8000     4.5200  0.000000
   25.2000     4.5200  0.000001
   25.6000     4.5200  0.000002
   26.0000     4.5200  0.000001
   26.4000     4.5200  0.000053
   26.8000     4.5200  0.000158
   27.2000     4.5200  0.000336
   27.6000     4.5200  0.000498
   28.0000     4.5200  0.000624
   28.4000     4.5200  0.000738
   28.8000     4.5200  0.000742
   29.2000     4.5200  0.000705
   29.6000     4.5200  0.000565
   30.0000     4.5200  0.000436
   30.4000     4.5200  0.000276
   30.8000     4.5200  0.000150
   31.2000     4.5200  0.000074
   31.6000     4.5200  0.000020
   32.0000     4.5200  0.000001
   32.4000     4.5200  0.000000
   32.8000     4.5200  0.000000
   33.2000     4.5200  0.000001
   33.6000     4.5200  0.000000
   34.0000     4.5200  0.000001
   34.4000     4.5200  0.000001
   34.8000     4.5200  0.000000
   35.2000     4.5200  0.000000
   35.6000     4.5200  0.000000
   36.0000     4.5200  0.000001
   36.4000     4.5200  0.000000
   36.8000     4.5200  0.000000
   37.2000     4.5200  0.000000
   37.6000     4.5200  0.000000
   38.0000     4.5200  0.000001
   38.4000     4.5200  0.000001
   38.8000     4.5200  0.000001
   39.2000     4.5200  0.000001
   39.6000     4.5200  0.000001
    0.0000     4.6000  0.000000
    0.4000     4.6000  0.000000
    0.8000     4.6000  0.000000
    1.2000     4.6000  0.000000
    1.6000     4.6000  0.000000
    2.0000     4.6000  0.000000
    2.4000     4.6000  0.000000
    2.8000     4.6000  0.000000
    3.2000     4.6000  0.000000
    3.6000     4.6000  0.000000
    4.0000     4.6000  0.000000
    4.4000     4.6000  0.000000
    4.8000     4.6000  0.000000
    5.2000     4.6000  0.000000
    5.6000     4.6000  0.000000
    6.0000     4.6000  0.000000
    6.4000     4.6000  0.000000
    6.8000     4.6000  0.000000
    7.2000     4.6000  0.000000
    7.6000     4.6000  0.000000
    8.0000     4.6000  0.000000
    8.4000     4.6000  0.000000
    8.8000     4.6000  0.000000
    9.2000     4.6000  0.000000
    9.6000     4.6000  0.000000
   10.0000     4.6000  0.000000
   10.4000     4.6000  0.000000
   10.8000     4.6000  0.000000
   11.2000     4.6000  0.000000
   11.6000     4.6000  0.000000
   12.0000     4.6000  0.000000
   12.4000     4.6000  0.000000
   12.8000     4.6000  0.000000
   13.2000     4.6000  0.000000
   13.6000     4.6000  0.000000
   14.0000     4.6000  0.000000
   14.4000     4.6000  0.000000
   14.8000     4.6000  0.000000
   15.2000     4.6000  0.000000
   15.6000     4.6000  0.000000
   16.0000     4.6000  0.000000
   16.4000     4.6000  0.000000
   16.8000     4.6000  0.000000
   17.2000     4.6000  0.000000
   17.6000     4.6000  0.000000
   18.0000     4.6000  0.000000
   18.4000     4.6000  0.000000
   18.8000     4.6000  0.000000
   19.2000     4.6000  0.000000
   19.6000     4.6000  0.000000
   20.0000     4.6000  0.000000
   20.4000     4.6000  0.000000
   20.8000     4.6000  0.000000
   21.2000     4.6000  0.000000
   21.6000     4.6000  0.000000
   22.0000     4.6000  0.000000
   22.4000     4.6000  0.000000
   22.8000     4.6000  0.000000
   23.2000     4.6000  0.000000
   23.6000     4.6000  0.000000
   24.0000     4.6000  0.000000
   24.4000     4.6000  0.000000
   24.8000     4.6000  0.000000
   25.2000     4.6000  0.000000
   25.6000     4.6000  0.000001
   26.0000     4.6000  0.000001
   26.4000     4.6000  0.000008
   26.8000     4.6000  0.000089
   27.2000     4.6000  0.000202
   27.6000     4.6000  0.000348
   28.0000     4.6000  0.000518
   28.4000     4.6000  0.000626
   28.8000     4.6000  0.000718
   29.2000     4.6000  0.000674
   29.6000     4.6000  0.000625
   30.0000     4.6000  0.000489
   30.4000     4.6000  0.000348
   30.8000     4.6000  0.000220
   31.2000     4.6000  0.000109
   31.6000     4.6000  0.000034
   32.0000     4.6000  0.000001
   32.4000     4.6000  0.000000
   32.8000     4.6000  0.000000
   33.2000     4.6000  0.000000
   33.6000     4.6000  0.000000
   34.0000     4.6000  0.000000
   34.4000     4.6000  0.000001
   34.8000     4.6000  0.000000
   35.2000     4.6000  0.000000
   35.6000     4.6000  0.000000
   36.0000     4.6000  0.000001
   36.4000     4.6000  0.000000
   36.8000     4.6000  0.000000
   37.2000     4.6000  0.000001
   37.6000     4.6000  0.000001
   38.0000     4.6000  0.000001
   38.4000     4.6000  0.000001
   38.8000     4.6000  0.000001
   39.2000     4.6000  0.000001
   39.6000     4.6000  0.000000
    0.0000     4.6800  0.000000
    0.4000     4.6800  0.000000
    0.8000     4.6800  0.000000
    1.2000     4.6800  0.000000
    1.6000     4.6800  0.000000
    2.0000     4.6800  0.000000
    2.4000     4.6800  0.000000
    2.8000     4.6800  0.000000
    3.2000     4.6800  0.000000
    3.6000     4.6800  0.000000
    4.0000     4.6800  0.000000
    4.4000     4.6800  0.000000
    4.8000     4.6800  0.000000
    5.2000     4.6800  0.000000
    5.6000     4.6800  0.000000
    6.0000     4.6800  0.000000
    6.4000     4.6800  0.000000
    6.8000     4.6800  0.000000
    7.2000     4.6800  0.000000
    7.6000     4.6800  0.000000
    8.0000     4.6800  0.000000
    8.4000     4.6800  0.000000
    8.8000     4.6800  0.000000
    9.2000     4.6800  0.000000
    9.6000     4.6800  0.000000
   10.0000     4.6800  0.000000
   10.4000     4.6800  0.000000
   10.8000     4.6800  0.000000
   11.2000     4.6800  0.000000
   11.6000     4.6800  0.000000
   12.0000     4.6800  0.000000
   12.4000     4.6800  0.000000
   12.8000     4.6800  0.000000
   13.2000     4.6800  0.000000
   13.6000     4.6800  0.000000
   14.0000     4.6800  0.000000
   14.4000     4.6800  0.000000
   14.8000     4.6800  0.000000
   15.2000     4.6800  0.000000
   15.6000     4.6800  0.000000
   16.0000     4.6800  0.000000
   16.4000     4.6800  0.000000
   16.8000     4.6800  0.000000
   17.2000     4.6800  0.000000
   17.6000     4.6800  0.000000
   18.0000     4.6800  0.000000
   18.4000     4.6800  0.000001
   18.8000     4.6800  0.000000
   19.2000     4.6800  0.000000
   19.6000     4.6800  0.000000
   20.0000     4.6800  0.000000
   20.4000     4.6800  0.000000
   20.8000     4.6800  0.000000
   21.2000     4.6800  0.000000
   21.6000     4.6800  0.000000
   22.0000     4.6800  0.000000
   22.4000     4.6800  0.000001
   22.8000     4.6800  0.000000
   23.2000     4.6800  0.000000
   23.6000     4.6800  0.000000
   24.0000     4.6800  0.000000
   24.4000     4.6800  0.000002
   24.8000     4.6800  0.000000
   25.2000     4.6800  0.000000
   25.6000     4.6800  0.000001
   26.0000     4.6800  0.000001
   26.4000     4.6800  0.000004
   26.8000     4.6800  0.000021
   27.2000     4.6800  0.000099
   27.6000     4.6800  0.000223
   28.0000     4.6800  0.000377
   28.4000     4.6800  0.000541
   28.8000     4.6800  0.000625
   29.2000     4.6800  0.000642
   29.6000     4.6800  0.000615
   30.0000     4.6800  0.000528
   30.4000     4.6800  0.000411
   30.8000     4.6800  0.000287
   31.2000     4.6800  0.000165
   31.6000     4.6800  0.000072
   32.0000     4.6800  0.000017
   32.4000     4.6800  0.000001
   32.8000     4.6800  0.000000
   33.2000     4.6800  0.000000
   33.6000     4.6800  0.000000
   34.0000     4.6800  0.000000
   34.4000     4.6800  0.000001
   34.8000     4.6800  0.000001
   35.2000     4.6800  0.000000
   35.6000     4.6800  0.000001
   36.0000     4.6800  0.000001
   36.4000     4.6800  0.000001
   36.8000     4.6800  0.000001
   37.2000     4.6800  0.000001
   37.6000     4.6800  0.000003
   38.0000     4.6800  0.000001
   38.4000     4.6800  0.000001
   38.8000     4.6800  0.000000
   39.2000     4.6800  0.000001
   39.6000     4.6800  0.000000
    0.0000     4.7600  0.000000
    0.4000     4.7600  0.000000
    0.8000     4.7600  0.000000
    1.2000     4.7600  0.000000
    1.6000     4.7600  0.000000
    2.0000     4.7600  0.000000
    2.4000     4.7600  0.000000
    2.8000     4.7600  0.000000
    3.2000     4.7600  0.000000
    3.6000     4.7600  0.000000
    4.0000     4.7600  0.000000
    4.4000     4.7600  0.000000
    4.8000     4.7600  0.000000
    5.2000     4.7600  0.000000
    5.6000     4.7600  0.000000
    6.0000     4.7600  0.000000
    6.4000     4.7600  0.000000
    6.8000     4.7600  0.000000
    7.2000     4.7600  0.000000
    7.6000     4.7600  0.000000
    8.0000     4.7600  0.000000
    8.4000     4.7600  0.000000
    8.8000     4.7600  0.000000
    9.2000     4.7600  0.000000
    9.6000     4.7600  0.000000
   10.0000     4.7600  0.000000
   10.4000     4.7600  0.000000
   10.8000     4.7600  0.000000
   11.2000     4.7600  0.000000
   11.6000     4.7600  0.000000
   12.0000     4.7600  0.000000
   12.4000     4.7600  0.000000
   12.8000     4.7600  0.000000
   13.2000     4.7600  0.000000
   13.6000     4.7600  0.000000
   14.0000     4.7600  0.000000
   14.4000     4.7600  0.000000
   14.8000     4.7600  0.000000
   15.2000     4.7600  0.000000
   15.6000     4.7600  0.000000
   16.0000     4.7600  0.000000
   16.4000     4.7600  0.000000
   16.8000     4.7600  0.000000
   17.2000     4.7600  0.000000
   17.6000     4.7600  0.000000
   18.0000     4.7600  0.000000
   18.4000     4.7600  0.000000
   18.8000     4.7600  0.000000
   19.2000     4.7600  0.000000
   19.6000     4.7600  0.000000
   20.0000     4.7600  0.000001
   20.4000     4.7600  0.000000
   20.8000     4.7600  0.000000
   21.2000     4.7600  0.000001
   21.6000     4.7600  0.000000
   22.0000     4.7600  0.000000
   22.4000     4.7600  0.000000
   22.8000     4.7600  0.000000
   23.2000     4.7600  0.000000
   23.6000     4.7600  0.000000
   24.0000     4.7600  0.000001
   24.4000     4.7600  0.000001
   24.8000     4.7600  0.000000
   25.2000     4.7600  0.000000
   25.6000     4.7600  0.000001
   26.0000     4.7600  0.000000
   26.4000     4.7600  0.000003
   26.8000     4.7600  0.000004
   27.2000     4.7600  0.000032
   27.6000     4.7600  0.000000
   28.0000     4.7600  0.000230
   28.4000     4.7600  0.000370
   28.8000     4.7600  0.000469
   29.2000     4.7600  0.000519
   29.6000     4.7600  0.000514
   30.0000     4.7600  0.000483
   30.4000     4.7600  0.000410
   30.8000     4.7600  0.000323
   31.2000     4.7600  0.000212
   31.6000     4.7600  0.000112
   32.0000     4.7600  0.000040
   32.4000     4.7600  0.000001
   32.8000     4.7600  0.000001
   33.2000     4.7600  0.000000
   33.6000     4.7600  0.000000
   34.0000     4.7600  0.000000
   34.4000     4.7600  0.000001
   34.8000     4.7600  0.000001
   35.2000     4.7600  0.000000
   35.6000     4.7600  0.000000
   36.0000     4.7600  0.000001
   36.4000     4.7600  0.000000
   36.8000     4.7600  0.000000
   37.2000     4.7600  0.000001
   37.6000     4.7600  0.000001
   38.0000     4.7600  0.000001
   38.4000     4.7600  0.000001
   38.8000     4.7600  0.000001
   39.2000     4.7600  0.000001
   39.6000     4.7600  0.000000
    0.0000     4.8400  0.000000
    0.4000     4.8400  0.000000
    0.8000     4.8400  0.000000
    1.2000     4.8400  0.000000
    1.6000     4.8400  0.000000
    2.0000     4.8400  0.000000
    2.4000     4.8400  0.000000
    2.8000     4.8400  0.000000
    3.2000     4.8400  0.000000
    3.6000     4.8400  0.000000
    4.0000     4.8400  0.000000
    4.4000     4.8400  0.000000
    4.8000     4.8400  0.000000
    5.2000     4.8400  0.000000
    5.6000     4.8400  0.000000
    6.0000     4.8400  0.000000
    6.4000     4.8400  0.000000
    6.8000     4.8400  0.000000
    7.2000     4.8400  0.000000
    7.6000     4.8400  0.000000
    8.0000     4.8400  0.000000
    8.4000     4.8400  0.000000
    8.8000     4.8400  0.000000
    9.2000     4.8400  0.000000
    9.6000     4.8400  0.000000
   10.0000     4.8400  0.000000
   10.4000     4.8400  0.000000
   10.8000     4.8400  0.000000
   11.2000     4.8400  0.000000
   11.6000     4.8400  0.000000
   12.0000     4.8400  0.000000
   12.4000     4.8400  0.000000
   12.8000     4.8400  0.000000
   13.2000     4.8400  0.000000
   13.6000     4.8400  0.000000
   14.0000     4.8400  0.000000
   14.4000     4.8400  0.000000
   14.8000     4.8400  0.000000
   15.2000     4.8400  0.000000
   15.6000     4.8400  0.000000
   16.0000     4.8400  0.000000
   16.4000     4.8400  0.000000
   16.8000     4.8400  0.000000
   17.2000     4.8400  0.000000
   17.6000     4.8400  0.000000
   18.0000     4.8400  0.000000
   18.4000     4.8400  0.000000
   18.8000     4.8400  0.000000
   19.2000     4.8400  0.000000
   19.6000     4.8400  0.000001
   20.0000     4.8400  0.000000
   20.4000     4.8400  0.000001
   20.8000     4.8400  0.000000
   21.2000     4.8400  0.000001
   21.6000     4.8400  0.000000
   22.0000     4.8400  0.000000
   22.4000     4.8400  0.000001
   22.8000     4.8400  0.000000
   23.2000     4.8400  0.000000
   23.6000     4.8400  0.000000
   24.0000     4.8400  0.000001
   24.4000     4.8400  0.000000
   24.8000     4.8400  0.000000
   25.2000     4.8400  0.000000
   25.6000     4.8400  0.000000
   26.0000     4.8400  0.000001
   26.4000     4.8400  0.000001
   26.8000     4.8400  0.000001
   27.2000     4.8400  0.000006
   27.6000     4.8400  0.000049
   28.0000     4.8400  0.000111
   28.4000     4.8400  0.000206
   28.8000     4.8400  0.000300
   29.2000     4.8400  0.000361
   29.6000     4.8400  0.000421
   30.0000     4.8400  0.000408
   30.4000     4.8400  0.000376
   30.8000     4.8400  0.000301
   31.2000     4.8400  0.000228
   31.6000     4.8400  0.000138
   32.0000     4.8400  0.000080
   32.4000     4.8400  0.000026
   32.8000     4.8400  0.000002
   33.2000     4.8400  0.000000
   33.6000     4.8400  0.000001
   34.0000     4.8400  0.000001
   34.4000     4.8400  0.000001
   34.8000     4.8400  0.000000
   35.2000     4.8400  0.000001
   35.6000     4.8400  0.000001
   36.0000     4.8400  0.000002
   36.4000     4.8400  0.000000
   36.8000     4.8400  0.000002
   37.2000     4.8400  0.000001
   37.6000     4.8400  0.000001
   38.0000     4.8400  0.000003
   38.4000     4.8400  0.000001
   38.8000     4.8400  0.000003
   39.2000     4.8400  0.000002
   39.6000     4.8400  0.000003
    0.0000     4.9200  0.000000
    0.4000     4.9200  0.000000
    0.8000     4.9200  0.000000
    1.2000     4.9200  0.000000
    1.6000     4.9200  0.000000
    2.0000     4.9200  0.000000
    2.4000     4.9200  0.000000
    2.8000     4.9200  0.000000
    3.2000     4.9200  0.000000
    3.6000     4.9200  0.000000
    4.0000     4.9200  0.000000
    4.4000     4.9200  0.000000
    4.8000     4.9200  0.000000
    5.2000     4.9200  0.000000
    5.6000     4.9200  0.000001
    6.0000     4.9200  0.000000
    6.4000     4.9200  0.000000
    6.8000     4.9200  0.000000
    7.2000     4.9200  0.000000
    7.6000     4.9200  0.000000
    8.0000     4.9200  0.000000
    8.4000     4.9200  0.000000
    8.8000     4.9200  0.000000
    9.2000     4.9200  0.000000
    9.6000     4.9200  0.000000
   10.0000     4.9200  0.000000
   10.4000     4.9200  0.000000
   10.8000     4.9200  0.000000
   11.2000     4.9200  0.000000
   11.6000     4.9200  0.000001
   12.0000     4.9200  0.000000
   12.4000     4.9200  0.000000
   12.8000     4.9200  0.000000
   13.2000     4.9200  0.000000
   13.6000     4.9200  0.000000
   14.0000     4.9200  0.000000
   14.4000     4.9200  0.000000
   14.8000     4.9200  0.000000
   15.2000     4.9200  0.000000
   15.6000     4.9200  0.000000
   16.0000     4.9200  0.000000
   16.4000     4.9200  0.000000
   16.8000     4.9200  0.000000
   17.2000     4.9200  0.000000
   17.6000     4.9200  0.000000
   18.0000     4.9200  0.000000
   18.4000     4.9200  0.000000
   18.8000     4.9200  0.000001
   19.2000     4.9200  0.000000
   19.6000     4.9200  0.000000
   20.0000     4.9200  0.000001
   20.4000     4.9200  0.000001
   20.8000     4.9200  0.000000
   21.2000     4.9200  0.000000
   21.6000     4.9200  0.000000
   22.0000     4.9200  0.000000
   22.4000     4.9200  0.000000
   22.8000     4.9200  0.000000
   23.2000     4.9200  0.000000
   23.6000     4.9200  0.000000
   24.0000     4.9200  0.000001
   24.4000     4.9200  0.000002
   24.8000     4.9200  0.000000
   25.2000     4.9200  0.000000
   25.6000     4.9200  0.000000
   26.0000     4.9200  0.000000
   26.4000     4.9200  0.000001
   26.8000     4.9200  0.000002
   27.2000     4.9200  0.000006
   27.6000     4.9200  0.000035
   28.0000     4.9200  0.000060
   28.4000     4.9200  0.000125
   28.8000     4.9200  0.000173
   29.2000     4.9200  0.000250
   29.6000     4.9200  0.000281
   30.0000     4.9200  0.000297
   30.4000     4.9200  0.000295
   30.8000     4.9200  0.000252
   31.2000     4.9200  0.000202
   31.6000     4.9200  0.000155
   32.0000     4.9200  0.000090
   32.4000     4.9200  0.000043
   32.8000     4.9200  0.000010
   33.2000     4.9200  0.000002
   33.6000     4.9200  0.000000
   34.0000     4.9200  0.000000
   34.4000     4.9200  0.000002
   34.8000     4.9200  0.000001
   35.2000     4.9200  0.000001
   35.6000     4.9200  0.000003
   36.0000     4.9200  0.000001
   36.4000     4.9200  0.000001
   36.8000     4.9200  0.000001
   37.2000     4.9200  0.000002
   37.6000     4.9200  0.000003
   38.0000     4.9200  0.000003
   38.4000     4.9200  0.000001
   38.8000     4.9200  0.000002
   39.2000     4.9200  0.000001
   39.6000     4.9200  0.000001
