Smooth Results
3
X-value
Y-value
P-value
    0.0000    -3.0000  0.000000
    0.4000    -3.0000  0.000000
    0.8000    -3.0000  0.000000
    1.2000    -3.0000  0.000000
    1.6000    -3.0000  0.000000
    2.0000    -3.0000  0.000000
    2.4000    -3.0000  0.000000
    2.8000    -3.0000  0.000000
    3.2000    -3.0000  0.000000
    3.6000    -3.0000  0.000000
    4.0000    -3.0000  0.000000
    4.4000    -3.0000  0.000000
    4.8000    -3.0000  0.000000
    5.2000    -3.0000  0.000000
    5.6000    -3.0000  0.000000
    6.0000    -3.0000  0.000000
    6.4000    -3.0000  0.000000
    6.8000    -3.0000  0.000000
    7.2000    -3.0000  0.000000
    7.6000    -3.0000  0.000000
    8.0000    -3.0000  0.000000
    8.4000    -3.0000  0.000000
    8.8000    -3.0000  0.000000
    9.2000    -3.0000  0.000000
    9.6000    -3.0000  0.000000
   10.0000    -3.0000  0.000000
   10.4000    -3.0000  0.000000
   10.8000    -3.0000  0.000000
   11.2000    -3.0000  0.000000
   11.6000    -3.0000  0.000000
   12.0000    -3.0000  0.000000
   12.4000    -3.0000  0.000000
   12.8000    -3.0000  0.000000
   13.2000    -3.0000  0.000000
   13.6000    -3.0000  0.000000
   14.0000    -3.0000  0.000000
   14.4000    -3.0000  0.000000
   14.8000    -3.0000  0.000000
   15.2000    -3.0000  0.000000
   15.6000    -3.0000  0.000000
   16.0000    -3.0000  0.000000
   16.4000    -3.0000  0.000000
   16.8000    -3.0000  0.000000
   17.2000    -3.0000  0.000000
   17.6000    -3.0000  0.000000
   18.0000    -3.0000  0.000000
   18.4000    -3.0000  0.000000
   18.8000    -3.0000  0.000000
   19.2000    -3.0000  0.000000
   19.6000    -3.0000  0.000000
   20.0000    -3.0000  0.000000
   20.4000    -3.0000  0.000000
   20.8000    -3.0000  0.000000
   21.2000    -3.0000  0.000000
   21.6000    -3.0000  0.000000
   22.0000    -3.0000  0.000000
   22.4000    -3.0000  0.000000
   22.8000    -3.0000  0.000000
   23.2000    -3.0000  0.000000
   23.6000    -3.0000  0.000000
   24.0000    -3.0000  0.000000
   24.4000    -3.0000  0.000000
   24.8000    -3.0000  0.000000
   25.2000    -3.0000  0.000000
   25.6000    -3.0000  0.000000
   26.0000    -3.0000  0.000000
   26.4000    -3.0000  0.000000
   26.8000    -3.0000  0.000000
   27.2000    -3.0000  0.000000
   27.6000    -3.0000  0.000000
   28.0000    -3.0000  0.000000
   28.4000    -3.0000  0.000000
   28.8000    -3.0000  0.000000
   29.2000    -3.0000  0.000000
   29.6000    -3.0000  0.000000
   30.0000    -3.0000  0.000000
   30.4000    -3.0000  0.000000
   30.8000    -3.0000  0.000000
   31.2000    -3.0000  0.000000
   31.6000    -3.0000  0.000000
   32.0000    -3.0000  0.000000
   32.4000    -3.0000  0.000000
   32.8000    -3.0000  0.000000
   33.2000    -3.0000  0.000000
   33.6000    -3.0000  0.000000
   34.0000    -3.0000  0.000000
   34.4000    -3.0000  0.000000
   34.8000    -3.0000  0.000000
   35.2000    -3.0000  0.000000
   35.6000    -3.0000  0.000000
   36.0000    -3.0000  0.000000
   36.4000    -3.0000  0.000000
   36.8000    -3.0000  0.000000
   37.2000    -3.0000  0.000000
   37.6000    -3.0000  0.000000
   38.0000    -3.0000  0.000000
   38.4000    -3.0000  0.000000
   38.8000    -3.0000  0.000000
   39.2000    -3.0000  0.000000
   39.6000    -3.0000  0.000000
    0.0000    -2.9200  0.000000
    0.4000    -2.9200  0.000007
    0.8000    -2.9200  0.000004
    1.2000    -2.9200  0.000004
    1.6000    -2.9200  0.000004
    2.0000    -2.9200  0.000005
    2.4000    -2.9200  0.000002
    2.8000    -2.9200  0.000001
    3.2000    -2.9200  0.000001
    3.6000    -2.9200  0.000001
    4.0000    -2.9200  0.000001
    4.4000    -2.9200  0.000008
    4.8000    -2.9200  0.000024
    5.2000    -2.9200  0.000036
    5.6000    -2.9200  0.000049
    6.0000    -2.9200  0.000064
    6.4000    -2.9200  0.000073
    6.8000    -2.9200  0.000086
    7.2000    -2.9200  0.000092
    7.6000    -2.9200  0.000107
    8.0000    -2.9200  0.000117
    8.4000    -2.9200  0.000112
    8.8000    -2.9200  0.000113
    9.2000    -2.9200  0.000112
    9.6000    -2.9200  0.000096
   10.0000    -2.9200  0.000076
   10.4000    -2.9200  0.000047
   10.8000    -2.9200  0.000029
   11.2000    -2.9200  0.000018
   11.6000    -2.9200  0.000001
   12.0000    -2.9200  0.000000
   12.4000    -2.9200  0.000000
   12.8000    -2.9200  0.000000
   13.2000    -2.9200  0.000000
   13.6000    -2.9200  0.000000
   14.0000    -2.9200  0.000000
   14.4000    -2.9200  0.000000
   14.8000    -2.9200  0.000001
   15.2000    -2.9200  0.000001
   15.6000    -2.9200  0.000001
   16.0000    -2.9200  0.000001
   16.4000    -2.9200  0.000001
   16.8000    -2.9200  0.000001
   17.2000    -2.9200  0.000000
   17.6000    -2.9200  0.000001
   18.0000    -2.9200  0.000000
   18.4000    -2.9200  0.000001
   18.8000    -2.9200  0.000000
   19.2000    -2.9200  0.000001
   19.6000    -2.9200  0.000000
   20.0000    -2.9200  0.000000
   20.4000    -2.9200  0.000000
   20.8000    -2.9200  0.000009
   21.2000    -2.9200  0.000004
   21.6000    -2.9200  0.000003
   22.0000    -2.9200  0.000003
   22.4000    -2.9200  0.000002
   22.8000    -2.9200  0.000001
   23.2000    -2.9200  0.000001
   23.6000    -2.9200  0.000006
   24.0000    -2.9200  0.000009
   24.4000    -2.9200  0.000008
   24.8000    -2.9200  0.000000
   25.2000    -2.9200  0.000001
   25.6000    -2.9200  0.000000
   26.0000    -2.9200  0.000001
   26.4000    -2.9200  0.000001
   26.8000    -2.9200  0.000000
   27.2000    -2.9200  0.000000
   27.6000    -2.9200  0.000002
   28.0000    -2.9200  0.000001
   28.4000    -2.9200  0.000004
   28.8000    -2.9200  0.000001
   29.2000    -2.9200  0.000000
   29.6000    -2.9200  0.000000
   30.0000    -2.9200  0.000000
   30.4000    -2.9200  0.000000
   30.8000    -2.9200  0.000000
   31.2000    -2.9200  0.000000
   31.6000    -2.9200  0.000000
   32.0000    -2.9200  0.000000
   32.4000    -2.9200  0.000000
   32.8000    -2.9200  0.000000
   33.2000    -2.9200  0.000000
   33.6000    -2.9200  0.000000
   34.0000    -2.9200  0.000000
   34.4000    -2.9200  0.000000
   34.8000    -2.9200  0.000000
   35.2000    -2.9200  0.000000
   35.6000    -2.9200  0.000000
   36.0000    -2.9200  0.000000
   36.4000    -2.9200  0.000000
   36.8000    -2.9200  0.000000
   37.2000    -2.9200  0.000000
   37.6000    -2.9200  0.000000
   38.0000    -2.9200  0.000000
   38.4000    -2.9200  0.000000
   38.8000    -2.9200  0.000000
   39.2000    -2.9200  0.000000
   39.6000    -2.9200  0.000000
    0.0000    -2.8400  0.000000
    0.4000    -2.8400  0.000006
    0.8000    -2.8400  0.000008
    1.2000    -2.8400  0.000009
    1.6000    -2.8400  0.000006
    2.0000    -2.8400  0.000002
    2.4000    -2.8400  0.000002
    2.8000    -2.8400  0.000001
    3.2000    -2.8400  0.000001
    3.6000    -2.8400  0.000002
    4.0000    -2.8400  0.000002
    4.4000    -2.8400  0.000008
    4.8000    -2.8400  0.000023
    5.2000    -2.8400  0.000047
    5.6000    -2.8400  0.000066
    6.0000    -2.8400  0.000084
    6.4000    -2.8400  0.000098
    6.8000    -2.8400  0.000109
    7.2000    -2.8400  0.000126
    7.6000    -2.8400  0.000137
    8.0000    -2.8400  0.000154
    8.4000    -2.8400  0.000166
    8.8000    -2.8400  0.000166
    9.2000    -2.8400  0.000176
    9.6000    -2.8400  0.000140
   10.0000    -2.8400  0.000114
   10.4000    -2.8400  0.000071
   10.8000    -2.8400  0.000050
   11.2000    -2.8400  0.000026
   11.6000    -2.8400  0.000000
   12.0000    -2.8400  0.000000
   12.4000    -2.8400  0.000000
   12.8000    -2.8400  0.000000
   13.2000    -2.8400  0.000000
   13.6000    -2.8400  0.000000
   14.0000    -2.8400  0.000000
   14.4000    -2.8400  0.000000
   14.8000    -2.8400  0.000000
   15.2000    -2.8400  0.000000
   15.6000    -2.8400  0.000000
   16.0000    -2.8400  0.000001
   16.4000    -2.8400  0.000001
   16.8000    -2.8400  0.000000
   17.2000    -2.8400  0.000001
   17.6000    -2.8400  0.000001
   18.0000    -2.8400  0.000001
   18.4000    -2.8400  0.000001
   18.8000    -2.8400  0.000000
   19.2000    -2.8400  0.000000
   19.6000    -2.8400  0.000000
   20.0000    -2.8400  0.000000
   20.4000    -2.8400  0.000000
   20.8000    -2.8400  0.000009
   21.2000    -2.8400  0.000002
   21.6000    -2.8400  0.000004
   22.0000    -2.8400  0.000001
   22.4000    -2.8400  0.000001
   22.8000    -2.8400  0.000001
   23.2000    -2.8400  0.000000
   23.6000    -2.8400  0.000003
   24.0000    -2.8400  0.000004
   24.4000    -2.8400  0.000009
   24.8000    -2.8400  0.000000
   25.2000    -2.8400  0.000000
   25.6000    -2.8400  0.000001
   26.0000    -2.8400  0.000000
   26.4000    -2.8400  0.000001
   26.8000    -2.8400  0.000000
   27.2000    -2.8400  0.000000
   27.6000    -2.8400  0.000001
   28.0000    -2.8400  0.000002
   28.4000    -2.8400  0.000001
   28.8000    -2.8400  0.000001
   29.2000    -2.8400  0.000000
   29.6000    -2.8400  0.000000
   30.0000    -2.8400  0.000000
   30.4000    -2.8400  0.000000
   30.8000    -2.8400  0.000000
   31.2000    -2.8400  0.000000
   31.6000    -2.8400  0.000000
   32.0000    -2.8400  0.000000
   32.4000    -2.8400  0.000000
   32.8000    -2.8400  0.000000
   33.2000    -2.8400  0.000000
   33.6000    -2.8400  0.000000
   34.0000    -2.8400  0.000000
   34.4000    -2.8400  0.000000
   34.8000    -2.8400  0.000000
   35.2000    -2.8400  0.000000
   35.6000    -2.8400  0.000000
   36.0000    -2.8400  0.000000
   36.4000    -2.8400  0.000000
   36.8000    -2.8400  0.000000
   37.2000    -2.8400  0.000000
   37.6000    -2.8400  0.000000
   38.0000    -2.8400  0.000000
   38.4000    -2.8400  0.000000
   38.8000    -2.8400  0.000000
   39.2000    -2.8400  0.000000
   39.6000    -2.8400  0.000000
    0.0000    -2.7600  0.000000
    0.4000    -2.7600  0.000005
    0.8000    -2.7600  0.000010
    1.2000    -2.7600  0.000009
    1.6000    -2.7600  0.000008
    2.0000    -2.7600  0.000002
    2.4000    -2.7600  0.000001
    2.8000    -2.7600  0.000002
    3.2000    -2.7600  0.000001
    3.6000    -2.7600  0.000002
    4.0000    -2.7600  0.000001
    4.4000    -2.7600  0.000008
    4.8000    -2.7600  0.000022
    5.2000    -2.7600  0.000045
    5.6000    -2.7600  0.000070
    6.0000    -2.7600  0.000092
    6.4000    -2.7600  0.000116
    6.8000    -2.7600  0.000135
    7.2000    -2.7600  0.000145
    7.6000    -2.7600  0.000170
    8.0000    -2.7600  0.000189
    8.4000    -2.7600  0.000194
    8.8000    -2.7600  0.000211
    9.2000    -2.7600  0.000215
    9.6000    -2.7600  0.000196
   10.0000    -2.7600  0.000155
   10.4000    -2.7600  0.000123
   10.8000    -2.7600  0.000080
   11.2000    -2.7600  0.000042
   11.6000    -2.7600  0.000002
   12.0000    -2.7600  0.000000
   12.4000    -2.7600  0.000000
   12.8000    -2.7600  0.000000
   13.2000    -2.7600  0.000000
   13.6000    -2.7600  0.000000
   14.0000    -2.7600  0.000000
   14.4000    -2.7600  0.000000
   14.8000    -2.7600  0.000001
   15.2000    -2.7600  0.000001
   15.6000    -2.7600  0.000000
   16.0000    -2.7600  0.000000
   16.4000    -2.7600  0.000000
   16.8000    -2.7600  0.000001
   17.2000    -2.7600  0.000000
   17.6000    -2.7600  0.000000
   18.0000    -2.7600  0.000001
   18.4000    -2.7600  0.000001
   18.8000    -2.7600  0.000000
   19.2000    -2.7600  0.000000
   19.6000    -2.7600  0.000000
   20.0000    -2.7600  0.000000
   20.4000    -2.7600  0.000000
   20.8000    -2.7600  0.000004
   21.2000    -2.7600  0.000005
   21.6000    -2.7600  0.000001
   22.0000    -2.7600  0.000001
   22.4000    -2.7600  0.000001
   22.8000    -2.7600  0.000000
   23.2000    -2.7600  0.000001
   23.6000    -2.7600  0.000000
   24.0000    -2.7600  0.000002
   24.4000    -2.7600  0.000004
   24.8000    -2.7600  0.000001
   25.2000    -2.7600  0.000000
   25.6000    -2.7600  0.000000
   26.0000    -2.7600  0.000000
   26.4000    -2.7600  0.000001
   26.8000    -2.7600  0.000000
   27.2000    -2.7600  0.000001
   27.6000    -2.7600  0.000001
   28.0000    -2.7600  0.000003
   28.4000    -2.7600  0.000002
   28.8000    -2.7600  0.000002
   29.2000    -2.7600  0.000000
   29.6000    -2.7600  0.000000
   30.0000    -2.7600  0.000000
   30.4000    -2.7600  0.000000
   30.8000    -2.7600  0.000000
   31.2000    -2.7600  0.000000
   31.6000    -2.7600  0.000000
   32.0000    -2.7600  0.000000
   32.4000    -2.7600  0.000000
   32.8000    -2.7600  0.000000
   33.2000    -2.7600  0.000000
   33.6000    -2.7600  0.000000
   34.0000    -2.7600  0.000000
   34.4000    -2.7600  0.000000
   34.8000    -2.7600  0.000000
   35.2000    -2.7600  0.000000
   35.6000    -2.7600  0.000000
   36.0000    -2.7600  0.000000
   36.4000    -2.7600  0.000000
   36.8000    -2.7600  0.000000
   37.2000    -2.7600  0.000000
   37.6000    -2.7600  0.000000
   38.0000    -2.7600  0.000000
   38.4000    -2.7600  0.000000
   38.8000    -2.7600  0.000000
   39.2000    -2.7600  0.000000
   39.6000    -2.7600  0.000000
    0.0000    -2.6800  0.000000
    0.4000    -2.6800  0.000006
    0.8000    -2.6800  0.000006
    1.2000    -2.6800  0.000003
    1.6000    -2.6800  0.000008
    2.0000    -2.6800  0.000006
    2.4000    -2.6800  0.000003
    2.8000    -2.6800  0.000003
    3.2000    -2.6800  0.000001
    3.6000    -2.6800  0.000000
    4.0000    -2.6800  0.000005
    4.4000    -2.6800  0.000017
    4.8000    -2.6800  0.000027
    5.2000    -2.6800  0.000050
    5.6000    -2.6800  0.000072
    6.0000    -2.6800  0.000099
    6.4000    -2.6800  0.000131
    6.8000    -2.6800  0.000151
    7.2000    -2.6800  0.000171
    7.6000    -2.6800  0.000206
    8.0000    -2.6800  0.000207
    8.4000    -2.6800  0.000229
    8.8000    -2.6800  0.000245
    9.2000    -2.6800  0.000271
    9.6000    -2.6800  0.000249
   10.0000    -2.6800  0.000208
   10.4000    -2.6800  0.000178
   10.8000    -2.6800  0.000123
   11.2000    -2.6800  0.000067
   11.6000    -2.6800  0.000019
   12.0000    -2.6800  0.000002
   12.4000    -2.6800  0.000000
   12.8000    -2.6800  0.000000
   13.2000    -2.6800  0.000000
   13.6000    -2.6800  0.000000
   14.0000    -2.6800  0.000000
   14.4000    -2.6800  0.000000
   14.8000    -2.6800  0.000001
   15.2000    -2.6800  0.000001
   15.6000    -2.6800  0.000000
   16.0000    -2.6800  0.000002
   16.4000    -2.6800  0.000001
   16.8000    -2.6800  0.000000
   17.2000    -2.6800  0.000001
   17.6000    -2.6800  0.000001
   18.0000    -2.6800  0.000000
   18.4000    -2.6800  0.000001
   18.8000    -2.6800  0.000001
   19.2000    -2.6800  0.000000
   19.6000    -2.6800  0.000000
   20.0000    -2.6800  0.000001
   20.4000    -2.6800  0.000001
   20.8000    -2.6800  0.000002
   21.2000    -2.6800  0.000006
   21.6000    -2.6800  0.000001
   22.0000    -2.6800  0.000004
   22.4000    -2.6800  0.000002
   22.8000    -2.6800  0.000000
   23.2000    -2.6800  0.000000
   23.6000    -2.6800  0.000001
   24.0000    -2.6800  0.000008
   24.4000    -2.6800  0.000011
   24.8000    -2.6800  0.000000
   25.2000    -2.6800  0.000001
   25.6000    -2.6800  0.000002
   26.0000    -2.6800  0.000000
   26.4000    -2.6800  0.000001
   26.8000    -2.6800  0.000000
   27.2000    -2.6800  0.000001
   27.6000    -2.6800  0.000005
   28.0000    -2.6800  0.000001
   28.4000    -2.6800  0.000004
   28.8000    -2.6800  0.000001
   29.2000    -2.6800  0.000000
   29.6000    -2.6800  0.000001
   30.0000    -2.6800  0.000000
   30.4000    -2.6800  0.000000
   30.8000    -2.6800  0.000000
   31.2000    -2.6800  0.000000
   31.6000    -2.6800  0.000000
   32.0000    -2.6800  0.000000
   32.4000    -2.6800  0.000000
   32.8000    -2.6800  0.000000
   33.2000    -2.6800  0.000000
   33.6000    -2.6800  0.000000
   34.0000    -2.6800  0.000000
   34.4000    -2.6800  0.000000
   34.8000    -2.6800  0.000000
   35.2000    -2.6800  0.000000
   35.6000    -2.6800  0.000000
   36.0000    -2.6800  0.000000
   36.4000    -2.6800  0.000000
   36.8000    -2.6800  0.000000
   37.2000    -2.6800  0.000000
   37.6000    -2.6800  0.000000
   38.0000    -2.6800  0.000000
   38.4000    -2.6800  0.000000
   38.8000    -2.6800  0.000000
   39.2000    -2.6800  0.000000
   39.6000    -2.6800  0.000000
    0.0000    -2.6000  0.000000
    0.4000    -2.6000  0.000002
    0.8000    -2.6000  0.000004
    1.2000    -2.6000  0.000005
    1.6000    -2.6000  0.000009
    2.0000    -2.6000  0.000007
    2.4000    -2.6000  0.000005
    2.8000    -2.6000  0.000006
    3.2000    -2.6000  0.000003
    3.6000    -2.6000  0.000003
    4.0000    -2.6000  0.000004
    4.4000    -2.6000  0.000016
    4.8000    -2.6000  0.000029
    5.2000    -2.6000  0.000051
    5.6000    -2.6000  0.000084
    6.0000    -2.6000  0.000100
    6.4000    -2.6000  0.000139
    6.8000    -2.6000  0.000173
    7.2000    -2.6000  0.000196
    7.6000    -2.6000  0.000226
    8.0000    -2.6000  0.000241
    8.4000    -2.6000  0.000263
    8.8000    -2.6000  0.000269
    9.2000    -2.6000  0.000303
    9.6000    -2.6000  0.000306
   10.0000    -2.6000  0.000279
   10.4000    -2.6000  0.000234
   10.8000    -2.6000  0.000176
   11.2000    -2.6000  0.000122
   11.6000    -2.6000  0.000040
   12.0000    -2.6000  0.000016
   12.4000    -2.6000  0.000001
   12.8000    -2.6000  0.000000
   13.2000    -2.6000  0.000000
   13.6000    -2.6000  0.000000
   14.0000    -2.6000  0.000000
   14.4000    -2.6000  0.000000
   14.8000    -2.6000  0.000001
   15.2000    -2.6000  0.000001
   15.6000    -2.6000  0.000002
   16.0000    -2.6000  0.000000
   16.4000    -2.6000  0.000001
   16.8000    -2.6000  0.000001
   17.2000    -2.6000  0.000001
   17.6000    -2.6000  0.000002
   18.0000    -2.6000  0.000000
   18.4000    -2.6000  0.000002
   18.8000    -2.6000  0.000000
   19.2000    -2.6000  0.000000
   19.6000    -2.6000  0.000000
   20.0000    -2.6000  0.000000
   20.4000    -2.6000  0.000000
   20.8000    -2.6000  0.000006
   21.2000    -2.6000  0.000001
   21.6000    -2.6000  0.000004
   22.0000    -2.6000  0.000001
   22.4000    -2.6000  0.000001
   22.8000    -2.6000  0.000003
   23.2000    -2.6000  0.000001
   23.6000    -2.6000  0.000001
   24.0000    -2.6000  0.000001
   24.4000    -2.6000  0.000011
   24.8000    -2.6000  0.000000
   25.2000    -2.6000  0.000000
   25.6000    -2.6000  0.000001
   26.0000    -2.6000  0.000000
   26.4000    -2.6000  0.000001
   26.8000    -2.6000  0.000004
   27.2000    -2.6000  0.000000
   27.6000    -2.6000  0.000001
   28.0000    -2.6000  0.000009
   28.4000    -2.6000  0.000002
   28.8000    -2.6000  0.000001
   29.2000    -2.6000  0.000000
   29.6000    -2.6000  0.000001
   30.0000    -2.6000  0.000000
   30.4000    -2.6000  0.000000
   30.8000    -2.6000  0.000000
   31.2000    -2.6000  0.000000
   31.6000    -2.6000  0.000000
   32.0000    -2.6000  0.000000
   32.4000    -2.6000  0.000000
   32.8000    -2.6000  0.000001
   33.2000    -2.6000  0.000000
   33.6000    -2.6000  0.000000
   34.0000    -2.6000  0.000000
   34.4000    -2.6000  0.000000
   34.8000    -2.6000  0.000000
   35.2000    -2.6000  0.000000
   35.6000    -2.6000  0.000000
   36.0000    -2.6000  0.000000
   36.4000    -2.6000  0.000000
   36.8000    -2.6000  0.000000
   37.2000    -2.6000  0.000000
   37.6000    -2.6000  0.000000
   38.0000    -2.6000  0.000000
   38.4000    -2.6000  0.000000
   38.8000    -2.6000  0.000000
   39.2000    -2.6000  0.000000
   39.6000    -2.6000  0.000000
    0.0000    -2.5200  0.000000
    0.4000    -2.5200  0.000002
    0.8000    -2.5200  0.000001
    1.2000    -2.5200  0.000002
    1.6000    -2.5200  0.000009
    2.0000    -2.5200  0.000005
    2.4000    -2.5200  0.000004
    2.8000    -2.5200  0.000005
    3.2000    -2.5200  0.000004
    3.6000    -2.5200  0.000002
    4.0000    -2.5200  0.000002
    4.4000    -2.5200  0.000010
    4.8000    -2.5200  0.000026
    5.2000    -2.5200  0.000048
    5.6000    -2.5200  0.000089
    6.0000    -2.5200  0.000113
    6.4000    -2.5200  0.000148
    6.8000    -2.5200  0.000188
    7.2000    -2.5200  0.000202
    7.6000    -2.5200  0.000229
    8.0000    -2.5200  0.000254
    8.4000    -2.5200  0.000275
    8.8000    -2.5200  0.000293
    9.2000    -2.5200  0.000321
    9.6000    -2.5200  0.000322
   10.0000    -2.5200  0.000314
   10.4000    -2.5200  0.000272
   10.8000    -2.5200  0.000215
   11.2000    -2.5200  0.000150
   11.6000    -2.5200  0.000062
   12.0000    -2.5200  0.000026
   12.4000    -2.5200  0.000002
   12.8000    -2.5200  0.000001
   13.2000    -2.5200  0.000000
   13.6000    -2.5200  0.000000
   14.0000    -2.5200  0.000000
   14.4000    -2.5200  0.000000
   14.8000    -2.5200  0.000005
   15.2000    -2.5200  0.000000
   15.6000    -2.5200  0.000001
   16.0000    -2.5200  0.000000
   16.4000    -2.5200  0.000001
   16.8000    -2.5200  0.000000
   17.2000    -2.5200  0.000001
   17.6000    -2.5200  0.000000
   18.0000    -2.5200  0.000000
   18.4000    -2.5200  0.000001
   18.8000    -2.5200  0.000000
   19.2000    -2.5200  0.000000
   19.6000    -2.5200  0.000000
   20.0000    -2.5200  0.000001
   20.4000    -2.5200  0.000001
   20.8000    -2.5200  0.000003
   21.2000    -2.5200  0.000001
   21.6000    -2.5200  0.000000
   22.0000    -2.5200  0.000001
   22.4000    -2.5200  0.000002
   22.8000    -2.5200  0.000001
   23.2000    -2.5200  0.000000
   23.6000    -2.5200  0.000003
   24.0000    -2.5200  0.000001
   24.4000    -2.5200  0.000001
   24.8000    -2.5200  0.000000
   25.2000    -2.5200  0.000000
   25.6000    -2.5200  0.000000
   26.0000    -2.5200  0.000000
   26.4000    -2.5200  0.000001
   26.8000    -2.5200  0.000000
   27.2000    -2.5200  0.000001
   27.6000    -2.5200  0.000001
   28.0000    -2.5200  0.000001
   28.4000    -2.5200  0.000005
   28.8000    -2.5200  0.000001
   29.2000    -2.5200  0.000000
   29.6000    -2.5200  0.000000
   30.0000    -2.5200  0.000001
   30.4000    -2.5200  0.000000
   30.8000    -2.5200  0.000000
   31.2000    -2.5200  0.000000
   31.6000    -2.5200  0.000000
   32.0000    -2.5200  0.000000
   32.4000    -2.5200  0.000000
   32.8000    -2.5200  0.000000
   33.2000    -2.5200  0.000000
   33.6000    -2.5200  0.000000
   34.0000    -2.5200  0.000000
   34.4000    -2.5200  0.000000
   34.8000    -2.5200  0.000000
   35.2000    -2.5200  0.000000
   35.6000    -2.5200  0.000000
   36.0000    -2.5200  0.000000
   36.4000    -2.5200  0.000000
   36.8000    -2.5200  0.000000
   37.2000    -2.5200  0.000000
   37.6000    -2.5200  0.000000
   38.0000    -2.5200  0.000000
   38.4000    -2.5200  0.000000
   38.8000    -2.5200  0.000000
   39.2000    -2.5200  0.000000
   39.6000    -2.5200  0.000000
    0.0000    -2.4400  0.000000
    0.4000    -2.4400  0.000001
    0.8000    -2.4400  0.000001
    1.2000    -2.4400  0.000004
    1.6000    -2.4400  0.000004
    2.0000    -2.4400  0.000011
    2.4000    -2.4400  0.000008
    2.8000    -2.4400  0.000009
    3.2000    -2.4400  0.000012
    3.6000    -2.4400  0.000003
    4.0000    -2.4400  0.000011
    4.4000    -2.4400  0.000019
    4.8000    -2.4400  0.000028
    5.2000    -2.4400  0.000046
    5.6000    -2.4400  0.000090
    6.0000    -2.4400  0.000124
    6.4000    -2.4400  0.000168
    6.8000    -2.4400  0.000197
    7.2000    -2.4400  0.000223
    7.6000    -2.4400  0.000246
    8.0000    -2.4400  0.000272
    8.4000    -2.4400  0.000311
    8.8000    -2.4400  0.000319
    9.2000    -2.4400  0.000333
    9.6000    -2.4400  0.000338
   10.0000    -2.4400  0.000328
   10.4000    -2.4400  0.000304
   10.8000    -2.4400  0.000251
   11.2000    -2.4400  0.000186
   11.6000    -2.4400  0.000104
   12.0000    -2.4400  0.000048
   12.4000    -2.4400  0.000013
   12.8000    -2.4400  0.000001
   13.2000    -2.4400  0.000000
   13.6000    -2.4400  0.000000
   14.0000    -2.4400  0.000000
   14.4000    -2.4400  0.000000
   14.8000    -2.4400  0.000001
   15.2000    -2.4400  0.000001
   15.6000    -2.4400  0.000001
   16.0000    -2.4400  0.000001
   16.4000    -2.4400  0.000002
   16.8000    -2.4400  0.000001
   17.2000    -2.4400  0.000001
   17.6000    -2.4400  0.000000
   18.0000    -2.4400  0.000000
   18.4000    -2.4400  0.000000
   18.8000    -2.4400  0.000000
   19.2000    -2.4400  0.000000
   19.6000    -2.4400  0.000000
   20.0000    -2.4400  0.000000
   20.4000    -2.4400  0.000000
   20.8000    -2.4400  0.000001
   21.2000    -2.4400  0.000001
   21.6000    -2.4400  0.000010
   22.0000    -2.4400  0.000005
   22.4000    -2.4400  0.000000
   22.8000    -2.4400  0.000001
   23.2000    -2.4400  0.000001
   23.6000    -2.4400  0.000009
   24.0000    -2.4400  0.000002
   24.4000    -2.4400  0.000001
   24.8000    -2.4400  0.000000
   25.2000    -2.4400  0.000001
   25.6000    -2.4400  0.000000
   26.0000    -2.4400  0.000001
   26.4000    -2.4400  0.000001
   26.8000    -2.4400  0.000001
   27.2000    -2.4400  0.000001
   27.6000    -2.4400  0.000001
   28.0000    -2.4400  0.000001
   28.4000    -2.4400  0.000003
   28.8000    -2.4400  0.000003
   29.2000    -2.4400  0.000001
   29.6000    -2.4400  0.000000
   30.0000    -2.4400  0.000000
   30.4000    -2.4400  0.000000
   30.8000    -2.4400  0.000000
   31.2000    -2.4400  0.000000
   31.6000    -2.4400  0.000000
   32.0000    -2.4400  0.000000
   32.4000    -2.4400  0.000000
   32.8000    -2.4400  0.000000
   33.2000    -2.4400  0.000000
   33.6000    -2.4400  0.000000
   34.0000    -2.4400  0.000000
   34.4000    -2.4400  0.000000
   34.8000    -2.4400  0.000000
   35.2000    -2.4400  0.000000
   35.6000    -2.4400  0.000000
   36.0000    -2.4400  0.000000
   36.4000    -2.4400  0.000000
   36.8000    -2.4400  0.000000
   37.2000    -2.4400  0.000000
   37.6000    -2.4400  0.000000
   38.0000    -2.4400  0.000000
   38.4000    -2.4400  0.000000
   38.8000    -2.4400  0.000000
   39.2000    -2.4400  0.000000
   39.6000    -2.4400  0.000000
    0.0000    -2.3600  0.000000
    0.4000    -2.3600  0.000003
    0.8000    -2.3600  0.000002
    1.2000    -2.3600  0.000003
    1.6000    -2.3600  0.000008
    2.0000    -2.3600  0.000004
    2.4000    -2.3600  0.000007
    2.8000    -2.3600  0.000012
    3.2000    -2.3600  0.000016
    3.6000    -2.3600  0.000018
    4.0000    -2.3600  0.000013
    4.4000    -2.3600  0.000019
    4.8000    -2.3600  0.000032
    5.2000    -2.3600  0.000062
    5.6000    -2.3600  0.000095
    6.0000    -2.3600  0.000136
    6.4000    -2.3600  0.000176
    6.8000    -2.3600  0.000212
    7.2000    -2.3600  0.000242
    7.6000    -2.3600  0.000258
    8.0000    -2.3600  0.000298
    8.4000    -2.3600  0.000302
    8.8000    -2.3600  0.000322
    9.2000    -2.3600  0.000358
    9.6000    -2.3600  0.000346
   10.0000    -2.3600  0.000334
   10.4000    -2.3600  0.000318
   10.8000    -2.3600  0.000277
   11.2000    -2.3600  0.000214
   11.6000    -2.3600  0.000126
   12.0000    -2.3600  0.000071
   12.4000    -2.3600  0.000022
   12.8000    -2.3600  0.000003
   13.2000    -2.3600  0.000001
   13.6000    -2.3600  0.000000
   14.0000    -2.3600  0.000000
   14.4000    -2.3600  0.000000
   14.8000    -2.3600  0.000002
   15.2000    -2.3600  0.000000
   15.6000    -2.3600  0.000001
   16.0000    -2.3600  0.000001
   16.4000    -2.3600  0.000000
   16.8000    -2.3600  0.000000
   17.2000    -2.3600  0.000000
   17.6000    -2.3600  0.000000
   18.0000    -2.3600  0.000001
   18.4000    -2.3600  0.000001
   18.8000    -2.3600  0.000000
   19.2000    -2.3600  0.000000
   19.6000    -2.3600  0.000000
   20.0000    -2.3600  0.000001
   20.4000    -2.3600  0.000000
   20.8000    -2.3600  0.000017
   21.2000    -2.3600  0.000004
   21.6000    -2.3600  0.000015
   22.0000    -2.3600  0.000010
   22.4000    -2.3600  0.000017
   22.8000    -2.3600  0.000011
   23.2000    -2.3600  0.000018
   23.6000    -2.3600  0.000013
   24.0000    -2.3600  0.000007
   24.4000    -2.3600  0.000012
   24.8000    -2.3600  0.000001
   25.2000    -2.3600  0.000003
   25.6000    -2.3600  0.000001
   26.0000    -2.3600  0.000001
   26.4000    -2.3600  0.000003
   26.8000    -2.3600  0.000001
   27.2000    -2.3600  0.000001
   27.6000    -2.3600  0.000003
   28.0000    -2.3600  0.000009
   28.4000    -2.3600  0.000008
   28.8000    -2.3600  0.000002
   29.2000    -2.3600  0.000001
   29.6000    -2.3600  0.000000
   30.0000    -2.3600  0.000000
   30.4000    -2.3600  0.000000
   30.8000    -2.3600  0.000000
   31.2000    -2.3600  0.000000
   31.6000    -2.3600  0.000000
   32.0000    -2.3600  0.000000
   32.4000    -2.3600  0.000000
   32.8000    -2.3600  0.000000
   33.2000    -2.3600  0.000000
   33.6000    -2.3600  0.000000
   34.0000    -2.3600  0.000000
   34.4000    -2.3600  0.000000
   34.8000    -2.3600  0.000000
   35.2000    -2.3600  0.000000
   35.6000    -2.3600  0.000000
   36.0000    -2.3600  0.000000
   36.4000    -2.3600  0.000000
   36.8000    -2.3600  0.000000
   37.2000    -2.3600  0.000000
   37.6000    -2.3600  0.000001
   38.0000    -2.3600  0.000000
   38.4000    -2.3600  0.000000
   38.8000    -2.3600  0.000000
   39.2000    -2.3600  0.000000
   39.6000    -2.3600  0.000000
    0.0000    -2.2800  0.000000
    0.4000    -2.2800  0.000002
    0.8000    -2.2800  0.000001
    1.2000    -2.2800  0.000002
    1.6000    -2.2800  0.000003
    2.0000    -2.2800  0.000008
    2.4000    -2.2800  0.000009
    2.8000    -2.2800  0.000008
    3.2000    -2.2800  0.000011
    3.6000    -2.2800  0.000018
    4.0000    -2.2800  0.000019
    4.4000    -2.2800  0.000030
    4.8000    -2.2800  0.000047
    5.2000    -2.2800  0.000074
    5.6000    -2.2800  0.000104
    6.0000    -2.2800  0.000136
    6.4000    -2.2800  0.000185
    6.8000    -2.2800  0.000217
    7.2000    -2.2800  0.000264
    7.6000    -2.2800  0.000292
    8.0000    -2.2800  0.000305
    8.4000    -2.2800  0.000314
    8.8000    -2.2800  0.000343
    9.2000    -2.2800  0.000375
    9.6000    -2.2800  0.000360
   10.0000    -2.2800  0.000346
   10.4000    -2.2800  0.000325
   10.8000    -2.2800  0.000292
   11.2000    -2.2800  0.000236
   11.6000    -2.2800  0.000154
   12.0000    -2.2800  0.000092
   12.4000    -2.2800  0.000041
   12.8000    -2.2800  0.000005
   13.2000    -2.2800  0.000000
   13.6000    -2.2800  0.000000
   14.0000    -2.2800  0.000001
   14.4000    -2.2800  0.000000
   14.8000    -2.2800  0.000001
   15.2000    -2.2800  0.000000
   15.6000    -2.2800  0.000000
   16.0000    -2.2800  0.000000
   16.4000    -2.2800  0.000000
   16.8000    -2.2800  0.000000
   17.2000    -2.2800  0.000000
   17.6000    -2.2800  0.000001
   18.0000    -2.2800  0.000000
   18.4000    -2.2800  0.000000
   18.8000    -2.2800  0.000000
   19.2000    -2.2800  0.000000
   19.6000    -2.2800  0.000000
   20.0000    -2.2800  0.000001
   20.4000    -2.2800  0.000000
   20.8000    -2.2800  0.000003
   21.2000    -2.2800  0.000018
   21.6000    -2.2800  0.000019
   22.0000    -2.2800  0.000002
   22.4000    -2.2800  0.000006
   22.8000    -2.2800  0.000017
   23.2000    -2.2800  0.000016
   23.6000    -2.2800  0.000019
   24.0000    -2.2800  0.000018
   24.4000    -2.2800  0.000013
   24.8000    -2.2800  0.000001
   25.2000    -2.2800  0.000001
   25.6000    -2.2800  0.000001
   26.0000    -2.2800  0.000001
   26.4000    -2.2800  0.000001
   26.8000    -2.2800  0.000002
   27.2000    -2.2800  0.000001
   27.6000    -2.2800  0.000005
   28.0000    -2.2800  0.000006
   28.4000    -2.2800  0.000005
   28.8000    -2.2800  0.000006
   29.2000    -2.2800  0.000001
   29.6000    -2.2800  0.000000
   30.0000    -2.2800  0.000000
   30.4000    -2.2800  0.000000
   30.8000    -2.2800  0.000000
   31.2000    -2.2800  0.000000
   31.6000    -2.2800  0.000000
   32.0000    -2.2800  0.000000
   32.4000    -2.2800  0.000000
   32.8000    -2.2800  0.000000
   33.2000    -2.2800  0.000000
   33.6000    -2.2800  0.000000
   34.0000    -2.2800  0.000000
   34.4000    -2.2800  0.000000
   34.8000    -2.2800  0.000000
   35.2000    -2.2800  0.000000
   35.6000    -2.2800  0.000000
   36.0000    -2.2800  0.000000
   36.4000    -2.2800  0.000000
   36.8000    -2.2800  0.000000
   37.2000    -2.2800  0.000000
   37.6000    -2.2800  0.000000
   38.0000    -2.2800  0.000000
   38.4000    -2.2800  0.000000
   38.8000    -2.2800  0.000000
   39.2000    -2.2800  0.000000
   39.6000    -2.2800  0.000000
    0.0000    -2.2000  0.000000
    0.4000    -2.2000  0.000003
    0.8000    -2.2000  0.000004
    1.2000    -2.2000  0.000004
    1.6000    -2.2000  0.000003
    2.0000    -2.2000  0.000007
    2.4000    -2.2000  0.000008
    2.8000    -2.2000  0.000011
    3.2000    -2.2000  0.000014
    3.6000    -2.2000  0.000015
    4.0000    -2.2000  0.000025
    4.4000    -2.2000  0.000045
    4.8000    -2.2000  0.000058
    5.2000    -2.2000  0.000084
    5.6000    -2.2000  0.000111
    6.0000    -2.2000  0.000138
    6.4000    -2.2000  0.000188
    6.8000    -2.2000  0.000236
    7.2000    -2.2000  0.000283
    7.6000    -2.2000  0.000305
    8.0000    -2.2000  0.000336
    8.4000    -2.2000  0.000360
    8.8000    -2.2000  0.000356
    9.2000    -2.2000  0.000371
    9.6000    -2.2000  0.000388
   10.0000    -2.2000  0.000370
   10.4000    -2.2000  0.000339
   10.8000    -2.2000  0.000295
   11.2000    -2.2000  0.000252
   11.6000    -2.2000  0.000167
   12.0000    -2.2000  0.000105
   12.4000    -2.2000  0.000054
   12.8000    -2.2000  0.000011
   13.2000    -2.2000  0.000001
   13.6000    -2.2000  0.000000
   14.0000    -2.2000  0.000000
   14.4000    -2.2000  0.000000
   14.8000    -2.2000  0.000001
   15.2000    -2.2000  0.000001
   15.6000    -2.2000  0.000001
   16.0000    -2.2000  0.000001
   16.4000    -2.2000  0.000001
   16.8000    -2.2000  0.000000
   17.2000    -2.2000  0.000000
   17.6000    -2.2000  0.000001
   18.0000    -2.2000  0.000000
   18.4000    -2.2000  0.000000
   18.8000    -2.2000  0.000000
   19.2000    -2.2000  0.000000
   19.6000    -2.2000  0.000000
   20.0000    -2.2000  0.000000
   20.4000    -2.2000  0.000001
   20.8000    -2.2000  0.000019
   21.2000    -2.2000  0.000014
   21.6000    -2.2000  0.000017
   22.0000    -2.2000  0.000022
   22.4000    -2.2000  0.000034
   22.8000    -2.2000  0.000033
   23.2000    -2.2000  0.000030
   23.6000    -2.2000  0.000024
   24.0000    -2.2000  0.000028
   24.4000    -2.2000  0.000023
   24.8000    -2.2000  0.000003
   25.2000    -2.2000  0.000002
   25.6000    -2.2000  0.000001
   26.0000    -2.2000  0.000001
   26.4000    -2.2000  0.000003
   26.8000    -2.2000  0.000005
   27.2000    -2.2000  0.000001
   27.6000    -2.2000  0.000004
   28.0000    -2.2000  0.000008
   28.4000    -2.2000  0.000005
   28.8000    -2.2000  0.000002
   29.2000    -2.2000  0.000001
   29.6000    -2.2000  0.000000
   30.0000    -2.2000  0.000000
   30.4000    -2.2000  0.000000
   30.8000    -2.2000  0.000000
   31.2000    -2.2000  0.000000
   31.6000    -2.2000  0.000000
   32.0000    -2.2000  0.000000
   32.4000    -2.2000  0.000000
   32.8000    -2.2000  0.000000
   33.2000    -2.2000  0.000000
   33.6000    -2.2000  0.000000
   34.0000    -2.2000  0.000000
   34.4000    -2.2000  0.000000
   34.8000    -2.2000  0.000000
   35.2000    -2.2000  0.000000
   35.6000    -2.2000  0.000000
   36.0000    -2.2000  0.000000
   36.4000    -2.2000  0.000000
   36.8000    -2.2000  0.000000
   37.2000    -2.2000  0.000000
   37.6000    -2.2000  0.000000
   38.0000    -2.2000  0.000000
   38.4000    -2.2000  0.000000
   38.8000    -2.2000  0.000000
   39.2000    -2.2000  0.000000
   39.6000    -2.2000  0.000000
    0.0000    -2.1200  0.000000
    0.4000    -2.1200  0.000002
    0.8000    -2.1200  0.000003
    1.2000    -2.1200  0.000005
    1.6000    -2.1200  0.000005
    2.0000    -2.1200  0.000007
    2.4000    -2.1200  0.000011
    2.8000    -2.1200  0.000013
    3.2000    -2.1200  0.000027
    3.6000    -2.1200  0.000032
    4.0000    -2.1200  0.000044
    4.4000    -2.1200  0.000055
    4.8000    -2.1200  0.000071
    5.2000    -2.1200  0.000095
    5.6000    -2.1200  0.000129
    6.0000    -2.1200  0.000158
    6.4000    -2.1200  0.000195
    6.8000    -2.1200  0.000251
    7.2000    -2.1200  0.000295
    7.6000    -2.1200  0.000342
    8.0000    -2.1200  0.000365
    8.4000    -2.1200  0.000382
    8.8000    -2.1200  0.000399
    9.2000    -2.1200  0.000395
    9.6000    -2.1200  0.000400
   10.0000    -2.1200  0.000385
   10.4000    -2.1200  0.000358
   10.8000    -2.1200  0.000312
   11.2000    -2.1200  0.000254
   11.6000    -2.1200  0.000164
   12.0000    -2.1200  0.000120
   12.4000    -2.1200  0.000064
   12.8000    -2.1200  0.000019
   13.2000    -2.1200  0.000001
   13.6000    -2.1200  0.000000
   14.0000    -2.1200  0.000000
   14.4000    -2.1200  0.000000
   14.8000    -2.1200  0.000001
   15.2000    -2.1200  0.000001
   15.6000    -2.1200  0.000001
   16.0000    -2.1200  0.000003
   16.4000    -2.1200  0.000001
   16.8000    -2.1200  0.000001
   17.2000    -2.1200  0.000000
   17.6000    -2.1200  0.000000
   18.0000    -2.1200  0.000001
   18.4000    -2.1200  0.000001
   18.8000    -2.1200  0.000000
   19.2000    -2.1200  0.000001
   19.6000    -2.1200  0.000000
   20.0000    -2.1200  0.000000
   20.4000    -2.1200  0.000002
   20.8000    -2.1200  0.000011
   21.2000    -2.1200  0.000004
   21.6000    -2.1200  0.000034
   22.0000    -2.1200  0.000034
   22.4000    -2.1200  0.000041
   22.8000    -2.1200  0.000048
   23.2000    -2.1200  0.000045
   23.6000    -2.1200  0.000041
   24.0000    -2.1200  0.000033
   24.4000    -2.1200  0.000036
   24.8000    -2.1200  0.000014
   25.2000    -2.1200  0.000013
   25.6000    -2.1200  0.000006
   26.0000    -2.1200  0.000005
   26.4000    -2.1200  0.000003
   26.8000    -2.1200  0.000010
   27.2000    -2.1200  0.000009
   27.6000    -2.1200  0.000004
   28.0000    -2.1200  0.000011
   28.4000    -2.1200  0.000004
   28.8000    -2.1200  0.000003
   29.2000    -2.1200  0.000002
   29.6000    -2.1200  0.000001
   30.0000    -2.1200  0.000000
   30.4000    -2.1200  0.000000
   30.8000    -2.1200  0.000000
   31.2000    -2.1200  0.000000
   31.6000    -2.1200  0.000000
   32.0000    -2.1200  0.000000
   32.4000    -2.1200  0.000000
   32.8000    -2.1200  0.000000
   33.2000    -2.1200  0.000000
   33.6000    -2.1200  0.000000
   34.0000    -2.1200  0.000000
   34.4000    -2.1200  0.000000
   34.8000    -2.1200  0.000000
   35.2000    -2.1200  0.000000
   35.6000    -2.1200  0.000000
   36.0000    -2.1200  0.000000
   36.4000    -2.1200  0.000000
   36.8000    -2.1200  0.000000
   37.2000    -2.1200  0.000000
   37.6000    -2.1200  0.000000
   38.0000    -2.1200  0.000000
   38.4000    -2.1200  0.000000
   38.8000    -2.1200  0.000000
   39.2000    -2.1200  0.000000
   39.6000    -2.1200  0.000000
    0.0000    -2.0400  0.000000
    0.4000    -2.0400  0.000003
    0.8000    -2.0400  0.000006
    1.2000    -2.0400  0.000009
    1.6000    -2.0400  0.000009
    2.0000    -2.0400  0.000015
    2.4000    -2.0400  0.000012
    2.8000    -2.0400  0.000018
    3.2000    -2.0400  0.000027
    3.6000    -2.0400  0.000033
    4.0000    -2.0400  0.000057
    4.4000    -2.0400  0.000068
    4.8000    -2.0400  0.000090
    5.2000    -2.0400  0.000116
    5.6000    -2.0400  0.000145
    6.0000    -2.0400  0.000182
    6.4000    -2.0400  0.000212
    6.8000    -2.0400  0.000260
    7.2000    -2.0400  0.000323
    7.6000    -2.0400  0.000365
    8.0000    -2.0400  0.000397
    8.4000    -2.0400  0.000434
    8.8000    -2.0400  0.000416
    9.2000    -2.0400  0.000439
    9.6000    -2.0400  0.000423
   10.0000    -2.0400  0.000399
   10.4000    -2.0400  0.000382
   10.8000    -2.0400  0.000330
   11.2000    -2.0400  0.000274
   11.6000    -2.0400  0.000177
   12.0000    -2.0400  0.000115
   12.4000    -2.0400  0.000066
   12.8000    -2.0400  0.000024
   13.2000    -2.0400  0.000002
   13.6000    -2.0400  0.000000
   14.0000    -2.0400  0.000000
   14.4000    -2.0400  0.000000
   14.8000    -2.0400  0.000001
   15.2000    -2.0400  0.000000
   15.6000    -2.0400  0.000001
   16.0000    -2.0400  0.000000
   16.4000    -2.0400  0.000002
   16.8000    -2.0400  0.000000
   17.2000    -2.0400  0.000001
   17.6000    -2.0400  0.000000
   18.0000    -2.0400  0.000000
   18.4000    -2.0400  0.000001
   18.8000    -2.0400  0.000001
   19.2000    -2.0400  0.000001
   19.6000    -2.0400  0.000001
   20.0000    -2.0400  0.000001
   20.4000    -2.0400  0.000001
   20.8000    -2.0400  0.000023
   21.2000    -2.0400  0.000025
   21.6000    -2.0400  0.000035
   22.0000    -2.0400  0.000038
   22.4000    -2.0400  0.000051
   22.8000    -2.0400  0.000052
   23.2000    -2.0400  0.000056
   23.6000    -2.0400  0.000050
   24.0000    -2.0400  0.000054
   24.4000    -2.0400  0.000050
   24.8000    -2.0400  0.000035
   25.2000    -2.0400  0.000025
   25.6000    -2.0400  0.000018
   26.0000    -2.0400  0.000014
   26.4000    -2.0400  0.000012
   26.8000    -2.0400  0.000012
   27.2000    -2.0400  0.000011
   27.6000    -2.0400  0.000019
   28.0000    -2.0400  0.000015
   28.4000    -2.0400  0.000005
   28.8000    -2.0400  0.000006
   29.2000    -2.0400  0.000002
   29.6000    -2.0400  0.000000
   30.0000    -2.0400  0.000000
   30.4000    -2.0400  0.000000
   30.8000    -2.0400  0.000000
   31.2000    -2.0400  0.000000
   31.6000    -2.0400  0.000000
   32.0000    -2.0400  0.000000
   32.4000    -2.0400  0.000000
   32.8000    -2.0400  0.000000
   33.2000    -2.0400  0.000000
   33.6000    -2.0400  0.000000
   34.0000    -2.0400  0.000000
   34.4000    -2.0400  0.000000
   34.8000    -2.0400  0.000000
   35.2000    -2.0400  0.000000
   35.6000    -2.0400  0.000000
   36.0000    -2.0400  0.000000
   36.4000    -2.0400  0.000000
   36.8000    -2.0400  0.000000
   37.2000    -2.0400  0.000000
   37.6000    -2.0400  0.000000
   38.0000    -2.0400  0.000000
   38.4000    -2.0400  0.000000
   38.8000    -2.0400  0.000000
   39.2000    -2.0400  0.000000
   39.6000    -2.0400  0.000000
    0.0000    -1.9600  0.000000
    0.4000    -1.9600  0.000003
    0.8000    -1.9600  0.000006
    1.2000    -1.9600  0.000007
    1.6000    -1.9600  0.000009
    2.0000    -1.9600  0.000018
    2.4000    -1.9600  0.000026
    2.8000    -1.9600  0.000023
    3.2000    -1.9600  0.000035
    3.6000    -1.9600  0.000038
    4.0000    -1.9600  0.000055
    4.4000    -1.9600  0.000073
    4.8000    -1.9600  0.000103
    5.2000    -1.9600  0.000124
    5.6000    -1.9600  0.000157
    6.0000    -1.9600  0.000198
    6.4000    -1.9600  0.000227
    6.8000    -1.9600  0.000288
    7.2000    -1.9600  0.000326
    7.6000    -1.9600  0.000383
    8.0000    -1.9600  0.000437
    8.4000    -1.9600  0.000463
    8.8000    -1.9600  0.000475
    9.2000    -1.9600  0.000497
    9.6000    -1.9600  0.000454
   10.0000    -1.9600  0.000433
   10.4000    -1.9600  0.000388
   10.8000    -1.9600  0.000367
   11.2000    -1.9600  0.000303
   11.6000    -1.9600  0.000209
   12.0000    -1.9600  0.000126
   12.4000    -1.9600  0.000078
   12.8000    -1.9600  0.000027
   13.2000    -1.9600  0.000002
   13.6000    -1.9600  0.000000
   14.0000    -1.9600  0.000000
   14.4000    -1.9600  0.000000
   14.8000    -1.9600  0.000001
   15.2000    -1.9600  0.000000
   15.6000    -1.9600  0.000001
   16.0000    -1.9600  0.000001
   16.4000    -1.9600  0.000001
   16.8000    -1.9600  0.000000
   17.2000    -1.9600  0.000001
   17.6000    -1.9600  0.000001
   18.0000    -1.9600  0.000001
   18.4000    -1.9600  0.000001
   18.8000    -1.9600  0.000000
   19.2000    -1.9600  0.000001
   19.6000    -1.9600  0.000001
   20.0000    -1.9600  0.000001
   20.4000    -1.9600  0.000001
   20.8000    -1.9600  0.000024
   21.2000    -1.9600  0.000026
   21.6000    -1.9600  0.000035
   22.0000    -1.9600  0.000041
   22.4000    -1.9600  0.000061
   22.8000    -1.9600  0.000065
   23.2000    -1.9600  0.000072
   23.6000    -1.9600  0.000067
   24.0000    -1.9600  0.000070
   24.4000    -1.9600  0.000062
   24.8000    -1.9600  0.000044
   25.2000    -1.9600  0.000041
   25.6000    -1.9600  0.000031
   26.0000    -1.9600  0.000023
   26.4000    -1.9600  0.000024
   26.8000    -1.9600  0.000021
   27.2000    -1.9600  0.000020
   27.6000    -1.9600  0.000023
   28.0000    -1.9600  0.000016
   28.4000    -1.9600  0.000010
   28.8000    -1.9600  0.000015
   29.2000    -1.9600  0.000005
   29.6000    -1.9600  0.000001
   30.0000    -1.9600  0.000000
   30.4000    -1.9600  0.000000
   30.8000    -1.9600  0.000000
   31.2000    -1.9600  0.000000
   31.6000    -1.9600  0.000000
   32.0000    -1.9600  0.000000
   32.4000    -1.9600  0.000000
   32.8000    -1.9600  0.000000
   33.2000    -1.9600  0.000000
   33.6000    -1.9600  0.000000
   34.0000    -1.9600  0.000000
   34.4000    -1.9600  0.000000
   34.8000    -1.9600  0.000000
   35.2000    -1.9600  0.000000
   35.6000    -1.9600  0.000000
   36.0000    -1.9600  0.000000
   36.4000    -1.9600  0.000000
   36.8000    -1.9600  0.000000
   37.2000    -1.9600  0.000000
   37.6000    -1.9600  0.000000
   38.0000    -1.9600  0.000000
   38.4000    -1.9600  0.000000
   38.8000    -1.9600  0.000000
   39.2000    -1.9600  0.000000
   39.6000    -1.9600  0.000000
    0.0000    -1.8800  0.000000
    0.4000    -1.8800  0.000005
    0.8000    -1.8800  0.000008
    1.2000    -1.8800  0.000012
    1.6000    -1.8800  0.000017
    2.0000    -1.8800  0.000029
    2.4000    -1.8800  0.000034
    2.8000    -1.8800  0.000037
    3.2000    -1.8800  0.000047
    3.6000    -1.8800  0.000045
    4.0000    -1.8800  0.000060
    4.4000    -1.8800  0.000084
    4.8000    -1.8800  0.000115
    5.2000    -1.8800  0.000149
    5.6000    -1.8800  0.000178
    6.0000    -1.8800  0.000216
    6.4000    -1.8800  0.000257
    6.8000    -1.8800  0.000291
    7.2000    -1.8800  0.000337
    7.6000    -1.8800  0.000390
    8.0000    -1.8800  0.000451
    8.4000    -1.8800  0.000493
    8.8000    -1.8800  0.000520
    9.2000    -1.8800  0.000548
    9.6000    -1.8800  0.000517
   10.0000    -1.8800  0.000482
   10.4000    -1.8800  0.000440
   10.8000    -1.8800  0.000383
   11.2000    -1.8800  0.000320
   11.6000    -1.8800  0.000235
   12.0000    -1.8800  0.000169
   12.4000    -1.8800  0.000089
   12.8000    -1.8800  0.000034
   13.2000    -1.8800  0.000005
   13.6000    -1.8800  0.000000
   14.0000    -1.8800  0.000000
   14.4000    -1.8800  0.000000
   14.8000    -1.8800  0.000001
   15.2000    -1.8800  0.000001
   15.6000    -1.8800  0.000001
   16.0000    -1.8800  0.000001
   16.4000    -1.8800  0.000001
   16.8000    -1.8800  0.000002
   17.2000    -1.8800  0.000001
   17.6000    -1.8800  0.000001
   18.0000    -1.8800  0.000000
   18.4000    -1.8800  0.000001
   18.8000    -1.8800  0.000000
   19.2000    -1.8800  0.000000
   19.6000    -1.8800  0.000001
   20.0000    -1.8800  0.000000
   20.4000    -1.8800  0.000003
   20.8000    -1.8800  0.000020
   21.2000    -1.8800  0.000025
   21.6000    -1.8800  0.000033
   22.0000    -1.8800  0.000041
   22.4000    -1.8800  0.000057
   22.8000    -1.8800  0.000068
   23.2000    -1.8800  0.000089
   23.6000    -1.8800  0.000086
   24.0000    -1.8800  0.000092
   24.4000    -1.8800  0.000085
   24.8000    -1.8800  0.000060
   25.2000    -1.8800  0.000051
   25.6000    -1.8800  0.000042
   26.0000    -1.8800  0.000035
   26.4000    -1.8800  0.000030
   26.8000    -1.8800  0.000023
   27.2000    -1.8800  0.000027
   27.6000    -1.8800  0.000029
   28.0000    -1.8800  0.000024
   28.4000    -1.8800  0.000017
   28.8000    -1.8800  0.000014
   29.2000    -1.8800  0.000007
   29.6000    -1.8800  0.000001
   30.0000    -1.8800  0.000000
   30.4000    -1.8800  0.000000
   30.8000    -1.8800  0.000000
   31.2000    -1.8800  0.000000
   31.6000    -1.8800  0.000000
   32.0000    -1.8800  0.000000
   32.4000    -1.8800  0.000000
   32.8000    -1.8800  0.000000
   33.2000    -1.8800  0.000000
   33.6000    -1.8800  0.000000
   34.0000    -1.8800  0.000000
   34.4000    -1.8800  0.000000
   34.8000    -1.8800  0.000000
   35.2000    -1.8800  0.000000
   35.6000    -1.8800  0.000000
   36.0000    -1.8800  0.000000
   36.4000    -1.8800  0.000000
   36.8000    -1.8800  0.000000
   37.2000    -1.8800  0.000000
   37.6000    -1.8800  0.000000
   38.0000    -1.8800  0.000000
   38.4000    -1.8800  0.000000
   38.8000    -1.8800  0.000000
   39.2000    -1.8800  0.000000
   39.6000    -1.8800  0.000000
    0.0000    -1.8000  0.000000
    0.4000    -1.8000  0.000012
    0.8000    -1.8000  0.000019
    1.2000    -1.8000  0.000023
    1.6000    -1.8000  0.000025
    2.0000    -1.8000  0.000033
    2.4000    -1.8000  0.000038
    2.8000    -1.8000  0.000048
    3.2000    -1.8000  0.000058
    3.6000    -1.8000  0.000065
    4.0000    -1.8000  0.000082
    4.4000    -1.8000  0.000096
    4.8000    -1.8000  0.000125
    5.2000    -1.8000  0.000157
    5.6000    -1.8000  0.000206
    6.0000    -1.8000  0.000241
    6.4000    -1.8000  0.000268
    6.8000    -1.8000  0.000307
    7.2000    -1.8000  0.000350
    7.6000    -1.8000  0.000407
    8.0000    -1.8000  0.000454
    8.4000    -1.8000  0.000512
    8.8000    -1.8000  0.000557
    9.2000    -1.8000  0.000585
    9.6000    -1.8000  0.000579
   10.0000    -1.8000  0.000545
   10.4000    -1.8000  0.000474
   10.8000    -1.8000  0.000427
   11.2000    -1.8000  0.000355
   11.6000    -1.8000  0.000271
   12.0000    -1.8000  0.000196
   12.4000    -1.8000  0.000123
   12.8000    -1.8000  0.000053
   13.2000    -1.8000  0.000006
   13.6000    -1.8000  0.000000
   14.0000    -1.8000  0.000000
   14.4000    -1.8000  0.000000
   14.8000    -1.8000  0.000001
   15.2000    -1.8000  0.000001
   15.6000    -1.8000  0.000001
   16.0000    -1.8000  0.000002
   16.4000    -1.8000  0.000001
   16.8000    -1.8000  0.000004
   17.2000    -1.8000  0.000002
   17.6000    -1.8000  0.000000
   18.0000    -1.8000  0.000001
   18.4000    -1.8000  0.000002
   18.8000    -1.8000  0.000001
   19.2000    -1.8000  0.000001
   19.6000    -1.8000  0.000003
   20.0000    -1.8000  0.000004
   20.4000    -1.8000  0.000003
   20.8000    -1.8000  0.000009
   21.2000    -1.8000  0.000018
   21.6000    -1.8000  0.000029
   22.0000    -1.8000  0.000034
   22.4000    -1.8000  0.000049
   22.8000    -1.8000  0.000075
   23.2000    -1.8000  0.000089
   23.6000    -1.8000  0.000102
   24.0000    -1.8000  0.000107
   24.4000    -1.8000  0.000098
   24.8000    -1.8000  0.000083
   25.2000    -1.8000  0.000077
   25.6000    -1.8000  0.000068
   26.0000    -1.8000  0.000049
   26.4000    -1.8000  0.000045
   26.8000    -1.8000  0.000041
   27.2000    -1.8000  0.000042
   27.6000    -1.8000  0.000040
   28.0000    -1.8000  0.000038
   28.4000    -1.8000  0.000033
   28.8000    -1.8000  0.000022
   29.2000    -1.8000  0.000010
   29.6000    -1.8000  0.000004
   30.0000    -1.8000  0.000001
   30.4000    -1.8000  0.000000
   30.8000    -1.8000  0.000000
   31.2000    -1.8000  0.000000
   31.6000    -1.8000  0.000000
   32.0000    -1.8000  0.000000
   32.4000    -1.8000  0.000000
   32.8000    -1.8000  0.000000
   33.2000    -1.8000  0.000000
   33.6000    -1.8000  0.000000
   34.0000    -1.8000  0.000000
   34.4000    -1.8000  0.000000
   34.8000    -1.8000  0.000000
   35.2000    -1.8000  0.000000
   35.6000    -1.8000  0.000000
   36.0000    -1.8000  0.000000
   36.4000    -1.8000  0.000000
   36.8000    -1.8000  0.000000
   37.2000    -1.8000  0.000000
   37.6000    -1.8000  0.000000
   38.0000    -1.8000  0.000000
   38.4000    -1.8000  0.000000
   38.8000    -1.8000  0.000000
   39.2000    -1.8000  0.000000
   39.6000    -1.8000  0.000000
    0.0000    -1.7200  0.000000
    0.4000    -1.7200  0.000018
    0.8000    -1.7200  0.000026
    1.2000    -1.7200  0.000030
    1.6000    -1.7200  0.000032
    2.0000    -1.7200  0.000042
    2.4000    -1.7200  0.000050
    2.8000    -1.7200  0.000064
    3.2000    -1.7200  0.000067
    3.6000    -1.7200  0.000081
    4.0000    -1.7200  0.000095
    4.4000    -1.7200  0.000105
    4.8000    -1.7200  0.000132
    5.2000    -1.7200  0.000168
    5.6000    -1.7200  0.000209
    6.0000    -1.7200  0.000260
    6.4000    -1.7200  0.000300
    6.8000    -1.7200  0.000333
    7.2000    -1.7200  0.000367
    7.6000    -1.7200  0.000414
    8.0000    -1.7200  0.000478
    8.4000    -1.7200  0.000526
    8.8000    -1.7200  0.000562
    9.2000    -1.7200  0.000633
    9.6000    -1.7200  0.000641
   10.0000    -1.7200  0.000610
   10.4000    -1.7200  0.000562
   10.8000    -1.7200  0.000504
   11.2000    -1.7200  0.000411
   11.6000    -1.7200  0.000308
   12.0000    -1.7200  0.000244
   12.4000    -1.7200  0.000166
   12.8000    -1.7200  0.000084
   13.2000    -1.7200  0.000035
   13.6000    -1.7200  0.000001
   14.0000    -1.7200  0.000000
   14.4000    -1.7200  0.000000
   14.8000    -1.7200  0.000000
   15.2000    -1.7200  0.000007
   15.6000    -1.7200  0.000002
   16.0000    -1.7200  0.000003
   16.4000    -1.7200  0.000003
   16.8000    -1.7200  0.000001
   17.2000    -1.7200  0.000001
   17.6000    -1.7200  0.000004
   18.0000    -1.7200  0.000001
   18.4000    -1.7200  0.000001
   18.8000    -1.7200  0.000001
   19.2000    -1.7200  0.000001
   19.6000    -1.7200  0.000001
   20.0000    -1.7200  0.000007
   20.4000    -1.7200  0.000001
   20.8000    -1.7200  0.000014
   21.2000    -1.7200  0.000017
   21.6000    -1.7200  0.000014
   22.0000    -1.7200  0.000022
   22.4000    -1.7200  0.000042
   22.8000    -1.7200  0.000057
   23.2000    -1.7200  0.000081
   23.6000    -1.7200  0.000093
   24.0000    -1.7200  0.000114
   24.4000    -1.7200  0.000118
   24.8000    -1.7200  0.000097
   25.2000    -1.7200  0.000083
   25.6000    -1.7200  0.000071
   26.0000    -1.7200  0.000063
   26.4000    -1.7200  0.000050
   26.8000    -1.7200  0.000056
   27.2000    -1.7200  0.000045
   27.6000    -1.7200  0.000047
   28.0000    -1.7200  0.000049
   28.4000    -1.7200  0.000047
   28.8000    -1.7200  0.000033
   29.2000    -1.7200  0.000016
   29.6000    -1.7200  0.000006
   30.0000    -1.7200  0.000000
   30.4000    -1.7200  0.000000
   30.8000    -1.7200  0.000000
   31.2000    -1.7200  0.000000
   31.6000    -1.7200  0.000000
   32.0000    -1.7200  0.000000
   32.4000    -1.7200  0.000000
   32.8000    -1.7200  0.000000
   33.2000    -1.7200  0.000000
   33.6000    -1.7200  0.000000
   34.0000    -1.7200  0.000000
   34.4000    -1.7200  0.000000
   34.8000    -1.7200  0.000000
   35.2000    -1.7200  0.000000
   35.6000    -1.7200  0.000000
   36.0000    -1.7200  0.000000
   36.4000    -1.7200  0.000000
   36.8000    -1.7200  0.000000
   37.2000    -1.7200  0.000000
   37.6000    -1.7200  0.000000
   38.0000    -1.7200  0.000000
   38.4000    -1.7200  0.000000
   38.8000    -1.7200  0.000000
   39.2000    -1.7200  0.000000
   39.6000    -1.7200  0.000000
    0.0000    -1.6400  0.000000
    0.4000    -1.6400  0.000026
    0.8000    -1.6400  0.000034
    1.2000    -1.6400  0.000035
    1.6000    -1.6400  0.000040
    2.0000    -1.6400  0.000054
    2.4000    -1.6400  0.000056
    2.8000    -1.6400  0.000065
    3.2000    -1.6400  0.000079
    3.6000    -1.6400  0.000099
    4.0000    -1.6400  0.000108
    4.4000    -1.6400  0.000127
    4.8000    -1.6400  0.000155
    5.2000    -1.6400  0.000183
    5.6000    -1.6400  0.000220
    6.0000    -1.6400  0.000271
    6.4000    -1.6400  0.000310
    6.8000    -1.6400  0.000347
    7.2000    -1.6400  0.000386
    7.6000    -1.6400  0.000426
    8.0000    -1.6400  0.000474
    8.4000    -1.6400  0.000503
    8.8000    -1.6400  0.000569
    9.2000    -1.6400  0.000644
    9.6000    -1.6400  0.000669
   10.0000    -1.6400  0.000669
   10.4000    -1.6400  0.000632
   10.8000    -1.6400  0.000568
   11.2000    -1.6400  0.000491
   11.6000    -1.6400  0.000378
   12.0000    -1.6400  0.000281
   12.4000    -1.6400  0.000217
   12.8000    -1.6400  0.000150
   13.2000    -1.6400  0.000070
   13.6000    -1.6400  0.000023
   14.0000    -1.6400  0.000000
   14.4000    -1.6400  0.000001
   14.8000    -1.6400  0.000009
   15.2000    -1.6400  0.000001
   15.6000    -1.6400  0.000010
   16.0000    -1.6400  0.000002
   16.4000    -1.6400  0.000002
   16.8000    -1.6400  0.000009
   17.2000    -1.6400  0.000001
   17.6000    -1.6400  0.000002
   18.0000    -1.6400  0.000002
   18.4000    -1.6400  0.000000
   18.8000    -1.6400  0.000001
   19.2000    -1.6400  0.000001
   19.6000    -1.6400  0.000000
   20.0000    -1.6400  0.000004
   20.4000    -1.6400  0.000001
   20.8000    -1.6400  0.000009
   21.2000    -1.6400  0.000009
   21.6000    -1.6400  0.000010
   22.0000    -1.6400  0.000021
   22.4000    -1.6400  0.000021
   22.8000    -1.6400  0.000036
   23.2000    -1.6400  0.000056
   23.6000    -1.6400  0.000086
   24.0000    -1.6400  0.000117
   24.4000    -1.6400  0.000123
   24.8000    -1.6400  0.000102
   25.2000    -1.6400  0.000099
   25.6000    -1.6400  0.000094
   26.0000    -1.6400  0.000072
   26.4000    -1.6400  0.000063
   26.8000    -1.6400  0.000064
   27.2000    -1.6400  0.000060
   27.6000    -1.6400  0.000055
   28.0000    -1.6400  0.000060
   28.4000    -1.6400  0.000047
   28.8000    -1.6400  0.000032
   29.2000    -1.6400  0.000021
   29.6000    -1.6400  0.000015
   30.0000    -1.6400  0.000001
   30.4000    -1.6400  0.000000
   30.8000    -1.6400  0.000000
   31.2000    -1.6400  0.000000
   31.6000    -1.6400  0.000000
   32.0000    -1.6400  0.000000
   32.4000    -1.6400  0.000000
   32.8000    -1.6400  0.000000
   33.2000    -1.6400  0.000000
   33.6000    -1.6400  0.000000
   34.0000    -1.6400  0.000000
   34.4000    -1.6400  0.000000
   34.8000    -1.6400  0.000000
   35.2000    -1.6400  0.000000
   35.6000    -1.6400  0.000000
   36.0000    -1.6400  0.000000
   36.4000    -1.6400  0.000000
   36.8000    -1.6400  0.000000
   37.2000    -1.6400  0.000000
   37.6000    -1.6400  0.000000
   38.0000    -1.6400  0.000000
   38.4000    -1.6400  0.000000
   38.8000    -1.6400  0.000000
   39.2000    -1.6400  0.000000
   39.6000    -1.6400  0.000000
    0.0000    -1.5600  0.000000
    0.4000    -1.5600  0.000029
    0.8000    -1.5600  0.000042
    1.2000    -1.5600  0.000052
    1.6000    -1.5600  0.000057
    2.0000    -1.5600  0.000062
    2.4000    -1.5600  0.000064
    2.8000    -1.5600  0.000073
    3.2000    -1.5600  0.000087
    3.6000    -1.5600  0.000108
    4.0000    -1.5600  0.000124
    4.4000    -1.5600  0.000140
    4.8000    -1.5600  0.000164
    5.2000    -1.5600  0.000193
    5.6000    -1.5600  0.000236
    6.0000    -1.5600  0.000278
    6.4000    -1.5600  0.000325
    6.8000    -1.5600  0.000361
    7.2000    -1.5600  0.000404
    7.6000    -1.5600  0.000442
    8.0000    -1.5600  0.000471
    8.4000    -1.5600  0.000526
    8.8000    -1.5600  0.000566
    9.2000    -1.5600  0.000635
    9.6000    -1.5600  0.000693
   10.0000    -1.5600  0.000725
   10.4000    -1.5600  0.000684
   10.8000    -1.5600  0.000644
   11.2000    -1.5600  0.000569
   11.6000    -1.5600  0.000460
   12.0000    -1.5600  0.000356
   12.4000    -1.5600  0.000261
   12.8000    -1.5600  0.000197
   13.2000    -1.5600  0.000123
   13.6000    -1.5600  0.000063
   14.0000    -1.5600  0.000019
   14.4000    -1.5600  0.000001
   14.8000    -1.5600  0.000010
   15.2000    -1.5600  0.000023
   15.6000    -1.5600  0.000020
   16.0000    -1.5600  0.000025
   16.4000    -1.5600  0.000018
   16.8000    -1.5600  0.000008
   17.2000    -1.5600  0.000003
   17.6000    -1.5600  0.000001
   18.0000    -1.5600  0.000001
   18.4000    -1.5600  0.000001
   18.8000    -1.5600  0.000002
   19.2000    -1.5600  0.000000
   19.6000    -1.5600  0.000001
   20.0000    -1.5600  0.000001
   20.4000    -1.5600  0.000001
   20.8000    -1.5600  0.000011
   21.2000    -1.5600  0.000012
   21.6000    -1.5600  0.000008
   22.0000    -1.5600  0.000016
   22.4000    -1.5600  0.000012
   22.8000    -1.5600  0.000019
   23.2000    -1.5600  0.000042
   23.6000    -1.5600  0.000066
   24.0000    -1.5600  0.000082
   24.4000    -1.5600  0.000114
   24.8000    -1.5600  0.000110
   25.2000    -1.5600  0.000109
   25.6000    -1.5600  0.000107
   26.0000    -1.5600  0.000088
   26.4000    -1.5600  0.000083
   26.8000    -1.5600  0.000071
   27.2000    -1.5600  0.000055
   27.6000    -1.5600  0.000064
   28.0000    -1.5600  0.000060
   28.4000    -1.5600  0.000058
   28.8000    -1.5600  0.000034
   29.2000    -1.5600  0.000028
   29.6000    -1.5600  0.000015
   30.0000    -1.5600  0.000003
   30.4000    -1.5600  0.000000
   30.8000    -1.5600  0.000000
   31.2000    -1.5600  0.000000
   31.6000    -1.5600  0.000000
   32.0000    -1.5600  0.000000
   32.4000    -1.5600  0.000000
   32.8000    -1.5600  0.000000
   33.2000    -1.5600  0.000000
   33.6000    -1.5600  0.000000
   34.0000    -1.5600  0.000000
   34.4000    -1.5600  0.000000
   34.8000    -1.5600  0.000000
   35.2000    -1.5600  0.000000
   35.6000    -1.5600  0.000000
   36.0000    -1.5600  0.000000
   36.4000    -1.5600  0.000000
   36.8000    -1.5600  0.000000
   37.2000    -1.5600  0.000000
   37.6000    -1.5600  0.000000
   38.0000    -1.5600  0.000000
   38.4000    -1.5600  0.000000
   38.8000    -1.5600  0.000000
   39.2000    -1.5600  0.000000
   39.6000    -1.5600  0.000000
    0.0000    -1.4800  0.000000
    0.4000    -1.4800  0.000032
    0.8000    -1.4800  0.000043
    1.2000    -1.4800  0.000059
    1.6000    -1.4800  0.000064
    2.0000    -1.4800  0.000074
    2.4000    -1.4800  0.000080
    2.8000    -1.4800  0.000082
    3.2000    -1.4800  0.000095
    3.6000    -1.4800  0.000116
    4.0000    -1.4800  0.000136
    4.4000    -1.4800  0.000158
    4.8000    -1.4800  0.000187
    5.2000    -1.4800  0.000216
    5.6000    -1.4800  0.000245
    6.0000    -1.4800  0.000282
    6.4000    -1.4800  0.000325
    6.8000    -1.4800  0.000380
    7.2000    -1.4800  0.000423
    7.6000    -1.4800  0.000461
    8.0000    -1.4800  0.000486
    8.4000    -1.4800  0.000523
    8.8000    -1.4800  0.000568
    9.2000    -1.4800  0.000620
    9.6000    -1.4800  0.000661
   10.0000    -1.4800  0.000690
   10.4000    -1.4800  0.000723
   10.8000    -1.4800  0.000705
   11.2000    -1.4800  0.000654
   11.6000    -1.4800  0.000536
   12.0000    -1.4800  0.000441
   12.4000    -1.4800  0.000329
   12.8000    -1.4800  0.000252
   13.2000    -1.4800  0.000190
   13.6000    -1.4800  0.000129
   14.0000    -1.4800  0.000073
   14.4000    -1.4800  0.000032
   14.8000    -1.4800  0.000022
   15.2000    -1.4800  0.000030
   15.6000    -1.4800  0.000031
   16.0000    -1.4800  0.000033
   16.4000    -1.4800  0.000023
   16.8000    -1.4800  0.000024
   17.2000    -1.4800  0.000013
   17.6000    -1.4800  0.000011
   18.0000    -1.4800  0.000001
   18.4000    -1.4800  0.000005
   18.8000    -1.4800  0.000004
   19.2000    -1.4800  0.000001
   19.6000    -1.4800  0.000000
   20.0000    -1.4800  0.000001
   20.4000    -1.4800  0.000000
   20.8000    -1.4800  0.000007
   21.2000    -1.4800  0.000011
   21.6000    -1.4800  0.000008
   22.0000    -1.4800  0.000010
   22.4000    -1.4800  0.000005
   22.8000    -1.4800  0.000013
   23.2000    -1.4800  0.000020
   23.6000    -1.4800  0.000035
   24.0000    -1.4800  0.000068
   24.4000    -1.4800  0.000095
   24.8000    -1.4800  0.000108
   25.2000    -1.4800  0.000113
   25.6000    -1.4800  0.000107
   26.0000    -1.4800  0.000096
   26.4000    -1.4800  0.000098
   26.8000    -1.4800  0.000088
   27.2000    -1.4800  0.000070
   27.6000    -1.4800  0.000068
   28.0000    -1.4800  0.000062
   28.4000    -1.4800  0.000055
   28.8000    -1.4800  0.000048
   29.2000    -1.4800  0.000028
   29.6000    -1.4800  0.000011
   30.0000    -1.4800  0.000005
   30.4000    -1.4800  0.000000
   30.8000    -1.4800  0.000000
   31.2000    -1.4800  0.000000
   31.6000    -1.4800  0.000000
   32.0000    -1.4800  0.000000
   32.4000    -1.4800  0.000000
   32.8000    -1.4800  0.000000
   33.2000    -1.4800  0.000000
   33.6000    -1.4800  0.000000
   34.0000    -1.4800  0.000000
   34.4000    -1.4800  0.000000
   34.8000    -1.4800  0.000000
   35.2000    -1.4800  0.000000
   35.6000    -1.4800  0.000000
   36.0000    -1.4800  0.000000
   36.4000    -1.4800  0.000000
   36.8000    -1.4800  0.000000
   37.2000    -1.4800  0.000000
   37.6000    -1.4800  0.000000
   38.0000    -1.4800  0.000000
   38.4000    -1.4800  0.000000
   38.8000    -1.4800  0.000000
   39.2000    -1.4800  0.000000
   39.6000    -1.4800  0.000000
    0.0000    -1.4000  0.000000
    0.4000    -1.4000  0.000039
    0.8000    -1.4000  0.000050
    1.2000    -1.4000  0.000062
    1.6000    -1.4000  0.000083
    2.0000    -1.4000  0.000096
    2.4000    -1.4000  0.000098
    2.8000    -1.4000  0.000097
    3.2000    -1.4000  0.000111
    3.6000    -1.4000  0.000127
    4.0000    -1.4000  0.000145
    4.4000    -1.4000  0.000177
    4.8000    -1.4000  0.000200
    5.2000    -1.4000  0.000229
    5.6000    -1.4000  0.000273
    6.0000    -1.4000  0.000309
    6.4000    -1.4000  0.000340
    6.8000    -1.4000  0.000392
    7.2000    -1.4000  0.000442
    7.6000    -1.4000  0.000471
    8.0000    -1.4000  0.000510
    8.4000    -1.4000  0.000538
    8.8000    -1.4000  0.000578
    9.2000    -1.4000  0.000608
    9.6000    -1.4000  0.000661
   10.0000    -1.4000  0.000697
   10.4000    -1.4000  0.000725
   10.8000    -1.4000  0.000732
   11.2000    -1.4000  0.000702
   11.6000    -1.4000  0.000617
   12.0000    -1.4000  0.000544
   12.4000    -1.4000  0.000441
   12.8000    -1.4000  0.000342
   13.2000    -1.4000  0.000262
   13.6000    -1.4000  0.000213
   14.0000    -1.4000  0.000148
   14.4000    -1.4000  0.000105
   14.8000    -1.4000  0.000066
   15.2000    -1.4000  0.000048
   15.6000    -1.4000  0.000051
   16.0000    -1.4000  0.000050
   16.4000    -1.4000  0.000047
   16.8000    -1.4000  0.000042
   17.2000    -1.4000  0.000038
   17.6000    -1.4000  0.000030
   18.0000    -1.4000  0.000020
   18.4000    -1.4000  0.000018
   18.8000    -1.4000  0.000009
   19.2000    -1.4000  0.000009
   19.6000    -1.4000  0.000003
   20.0000    -1.4000  0.000001
   20.4000    -1.4000  0.000007
   20.8000    -1.4000  0.000001
   21.2000    -1.4000  0.000002
   21.6000    -1.4000  0.000001
   22.0000    -1.4000  0.000000
   22.4000    -1.4000  0.000001
   22.8000    -1.4000  0.000000
   23.2000    -1.4000  0.000001
   23.6000    -1.4000  0.000007
   24.0000    -1.4000  0.000023
   24.4000    -1.4000  0.000055
   24.8000    -1.4000  0.000084
   25.2000    -1.4000  0.000099
   25.6000    -1.4000  0.000111
   26.0000    -1.4000  0.000110
   26.4000    -1.4000  0.000086
   26.8000    -1.4000  0.000085
   27.2000    -1.4000  0.000077
   27.6000    -1.4000  0.000070
   28.0000    -1.4000  0.000062
   28.4000    -1.4000  0.000061
   28.8000    -1.4000  0.000046
   29.2000    -1.4000  0.000031
   29.6000    -1.4000  0.000019
   30.0000    -1.4000  0.000004
   30.4000    -1.4000  0.000000
   30.8000    -1.4000  0.000000
   31.2000    -1.4000  0.000000
   31.6000    -1.4000  0.000000
   32.0000    -1.4000  0.000000
   32.4000    -1.4000  0.000000
   32.8000    -1.4000  0.000001
   33.2000    -1.4000  0.000000
   33.6000    -1.4000  0.000000
   34.0000    -1.4000  0.000000
   34.4000    -1.4000  0.000000
   34.8000    -1.4000  0.000000
   35.2000    -1.4000  0.000000
   35.6000    -1.4000  0.000000
   36.0000    -1.4000  0.000000
   36.4000    -1.4000  0.000000
   36.8000    -1.4000  0.000000
   37.2000    -1.4000  0.000000
   37.6000    -1.4000  0.000000
   38.0000    -1.4000  0.000000
   38.4000    -1.4000  0.000000
   38.8000    -1.4000  0.000000
   39.2000    -1.4000  0.000000
   39.6000    -1.4000  0.000000
    0.0000    -1.3200  0.000000
    0.4000    -1.3200  0.000034
    0.8000    -1.3200  0.000047
    1.2000    -1.3200  0.000065
    1.6000    -1.3200  0.000082
    2.0000    -1.3200  0.000093
    2.4000    -1.3200  0.000104
    2.8000    -1.3200  0.000109
    3.2000    -1.3200  0.000123
    3.6000    -1.3200  0.000130
    4.0000    -1.3200  0.000145
    4.4000    -1.3200  0.000171
    4.8000    -1.3200  0.000199
    5.2000    -1.3200  0.000246
    5.6000    -1.3200  0.000277
    6.0000    -1.3200  0.000313
    6.4000    -1.3200  0.000344
    6.8000    -1.3200  0.000399
    7.2000    -1.3200  0.000427
    7.6000    -1.3200  0.000479
    8.0000    -1.3200  0.000515
    8.4000    -1.3200  0.000543
    8.8000    -1.3200  0.000568
    9.2000    -1.3200  0.000604
    9.6000    -1.3200  0.000649
   10.0000    -1.3200  0.000665
   10.4000    -1.3200  0.000705
   10.8000    -1.3200  0.000727
   11.2000    -1.3200  0.000719
   11.6000    -1.3200  0.000696
   12.0000    -1.3200  0.000629
   12.4000    -1.3200  0.000522
   12.8000    -1.3200  0.000422
   13.2000    -1.3200  0.000330
   13.6000    -1.3200  0.000253
   14.0000    -1.3200  0.000203
   14.4000    -1.3200  0.000160
   14.8000    -1.3200  0.000118
   15.2000    -1.3200  0.000083
   15.6000    -1.3200  0.000064
   16.0000    -1.3200  0.000065
   16.4000    -1.3200  0.000071
   16.8000    -1.3200  0.000057
   17.2000    -1.3200  0.000052
   17.6000    -1.3200  0.000045
   18.0000    -1.3200  0.000035
   18.4000    -1.3200  0.000028
   18.8000    -1.3200  0.000021
   19.2000    -1.3200  0.000011
   19.6000    -1.3200  0.000008
   20.0000    -1.3200  0.000003
   20.4000    -1.3200  0.000007
   20.8000    -1.3200  0.000000
   21.2000    -1.3200  0.000001
   21.6000    -1.3200  0.000000
   22.0000    -1.3200  0.000000
   22.4000    -1.3200  0.000000
   22.8000    -1.3200  0.000000
   23.2000    -1.3200  0.000000
   23.6000    -1.3200  0.000000
   24.0000    -1.3200  0.000013
   24.4000    -1.3200  0.000035
   24.8000    -1.3200  0.000058
   25.2000    -1.3200  0.000087
   25.6000    -1.3200  0.000114
   26.0000    -1.3200  0.000096
   26.4000    -1.3200  0.000091
   26.8000    -1.3200  0.000087
   27.2000    -1.3200  0.000075
   27.6000    -1.3200  0.000078
   28.0000    -1.3200  0.000063
   28.4000    -1.3200  0.000048
   28.8000    -1.3200  0.000036
   29.2000    -1.3200  0.000033
   29.6000    -1.3200  0.000021
   30.0000    -1.3200  0.000006
   30.4000    -1.3200  0.000000
   30.8000    -1.3200  0.000000
   31.2000    -1.3200  0.000000
   31.6000    -1.3200  0.000000
   32.0000    -1.3200  0.000000
   32.4000    -1.3200  0.000000
   32.8000    -1.3200  0.000000
   33.2000    -1.3200  0.000000
   33.6000    -1.3200  0.000000
   34.0000    -1.3200  0.000000
   34.4000    -1.3200  0.000000
   34.8000    -1.3200  0.000000
   35.2000    -1.3200  0.000000
   35.6000    -1.3200  0.000000
   36.0000    -1.3200  0.000000
   36.4000    -1.3200  0.000000
   36.8000    -1.3200  0.000000
   37.2000    -1.3200  0.000000
   37.6000    -1.3200  0.000000
   38.0000    -1.3200  0.000000
   38.4000    -1.3200  0.000000
   38.8000    -1.3200  0.000000
   39.2000    -1.3200  0.000000
   39.6000    -1.3200  0.000000
    0.0000    -1.2400  0.000000
    0.4000    -1.2400  0.000024
    0.8000    -1.2400  0.000038
    1.2000    -1.2400  0.000056
    1.6000    -1.2400  0.000071
    2.0000    -1.2400  0.000090
    2.4000    -1.2400  0.000105
    2.8000    -1.2400  0.000123
    3.2000    -1.2400  0.000123
    3.6000    -1.2400  0.000134
    4.0000    -1.2400  0.000152
    4.4000    -1.2400  0.000176
    4.8000    -1.2400  0.000203
    5.2000    -1.2400  0.000235
    5.6000    -1.2400  0.000276
    6.0000    -1.2400  0.000307
    6.4000    -1.2400  0.000358
    6.8000    -1.2400  0.000391
    7.2000    -1.2400  0.000430
    7.6000    -1.2400  0.000482
    8.0000    -1.2400  0.000516
    8.4000    -1.2400  0.000541
    8.8000    -1.2400  0.000561
    9.2000    -1.2400  0.000588
    9.6000    -1.2400  0.000611
   10.0000    -1.2400  0.000635
   10.4000    -1.2400  0.000677
   10.8000    -1.2400  0.000713
   11.2000    -1.2400  0.000712
   11.6000    -1.2400  0.000709
   12.0000    -1.2400  0.000667
   12.4000    -1.2400  0.000595
   12.8000    -1.2400  0.000505
   13.2000    -1.2400  0.000397
   13.6000    -1.2400  0.000309
   14.0000    -1.2400  0.000258
   14.4000    -1.2400  0.000200
   14.8000    -1.2400  0.000163
   15.2000    -1.2400  0.000124
   15.6000    -1.2400  0.000101
   16.0000    -1.2400  0.000088
   16.4000    -1.2400  0.000078
   16.8000    -1.2400  0.000075
   17.2000    -1.2400  0.000074
   17.6000    -1.2400  0.000064
   18.0000    -1.2400  0.000057
   18.4000    -1.2400  0.000038
   18.8000    -1.2400  0.000036
   19.2000    -1.2400  0.000024
   19.6000    -1.2400  0.000009
   20.0000    -1.2400  0.000010
   20.4000    -1.2400  0.000006
   20.8000    -1.2400  0.000001
   21.2000    -1.2400  0.000001
   21.6000    -1.2400  0.000000
   22.0000    -1.2400  0.000000
   22.4000    -1.2400  0.000000
   22.8000    -1.2400  0.000000
   23.2000    -1.2400  0.000000
   23.6000    -1.2400  0.000001
   24.0000    -1.2400  0.000004
   24.4000    -1.2400  0.000015
   24.8000    -1.2400  0.000034
   25.2000    -1.2400  0.000068
   25.6000    -1.2400  0.000080
   26.0000    -1.2400  0.000096
   26.4000    -1.2400  0.000102
   26.8000    -1.2400  0.000106
   27.2000    -1.2400  0.000080
   27.6000    -1.2400  0.000093
   28.0000    -1.2400  0.000077
   28.4000    -1.2400  0.000064
   28.8000    -1.2400  0.000041
   29.2000    -1.2400  0.000033
   29.6000    -1.2400  0.000029
   30.0000    -1.2400  0.000006
   30.4000    -1.2400  0.000001
   30.8000    -1.2400  0.000000
   31.2000    -1.2400  0.000000
   31.6000    -1.2400  0.000000
   32.0000    -1.2400  0.000000
   32.4000    -1.2400  0.000000
   32.8000    -1.2400  0.000000
   33.2000    -1.2400  0.000000
   33.6000    -1.2400  0.000000
   34.0000    -1.2400  0.000000
   34.4000    -1.2400  0.000000
   34.8000    -1.2400  0.000000
   35.2000    -1.2400  0.000000
   35.6000    -1.2400  0.000000
   36.0000    -1.2400  0.000000
   36.4000    -1.2400  0.000000
   36.8000    -1.2400  0.000000
   37.2000    -1.2400  0.000000
   37.6000    -1.2400  0.000000
   38.0000    -1.2400  0.000000
   38.4000    -1.2400  0.000000
   38.8000    -1.2400  0.000000
   39.2000    -1.2400  0.000000
   39.6000    -1.2400  0.000000
    0.0000    -1.1600  0.000000
    0.4000    -1.1600  0.000017
    0.8000    -1.1600  0.000034
    1.2000    -1.1600  0.000043
    1.6000    -1.1600  0.000059
    2.0000    -1.1600  0.000082
    2.4000    -1.1600  0.000099
    2.8000    -1.1600  0.000118
    3.2000    -1.1600  0.000123
    3.6000    -1.1600  0.000131
    4.0000    -1.1600  0.000147
    4.4000    -1.1600  0.000169
    4.8000    -1.1600  0.000199
    5.2000    -1.1600  0.000227
    5.6000    -1.1600  0.000264
    6.0000    -1.1600  0.000315
    6.4000    -1.1600  0.000360
    6.8000    -1.1600  0.000393
    7.2000    -1.1600  0.000428
    7.6000    -1.1600  0.000464
    8.0000    -1.1600  0.000498
    8.4000    -1.1600  0.000536
    8.8000    -1.1600  0.000565
    9.2000    -1.1600  0.000580
    9.6000    -1.1600  0.000601
   10.0000    -1.1600  0.000629
   10.4000    -1.1600  0.000648
   10.8000    -1.1600  0.000668
   11.2000    -1.1600  0.000683
   11.6000    -1.1600  0.000693
   12.0000    -1.1600  0.000688
   12.4000    -1.1600  0.000643
   12.8000    -1.1600  0.000561
   13.2000    -1.1600  0.000462
   13.6000    -1.1600  0.000377
   14.0000    -1.1600  0.000295
   14.4000    -1.1600  0.000242
   14.8000    -1.1600  0.000200
   15.2000    -1.1600  0.000174
   15.6000    -1.1600  0.000133
   16.0000    -1.1600  0.000105
   16.4000    -1.1600  0.000095
   16.8000    -1.1600  0.000086
   17.2000    -1.1600  0.000086
   17.6000    -1.1600  0.000077
   18.0000    -1.1600  0.000063
   18.4000    -1.1600  0.000058
   18.8000    -1.1600  0.000042
   19.2000    -1.1600  0.000038
   19.6000    -1.1600  0.000021
   20.0000    -1.1600  0.000010
   20.4000    -1.1600  0.000006
   20.8000    -1.1600  0.000000
   21.2000    -1.1600  0.000000
   21.6000    -1.1600  0.000000
   22.0000    -1.1600  0.000000
   22.4000    -1.1600  0.000000
   22.8000    -1.1600  0.000000
   23.2000    -1.1600  0.000000
   23.6000    -1.1600  0.000001
   24.0000    -1.1600  0.000004
   24.4000    -1.1600  0.000007
   24.8000    -1.1600  0.000018
   25.2000    -1.1600  0.000039
   25.6000    -1.1600  0.000059
   26.0000    -1.1600  0.000084
   26.4000    -1.1600  0.000094
   26.8000    -1.1600  0.000101
   27.2000    -1.1600  0.000093
   27.6000    -1.1600  0.000087
   28.0000    -1.1600  0.000081
   28.4000    -1.1600  0.000071
   28.8000    -1.1600  0.000043
   29.2000    -1.1600  0.000028
   29.6000    -1.1600  0.000021
   30.0000    -1.1600  0.000008
   30.4000    -1.1600  0.000001
   30.8000    -1.1600  0.000000
   31.2000    -1.1600  0.000000
   31.6000    -1.1600  0.000000
   32.0000    -1.1600  0.000000
   32.4000    -1.1600  0.000000
   32.8000    -1.1600  0.000000
   33.2000    -1.1600  0.000000
   33.6000    -1.1600  0.000000
   34.0000    -1.1600  0.000000
   34.4000    -1.1600  0.000000
   34.8000    -1.1600  0.000000
   35.2000    -1.1600  0.000000
   35.6000    -1.1600  0.000000
   36.0000    -1.1600  0.000000
   36.4000    -1.1600  0.000000
   36.8000    -1.1600  0.000000
   37.2000    -1.1600  0.000000
   37.6000    -1.1600  0.000000
   38.0000    -1.1600  0.000000
   38.4000    -1.1600  0.000000
   38.8000    -1.1600  0.000000
   39.2000    -1.1600  0.000000
   39.6000    -1.1600  0.000000
    0.0000    -1.0800  0.000000
    0.4000    -1.0800  0.000013
    0.8000    -1.0800  0.000018
    1.2000    -1.0800  0.000034
    1.6000    -1.0800  0.000047
    2.0000    -1.0800  0.000072
    2.4000    -1.0800  0.000079
    2.8000    -1.0800  0.000096
    3.2000    -1.0800  0.000104
    3.6000    -1.0800  0.000125
    4.0000    -1.0800  0.000137
    4.4000    -1.0800  0.000147
    4.8000    -1.0800  0.000182
    5.2000    -1.0800  0.000206
    5.6000    -1.0800  0.000252
    6.0000    -1.0800  0.000293
    6.4000    -1.0800  0.000340
    6.8000    -1.0800  0.000377
    7.2000    -1.0800  0.000421
    7.6000    -1.0800  0.000453
    8.0000    -1.0800  0.000482
    8.4000    -1.0800  0.000515
    8.8000    -1.0800  0.000527
    9.2000    -1.0800  0.000565
    9.6000    -1.0800  0.000580
   10.0000    -1.0800  0.000599
   10.4000    -1.0800  0.000607
   10.8000    -1.0800  0.000631
   11.2000    -1.0800  0.000651
   11.6000    -1.0800  0.000661
   12.0000    -1.0800  0.000670
   12.4000    -1.0800  0.000645
   12.8000    -1.0800  0.000588
   13.2000    -1.0800  0.000528
   13.6000    -1.0800  0.000440
   14.0000    -1.0800  0.000357
   14.4000    -1.0800  0.000281
   14.8000    -1.0800  0.000239
   15.2000    -1.0800  0.000195
   15.6000    -1.0800  0.000168
   16.0000    -1.0800  0.000138
   16.4000    -1.0800  0.000116
   16.8000    -1.0800  0.000100
   17.2000    -1.0800  0.000095
   17.6000    -1.0800  0.000085
   18.0000    -1.0800  0.000080
   18.4000    -1.0800  0.000065
   18.8000    -1.0800  0.000053
   19.2000    -1.0800  0.000037
   19.6000    -1.0800  0.000028
   20.0000    -1.0800  0.000027
   20.4000    -1.0800  0.000017
   20.8000    -1.0800  0.000000
   21.2000    -1.0800  0.000001
   21.6000    -1.0800  0.000000
   22.0000    -1.0800  0.000000
   22.4000    -1.0800  0.000000
   22.8000    -1.0800  0.000000
   23.2000    -1.0800  0.000000
   23.6000    -1.0800  0.000001
   24.0000    -1.0800  0.000001
   24.4000    -1.0800  0.000004
   24.8000    -1.0800  0.000013
   25.2000    -1.0800  0.000019
   25.6000    -1.0800  0.000054
   26.0000    -1.0800  0.000066
   26.4000    -1.0800  0.000078
   26.8000    -1.0800  0.000090
   27.2000    -1.0800  0.000105
   27.6000    -1.0800  0.000091
   28.0000    -1.0800  0.000091
   28.4000    -1.0800  0.000078
   28.8000    -1.0800  0.000060
   29.2000    -1.0800  0.000035
   29.6000    -1.0800  0.000015
   30.0000    -1.0800  0.000006
   30.4000    -1.0800  0.000001
   30.8000    -1.0800  0.000000
   31.2000    -1.0800  0.000000
   31.6000    -1.0800  0.000000
   32.0000    -1.0800  0.000000
   32.4000    -1.0800  0.000000
   32.8000    -1.0800  0.000000
   33.2000    -1.0800  0.000000
   33.6000    -1.0800  0.000000
   34.0000    -1.0800  0.000000
   34.4000    -1.0800  0.000000
   34.8000    -1.0800  0.000000
   35.2000    -1.0800  0.000000
   35.6000    -1.0800  0.000000
   36.0000    -1.0800  0.000000
   36.4000    -1.0800  0.000000
   36.8000    -1.0800  0.000000
   37.2000    -1.0800  0.000000
   37.6000    -1.0800  0.000000
   38.0000    -1.0800  0.000000
   38.4000    -1.0800  0.000000
   38.8000    -1.0800  0.000000
   39.2000    -1.0800  0.000000
   39.6000    -1.0800  0.000000
    0.0000    -1.0000  0.000000
    0.4000    -1.0000  0.000008
    0.8000    -1.0000  0.000017
    1.2000    -1.0000  0.000020
    1.6000    -1.0000  0.000036
    2.0000    -1.0000  0.000055
    2.4000    -1.0000  0.000068
    2.8000    -1.0000  0.000073
    3.2000    -1.0000  0.000091
    3.6000    -1.0000  0.000103
    4.0000    -1.0000  0.000122
    4.4000    -1.0000  0.000129
    4.8000    -1.0000  0.000168
    5.2000    -1.0000  0.000189
    5.6000    -1.0000  0.000228
    6.0000    -1.0000  0.000275
    6.4000    -1.0000  0.000320
    6.8000    -1.0000  0.000346
    7.2000    -1.0000  0.000393
    7.6000    -1.0000  0.000429
    8.0000    -1.0000  0.000466
    8.4000    -1.0000  0.000482
    8.8000    -1.0000  0.000504
    9.2000    -1.0000  0.000548
    9.6000    -1.0000  0.000551
   10.0000    -1.0000  0.000558
   10.4000    -1.0000  0.000569
   10.8000    -1.0000  0.000585
   11.2000    -1.0000  0.000593
   11.6000    -1.0000  0.000608
   12.0000    -1.0000  0.000629
   12.4000    -1.0000  0.000621
   12.8000    -1.0000  0.000591
   13.2000    -1.0000  0.000545
   13.6000    -1.0000  0.000463
   14.0000    -1.0000  0.000390
   14.4000    -1.0000  0.000317
   14.8000    -1.0000  0.000249
   15.2000    -1.0000  0.000219
   15.6000    -1.0000  0.000190
   16.0000    -1.0000  0.000154
   16.4000    -1.0000  0.000135
   16.8000    -1.0000  0.000116
   17.2000    -1.0000  0.000099
   17.6000    -1.0000  0.000091
   18.0000    -1.0000  0.000080
   18.4000    -1.0000  0.000075
   18.8000    -1.0000  0.000059
   19.2000    -1.0000  0.000052
   19.6000    -1.0000  0.000039
   20.0000    -1.0000  0.000027
   20.4000    -1.0000  0.000017
   20.8000    -1.0000  0.000003
   21.2000    -1.0000  0.000003
   21.6000    -1.0000  0.000000
   22.0000    -1.0000  0.000001
   22.4000    -1.0000  0.000000
   22.8000    -1.0000  0.000001
   23.2000    -1.0000  0.000001
   23.6000    -1.0000  0.000002
   24.0000    -1.0000  0.000008
   24.4000    -1.0000  0.000009
   24.8000    -1.0000  0.000019
   25.2000    -1.0000  0.000027
   25.6000    -1.0000  0.000035
   26.0000    -1.0000  0.000044
   26.4000    -1.0000  0.000052
   26.8000    -1.0000  0.000081
   27.2000    -1.0000  0.000087
   27.6000    -1.0000  0.000099
   28.0000    -1.0000  0.000090
   28.4000    -1.0000  0.000071
   28.8000    -1.0000  0.000061
   29.2000    -1.0000  0.000038
   29.6000    -1.0000  0.000019
   30.0000    -1.0000  0.000012
   30.4000    -1.0000  0.000002
   30.8000    -1.0000  0.000000
   31.2000    -1.0000  0.000000
   31.6000    -1.0000  0.000000
   32.0000    -1.0000  0.000000
   32.4000    -1.0000  0.000000
   32.8000    -1.0000  0.000000
   33.2000    -1.0000  0.000000
   33.6000    -1.0000  0.000000
   34.0000    -1.0000  0.000000
   34.4000    -1.0000  0.000000
   34.8000    -1.0000  0.000000
   35.2000    -1.0000  0.000000
   35.6000    -1.0000  0.000000
   36.0000    -1.0000  0.000000
   36.4000    -1.0000  0.000000
   36.8000    -1.0000  0.000000
   37.2000    -1.0000  0.000000
   37.6000    -1.0000  0.000000
   38.0000    -1.0000  0.000000
   38.4000    -1.0000  0.000000
   38.8000    -1.0000  0.000000
   39.2000    -1.0000  0.000000
   39.6000    -1.0000  0.000000
    0.0000    -0.9200  0.000000
    0.4000    -0.9200  0.000005
    0.8000    -0.9200  0.000011
    1.2000    -0.9200  0.000012
    1.6000    -0.9200  0.000018
    2.0000    -0.9200  0.000041
    2.4000    -0.9200  0.000044
    2.8000    -0.9200  0.000056
    3.2000    -0.9200  0.000058
    3.6000    -0.9200  0.000073
    4.0000    -0.9200  0.000098
    4.4000    -0.9200  0.000119
    4.8000    -0.9200  0.000131
    5.2000    -0.9200  0.000161
    5.6000    -0.9200  0.000199
    6.0000    -0.9200  0.000246
    6.4000    -0.9200  0.000284
    6.8000    -0.9200  0.000322
    7.2000    -0.9200  0.000360
    7.6000    -0.9200  0.000396
    8.0000    -0.9200  0.000438
    8.4000    -0.9200  0.000468
    8.8000    -0.9200  0.000487
    9.2000    -0.9200  0.000494
    9.6000    -0.9200  0.000522
   10.0000    -0.9200  0.000532
   10.4000    -0.9200  0.000543
   10.8000    -0.9200  0.000545
   11.2000    -0.9200  0.000546
   11.6000    -0.9200  0.000548
   12.0000    -0.9200  0.000558
   12.4000    -0.9200  0.000574
   12.8000    -0.9200  0.000558
   13.2000    -0.9200  0.000540
   13.6000    -0.9200  0.000497
   14.0000    -0.9200  0.000412
   14.4000    -0.9200  0.000342
   14.8000    -0.9200  0.000279
   15.2000    -0.9200  0.000235
   15.6000    -0.9200  0.000199
   16.0000    -0.9200  0.000165
   16.4000    -0.9200  0.000147
   16.8000    -0.9200  0.000126
   17.2000    -0.9200  0.000100
   17.6000    -0.9200  0.000092
   18.0000    -0.9200  0.000085
   18.4000    -0.9200  0.000072
   18.8000    -0.9200  0.000063
   19.2000    -0.9200  0.000059
   19.6000    -0.9200  0.000045
   20.0000    -0.9200  0.000034
   20.4000    -0.9200  0.000022
   20.8000    -0.9200  0.000001
   21.2000    -0.9200  0.000001
   21.6000    -0.9200  0.000000
   22.0000    -0.9200  0.000000
   22.4000    -0.9200  0.000000
   22.8000    -0.9200  0.000001
   23.2000    -0.9200  0.000001
   23.6000    -0.9200  0.000004
   24.0000    -0.9200  0.000011
   24.4000    -0.9200  0.000016
   24.8000    -0.9200  0.000018
   25.2000    -0.9200  0.000027
   25.6000    -0.9200  0.000033
   26.0000    -0.9200  0.000044
   26.4000    -0.9200  0.000049
   26.8000    -0.9200  0.000061
   27.2000    -0.9200  0.000081
   27.6000    -0.9200  0.000089
   28.0000    -0.9200  0.000089
   28.4000    -0.9200  0.000089
   28.8000    -0.9200  0.000061
   29.2000    -0.9200  0.000039
   29.6000    -0.9200  0.000027
   30.0000    -0.9200  0.000004
   30.4000    -0.9200  0.000001
   30.8000    -0.9200  0.000000
   31.2000    -0.9200  0.000000
   31.6000    -0.9200  0.000000
   32.0000    -0.9200  0.000000
   32.4000    -0.9200  0.000000
   32.8000    -0.9200  0.000000
   33.2000    -0.9200  0.000000
   33.6000    -0.9200  0.000000
   34.0000    -0.9200  0.000000
   34.4000    -0.9200  0.000000
   34.8000    -0.9200  0.000000
   35.2000    -0.9200  0.000000
   35.6000    -0.9200  0.000000
   36.0000    -0.9200  0.000000
   36.4000    -0.9200  0.000000
   36.8000    -0.9200  0.000001
   37.2000    -0.9200  0.000000
   37.6000    -0.9200  0.000000
   38.0000    -0.9200  0.000000
   38.4000    -0.9200  0.000000
   38.8000    -0.9200  0.000000
   39.2000    -0.9200  0.000000
   39.6000    -0.9200  0.000000
    0.0000    -0.8400  0.000000
    0.4000    -0.8400  0.000004
    0.8000    -0.8400  0.000005
    1.2000    -0.8400  0.000007
    1.6000    -0.8400  0.000010
    2.0000    -0.8400  0.000020
    2.4000    -0.8400  0.000030
    2.8000    -0.8400  0.000035
    3.2000    -0.8400  0.000037
    3.6000    -0.8400  0.000048
    4.0000    -0.8400  0.000065
    4.4000    -0.8400  0.000083
    4.8000    -0.8400  0.000104
    5.2000    -0.8400  0.000140
    5.6000    -0.8400  0.000171
    6.0000    -0.8400  0.000207
    6.4000    -0.8400  0.000247
    6.8000    -0.8400  0.000292
    7.2000    -0.8400  0.000329
    7.6000    -0.8400  0.000365
    8.0000    -0.8400  0.000397
    8.4000    -0.8400  0.000427
    8.8000    -0.8400  0.000450
    9.2000    -0.8400  0.000473
    9.6000    -0.8400  0.000480
   10.0000    -0.8400  0.000498
   10.4000    -0.8400  0.000503
   10.8000    -0.8400  0.000496
   11.2000    -0.8400  0.000489
   11.6000    -0.8400  0.000490
   12.0000    -0.8400  0.000496
   12.4000    -0.8400  0.000500
   12.8000    -0.8400  0.000501
   13.2000    -0.8400  0.000502
   13.6000    -0.8400  0.000472
   14.0000    -0.8400  0.000431
   14.4000    -0.8400  0.000374
   14.8000    -0.8400  0.000297
   15.2000    -0.8400  0.000239
   15.6000    -0.8400  0.000201
   16.0000    -0.8400  0.000168
   16.4000    -0.8400  0.000147
   16.8000    -0.8400  0.000127
   17.2000    -0.8400  0.000113
   17.6000    -0.8400  0.000090
   18.0000    -0.8400  0.000077
   18.4000    -0.8400  0.000069
   18.8000    -0.8400  0.000060
   19.2000    -0.8400  0.000053
   19.6000    -0.8400  0.000044
   20.0000    -0.8400  0.000038
   20.4000    -0.8400  0.000019
   20.8000    -0.8400  0.000002
   21.2000    -0.8400  0.000000
   21.6000    -0.8400  0.000000
   22.0000    -0.8400  0.000000
   22.4000    -0.8400  0.000000
   22.8000    -0.8400  0.000000
   23.2000    -0.8400  0.000005
   23.6000    -0.8400  0.000003
   24.0000    -0.8400  0.000022
   24.4000    -0.8400  0.000022
   24.8000    -0.8400  0.000028
   25.2000    -0.8400  0.000031
   25.6000    -0.8400  0.000046
   26.0000    -0.8400  0.000042
   26.4000    -0.8400  0.000056
   26.8000    -0.8400  0.000066
   27.2000    -0.8400  0.000064
   27.6000    -0.8400  0.000087
   28.0000    -0.8400  0.000090
   28.4000    -0.8400  0.000089
   28.8000    -0.8400  0.000062
   29.2000    -0.8400  0.000052
   29.6000    -0.8400  0.000036
   30.0000    -0.8400  0.000005
   30.4000    -0.8400  0.000002
   30.8000    -0.8400  0.000000
   31.2000    -0.8400  0.000000
   31.6000    -0.8400  0.000000
   32.0000    -0.8400  0.000000
   32.4000    -0.8400  0.000000
   32.8000    -0.8400  0.000000
   33.2000    -0.8400  0.000000
   33.6000    -0.8400  0.000000
   34.0000    -0.8400  0.000000
   34.4000    -0.8400  0.000000
   34.8000    -0.8400  0.000000
   35.2000    -0.8400  0.000000
   35.6000    -0.8400  0.000000
   36.0000    -0.8400  0.000000
   36.4000    -0.8400  0.000000
   36.8000    -0.8400  0.000000
   37.2000    -0.8400  0.000000
   37.6000    -0.8400  0.000000
   38.0000    -0.8400  0.000000
   38.4000    -0.8400  0.000000
   38.8000    -0.8400  0.000000
   39.2000    -0.8400  0.000000
   39.6000    -0.8400  0.000000
    0.0000    -0.7600  0.000000
    0.4000    -0.7600  0.000000
    0.8000    -0.7600  0.000000
    1.2000    -0.7600  0.000000
    1.6000    -0.7600  0.000001
    2.0000    -0.7600  0.000003
    2.4000    -0.7600  0.000003
    2.8000    -0.7600  0.000008
    3.2000    -0.7600  0.000018
    3.6000    -0.7600  0.000020
    4.0000    -0.7600  0.000032
    4.4000    -0.7600  0.000044
    4.8000    -0.7600  0.000067
    5.2000    -0.7600  0.000100
    5.6000    -0.7600  0.000135
    6.0000    -0.7600  0.000159
    6.4000    -0.7600  0.000205
    6.8000    -0.7600  0.000232
    7.2000    -0.7600  0.000276
    7.6000    -0.7600  0.000311
    8.0000    -0.7600  0.000347
    8.4000    -0.7600  0.000382
    8.8000    -0.7600  0.000404
    9.2000    -0.7600  0.000433
    9.6000    -0.7600  0.000437
   10.0000    -0.7600  0.000444
   10.4000    -0.7600  0.000453
   10.8000    -0.7600  0.000453
   11.2000    -0.7600  0.000441
   11.6000    -0.7600  0.000428
   12.0000    -0.7600  0.000426
   12.4000    -0.7600  0.000427
   12.8000    -0.7600  0.000434
   13.2000    -0.7600  0.000439
   13.6000    -0.7600  0.000431
   14.0000    -0.7600  0.000401
   14.4000    -0.7600  0.000366
   14.8000    -0.7600  0.000306
   15.2000    -0.7600  0.000249
   15.6000    -0.7600  0.000195
   16.0000    -0.7600  0.000160
   16.4000    -0.7600  0.000141
   16.8000    -0.7600  0.000121
   17.2000    -0.7600  0.000097
   17.6000    -0.7600  0.000089
   18.0000    -0.7600  0.000071
   18.4000    -0.7600  0.000056
   18.8000    -0.7600  0.000049
   19.2000    -0.7600  0.000037
   19.6000    -0.7600  0.000032
   20.0000    -0.7600  0.000029
   20.4000    -0.7600  0.000015
   20.8000    -0.7600  0.000012
   21.2000    -0.7600  0.000001
   21.6000    -0.7600  0.000001
   22.0000    -0.7600  0.000000
   22.4000    -0.7600  0.000000
   22.8000    -0.7600  0.000000
   23.2000    -0.7600  0.000001
   23.6000    -0.7600  0.000016
   24.0000    -0.7600  0.000020
   24.4000    -0.7600  0.000032
   24.8000    -0.7600  0.000040
   25.2000    -0.7600  0.000043
   25.6000    -0.7600  0.000057
   26.0000    -0.7600  0.000057
   26.4000    -0.7600  0.000048
   26.8000    -0.7600  0.000059
   27.2000    -0.7600  0.000064
   27.6000    -0.7600  0.000077
   28.0000    -0.7600  0.000081
   28.4000    -0.7600  0.000081
   28.8000    -0.7600  0.000068
   29.2000    -0.7600  0.000044
   29.6000    -0.7600  0.000029
   30.0000    -0.7600  0.000012
   30.4000    -0.7600  0.000002
   30.8000    -0.7600  0.000000
   31.2000    -0.7600  0.000000
   31.6000    -0.7600  0.000000
   32.0000    -0.7600  0.000000
   32.4000    -0.7600  0.000000
   32.8000    -0.7600  0.000000
   33.2000    -0.7600  0.000000
   33.6000    -0.7600  0.000000
   34.0000    -0.7600  0.000000
   34.4000    -0.7600  0.000000
   34.8000    -0.7600  0.000000
   35.2000    -0.7600  0.000000
   35.6000    -0.7600  0.000000
   36.0000    -0.7600  0.000000
   36.4000    -0.7600  0.000000
   36.8000    -0.7600  0.000000
   37.2000    -0.7600  0.000000
   37.6000    -0.7600  0.000000
   38.0000    -0.7600  0.000000
   38.4000    -0.7600  0.000000
   38.8000    -0.7600  0.000000
   39.2000    -0.7600  0.000000
   39.6000    -0.7600  0.000000
    0.0000    -0.6800  0.000000
    0.4000    -0.6800  0.000000
    0.8000    -0.6800  0.000000
    1.2000    -0.6800  0.000000
    1.6000    -0.6800  0.000001
    2.0000    -0.6800  0.000001
    2.4000    -0.6800  0.000001
    2.8000    -0.6800  0.000002
    3.2000    -0.6800  0.000007
    3.6000    -0.6800  0.000009
    4.0000    -0.6800  0.000005
    4.4000    -0.6800  0.000020
    4.8000    -0.6800  0.000030
    5.2000    -0.6800  0.000062
    5.6000    -0.6800  0.000094
    6.0000    -0.6800  0.000130
    6.4000    -0.6800  0.000175
    6.8000    -0.6800  0.000209
    7.2000    -0.6800  0.000245
    7.6000    -0.6800  0.000280
    8.0000    -0.6800  0.000307
    8.4000    -0.6800  0.000334
    8.8000    -0.6800  0.000368
    9.2000    -0.6800  0.000385
    9.6000    -0.6800  0.000398
   10.0000    -0.6800  0.000404
   10.4000    -0.6800  0.000418
   10.8000    -0.6800  0.000421
   11.2000    -0.6800  0.000413
   11.6000    -0.6800  0.000390
   12.0000    -0.6800  0.000372
   12.4000    -0.6800  0.000374
   12.8000    -0.6800  0.000367
   13.2000    -0.6800  0.000375
   13.6000    -0.6800  0.000373
   14.0000    -0.6800  0.000373
   14.4000    -0.6800  0.000348
   14.8000    -0.6800  0.000306
   15.2000    -0.6800  0.000249
   15.6000    -0.6800  0.000201
   16.0000    -0.6800  0.000159
   16.4000    -0.6800  0.000127
   16.8000    -0.6800  0.000105
   17.2000    -0.6800  0.000093
   17.6000    -0.6800  0.000083
   18.0000    -0.6800  0.000068
   18.4000    -0.6800  0.000053
   18.8000    -0.6800  0.000045
   19.2000    -0.6800  0.000033
   19.6000    -0.6800  0.000030
   20.0000    -0.6800  0.000021
   20.4000    -0.6800  0.000012
   20.8000    -0.6800  0.000010
   21.2000    -0.6800  0.000001
   21.6000    -0.6800  0.000001
   22.0000    -0.6800  0.000000
   22.4000    -0.6800  0.000000
   22.8000    -0.6800  0.000001
   23.2000    -0.6800  0.000006
   23.6000    -0.6800  0.000012
   24.0000    -0.6800  0.000027
   24.4000    -0.6800  0.000043
   24.8000    -0.6800  0.000050
   25.2000    -0.6800  0.000061
   25.6000    -0.6800  0.000067
   26.0000    -0.6800  0.000067
   26.4000    -0.6800  0.000071
   26.8000    -0.6800  0.000075
   27.2000    -0.6800  0.000066
   27.6000    -0.6800  0.000079
   28.0000    -0.6800  0.000077
   28.4000    -0.6800  0.000068
   28.8000    -0.6800  0.000065
   29.2000    -0.6800  0.000050
   29.6000    -0.6800  0.000032
   30.0000    -0.6800  0.000009
   30.4000    -0.6800  0.000003
   30.8000    -0.6800  0.000000
   31.2000    -0.6800  0.000000
   31.6000    -0.6800  0.000000
   32.0000    -0.6800  0.000000
   32.4000    -0.6800  0.000000
   32.8000    -0.6800  0.000000
   33.2000    -0.6800  0.000000
   33.6000    -0.6800  0.000000
   34.0000    -0.6800  0.000000
   34.4000    -0.6800  0.000000
   34.8000    -0.6800  0.000000
   35.2000    -0.6800  0.000000
   35.6000    -0.6800  0.000000
   36.0000    -0.6800  0.000000
   36.4000    -0.6800  0.000000
   36.8000    -0.6800  0.000000
   37.2000    -0.6800  0.000000
   37.6000    -0.6800  0.000000
   38.0000    -0.6800  0.000000
   38.4000    -0.6800  0.000000
   38.8000    -0.6800  0.000000
   39.2000    -0.6800  0.000000
   39.6000    -0.6800  0.000000
    0.0000    -0.6000  0.000000
    0.4000    -0.6000  0.000001
    0.8000    -0.6000  0.000000
    1.2000    -0.6000  0.000001
    1.6000    -0.6000  0.000000
    2.0000    -0.6000  0.000000
    2.4000    -0.6000  0.000002
    2.8000    -0.6000  0.000000
    3.2000    -0.6000  0.000001
    3.6000    -0.6000  0.000001
    4.0000    -0.6000  0.000003
    4.4000    -0.6000  0.000002
    4.8000    -0.6000  0.000013
    5.2000    -0.6000  0.000025
    5.6000    -0.6000  0.000066
    6.0000    -0.6000  0.000098
    6.4000    -0.6000  0.000142
    6.8000    -0.6000  0.000187
    7.2000    -0.6000  0.000214
    7.6000    -0.6000  0.000256
    8.0000    -0.6000  0.000274
    8.4000    -0.6000  0.000309
    8.8000    -0.6000  0.000322
    9.2000    -0.6000  0.000348
    9.6000    -0.6000  0.000356
   10.0000    -0.6000  0.000372
   10.4000    -0.6000  0.000377
   10.8000    -0.6000  0.000365
   11.2000    -0.6000  0.000367
   11.6000    -0.6000  0.000354
   12.0000    -0.6000  0.000332
   12.4000    -0.6000  0.000317
   12.8000    -0.6000  0.000317
   13.2000    -0.6000  0.000310
   13.6000    -0.6000  0.000325
   14.0000    -0.6000  0.000322
   14.4000    -0.6000  0.000319
   14.8000    -0.6000  0.000291
   15.2000    -0.6000  0.000259
   15.6000    -0.6000  0.000210
   16.0000    -0.6000  0.000171
   16.4000    -0.6000  0.000129
   16.8000    -0.6000  0.000095
   17.2000    -0.6000  0.000082
   17.6000    -0.6000  0.000078
   18.0000    -0.6000  0.000059
   18.4000    -0.6000  0.000053
   18.8000    -0.6000  0.000039
   19.2000    -0.6000  0.000035
   19.6000    -0.6000  0.000029
   20.0000    -0.6000  0.000020
   20.4000    -0.6000  0.000008
   20.8000    -0.6000  0.000008
   21.2000    -0.6000  0.000003
   21.6000    -0.6000  0.000001
   22.0000    -0.6000  0.000000
   22.4000    -0.6000  0.000000
   22.8000    -0.6000  0.000003
   23.2000    -0.6000  0.000001
   23.6000    -0.6000  0.000007
   24.0000    -0.6000  0.000029
   24.4000    -0.6000  0.000050
   24.8000    -0.6000  0.000069
   25.2000    -0.6000  0.000076
   25.6000    -0.6000  0.000086
   26.0000    -0.6000  0.000083
   26.4000    -0.6000  0.000088
   26.8000    -0.6000  0.000091
   27.2000    -0.6000  0.000084
   27.6000    -0.6000  0.000087
   28.0000    -0.6000  0.000082
   28.4000    -0.6000  0.000080
   28.8000    -0.6000  0.000063
   29.2000    -0.6000  0.000052
   29.6000    -0.6000  0.000037
   30.0000    -0.6000  0.000012
   30.4000    -0.6000  0.000004
   30.8000    -0.6000  0.000000
   31.2000    -0.6000  0.000000
   31.6000    -0.6000  0.000000
   32.0000    -0.6000  0.000000
   32.4000    -0.6000  0.000000
   32.8000    -0.6000  0.000000
   33.2000    -0.6000  0.000000
   33.6000    -0.6000  0.000000
   34.0000    -0.6000  0.000000
   34.4000    -0.6000  0.000000
   34.8000    -0.6000  0.000000
   35.2000    -0.6000  0.000000
   35.6000    -0.6000  0.000000
   36.0000    -0.6000  0.000000
   36.4000    -0.6000  0.000000
   36.8000    -0.6000  0.000000
   37.2000    -0.6000  0.000000
   37.6000    -0.6000  0.000000
   38.0000    -0.6000  0.000001
   38.4000    -0.6000  0.000000
   38.8000    -0.6000  0.000000
   39.2000    -0.6000  0.000000
   39.6000    -0.6000  0.000000
    0.0000    -0.5200  0.000000
    0.4000    -0.5200  0.000000
    0.8000    -0.5200  0.000000
    1.2000    -0.5200  0.000001
    1.6000    -0.5200  0.000001
    2.0000    -0.5200  0.000001
    2.4000    -0.5200  0.000001
    2.8000    -0.5200  0.000000
    3.2000    -0.5200  0.000001
    3.6000    -0.5200  0.000001
    4.0000    -0.5200  0.000000
    4.4000    -0.5200  0.000000
    4.8000    -0.5200  0.000002
    5.2000    -0.5200  0.000010
    5.6000    -0.5200  0.000034
    6.0000    -0.5200  0.000067
    6.4000    -0.5200  0.000113
    6.8000    -0.5200  0.000155
    7.2000    -0.5200  0.000191
    7.6000    -0.5200  0.000230
    8.0000    -0.5200  0.000248
    8.4000    -0.5200  0.000275
    8.8000    -0.5200  0.000297
    9.2000    -0.5200  0.000318
    9.6000    -0.5200  0.000324
   10.0000    -0.5200  0.000337
   10.4000    -0.5200  0.000342
   10.8000    -0.5200  0.000339
   11.2000    -0.5200  0.000332
   11.6000    -0.5200  0.000328
   12.0000    -0.5200  0.000313
   12.4000    -0.5200  0.000292
   12.8000    -0.5200  0.000275
   13.2000    -0.5200  0.000268
   13.6000    -0.5200  0.000268
   14.0000    -0.5200  0.000271
   14.4000    -0.5200  0.000275
   14.8000    -0.5200  0.000272
   15.2000    -0.5200  0.000255
   15.6000    -0.5200  0.000214
   16.0000    -0.5200  0.000178
   16.4000    -0.5200  0.000131
   16.8000    -0.5200  0.000105
   17.2000    -0.5200  0.000081
   17.6000    -0.5200  0.000064
   18.0000    -0.5200  0.000062
   18.4000    -0.5200  0.000049
   18.8000    -0.5200  0.000038
   19.2000    -0.5200  0.000033
   19.6000    -0.5200  0.000026
   20.0000    -0.5200  0.000018
   20.4000    -0.5200  0.000010
   20.8000    -0.5200  0.000004
   21.2000    -0.5200  0.000003
   21.6000    -0.5200  0.000000
   22.0000    -0.5200  0.000001
   22.4000    -0.5200  0.000000
   22.8000    -0.5200  0.000002
   23.2000    -0.5200  0.000012
   23.6000    -0.5200  0.000016
   24.0000    -0.5200  0.000025
   24.4000    -0.5200  0.000048
   24.8000    -0.5200  0.000070
   25.2000    -0.5200  0.000082
   25.6000    -0.5200  0.000095
   26.0000    -0.5200  0.000104
   26.4000    -0.5200  0.000120
   26.8000    -0.5200  0.000114
   27.2000    -0.5200  0.000108
   27.6000    -0.5200  0.000097
   28.0000    -0.5200  0.000095
   28.4000    -0.5200  0.000087
   28.8000    -0.5200  0.000067
   29.2000    -0.5200  0.000043
   29.6000    -0.5200  0.000042
   30.0000    -0.5200  0.000025
   30.4000    -0.5200  0.000006
   30.8000    -0.5200  0.000001
   31.2000    -0.5200  0.000000
   31.6000    -0.5200  0.000000
   32.0000    -0.5200  0.000000
   32.4000    -0.5200  0.000000
   32.8000    -0.5200  0.000000
   33.2000    -0.5200  0.000000
   33.6000    -0.5200  0.000000
   34.0000    -0.5200  0.000000
   34.4000    -0.5200  0.000000
   34.8000    -0.5200  0.000000
   35.2000    -0.5200  0.000000
   35.6000    -0.5200  0.000000
   36.0000    -0.5200  0.000000
   36.4000    -0.5200  0.000000
   36.8000    -0.5200  0.000000
   37.2000    -0.5200  0.000000
   37.6000    -0.5200  0.000000
   38.0000    -0.5200  0.000000
   38.4000    -0.5200  0.000000
   38.8000    -0.5200  0.000000
   39.2000    -0.5200  0.000000
   39.6000    -0.5200  0.000000
    0.0000    -0.4400  0.000000
    0.4000    -0.4400  0.000000
    0.8000    -0.4400  0.000000
    1.2000    -0.4400  0.000000
    1.6000    -0.4400  0.000000
    2.0000    -0.4400  0.000000
    2.4000    -0.4400  0.000000
    2.8000    -0.4400  0.000000
    3.2000    -0.4400  0.000000
    3.6000    -0.4400  0.000001
    4.0000    -0.4400  0.000000
    4.4000    -0.4400  0.000000
    4.8000    -0.4400  0.000000
    5.2000    -0.4400  0.000001
    5.6000    -0.4400  0.000013
    6.0000    -0.4400  0.000039
    6.4000    -0.4400  0.000076
    6.8000    -0.4400  0.000127
    7.2000    -0.4400  0.000165
    7.6000    -0.4400  0.000199
    8.0000    -0.4400  0.000233
    8.4000    -0.4400  0.000248
    8.8000    -0.4400  0.000263
    9.2000    -0.4400  0.000282
    9.6000    -0.4400  0.000307
   10.0000    -0.4400  0.000310
   10.4000    -0.4400  0.000315
   10.8000    -0.4400  0.000307
   11.2000    -0.4400  0.000296
   11.6000    -0.4400  0.000295
   12.0000    -0.4400  0.000281
   12.4000    -0.4400  0.000268
   12.8000    -0.4400  0.000244
   13.2000    -0.4400  0.000239
   13.6000    -0.4400  0.000225
   14.0000    -0.4400  0.000228
   14.4000    -0.4400  0.000233
   14.8000    -0.4400  0.000253
   15.2000    -0.4400  0.000243
   15.6000    -0.4400  0.000217
   16.0000    -0.4400  0.000178
   16.4000    -0.4400  0.000144
   16.8000    -0.4400  0.000106
   17.2000    -0.4400  0.000078
   17.6000    -0.4400  0.000057
   18.0000    -0.4400  0.000043
   18.4000    -0.4400  0.000043
   18.8000    -0.4400  0.000029
   19.2000    -0.4400  0.000031
   19.6000    -0.4400  0.000025
   20.0000    -0.4400  0.000007
   20.4000    -0.4400  0.000009
   20.8000    -0.4400  0.000003
   21.2000    -0.4400  0.000000
   21.6000    -0.4400  0.000001
   22.0000    -0.4400  0.000001
   22.4000    -0.4400  0.000000
   22.8000    -0.4400  0.000002
   23.2000    -0.4400  0.000007
   23.6000    -0.4400  0.000011
   24.0000    -0.4400  0.000036
   24.4000    -0.4400  0.000048
   24.8000    -0.4400  0.000062
   25.2000    -0.4400  0.000090
   25.6000    -0.4400  0.000111
   26.0000    -0.4400  0.000125
   26.4000    -0.4400  0.000129
   26.8000    -0.4400  0.000137
   27.2000    -0.4400  0.000131
   27.6000    -0.4400  0.000126
   28.0000    -0.4400  0.000122
   28.4000    -0.4400  0.000100
   28.8000    -0.4400  0.000077
   29.2000    -0.4400  0.000055
   29.6000    -0.4400  0.000041
   30.0000    -0.4400  0.000022
   30.4000    -0.4400  0.000014
   30.8000    -0.4400  0.000001
   31.2000    -0.4400  0.000000
   31.6000    -0.4400  0.000000
   32.0000    -0.4400  0.000000
   32.4000    -0.4400  0.000000
   32.8000    -0.4400  0.000000
   33.2000    -0.4400  0.000000
   33.6000    -0.4400  0.000000
   34.0000    -0.4400  0.000000
   34.4000    -0.4400  0.000000
   34.8000    -0.4400  0.000000
   35.2000    -0.4400  0.000000
   35.6000    -0.4400  0.000000
   36.0000    -0.4400  0.000000
   36.4000    -0.4400  0.000000
   36.8000    -0.4400  0.000000
   37.2000    -0.4400  0.000000
   37.6000    -0.4400  0.000000
   38.0000    -0.4400  0.000000
   38.4000    -0.4400  0.000000
   38.8000    -0.4400  0.000000
   39.2000    -0.4400  0.000000
   39.6000    -0.4400  0.000000
    0.0000    -0.3600  0.000000
    0.4000    -0.3600  0.000001
    0.8000    -0.3600  0.000000
    1.2000    -0.3600  0.000000
    1.6000    -0.3600  0.000001
    2.0000    -0.3600  0.000001
    2.4000    -0.3600  0.000001
    2.8000    -0.3600  0.000000
    3.2000    -0.3600  0.000000
    3.6000    -0.3600  0.000001
    4.0000    -0.3600  0.000000
    4.4000    -0.3600  0.000000
    4.8000    -0.3600  0.000001
    5.2000    -0.3600  0.000000
    5.6000    -0.3600  0.000003
    6.0000    -0.3600  0.000018
    6.4000    -0.3600  0.000052
    6.8000    -0.3600  0.000086
    7.2000    -0.3600  0.000131
    7.6000    -0.3600  0.000175
    8.0000    -0.3600  0.000211
    8.4000    -0.3600  0.000235
    8.8000    -0.3600  0.000251
    9.2000    -0.3600  0.000269
    9.6000    -0.3600  0.000279
   10.0000    -0.3600  0.000280
   10.4000    -0.3600  0.000283
   10.8000    -0.3600  0.000287
   11.2000    -0.3600  0.000271
   11.6000    -0.3600  0.000247
   12.0000    -0.3600  0.000247
   12.4000    -0.3600  0.000246
   12.8000    -0.3600  0.000240
   13.2000    -0.3600  0.000222
   13.6000    -0.3600  0.000199
   14.0000    -0.3600  0.000204
   14.4000    -0.3600  0.000204
   14.8000    -0.3600  0.000213
   15.2000    -0.3600  0.000216
   15.6000    -0.3600  0.000208
   16.0000    -0.3600  0.000192
   16.4000    -0.3600  0.000155
   16.8000    -0.3600  0.000118
   17.2000    -0.3600  0.000081
   17.6000    -0.3600  0.000055
   18.0000    -0.3600  0.000041
   18.4000    -0.3600  0.000025
   18.8000    -0.3600  0.000023
   19.2000    -0.3600  0.000022
   19.6000    -0.3600  0.000022
   20.0000    -0.3600  0.000017
   20.4000    -0.3600  0.000007
   20.8000    -0.3600  0.000008
   21.2000    -0.3600  0.000009
   21.6000    -0.3600  0.000003
   22.0000    -0.3600  0.000000
   22.4000    -0.3600  0.000000
   22.8000    -0.3600  0.000001
   23.2000    -0.3600  0.000006
   23.6000    -0.3600  0.000020
   24.0000    -0.3600  0.000029
   24.4000    -0.3600  0.000043
   24.8000    -0.3600  0.000061
   25.2000    -0.3600  0.000089
   25.6000    -0.3600  0.000121
   26.0000    -0.3600  0.000133
   26.4000    -0.3600  0.000131
   26.8000    -0.3600  0.000141
   27.2000    -0.3600  0.000144
   27.6000    -0.3600  0.000149
   28.0000    -0.3600  0.000138
   28.4000    -0.3600  0.000117
   28.8000    -0.3600  0.000088
   29.2000    -0.3600  0.000071
   29.6000    -0.3600  0.000044
   30.0000    -0.3600  0.000029
   30.4000    -0.3600  0.000014
   30.8000    -0.3600  0.000000
   31.2000    -0.3600  0.000000
   31.6000    -0.3600  0.000000
   32.0000    -0.3600  0.000000
   32.4000    -0.3600  0.000000
   32.8000    -0.3600  0.000000
   33.2000    -0.3600  0.000000
   33.6000    -0.3600  0.000000
   34.0000    -0.3600  0.000000
   34.4000    -0.3600  0.000000
   34.8000    -0.3600  0.000000
   35.2000    -0.3600  0.000000
   35.6000    -0.3600  0.000000
   36.0000    -0.3600  0.000000
   36.4000    -0.3600  0.000000
   36.8000    -0.3600  0.000000
   37.2000    -0.3600  0.000000
   37.6000    -0.3600  0.000000
   38.0000    -0.3600  0.000000
   38.4000    -0.3600  0.000000
   38.8000    -0.3600  0.000000
   39.2000    -0.3600  0.000000
   39.6000    -0.3600  0.000000
    0.0000    -0.2800  0.000000
    0.4000    -0.2800  0.000001
    0.8000    -0.2800  0.000001
    1.2000    -0.2800  0.000001
    1.6000    -0.2800  0.000000
    2.0000    -0.2800  0.000001
    2.4000    -0.2800  0.000000
    2.8000    -0.2800  0.000001
    3.2000    -0.2800  0.000000
    3.6000    -0.2800  0.000000
    4.0000    -0.2800  0.000000
    4.4000    -0.2800  0.000000
    4.8000    -0.2800  0.000000
    5.2000    -0.2800  0.000001
    5.6000    -0.2800  0.000000
    6.0000    -0.2800  0.000014
    6.4000    -0.2800  0.000032
    6.8000    -0.2800  0.000058
    7.2000    -0.2800  0.000097
    7.6000    -0.2800  0.000147
    8.0000    -0.2800  0.000184
    8.4000    -0.2800  0.000212
    8.8000    -0.2800  0.000237
    9.2000    -0.2800  0.000258
    9.6000    -0.2800  0.000254
   10.0000    -0.2800  0.000268
   10.4000    -0.2800  0.000276
   10.8000    -0.2800  0.000265
   11.2000    -0.2800  0.000249
   11.6000    -0.2800  0.000229
   12.0000    -0.2800  0.000212
   12.4000    -0.2800  0.000219
   12.8000    -0.2800  0.000214
   13.2000    -0.2800  0.000207
   13.6000    -0.2800  0.000193
   14.0000    -0.2800  0.000172
   14.4000    -0.2800  0.000174
   14.8000    -0.2800  0.000183
   15.2000    -0.2800  0.000194
   15.6000    -0.2800  0.000199
   16.0000    -0.2800  0.000188
   16.4000    -0.2800  0.000167
   16.8000    -0.2800  0.000136
   17.2000    -0.2800  0.000107
   17.6000    -0.2800  0.000070
   18.0000    -0.2800  0.000050
   18.4000    -0.2800  0.000025
   18.8000    -0.2800  0.000022
   19.2000    -0.2800  0.000019
   19.6000    -0.2800  0.000012
   20.0000    -0.2800  0.000007
   20.4000    -0.2800  0.000006
   20.8000    -0.2800  0.000002
   21.2000    -0.2800  0.000003
   21.6000    -0.2800  0.000001
   22.0000    -0.2800  0.000001
   22.4000    -0.2800  0.000001
   22.8000    -0.2800  0.000001
   23.2000    -0.2800  0.000004
   23.6000    -0.2800  0.000012
   24.0000    -0.2800  0.000022
   24.4000    -0.2800  0.000049
   24.8000    -0.2800  0.000055
   25.2000    -0.2800  0.000078
   25.6000    -0.2800  0.000105
   26.0000    -0.2800  0.000136
   26.4000    -0.2800  0.000148
   26.8000    -0.2800  0.000157
   27.2000    -0.2800  0.000172
   27.6000    -0.2800  0.000171
   28.0000    -0.2800  0.000155
   28.4000    -0.2800  0.000132
   28.8000    -0.2800  0.000103
   29.2000    -0.2800  0.000085
   29.6000    -0.2800  0.000060
   30.0000    -0.2800  0.000025
   30.4000    -0.2800  0.000008
   30.8000    -0.2800  0.000001
   31.2000    -0.2800  0.000000
   31.6000    -0.2800  0.000000
   32.0000    -0.2800  0.000000
   32.4000    -0.2800  0.000000
   32.8000    -0.2800  0.000000
   33.2000    -0.2800  0.000000
   33.6000    -0.2800  0.000000
   34.0000    -0.2800  0.000000
   34.4000    -0.2800  0.000000
   34.8000    -0.2800  0.000000
   35.2000    -0.2800  0.000000
   35.6000    -0.2800  0.000000
   36.0000    -0.2800  0.000000
   36.4000    -0.2800  0.000000
   36.8000    -0.2800  0.000000
   37.2000    -0.2800  0.000000
   37.6000    -0.2800  0.000000
   38.0000    -0.2800  0.000000
   38.4000    -0.2800  0.000000
   38.8000    -0.2800  0.000000
   39.2000    -0.2800  0.000000
   39.6000    -0.2800  0.000000
    0.0000    -0.2000  0.000000
    0.4000    -0.2000  0.000000
    0.8000    -0.2000  0.000000
    1.2000    -0.2000  0.000000
    1.6000    -0.2000  0.000000
    2.0000    -0.2000  0.000001
    2.4000    -0.2000  0.000000
    2.8000    -0.2000  0.000001
    3.2000    -0.2000  0.000000
    3.6000    -0.2000  0.000000
    4.0000    -0.2000  0.000000
    4.4000    -0.2000  0.000000
    4.8000    -0.2000  0.000000
    5.2000    -0.2000  0.000000
    5.6000    -0.2000  0.000000
    6.0000    -0.2000  0.000003
    6.4000    -0.2000  0.000017
    6.8000    -0.2000  0.000041
    7.2000    -0.2000  0.000072
    7.6000    -0.2000  0.000105
    8.0000    -0.2000  0.000161
    8.4000    -0.2000  0.000194
    8.8000    -0.2000  0.000220
    9.2000    -0.2000  0.000246
    9.6000    -0.2000  0.000249
   10.0000    -0.2000  0.000252
   10.4000    -0.2000  0.000254
   10.8000    -0.2000  0.000248
   11.2000    -0.2000  0.000234
   11.6000    -0.2000  0.000218
   12.0000    -0.2000  0.000196
   12.4000    -0.2000  0.000190
   12.8000    -0.2000  0.000195
   13.2000    -0.2000  0.000197
   13.6000    -0.2000  0.000182
   14.0000    -0.2000  0.000169
   14.4000    -0.2000  0.000156
   14.8000    -0.2000  0.000164
   15.2000    -0.2000  0.000169
   15.6000    -0.2000  0.000180
   16.0000    -0.2000  0.000182
   16.4000    -0.2000  0.000177
   16.8000    -0.2000  0.000150
   17.2000    -0.2000  0.000121
   17.6000    -0.2000  0.000087
   18.0000    -0.2000  0.000063
   18.4000    -0.2000  0.000036
   18.8000    -0.2000  0.000023
   19.2000    -0.2000  0.000015
   19.6000    -0.2000  0.000017
   20.0000    -0.2000  0.000007
   20.4000    -0.2000  0.000005
   20.8000    -0.2000  0.000007
   21.2000    -0.2000  0.000008
   21.6000    -0.2000  0.000002
   22.0000    -0.2000  0.000001
   22.4000    -0.2000  0.000001
   22.8000    -0.2000  0.000000
   23.2000    -0.2000  0.000007
   23.6000    -0.2000  0.000013
   24.0000    -0.2000  0.000018
   24.4000    -0.2000  0.000042
   24.8000    -0.2000  0.000050
   25.2000    -0.2000  0.000068
   25.6000    -0.2000  0.000097
   26.0000    -0.2000  0.000120
   26.4000    -0.2000  0.000133
   26.8000    -0.2000  0.000151
   27.2000    -0.2000  0.000175
   27.6000    -0.2000  0.000173
   28.0000    -0.2000  0.000167
   28.4000    -0.2000  0.000156
   28.8000    -0.2000  0.000134
   29.2000    -0.2000  0.000102
   29.6000    -0.2000  0.000073
   30.0000    -0.2000  0.000033
   30.4000    -0.2000  0.000022
   30.8000    -0.2000  0.000003
   31.2000    -0.2000  0.000000
   31.6000    -0.2000  0.000000
   32.0000    -0.2000  0.000000
   32.4000    -0.2000  0.000000
   32.8000    -0.2000  0.000000
   33.2000    -0.2000  0.000000
   33.6000    -0.2000  0.000000
   34.0000    -0.2000  0.000000
   34.4000    -0.2000  0.000001
   34.8000    -0.2000  0.000000
   35.2000    -0.2000  0.000000
   35.6000    -0.2000  0.000000
   36.0000    -0.2000  0.000000
   36.4000    -0.2000  0.000000
   36.8000    -0.2000  0.000000
   37.2000    -0.2000  0.000000
   37.6000    -0.2000  0.000000
   38.0000    -0.2000  0.000000
   38.4000    -0.2000  0.000000
   38.8000    -0.2000  0.000000
   39.2000    -0.2000  0.000000
   39.6000    -0.2000  0.000000
    0.0000    -0.1200  0.000000
    0.4000    -0.1200  0.000000
    0.8000    -0.1200  0.000000
    1.2000    -0.1200  0.000000
    1.6000    -0.1200  0.000000
    2.0000    -0.1200  0.000000
    2.4000    -0.1200  0.000000
    2.8000    -0.1200  0.000000
    3.2000    -0.1200  0.000001
    3.6000    -0.1200  0.000000
    4.0000    -0.1200  0.000001
    4.4000    -0.1200  0.000000
    4.8000    -0.1200  0.000000
    5.2000    -0.1200  0.000000
    5.6000    -0.1200  0.000001
    6.0000    -0.1200  0.000004
    6.4000    -0.1200  0.000013
    6.8000    -0.1200  0.000029
    7.2000    -0.1200  0.000056
    7.6000    -0.1200  0.000083
    8.0000    -0.1200  0.000117
    8.4000    -0.1200  0.000164
    8.8000    -0.1200  0.000195
    9.2000    -0.1200  0.000226
    9.6000    -0.1200  0.000246
   10.0000    -0.1200  0.000251
   10.4000    -0.1200  0.000246
   10.8000    -0.1200  0.000234
   11.2000    -0.1200  0.000222
   11.6000    -0.1200  0.000200
   12.0000    -0.1200  0.000190
   12.4000    -0.1200  0.000172
   12.8000    -0.1200  0.000174
   13.2000    -0.1200  0.000177
   13.6000    -0.1200  0.000175
   14.0000    -0.1200  0.000180
   14.4000    -0.1200  0.000164
   14.8000    -0.1200  0.000163
   15.2000    -0.1200  0.000164
   15.6000    -0.1200  0.000158
   16.0000    -0.1200  0.000165
   16.4000    -0.1200  0.000176
   16.8000    -0.1200  0.000166
   17.2000    -0.1200  0.000139
   17.6000    -0.1200  0.000109
   18.0000    -0.1200  0.000080
   18.4000    -0.1200  0.000051
   18.8000    -0.1200  0.000025
   19.2000    -0.1200  0.000013
   19.6000    -0.1200  0.000006
   20.0000    -0.1200  0.000013
   20.4000    -0.1200  0.000009
   20.8000    -0.1200  0.000002
   21.2000    -0.1200  0.000003
   21.6000    -0.1200  0.000001
   22.0000    -0.1200  0.000001
   22.4000    -0.1200  0.000001
   22.8000    -0.1200  0.000001
   23.2000    -0.1200  0.000001
   23.6000    -0.1200  0.000004
   24.0000    -0.1200  0.000012
   24.4000    -0.1200  0.000032
   24.8000    -0.1200  0.000050
   25.2000    -0.1200  0.000066
   25.6000    -0.1200  0.000088
   26.0000    -0.1200  0.000099
   26.4000    -0.1200  0.000129
   26.8000    -0.1200  0.000155
   27.2000    -0.1200  0.000174
   27.6000    -0.1200  0.000179
   28.0000    -0.1200  0.000164
   28.4000    -0.1200  0.000165
   28.8000    -0.1200  0.000138
   29.2000    -0.1200  0.000112
   29.6000    -0.1200  0.000080
   30.0000    -0.1200  0.000048
   30.4000    -0.1200  0.000020
   30.8000    -0.1200  0.000001
   31.2000    -0.1200  0.000000
   31.6000    -0.1200  0.000000
   32.0000    -0.1200  0.000000
   32.4000    -0.1200  0.000000
   32.8000    -0.1200  0.000000
   33.2000    -0.1200  0.000001
   33.6000    -0.1200  0.000000
   34.0000    -0.1200  0.000000
   34.4000    -0.1200  0.000000
   34.8000    -0.1200  0.000000
   35.2000    -0.1200  0.000000
   35.6000    -0.1200  0.000000
   36.0000    -0.1200  0.000000
   36.4000    -0.1200  0.000000
   36.8000    -0.1200  0.000000
   37.2000    -0.1200  0.000000
   37.6000    -0.1200  0.000000
   38.0000    -0.1200  0.000000
   38.4000    -0.1200  0.000000
   38.8000    -0.1200  0.000000
   39.2000    -0.1200  0.000000
   39.6000    -0.1200  0.000000
    0.0000    -0.0400  0.000000
    0.4000    -0.0400  0.000000
    0.8000    -0.0400  0.000001
    1.2000    -0.0400  0.000000
    1.6000    -0.0400  0.000000
    2.0000    -0.0400  0.000000
    2.4000    -0.0400  0.000000
    2.8000    -0.0400  0.000001
    3.2000    -0.0400  0.000000
    3.6000    -0.0400  0.000000
    4.0000    -0.0400  0.000000
    4.4000    -0.0400  0.000000
    4.8000    -0.0400  0.000001
    5.2000    -0.0400  0.000000
    5.6000    -0.0400  0.000001
    6.0000    -0.0400  0.000000
    6.4000    -0.0400  0.000009
    6.8000    -0.0400  0.000021
    7.2000    -0.0400  0.000044
    7.6000    -0.0400  0.000073
    8.0000    -0.0400  0.000094
    8.4000    -0.0400  0.000129
    8.8000    -0.0400  0.000164
    9.2000    -0.0400  0.000206
    9.6000    -0.0400  0.000230
   10.0000    -0.0400  0.000242
   10.4000    -0.0400  0.000247
   10.8000    -0.0400  0.000236
   11.2000    -0.0400  0.000224
   11.6000    -0.0400  0.000206
   12.0000    -0.0400  0.000176
   12.4000    -0.0400  0.000158
   12.8000    -0.0400  0.000158
   13.2000    -0.0400  0.000156
   13.6000    -0.0400  0.000165
   14.0000    -0.0400  0.000174
   14.4000    -0.0400  0.000173
   14.8000    -0.0400  0.000157
   15.2000    -0.0400  0.000150
   15.6000    -0.0400  0.000154
   16.0000    -0.0400  0.000161
   16.4000    -0.0400  0.000165
   16.8000    -0.0400  0.000173
   17.2000    -0.0400  0.000152
   17.6000    -0.0400  0.000136
   18.0000    -0.0400  0.000102
   18.4000    -0.0400  0.000070
   18.8000    -0.0400  0.000044
   19.2000    -0.0400  0.000022
   19.6000    -0.0400  0.000007
   20.0000    -0.0400  0.000001
   20.4000    -0.0400  0.000001
   20.8000    -0.0400  0.000005
   21.2000    -0.0400  0.000001
   21.6000    -0.0400  0.000000
   22.0000    -0.0400  0.000001
   22.4000    -0.0400  0.000001
   22.8000    -0.0400  0.000000
   23.2000    -0.0400  0.000000
   23.6000    -0.0400  0.000001
   24.0000    -0.0400  0.000011
   24.4000    -0.0400  0.000019
   24.8000    -0.0400  0.000029
   25.2000    -0.0400  0.000041
   25.6000    -0.0400  0.000066
   26.0000    -0.0400  0.000092
   26.4000    -0.0400  0.000111
   26.8000    -0.0400  0.000139
   27.2000    -0.0400  0.000148
   27.6000    -0.0400  0.000172
   28.0000    -0.0400  0.000170
   28.4000    -0.0400  0.000167
   28.8000    -0.0400  0.000144
   29.2000    -0.0400  0.000121
   29.6000    -0.0400  0.000091
   30.0000    -0.0400  0.000055
   30.4000    -0.0400  0.000027
   30.8000    -0.0400  0.000011
   31.2000    -0.0400  0.000000
   31.6000    -0.0400  0.000000
   32.0000    -0.0400  0.000000
   32.4000    -0.0400  0.000000
   32.8000    -0.0400  0.000000
   33.2000    -0.0400  0.000000
   33.6000    -0.0400  0.000001
   34.0000    -0.0400  0.000000
   34.4000    -0.0400  0.000000
   34.8000    -0.0400  0.000000
   35.2000    -0.0400  0.000000
   35.6000    -0.0400  0.000000
   36.0000    -0.0400  0.000000
   36.4000    -0.0400  0.000000
   36.8000    -0.0400  0.000000
   37.2000    -0.0400  0.000000
   37.6000    -0.0400  0.000000
   38.0000    -0.0400  0.000000
   38.4000    -0.0400  0.000000
   38.8000    -0.0400  0.000000
   39.2000    -0.0400  0.000000
   39.6000    -0.0400  0.000000
    0.0000     0.0400  0.000000
    0.4000     0.0400  0.000000
    0.8000     0.0400  0.000000
    1.2000     0.0400  0.000000
    1.6000     0.0400  0.000001
    2.0000     0.0400  0.000000
    2.4000     0.0400  0.000000
    2.8000     0.0400  0.000000
    3.2000     0.0400  0.000000
    3.6000     0.0400  0.000000
    4.0000     0.0400  0.000000
    4.4000     0.0400  0.000000
    4.8000     0.0400  0.000000
    5.2000     0.0400  0.000000
    5.6000     0.0400  0.000002
    6.0000     0.0400  0.000007
    6.4000     0.0400  0.000019
    6.8000     0.0400  0.000022
    7.2000     0.0400  0.000037
    7.6000     0.0400  0.000056
    8.0000     0.0400  0.000081
    8.4000     0.0400  0.000106
    8.8000     0.0400  0.000134
    9.2000     0.0400  0.000175
    9.6000     0.0400  0.000205
   10.0000     0.0400  0.000221
   10.4000     0.0400  0.000238
   10.8000     0.0400  0.000231
   11.2000     0.0400  0.000220
   11.6000     0.0400  0.000203
   12.0000     0.0400  0.000183
   12.4000     0.0400  0.000160
   12.8000     0.0400  0.000141
   13.2000     0.0400  0.000141
   13.6000     0.0400  0.000151
   14.0000     0.0400  0.000166
   14.4000     0.0400  0.000175
   14.8000     0.0400  0.000175
   15.2000     0.0400  0.000163
   15.6000     0.0400  0.000157
   16.0000     0.0400  0.000151
   16.4000     0.0400  0.000159
   16.8000     0.0400  0.000166
   17.2000     0.0400  0.000161
   17.6000     0.0400  0.000155
   18.0000     0.0400  0.000128
   18.4000     0.0400  0.000100
   18.8000     0.0400  0.000071
   19.2000     0.0400  0.000047
   19.6000     0.0400  0.000015
   20.0000     0.0400  0.000007
   20.4000     0.0400  0.000007
   20.8000     0.0400  0.000008
   21.2000     0.0400  0.000007
   21.6000     0.0400  0.000000
   22.0000     0.0400  0.000003
   22.4000     0.0400  0.000001
   22.8000     0.0400  0.000002
   23.2000     0.0400  0.000005
   23.6000     0.0400  0.000004
   24.0000     0.0400  0.000007
   24.4000     0.0400  0.000009
   24.8000     0.0400  0.000020
   25.2000     0.0400  0.000027
   25.6000     0.0400  0.000051
   26.0000     0.0400  0.000072
   26.4000     0.0400  0.000098
   26.8000     0.0400  0.000117
   27.2000     0.0400  0.000136
   27.6000     0.0400  0.000153
   28.0000     0.0400  0.000167
   28.4000     0.0400  0.000152
   28.8000     0.0400  0.000140
   29.2000     0.0400  0.000110
   29.6000     0.0400  0.000085
   30.0000     0.0400  0.000063
   30.4000     0.0400  0.000037
   30.8000     0.0400  0.000009
   31.2000     0.0400  0.000000
   31.6000     0.0400  0.000000
   32.0000     0.0400  0.000000
   32.4000     0.0400  0.000000
   32.8000     0.0400  0.000000
   33.2000     0.0400  0.000000
   33.6000     0.0400  0.000000
   34.0000     0.0400  0.000000
   34.4000     0.0400  0.000000
   34.8000     0.0400  0.000000
   35.2000     0.0400  0.000000
   35.6000     0.0400  0.000000
   36.0000     0.0400  0.000000
   36.4000     0.0400  0.000000
   36.8000     0.0400  0.000000
   37.2000     0.0400  0.000000
   37.6000     0.0400  0.000000
   38.0000     0.0400  0.000000
   38.4000     0.0400  0.000000
   38.8000     0.0400  0.000000
   39.2000     0.0400  0.000000
   39.6000     0.0400  0.000000
    0.0000     0.1200  0.000000
    0.4000     0.1200  0.000000
    0.8000     0.1200  0.000000
    1.2000     0.1200  0.000000
    1.6000     0.1200  0.000001
    2.0000     0.1200  0.000000
    2.4000     0.1200  0.000000
    2.8000     0.1200  0.000000
    3.2000     0.1200  0.000000
    3.6000     0.1200  0.000000
    4.0000     0.1200  0.000000
    4.4000     0.1200  0.000000
    4.8000     0.1200  0.000000
    5.2000     0.1200  0.000000
    5.6000     0.1200  0.000001
    6.0000     0.1200  0.000001
    6.4000     0.1200  0.000015
    6.8000     0.1200  0.000026
    7.2000     0.1200  0.000036
    7.6000     0.1200  0.000045
    8.0000     0.1200  0.000059
    8.4000     0.1200  0.000086
    8.8000     0.1200  0.000106
    9.2000     0.1200  0.000143
    9.6000     0.1200  0.000173
   10.0000     0.1200  0.000202
   10.4000     0.1200  0.000224
   10.8000     0.1200  0.000235
   11.2000     0.1200  0.000224
   11.6000     0.1200  0.000203
   12.0000     0.1200  0.000194
   12.4000     0.1200  0.000164
   12.8000     0.1200  0.000140
   13.2000     0.1200  0.000135
   13.6000     0.1200  0.000138
   14.0000     0.1200  0.000151
   14.4000     0.1200  0.000162
   14.8000     0.1200  0.000185
   15.2000     0.1200  0.000181
   15.6000     0.1200  0.000169
   16.0000     0.1200  0.000150
   16.4000     0.1200  0.000153
   16.8000     0.1200  0.000161
   17.2000     0.1200  0.000159
   17.6000     0.1200  0.000162
   18.0000     0.1200  0.000144
   18.4000     0.1200  0.000126
   18.8000     0.1200  0.000096
   19.2000     0.1200  0.000073
   19.6000     0.1200  0.000039
   20.0000     0.1200  0.000017
   20.4000     0.1200  0.000009
   20.8000     0.1200  0.000003
   21.2000     0.1200  0.000004
   21.6000     0.1200  0.000004
   22.0000     0.1200  0.000004
   22.4000     0.1200  0.000001
   22.8000     0.1200  0.000000
   23.2000     0.1200  0.000001
   23.6000     0.1200  0.000001
   24.0000     0.1200  0.000003
   24.4000     0.1200  0.000004
   24.8000     0.1200  0.000007
   25.2000     0.1200  0.000024
   25.6000     0.1200  0.000035
   26.0000     0.1200  0.000058
   26.4000     0.1200  0.000070
   26.8000     0.1200  0.000094
   27.2000     0.1200  0.000124
   27.6000     0.1200  0.000149
   28.0000     0.1200  0.000151
   28.4000     0.1200  0.000151
   28.8000     0.1200  0.000136
   29.2000     0.1200  0.000114
   29.6000     0.1200  0.000089
   30.0000     0.1200  0.000066
   30.4000     0.1200  0.000034
   30.8000     0.1200  0.000012
   31.2000     0.1200  0.000000
   31.6000     0.1200  0.000000
   32.0000     0.1200  0.000000
   32.4000     0.1200  0.000000
   32.8000     0.1200  0.000000
   33.2000     0.1200  0.000000
   33.6000     0.1200  0.000000
   34.0000     0.1200  0.000000
   34.4000     0.1200  0.000000
   34.8000     0.1200  0.000000
   35.2000     0.1200  0.000000
   35.6000     0.1200  0.000000
   36.0000     0.1200  0.000000
   36.4000     0.1200  0.000000
   36.8000     0.1200  0.000000
   37.2000     0.1200  0.000000
   37.6000     0.1200  0.000000
   38.0000     0.1200  0.000000
   38.4000     0.1200  0.000000
   38.8000     0.1200  0.000000
   39.2000     0.1200  0.000000
   39.6000     0.1200  0.000000
    0.0000     0.2000  0.000000
    0.4000     0.2000  0.000001
    0.8000     0.2000  0.000001
    1.2000     0.2000  0.000001
    1.6000     0.2000  0.000000
    2.0000     0.2000  0.000004
    2.4000     0.2000  0.000000
    2.8000     0.2000  0.000000
    3.2000     0.2000  0.000001
    3.6000     0.2000  0.000001
    4.0000     0.2000  0.000001
    4.4000     0.2000  0.000000
    4.8000     0.2000  0.000001
    5.2000     0.2000  0.000003
    5.6000     0.2000  0.000010
    6.0000     0.2000  0.000012
    6.4000     0.2000  0.000028
    6.8000     0.2000  0.000035
    7.2000     0.2000  0.000047
    7.6000     0.2000  0.000055
    8.0000     0.2000  0.000068
    8.4000     0.2000  0.000075
    8.8000     0.2000  0.000100
    9.2000     0.2000  0.000117
    9.6000     0.2000  0.000145
   10.0000     0.2000  0.000181
   10.4000     0.2000  0.000202
   10.8000     0.2000  0.000218
   11.2000     0.2000  0.000224
   11.6000     0.2000  0.000218
   12.0000     0.2000  0.000202
   12.4000     0.2000  0.000178
   12.8000     0.2000  0.000158
   13.2000     0.2000  0.000145
   13.6000     0.2000  0.000139
   14.0000     0.2000  0.000144
   14.4000     0.2000  0.000163
   14.8000     0.2000  0.000183
   15.2000     0.2000  0.000202
   15.6000     0.2000  0.000195
   16.0000     0.2000  0.000184
   16.4000     0.2000  0.000175
   16.8000     0.2000  0.000164
   17.2000     0.2000  0.000165
   17.6000     0.2000  0.000163
   18.0000     0.2000  0.000171
   18.4000     0.2000  0.000150
   18.8000     0.2000  0.000127
   19.2000     0.2000  0.000101
   19.6000     0.2000  0.000066
   20.0000     0.2000  0.000050
   20.4000     0.2000  0.000022
   20.8000     0.2000  0.000009
   21.2000     0.2000  0.000005
   21.6000     0.2000  0.000012
   22.0000     0.2000  0.000004
   22.4000     0.2000  0.000002
   22.8000     0.2000  0.000004
   23.2000     0.2000  0.000004
   23.6000     0.2000  0.000010
   24.0000     0.2000  0.000006
   24.4000     0.2000  0.000003
   24.8000     0.2000  0.000001
   25.2000     0.2000  0.000005
   25.6000     0.2000  0.000010
   26.0000     0.2000  0.000025
   26.4000     0.2000  0.000052
   26.8000     0.2000  0.000082
   27.2000     0.2000  0.000109
   27.6000     0.2000  0.000124
   28.0000     0.2000  0.000132
   28.4000     0.2000  0.000141
   28.8000     0.2000  0.000127
   29.2000     0.2000  0.000106
   29.6000     0.2000  0.000083
   30.0000     0.2000  0.000062
   30.4000     0.2000  0.000034
   30.8000     0.2000  0.000014
   31.2000     0.2000  0.000000
   31.6000     0.2000  0.000000
   32.0000     0.2000  0.000000
   32.4000     0.2000  0.000000
   32.8000     0.2000  0.000000
   33.2000     0.2000  0.000000
   33.6000     0.2000  0.000000
   34.0000     0.2000  0.000000
   34.4000     0.2000  0.000000
   34.8000     0.2000  0.000000
   35.2000     0.2000  0.000000
   35.6000     0.2000  0.000000
   36.0000     0.2000  0.000000
   36.4000     0.2000  0.000001
   36.8000     0.2000  0.000000
   37.2000     0.2000  0.000000
   37.6000     0.2000  0.000000
   38.0000     0.2000  0.000000
   38.4000     0.2000  0.000000
   38.8000     0.2000  0.000000
   39.2000     0.2000  0.000000
   39.6000     0.2000  0.000000
    0.0000     0.2800  0.000000
    0.4000     0.2800  0.000001
    0.8000     0.2800  0.000001
    1.2000     0.2800  0.000001
    1.6000     0.2800  0.000000
    2.0000     0.2800  0.000001
    2.4000     0.2800  0.000000
    2.8000     0.2800  0.000001
    3.2000     0.2800  0.000001
    3.6000     0.2800  0.000001
    4.0000     0.2800  0.000001
    4.4000     0.2800  0.000001
    4.8000     0.2800  0.000000
    5.2000     0.2800  0.000002
    5.6000     0.2800  0.000009
    6.0000     0.2800  0.000012
    6.4000     0.2800  0.000029
    6.8000     0.2800  0.000035
    7.2000     0.2800  0.000046
    7.6000     0.2800  0.000052
    8.0000     0.2800  0.000064
    8.4000     0.2800  0.000071
    8.8000     0.2800  0.000091
    9.2000     0.2800  0.000101
    9.6000     0.2800  0.000127
   10.0000     0.2800  0.000147
   10.4000     0.2800  0.000172
   10.8000     0.2800  0.000197
   11.2000     0.2800  0.000206
   11.6000     0.2800  0.000212
   12.0000     0.2800  0.000201
   12.4000     0.2800  0.000187
   12.8000     0.2800  0.000169
   13.2000     0.2800  0.000149
   13.6000     0.2800  0.000137
   14.0000     0.2800  0.000138
   14.4000     0.2800  0.000147
   14.8000     0.2800  0.000172
   15.2000     0.2800  0.000206
   15.6000     0.2800  0.000219
   16.0000     0.2800  0.000201
   16.4000     0.2800  0.000187
   16.8000     0.2800  0.000182
   17.2000     0.2800  0.000174
   17.6000     0.2800  0.000176
   18.0000     0.2800  0.000170
   18.4000     0.2800  0.000162
   18.8000     0.2800  0.000147
   19.2000     0.2800  0.000126
   19.6000     0.2800  0.000090
   20.0000     0.2800  0.000071
   20.4000     0.2800  0.000039
   20.8000     0.2800  0.000023
   21.2000     0.2800  0.000012
   21.6000     0.2800  0.000008
   22.0000     0.2800  0.000007
   22.4000     0.2800  0.000003
   22.8000     0.2800  0.000001
   23.2000     0.2800  0.000008
   23.6000     0.2800  0.000006
   24.0000     0.2800  0.000007
   24.4000     0.2800  0.000004
   24.8000     0.2800  0.000001
   25.2000     0.2800  0.000003
   25.6000     0.2800  0.000011
   26.0000     0.2800  0.000018
   26.4000     0.2800  0.000026
   26.8000     0.2800  0.000051
   27.2000     0.2800  0.000083
   27.6000     0.2800  0.000099
   28.0000     0.2800  0.000127
   28.4000     0.2800  0.000128
   28.8000     0.2800  0.000110
   29.2000     0.2800  0.000099
   29.6000     0.2800  0.000078
   30.0000     0.2800  0.000051
   30.4000     0.2800  0.000029
   30.8000     0.2800  0.000015
   31.2000     0.2800  0.000000
   31.6000     0.2800  0.000000
   32.0000     0.2800  0.000000
   32.4000     0.2800  0.000000
   32.8000     0.2800  0.000000
   33.2000     0.2800  0.000000
   33.6000     0.2800  0.000000
   34.0000     0.2800  0.000000
   34.4000     0.2800  0.000000
   34.8000     0.2800  0.000000
   35.2000     0.2800  0.000000
   35.6000     0.2800  0.000000
   36.0000     0.2800  0.000000
   36.4000     0.2800  0.000000
   36.8000     0.2800  0.000000
   37.2000     0.2800  0.000000
   37.6000     0.2800  0.000000
   38.0000     0.2800  0.000000
   38.4000     0.2800  0.000000
   38.8000     0.2800  0.000000
   39.2000     0.2800  0.000000
   39.6000     0.2800  0.000000
    0.0000     0.3600  0.000000
    0.4000     0.3600  0.000000
    0.8000     0.3600  0.000001
    1.2000     0.3600  0.000001
    1.6000     0.3600  0.000001
    2.0000     0.3600  0.000000
    2.4000     0.3600  0.000000
    2.8000     0.3600  0.000000
    3.2000     0.3600  0.000002
    3.6000     0.3600  0.000000
    4.0000     0.3600  0.000001
    4.4000     0.3600  0.000000
    4.8000     0.3600  0.000001
    5.2000     0.3600  0.000001
    5.6000     0.3600  0.000012
    6.0000     0.3600  0.000017
    6.4000     0.3600  0.000020
    6.8000     0.3600  0.000029
    7.2000     0.3600  0.000039
    7.6000     0.3600  0.000045
    8.0000     0.3600  0.000055
    8.4000     0.3600  0.000073
    8.8000     0.3600  0.000078
    9.2000     0.3600  0.000083
    9.6000     0.3600  0.000102
   10.0000     0.3600  0.000121
   10.4000     0.3600  0.000147
   10.8000     0.3600  0.000162
   11.2000     0.3600  0.000192
   11.6000     0.3600  0.000199
   12.0000     0.3600  0.000198
   12.4000     0.3600  0.000188
   12.8000     0.3600  0.000172
   13.2000     0.3600  0.000150
   13.6000     0.3600  0.000144
   14.0000     0.3600  0.000134
   14.4000     0.3600  0.000137
   14.8000     0.3600  0.000164
   15.2000     0.3600  0.000187
   15.6000     0.3600  0.000219
   16.0000     0.3600  0.000220
   16.4000     0.3600  0.000220
   16.8000     0.3600  0.000193
   17.2000     0.3600  0.000181
   17.6000     0.3600  0.000172
   18.0000     0.3600  0.000173
   18.4000     0.3600  0.000165
   18.8000     0.3600  0.000166
   19.2000     0.3600  0.000143
   19.6000     0.3600  0.000123
   20.0000     0.3600  0.000092
   20.4000     0.3600  0.000073
   20.8000     0.3600  0.000035
   21.2000     0.3600  0.000023
   21.6000     0.3600  0.000011
   22.0000     0.3600  0.000004
   22.4000     0.3600  0.000003
   22.8000     0.3600  0.000006
   23.2000     0.3600  0.000002
   23.6000     0.3600  0.000006
   24.0000     0.3600  0.000005
   24.4000     0.3600  0.000006
   24.8000     0.3600  0.000001
   25.2000     0.3600  0.000002
   25.6000     0.3600  0.000005
   26.0000     0.3600  0.000003
   26.4000     0.3600  0.000015
   26.8000     0.3600  0.000034
   27.2000     0.3600  0.000057
   27.6000     0.3600  0.000079
   28.0000     0.3600  0.000098
   28.4000     0.3600  0.000106
   28.8000     0.3600  0.000102
   29.2000     0.3600  0.000094
   29.6000     0.3600  0.000070
   30.0000     0.3600  0.000042
   30.4000     0.3600  0.000024
   30.8000     0.3600  0.000003
   31.2000     0.3600  0.000000
   31.6000     0.3600  0.000000
   32.0000     0.3600  0.000000
   32.4000     0.3600  0.000000
   32.8000     0.3600  0.000000
   33.2000     0.3600  0.000000
   33.6000     0.3600  0.000000
   34.0000     0.3600  0.000000
   34.4000     0.3600  0.000000
   34.8000     0.3600  0.000000
   35.2000     0.3600  0.000000
   35.6000     0.3600  0.000000
   36.0000     0.3600  0.000000
   36.4000     0.3600  0.000000
   36.8000     0.3600  0.000000
   37.2000     0.3600  0.000000
   37.6000     0.3600  0.000000
   38.0000     0.3600  0.000000
   38.4000     0.3600  0.000000
   38.8000     0.3600  0.000000
   39.2000     0.3600  0.000000
   39.6000     0.3600  0.000000
    0.0000     0.4400  0.000000
    0.4000     0.4400  0.000000
    0.8000     0.4400  0.000000
    1.2000     0.4400  0.000001
    1.6000     0.4400  0.000000
    2.0000     0.4400  0.000000
    2.4000     0.4400  0.000000
    2.8000     0.4400  0.000001
    3.2000     0.4400  0.000000
    3.6000     0.4400  0.000000
    4.0000     0.4400  0.000000
    4.4000     0.4400  0.000001
    4.8000     0.4400  0.000000
    5.2000     0.4400  0.000003
    5.6000     0.4400  0.000005
    6.0000     0.4400  0.000010
    6.4000     0.4400  0.000022
    6.8000     0.4400  0.000031
    7.2000     0.4400  0.000040
    7.6000     0.4400  0.000049
    8.0000     0.4400  0.000057
    8.4000     0.4400  0.000059
    8.8000     0.4400  0.000069
    9.2000     0.4400  0.000079
    9.6000     0.4400  0.000089
   10.0000     0.4400  0.000107
   10.4000     0.4400  0.000116
   10.8000     0.4400  0.000133
   11.2000     0.4400  0.000160
   11.6000     0.4400  0.000172
   12.0000     0.4400  0.000187
   12.4000     0.4400  0.000186
   12.8000     0.4400  0.000176
   13.2000     0.4400  0.000156
   13.6000     0.4400  0.000149
   14.0000     0.4400  0.000141
   14.4000     0.4400  0.000137
   14.8000     0.4400  0.000147
   15.2000     0.4400  0.000171
   15.6000     0.4400  0.000203
   16.0000     0.4400  0.000220
   16.4000     0.4400  0.000237
   16.8000     0.4400  0.000227
   17.2000     0.4400  0.000203
   17.6000     0.4400  0.000184
   18.0000     0.4400  0.000175
   18.4000     0.4400  0.000171
   18.8000     0.4400  0.000167
   19.2000     0.4400  0.000152
   19.6000     0.4400  0.000142
   20.0000     0.4400  0.000113
   20.4000     0.4400  0.000093
   20.8000     0.4400  0.000057
   21.2000     0.4400  0.000036
   21.6000     0.4400  0.000022
   22.0000     0.4400  0.000009
   22.4000     0.4400  0.000011
   22.8000     0.4400  0.000010
   23.2000     0.4400  0.000010
   23.6000     0.4400  0.000009
   24.0000     0.4400  0.000003
   24.4000     0.4400  0.000007
   24.8000     0.4400  0.000001
   25.2000     0.4400  0.000002
   25.6000     0.4400  0.000001
   26.0000     0.4400  0.000004
   26.4000     0.4400  0.000014
   26.8000     0.4400  0.000026
   27.2000     0.4400  0.000040
   27.6000     0.4400  0.000066
   28.0000     0.4400  0.000085
   28.4000     0.4400  0.000096
   28.8000     0.4400  0.000100
   29.2000     0.4400  0.000087
   29.6000     0.4400  0.000067
   30.0000     0.4400  0.000040
   30.4000     0.4400  0.000020
   30.8000     0.4400  0.000003
   31.2000     0.4400  0.000000
   31.6000     0.4400  0.000000
   32.0000     0.4400  0.000000
   32.4000     0.4400  0.000000
   32.8000     0.4400  0.000000
   33.2000     0.4400  0.000000
   33.6000     0.4400  0.000000
   34.0000     0.4400  0.000001
   34.4000     0.4400  0.000000
   34.8000     0.4400  0.000000
   35.2000     0.4400  0.000000
   35.6000     0.4400  0.000000
   36.0000     0.4400  0.000000
   36.4000     0.4400  0.000000
   36.8000     0.4400  0.000000
   37.2000     0.4400  0.000000
   37.6000     0.4400  0.000000
   38.0000     0.4400  0.000000
   38.4000     0.4400  0.000000
   38.8000     0.4400  0.000000
   39.2000     0.4400  0.000000
   39.6000     0.4400  0.000000
    0.0000     0.5200  0.000000
    0.4000     0.5200  0.000001
    0.8000     0.5200  0.000000
    1.2000     0.5200  0.000001
    1.6000     0.5200  0.000000
    2.0000     0.5200  0.000000
    2.4000     0.5200  0.000000
    2.8000     0.5200  0.000001
    3.2000     0.5200  0.000001
    3.6000     0.5200  0.000000
    4.0000     0.5200  0.000001
    4.4000     0.5200  0.000001
    4.8000     0.5200  0.000001
    5.2000     0.5200  0.000002
    5.6000     0.5200  0.000001
    6.0000     0.5200  0.000006
    6.4000     0.5200  0.000018
    6.8000     0.5200  0.000034
    7.2000     0.5200  0.000040
    7.6000     0.5200  0.000048
    8.0000     0.5200  0.000053
    8.4000     0.5200  0.000059
    8.8000     0.5200  0.000061
    9.2000     0.5200  0.000076
    9.6000     0.5200  0.000079
   10.0000     0.5200  0.000095
   10.4000     0.5200  0.000111
   10.8000     0.5200  0.000116
   11.2000     0.5200  0.000135
   11.6000     0.5200  0.000153
   12.0000     0.5200  0.000159
   12.4000     0.5200  0.000181
   12.8000     0.5200  0.000173
   13.2000     0.5200  0.000172
   13.6000     0.5200  0.000155
   14.0000     0.5200  0.000146
   14.4000     0.5200  0.000144
   14.8000     0.5200  0.000146
   15.2000     0.5200  0.000159
   15.6000     0.5200  0.000187
   16.0000     0.5200  0.000210
   16.4000     0.5200  0.000240
   16.8000     0.5200  0.000247
   17.2000     0.5200  0.000227
   17.6000     0.5200  0.000202
   18.0000     0.5200  0.000178
   18.4000     0.5200  0.000175
   18.8000     0.5200  0.000168
   19.2000     0.5200  0.000169
   19.6000     0.5200  0.000143
   20.0000     0.5200  0.000130
   20.4000     0.5200  0.000105
   20.8000     0.5200  0.000076
   21.2000     0.5200  0.000051
   21.6000     0.5200  0.000031
   22.0000     0.5200  0.000023
   22.4000     0.5200  0.000009
   22.8000     0.5200  0.000008
   23.2000     0.5200  0.000009
   23.6000     0.5200  0.000003
   24.0000     0.5200  0.000008
   24.4000     0.5200  0.000006
   24.8000     0.5200  0.000002
   25.2000     0.5200  0.000001
   25.6000     0.5200  0.000002
   26.0000     0.5200  0.000010
   26.4000     0.5200  0.000004
   26.8000     0.5200  0.000019
   27.2000     0.5200  0.000025
   27.6000     0.5200  0.000046
   28.0000     0.5200  0.000058
   28.4000     0.5200  0.000079
   28.8000     0.5200  0.000074
   29.2000     0.5200  0.000073
   29.6000     0.5200  0.000059
   30.0000     0.5200  0.000041
   30.4000     0.5200  0.000015
   30.8000     0.5200  0.000001
   31.2000     0.5200  0.000000
   31.6000     0.5200  0.000000
   32.0000     0.5200  0.000000
   32.4000     0.5200  0.000000
   32.8000     0.5200  0.000000
   33.2000     0.5200  0.000000
   33.6000     0.5200  0.000000
   34.0000     0.5200  0.000000
   34.4000     0.5200  0.000000
   34.8000     0.5200  0.000000
   35.2000     0.5200  0.000000
   35.6000     0.5200  0.000000
   36.0000     0.5200  0.000000
   36.4000     0.5200  0.000000
   36.8000     0.5200  0.000000
   37.2000     0.5200  0.000000
   37.6000     0.5200  0.000000
   38.0000     0.5200  0.000000
   38.4000     0.5200  0.000000
   38.8000     0.5200  0.000000
   39.2000     0.5200  0.000000
   39.6000     0.5200  0.000000
    0.0000     0.6000  0.000000
    0.4000     0.6000  0.000001
    0.8000     0.6000  0.000000
    1.2000     0.6000  0.000000
    1.6000     0.6000  0.000000
    2.0000     0.6000  0.000001
    2.4000     0.6000  0.000000
    2.8000     0.6000  0.000001
    3.2000     0.6000  0.000000
    3.6000     0.6000  0.000000
    4.0000     0.6000  0.000001
    4.4000     0.6000  0.000000
    4.8000     0.6000  0.000000
    5.2000     0.6000  0.000001
    5.6000     0.6000  0.000001
    6.0000     0.6000  0.000001
    6.4000     0.6000  0.000007
    6.8000     0.6000  0.000021
    7.2000     0.6000  0.000032
    7.6000     0.6000  0.000038
    8.0000     0.6000  0.000045
    8.4000     0.6000  0.000055
    8.8000     0.6000  0.000058
    9.2000     0.6000  0.000063
    9.6000     0.6000  0.000071
   10.0000     0.6000  0.000080
   10.4000     0.6000  0.000090
   10.8000     0.6000  0.000108
   11.2000     0.6000  0.000115
   11.6000     0.6000  0.000128
   12.0000     0.6000  0.000144
   12.4000     0.6000  0.000156
   12.8000     0.6000  0.000163
   13.2000     0.6000  0.000157
   13.6000     0.6000  0.000154
   14.0000     0.6000  0.000145
   14.4000     0.6000  0.000144
   14.8000     0.6000  0.000143
   15.2000     0.6000  0.000149
   15.6000     0.6000  0.000171
   16.0000     0.6000  0.000196
   16.4000     0.6000  0.000229
   16.8000     0.6000  0.000243
   17.2000     0.6000  0.000238
   17.6000     0.6000  0.000225
   18.0000     0.6000  0.000199
   18.4000     0.6000  0.000187
   18.8000     0.6000  0.000165
   19.2000     0.6000  0.000165
   19.6000     0.6000  0.000160
   20.0000     0.6000  0.000141
   20.4000     0.6000  0.000120
   20.8000     0.6000  0.000102
   21.2000     0.6000  0.000081
   21.6000     0.6000  0.000051
   22.0000     0.6000  0.000030
   22.4000     0.6000  0.000014
   22.8000     0.6000  0.000013
   23.2000     0.6000  0.000019
   23.6000     0.6000  0.000011
   24.0000     0.6000  0.000008
   24.4000     0.6000  0.000005
   24.8000     0.6000  0.000001
   25.2000     0.6000  0.000002
   25.6000     0.6000  0.000002
   26.0000     0.6000  0.000007
   26.4000     0.6000  0.000010
   26.8000     0.6000  0.000018
   27.2000     0.6000  0.000020
   27.6000     0.6000  0.000033
   28.0000     0.6000  0.000055
   28.4000     0.6000  0.000060
   28.8000     0.6000  0.000072
   29.2000     0.6000  0.000056
   29.6000     0.6000  0.000056
   30.0000     0.6000  0.000036
   30.4000     0.6000  0.000017
   30.8000     0.6000  0.000000
   31.2000     0.6000  0.000000
   31.6000     0.6000  0.000000
   32.0000     0.6000  0.000000
   32.4000     0.6000  0.000000
   32.8000     0.6000  0.000000
   33.2000     0.6000  0.000000
   33.6000     0.6000  0.000000
   34.0000     0.6000  0.000000
   34.4000     0.6000  0.000000
   34.8000     0.6000  0.000000
   35.2000     0.6000  0.000000
   35.6000     0.6000  0.000000
   36.0000     0.6000  0.000000
   36.4000     0.6000  0.000000
   36.8000     0.6000  0.000000
   37.2000     0.6000  0.000000
   37.6000     0.6000  0.000000
   38.0000     0.6000  0.000000
   38.4000     0.6000  0.000000
   38.8000     0.6000  0.000000
   39.2000     0.6000  0.000000
   39.6000     0.6000  0.000000
    0.0000     0.6800  0.000000
    0.4000     0.6800  0.000000
    0.8000     0.6800  0.000000
    1.2000     0.6800  0.000000
    1.6000     0.6800  0.000000
    2.0000     0.6800  0.000000
    2.4000     0.6800  0.000001
    2.8000     0.6800  0.000001
    3.2000     0.6800  0.000000
    3.6000     0.6800  0.000000
    4.0000     0.6800  0.000000
    4.4000     0.6800  0.000001
    4.8000     0.6800  0.000000
    5.2000     0.6800  0.000000
    5.6000     0.6800  0.000003
    6.0000     0.6800  0.000006
    6.4000     0.6800  0.000008
    6.8000     0.6800  0.000016
    7.2000     0.6800  0.000031
    7.6000     0.6800  0.000039
    8.0000     0.6800  0.000040
    8.4000     0.6800  0.000042
    8.8000     0.6800  0.000048
    9.2000     0.6800  0.000058
    9.6000     0.6800  0.000064
   10.0000     0.6800  0.000071
   10.4000     0.6800  0.000074
   10.8000     0.6800  0.000083
   11.2000     0.6800  0.000097
   11.6000     0.6800  0.000110
   12.0000     0.6800  0.000128
   12.4000     0.6800  0.000140
   12.8000     0.6800  0.000145
   13.2000     0.6800  0.000151
   13.6000     0.6800  0.000152
   14.0000     0.6800  0.000153
   14.4000     0.6800  0.000144
   14.8000     0.6800  0.000146
   15.2000     0.6800  0.000150
   15.6000     0.6800  0.000157
   16.0000     0.6800  0.000176
   16.4000     0.6800  0.000203
   16.8000     0.6800  0.000229
   17.2000     0.6800  0.000249
   17.6000     0.6800  0.000244
   18.0000     0.6800  0.000228
   18.4000     0.6800  0.000201
   18.8000     0.6800  0.000175
   19.2000     0.6800  0.000163
   19.6000     0.6800  0.000157
   20.0000     0.6800  0.000149
   20.4000     0.6800  0.000144
   20.8000     0.6800  0.000116
   21.2000     0.6800  0.000087
   21.6000     0.6800  0.000069
   22.0000     0.6800  0.000048
   22.4000     0.6800  0.000032
   22.8000     0.6800  0.000029
   23.2000     0.6800  0.000014
   23.6000     0.6800  0.000011
   24.0000     0.6800  0.000009
   24.4000     0.6800  0.000012
   24.8000     0.6800  0.000001
   25.2000     0.6800  0.000001
   25.6000     0.6800  0.000001
   26.0000     0.6800  0.000003
   26.4000     0.6800  0.000005
   26.8000     0.6800  0.000009
   27.2000     0.6800  0.000026
   27.6000     0.6800  0.000037
   28.0000     0.6800  0.000043
   28.4000     0.6800  0.000049
   28.8000     0.6800  0.000046
   29.2000     0.6800  0.000050
   29.6000     0.6800  0.000045
   30.0000     0.6800  0.000029
   30.4000     0.6800  0.000010
   30.8000     0.6800  0.000001
   31.2000     0.6800  0.000001
   31.6000     0.6800  0.000000
   32.0000     0.6800  0.000000
   32.4000     0.6800  0.000000
   32.8000     0.6800  0.000000
   33.2000     0.6800  0.000000
   33.6000     0.6800  0.000000
   34.0000     0.6800  0.000000
   34.4000     0.6800  0.000000
   34.8000     0.6800  0.000000
   35.2000     0.6800  0.000000
   35.6000     0.6800  0.000000
   36.0000     0.6800  0.000000
   36.4000     0.6800  0.000000
   36.8000     0.6800  0.000000
   37.2000     0.6800  0.000000
   37.6000     0.6800  0.000000
   38.0000     0.6800  0.000000
   38.4000     0.6800  0.000000
   38.8000     0.6800  0.000000
   39.2000     0.6800  0.000000
   39.6000     0.6800  0.000000
    0.0000     0.7600  0.000000
    0.4000     0.7600  0.000000
    0.8000     0.7600  0.000000
    1.2000     0.7600  0.000000
    1.6000     0.7600  0.000000
    2.0000     0.7600  0.000001
    2.4000     0.7600  0.000000
    2.8000     0.7600  0.000000
    3.2000     0.7600  0.000000
    3.6000     0.7600  0.000000
    4.0000     0.7600  0.000001
    4.4000     0.7600  0.000001
    4.8000     0.7600  0.000001
    5.2000     0.7600  0.000000
    5.6000     0.7600  0.000001
    6.0000     0.7600  0.000006
    6.4000     0.7600  0.000008
    6.8000     0.7600  0.000014
    7.2000     0.7600  0.000019
    7.6000     0.7600  0.000029
    8.0000     0.7600  0.000034
    8.4000     0.7600  0.000043
    8.8000     0.7600  0.000039
    9.2000     0.7600  0.000047
    9.6000     0.7600  0.000051
   10.0000     0.7600  0.000063
   10.4000     0.7600  0.000064
   10.8000     0.7600  0.000080
   11.2000     0.7600  0.000094
   11.6000     0.7600  0.000095
   12.0000     0.7600  0.000101
   12.4000     0.7600  0.000123
   12.8000     0.7600  0.000135
   13.2000     0.7600  0.000141
   13.6000     0.7600  0.000150
   14.0000     0.7600  0.000152
   14.4000     0.7600  0.000153
   14.8000     0.7600  0.000146
   15.2000     0.7600  0.000150
   15.6000     0.7600  0.000150
   16.0000     0.7600  0.000168
   16.4000     0.7600  0.000184
   16.8000     0.7600  0.000210
   17.2000     0.7600  0.000235
   17.6000     0.7600  0.000247
   18.0000     0.7600  0.000246
   18.4000     0.7600  0.000214
   18.8000     0.7600  0.000194
   19.2000     0.7600  0.000174
   19.6000     0.7600  0.000157
   20.0000     0.7600  0.000146
   20.4000     0.7600  0.000136
   20.8000     0.7600  0.000120
   21.2000     0.7600  0.000108
   21.6000     0.7600  0.000092
   22.0000     0.7600  0.000064
   22.4000     0.7600  0.000047
   22.8000     0.7600  0.000042
   23.2000     0.7600  0.000031
   23.6000     0.7600  0.000020
   24.0000     0.7600  0.000021
   24.4000     0.7600  0.000014
   24.8000     0.7600  0.000002
   25.2000     0.7600  0.000001
   25.6000     0.7600  0.000003
   26.0000     0.7600  0.000006
   26.4000     0.7600  0.000006
   26.8000     0.7600  0.000013
   27.2000     0.7600  0.000019
   27.6000     0.7600  0.000036
   28.0000     0.7600  0.000040
   28.4000     0.7600  0.000040
   28.8000     0.7600  0.000033
   29.2000     0.7600  0.000041
   29.6000     0.7600  0.000039
   30.0000     0.7600  0.000030
   30.4000     0.7600  0.000007
   30.8000     0.7600  0.000001
   31.2000     0.7600  0.000000
   31.6000     0.7600  0.000000
   32.0000     0.7600  0.000000
   32.4000     0.7600  0.000000
   32.8000     0.7600  0.000000
   33.2000     0.7600  0.000000
   33.6000     0.7600  0.000000
   34.0000     0.7600  0.000000
   34.4000     0.7600  0.000001
   34.8000     0.7600  0.000000
   35.2000     0.7600  0.000000
   35.6000     0.7600  0.000000
   36.0000     0.7600  0.000000
   36.4000     0.7600  0.000000
   36.8000     0.7600  0.000000
   37.2000     0.7600  0.000000
   37.6000     0.7600  0.000000
   38.0000     0.7600  0.000000
   38.4000     0.7600  0.000000
   38.8000     0.7600  0.000000
   39.2000     0.7600  0.000000
   39.6000     0.7600  0.000000
    0.0000     0.8400  0.000000
    0.4000     0.8400  0.000001
    0.8000     0.8400  0.000000
    1.2000     0.8400  0.000000
    1.6000     0.8400  0.000000
    2.0000     0.8400  0.000001
    2.4000     0.8400  0.000001
    2.8000     0.8400  0.000000
    3.2000     0.8400  0.000000
    3.6000     0.8400  0.000000
    4.0000     0.8400  0.000001
    4.4000     0.8400  0.000000
    4.8000     0.8400  0.000000
    5.2000     0.8400  0.000001
    5.6000     0.8400  0.000002
    6.0000     0.8400  0.000001
    6.4000     0.8400  0.000002
    6.8000     0.8400  0.000004
    7.2000     0.8400  0.000016
    7.6000     0.8400  0.000026
    8.0000     0.8400  0.000028
    8.4000     0.8400  0.000025
    8.8000     0.8400  0.000028
    9.2000     0.8400  0.000042
    9.6000     0.8400  0.000044
   10.0000     0.8400  0.000053
   10.4000     0.8400  0.000055
   10.8000     0.8400  0.000069
   11.2000     0.8400  0.000074
   11.6000     0.8400  0.000073
   12.0000     0.8400  0.000086
   12.4000     0.8400  0.000105
   12.8000     0.8400  0.000114
   13.2000     0.8400  0.000128
   13.6000     0.8400  0.000131
   14.0000     0.8400  0.000143
   14.4000     0.8400  0.000147
   14.8000     0.8400  0.000156
   15.2000     0.8400  0.000160
   15.6000     0.8400  0.000152
   16.0000     0.8400  0.000166
   16.4000     0.8400  0.000178
   16.8000     0.8400  0.000191
   17.2000     0.8400  0.000223
   17.6000     0.8400  0.000241
   18.0000     0.8400  0.000248
   18.4000     0.8400  0.000246
   18.8000     0.8400  0.000216
   19.2000     0.8400  0.000189
   19.6000     0.8400  0.000162
   20.0000     0.8400  0.000157
   20.4000     0.8400  0.000141
   20.8000     0.8400  0.000127
   21.2000     0.8400  0.000115
   21.6000     0.8400  0.000106
   22.0000     0.8400  0.000079
   22.4000     0.8400  0.000070
   22.8000     0.8400  0.000053
   23.2000     0.8400  0.000043
   23.6000     0.8400  0.000036
   24.0000     0.8400  0.000030
   24.4000     0.8400  0.000023
   24.8000     0.8400  0.000005
   25.2000     0.8400  0.000006
   25.6000     0.8400  0.000003
   26.0000     0.8400  0.000002
   26.4000     0.8400  0.000007
   26.8000     0.8400  0.000016
   27.2000     0.8400  0.000023
   27.6000     0.8400  0.000040
   28.0000     0.8400  0.000037
   28.4000     0.8400  0.000042
   28.8000     0.8400  0.000035
   29.2000     0.8400  0.000031
   29.6000     0.8400  0.000031
   30.0000     0.8400  0.000021
   30.4000     0.8400  0.000006
   30.8000     0.8400  0.000001
   31.2000     0.8400  0.000000
   31.6000     0.8400  0.000000
   32.0000     0.8400  0.000000
   32.4000     0.8400  0.000000
   32.8000     0.8400  0.000000
   33.2000     0.8400  0.000000
   33.6000     0.8400  0.000000
   34.0000     0.8400  0.000000
   34.4000     0.8400  0.000000
   34.8000     0.8400  0.000000
   35.2000     0.8400  0.000000
   35.6000     0.8400  0.000000
   36.0000     0.8400  0.000000
   36.4000     0.8400  0.000000
   36.8000     0.8400  0.000000
   37.2000     0.8400  0.000000
   37.6000     0.8400  0.000000
   38.0000     0.8400  0.000000
   38.4000     0.8400  0.000000
   38.8000     0.8400  0.000000
   39.2000     0.8400  0.000000
   39.6000     0.8400  0.000000
    0.0000     0.9200  0.000000
    0.4000     0.9200  0.000001
    0.8000     0.9200  0.000000
    1.2000     0.9200  0.000000
    1.6000     0.9200  0.000000
    2.0000     0.9200  0.000001
    2.4000     0.9200  0.000000
    2.8000     0.9200  0.000001
    3.2000     0.9200  0.000001
    3.6000     0.9200  0.000001
    4.0000     0.9200  0.000001
    4.4000     0.9200  0.000000
    4.8000     0.9200  0.000000
    5.2000     0.9200  0.000000
    5.6000     0.9200  0.000000
    6.0000     0.9200  0.000001
    6.4000     0.9200  0.000003
    6.8000     0.9200  0.000002
    7.2000     0.9200  0.000014
    7.6000     0.9200  0.000019
    8.0000     0.9200  0.000016
    8.4000     0.9200  0.000015
    8.8000     0.9200  0.000023
    9.2000     0.9200  0.000030
    9.6000     0.9200  0.000033
   10.0000     0.9200  0.000044
   10.4000     0.9200  0.000050
   10.8000     0.9200  0.000052
   11.2000     0.9200  0.000059
   11.6000     0.9200  0.000068
   12.0000     0.9200  0.000077
   12.4000     0.9200  0.000091
   12.8000     0.9200  0.000100
   13.2000     0.9200  0.000109
   13.6000     0.9200  0.000119
   14.0000     0.9200  0.000133
   14.4000     0.9200  0.000144
   14.8000     0.9200  0.000155
   15.2000     0.9200  0.000162
   15.6000     0.9200  0.000161
   16.0000     0.9200  0.000160
   16.4000     0.9200  0.000169
   16.8000     0.9200  0.000186
   17.2000     0.9200  0.000207
   17.6000     0.9200  0.000218
   18.0000     0.9200  0.000239
   18.4000     0.9200  0.000249
   18.8000     0.9200  0.000234
   19.2000     0.9200  0.000216
   19.6000     0.9200  0.000187
   20.0000     0.9200  0.000166
   20.4000     0.9200  0.000151
   20.8000     0.9200  0.000142
   21.2000     0.9200  0.000133
   21.6000     0.9200  0.000120
   22.0000     0.9200  0.000094
   22.4000     0.9200  0.000084
   22.8000     0.9200  0.000070
   23.2000     0.9200  0.000060
   23.6000     0.9200  0.000055
   24.0000     0.9200  0.000051
   24.4000     0.9200  0.000034
   24.8000     0.9200  0.000017
   25.2000     0.9200  0.000017
   25.6000     0.9200  0.000007
   26.0000     0.9200  0.000004
   26.4000     0.9200  0.000003
   26.8000     0.9200  0.000007
   27.2000     0.9200  0.000032
   27.6000     0.9200  0.000036
   28.0000     0.9200  0.000046
   28.4000     0.9200  0.000034
   28.8000     0.9200  0.000035
   29.2000     0.9200  0.000027
   29.6000     0.9200  0.000022
   30.0000     0.9200  0.000019
   30.4000     0.9200  0.000005
   30.8000     0.9200  0.000000
   31.2000     0.9200  0.000000
   31.6000     0.9200  0.000000
   32.0000     0.9200  0.000000
   32.4000     0.9200  0.000000
   32.8000     0.9200  0.000000
   33.2000     0.9200  0.000000
   33.6000     0.9200  0.000000
   34.0000     0.9200  0.000000
   34.4000     0.9200  0.000000
   34.8000     0.9200  0.000000
   35.2000     0.9200  0.000000
   35.6000     0.9200  0.000000
   36.0000     0.9200  0.000000
   36.4000     0.9200  0.000000
   36.8000     0.9200  0.000000
   37.2000     0.9200  0.000000
   37.6000     0.9200  0.000000
   38.0000     0.9200  0.000000
   38.4000     0.9200  0.000000
   38.8000     0.9200  0.000000
   39.2000     0.9200  0.000000
   39.6000     0.9200  0.000000
    0.0000     1.0000  0.000000
    0.4000     1.0000  0.000000
    0.8000     1.0000  0.000000
    1.2000     1.0000  0.000000
    1.6000     1.0000  0.000000
    2.0000     1.0000  0.000000
    2.4000     1.0000  0.000000
    2.8000     1.0000  0.000000
    3.2000     1.0000  0.000000
    3.6000     1.0000  0.000001
    4.0000     1.0000  0.000000
    4.4000     1.0000  0.000000
    4.8000     1.0000  0.000000
    5.2000     1.0000  0.000000
    5.6000     1.0000  0.000000
    6.0000     1.0000  0.000001
    6.4000     1.0000  0.000000
    6.8000     1.0000  0.000008
    7.2000     1.0000  0.000005
    7.6000     1.0000  0.000014
    8.0000     1.0000  0.000007
    8.4000     1.0000  0.000013
    8.8000     1.0000  0.000022
    9.2000     1.0000  0.000023
    9.6000     1.0000  0.000029
   10.0000     1.0000  0.000031
   10.4000     1.0000  0.000041
   10.8000     1.0000  0.000046
   11.2000     1.0000  0.000050
   11.6000     1.0000  0.000057
   12.0000     1.0000  0.000063
   12.4000     1.0000  0.000069
   12.8000     1.0000  0.000078
   13.2000     1.0000  0.000086
   13.6000     1.0000  0.000105
   14.0000     1.0000  0.000118
   14.4000     1.0000  0.000130
   14.8000     1.0000  0.000144
   15.2000     1.0000  0.000167
   15.6000     1.0000  0.000166
   16.0000     1.0000  0.000171
   16.4000     1.0000  0.000172
   16.8000     1.0000  0.000185
   17.2000     1.0000  0.000193
   17.6000     1.0000  0.000220
   18.0000     1.0000  0.000239
   18.4000     1.0000  0.000243
   18.8000     1.0000  0.000243
   19.2000     1.0000  0.000239
   19.6000     1.0000  0.000220
   20.0000     1.0000  0.000181
   20.4000     1.0000  0.000173
   20.8000     1.0000  0.000147
   21.2000     1.0000  0.000137
   21.6000     1.0000  0.000124
   22.0000     1.0000  0.000112
   22.4000     1.0000  0.000096
   22.8000     1.0000  0.000095
   23.2000     1.0000  0.000078
   23.6000     1.0000  0.000075
   24.0000     1.0000  0.000075
   24.4000     1.0000  0.000064
   24.8000     1.0000  0.000044
   25.2000     1.0000  0.000026
   25.6000     1.0000  0.000024
   26.0000     1.0000  0.000015
   26.4000     1.0000  0.000008
   26.8000     1.0000  0.000015
   27.2000     1.0000  0.000022
   27.6000     1.0000  0.000027
   28.0000     1.0000  0.000034
   28.4000     1.0000  0.000037
   28.8000     1.0000  0.000034
   29.2000     1.0000  0.000028
   29.6000     1.0000  0.000018
   30.0000     1.0000  0.000007
   30.4000     1.0000  0.000001
   30.8000     1.0000  0.000000
   31.2000     1.0000  0.000000
   31.6000     1.0000  0.000000
   32.0000     1.0000  0.000000
   32.4000     1.0000  0.000000
   32.8000     1.0000  0.000000
   33.2000     1.0000  0.000000
   33.6000     1.0000  0.000000
   34.0000     1.0000  0.000000
   34.4000     1.0000  0.000000
   34.8000     1.0000  0.000000
   35.2000     1.0000  0.000000
   35.6000     1.0000  0.000000
   36.0000     1.0000  0.000000
   36.4000     1.0000  0.000000
   36.8000     1.0000  0.000000
   37.2000     1.0000  0.000000
   37.6000     1.0000  0.000000
   38.0000     1.0000  0.000000
   38.4000     1.0000  0.000000
   38.8000     1.0000  0.000000
   39.2000     1.0000  0.000000
   39.6000     1.0000  0.000000
    0.0000     1.0800  0.000000
    0.4000     1.0800  0.000000
    0.8000     1.0800  0.000000
    1.2000     1.0800  0.000000
    1.6000     1.0800  0.000000
    2.0000     1.0800  0.000001
    2.4000     1.0800  0.000001
    2.8000     1.0800  0.000000
    3.2000     1.0800  0.000001
    3.6000     1.0800  0.000000
    4.0000     1.0800  0.000000
    4.4000     1.0800  0.000000
    4.8000     1.0800  0.000000
    5.2000     1.0800  0.000000
    5.6000     1.0800  0.000001
    6.0000     1.0800  0.000000
    6.4000     1.0800  0.000003
    6.8000     1.0800  0.000000
    7.2000     1.0800  0.000007
    7.6000     1.0800  0.000005
    8.0000     1.0800  0.000012
    8.4000     1.0800  0.000008
    8.8000     1.0800  0.000011
    9.2000     1.0800  0.000017
    9.6000     1.0800  0.000020
   10.0000     1.0800  0.000025
   10.4000     1.0800  0.000038
   10.8000     1.0800  0.000035
   11.2000     1.0800  0.000044
   11.6000     1.0800  0.000048
   12.0000     1.0800  0.000053
   12.4000     1.0800  0.000054
   12.8000     1.0800  0.000068
   13.2000     1.0800  0.000076
   13.6000     1.0800  0.000086
   14.0000     1.0800  0.000092
   14.4000     1.0800  0.000111
   14.8000     1.0800  0.000133
   15.2000     1.0800  0.000150
   15.6000     1.0800  0.000169
   16.0000     1.0800  0.000175
   16.4000     1.0800  0.000187
   16.8000     1.0800  0.000189
   17.2000     1.0800  0.000196
   17.6000     1.0800  0.000207
   18.0000     1.0800  0.000233
   18.4000     1.0800  0.000240
   18.8000     1.0800  0.000248
   19.2000     1.0800  0.000249
   19.6000     1.0800  0.000234
   20.0000     1.0800  0.000221
   20.4000     1.0800  0.000193
   20.8000     1.0800  0.000171
   21.2000     1.0800  0.000146
   21.6000     1.0800  0.000133
   22.0000     1.0800  0.000124
   22.4000     1.0800  0.000124
   22.8000     1.0800  0.000101
   23.2000     1.0800  0.000101
   23.6000     1.0800  0.000096
   24.0000     1.0800  0.000086
   24.4000     1.0800  0.000078
   24.8000     1.0800  0.000069
   25.2000     1.0800  0.000059
   25.6000     1.0800  0.000042
   26.0000     1.0800  0.000026
   26.4000     1.0800  0.000020
   26.8000     1.0800  0.000021
   27.2000     1.0800  0.000016
   27.6000     1.0800  0.000032
   28.0000     1.0800  0.000035
   28.4000     1.0800  0.000040
   28.8000     1.0800  0.000035
   29.2000     1.0800  0.000019
   29.6000     1.0800  0.000020
   30.0000     1.0800  0.000006
   30.4000     1.0800  0.000001
   30.8000     1.0800  0.000000
   31.2000     1.0800  0.000000
   31.6000     1.0800  0.000000
   32.0000     1.0800  0.000000
   32.4000     1.0800  0.000000
   32.8000     1.0800  0.000000
   33.2000     1.0800  0.000000
   33.6000     1.0800  0.000000
   34.0000     1.0800  0.000000
   34.4000     1.0800  0.000000
   34.8000     1.0800  0.000000
   35.2000     1.0800  0.000000
   35.6000     1.0800  0.000000
   36.0000     1.0800  0.000000
   36.4000     1.0800  0.000000
   36.8000     1.0800  0.000000
   37.2000     1.0800  0.000000
   37.6000     1.0800  0.000000
   38.0000     1.0800  0.000000
   38.4000     1.0800  0.000000
   38.8000     1.0800  0.000000
   39.2000     1.0800  0.000000
   39.6000     1.0800  0.000000
    0.0000     1.1600  0.000000
    0.4000     1.1600  0.000000
    0.8000     1.1600  0.000000
    1.2000     1.1600  0.000000
    1.6000     1.1600  0.000000
    2.0000     1.1600  0.000000
    2.4000     1.1600  0.000000
    2.8000     1.1600  0.000000
    3.2000     1.1600  0.000001
    3.6000     1.1600  0.000000
    4.0000     1.1600  0.000000
    4.4000     1.1600  0.000000
    4.8000     1.1600  0.000000
    5.2000     1.1600  0.000000
    5.6000     1.1600  0.000000
    6.0000     1.1600  0.000000
    6.4000     1.1600  0.000008
    6.8000     1.1600  0.000011
    7.2000     1.1600  0.000003
    7.6000     1.1600  0.000003
    8.0000     1.1600  0.000006
    8.4000     1.1600  0.000011
    8.8000     1.1600  0.000007
    9.2000     1.1600  0.000005
    9.6000     1.1600  0.000008
   10.0000     1.1600  0.000013
   10.4000     1.1600  0.000023
   10.8000     1.1600  0.000035
   11.2000     1.1600  0.000040
   11.6000     1.1600  0.000045
   12.0000     1.1600  0.000050
   12.4000     1.1600  0.000048
   12.8000     1.1600  0.000054
   13.2000     1.1600  0.000064
   13.6000     1.1600  0.000074
   14.0000     1.1600  0.000078
   14.4000     1.1600  0.000090
   14.8000     1.1600  0.000105
   15.2000     1.1600  0.000126
   15.6000     1.1600  0.000148
   16.0000     1.1600  0.000177
   16.4000     1.1600  0.000180
   16.8000     1.1600  0.000195
   17.2000     1.1600  0.000199
   17.6000     1.1600  0.000217
   18.0000     1.1600  0.000222
   18.4000     1.1600  0.000243
   18.8000     1.1600  0.000253
   19.2000     1.1600  0.000268
   19.6000     1.1600  0.000254
   20.0000     1.1600  0.000250
   20.4000     1.1600  0.000221
   20.8000     1.1600  0.000195
   21.2000     1.1600  0.000172
   21.6000     1.1600  0.000153
   22.0000     1.1600  0.000137
   22.4000     1.1600  0.000133
   22.8000     1.1600  0.000132
   23.2000     1.1600  0.000127
   23.6000     1.1600  0.000115
   24.0000     1.1600  0.000115
   24.4000     1.1600  0.000105
   24.8000     1.1600  0.000086
   25.2000     1.1600  0.000092
   25.6000     1.1600  0.000078
   26.0000     1.1600  0.000053
   26.4000     1.1600  0.000045
   26.8000     1.1600  0.000029
   27.2000     1.1600  0.000025
   27.6000     1.1600  0.000033
   28.0000     1.1600  0.000041
   28.4000     1.1600  0.000045
   28.8000     1.1600  0.000033
   29.2000     1.1600  0.000021
   29.6000     1.1600  0.000025
   30.0000     1.1600  0.000008
   30.4000     1.1600  0.000001
   30.8000     1.1600  0.000000
   31.2000     1.1600  0.000000
   31.6000     1.1600  0.000000
   32.0000     1.1600  0.000000
   32.4000     1.1600  0.000000
   32.8000     1.1600  0.000000
   33.2000     1.1600  0.000000
   33.6000     1.1600  0.000000
   34.0000     1.1600  0.000000
   34.4000     1.1600  0.000000
   34.8000     1.1600  0.000000
   35.2000     1.1600  0.000001
   35.6000     1.1600  0.000001
   36.0000     1.1600  0.000000
   36.4000     1.1600  0.000000
   36.8000     1.1600  0.000000
   37.2000     1.1600  0.000000
   37.6000     1.1600  0.000000
   38.0000     1.1600  0.000000
   38.4000     1.1600  0.000000
   38.8000     1.1600  0.000000
   39.2000     1.1600  0.000000
   39.6000     1.1600  0.000000
    0.0000     1.2400  0.000000
    0.4000     1.2400  0.000000
    0.8000     1.2400  0.000000
    1.2000     1.2400  0.000000
    1.6000     1.2400  0.000000
    2.0000     1.2400  0.000000
    2.4000     1.2400  0.000001
    2.8000     1.2400  0.000000
    3.2000     1.2400  0.000000
    3.6000     1.2400  0.000000
    4.0000     1.2400  0.000000
    4.4000     1.2400  0.000000
    4.8000     1.2400  0.000000
    5.2000     1.2400  0.000000
    5.6000     1.2400  0.000001
    6.0000     1.2400  0.000002
    6.4000     1.2400  0.000001
    6.8000     1.2400  0.000002
    7.2000     1.2400  0.000005
    7.6000     1.2400  0.000007
    8.0000     1.2400  0.000002
    8.4000     1.2400  0.000009
    8.8000     1.2400  0.000007
    9.2000     1.2400  0.000004
    9.6000     1.2400  0.000002
   10.0000     1.2400  0.000011
   10.4000     1.2400  0.000028
   10.8000     1.2400  0.000035
   11.2000     1.2400  0.000041
   11.6000     1.2400  0.000040
   12.0000     1.2400  0.000045
   12.4000     1.2400  0.000053
   12.8000     1.2400  0.000050
   13.2000     1.2400  0.000047
   13.6000     1.2400  0.000060
   14.0000     1.2400  0.000065
   14.4000     1.2400  0.000071
   14.8000     1.2400  0.000086
   15.2000     1.2400  0.000109
   15.6000     1.2400  0.000126
   16.0000     1.2400  0.000152
   16.4000     1.2400  0.000180
   16.8000     1.2400  0.000198
   17.2000     1.2400  0.000206
   17.6000     1.2400  0.000218
   18.0000     1.2400  0.000237
   18.4000     1.2400  0.000258
   18.8000     1.2400  0.000264
   19.2000     1.2400  0.000270
   19.6000     1.2400  0.000278
   20.0000     1.2400  0.000275
   20.4000     1.2400  0.000271
   20.8000     1.2400  0.000246
   21.2000     1.2400  0.000220
   21.6000     1.2400  0.000190
   22.0000     1.2400  0.000158
   22.4000     1.2400  0.000158
   22.8000     1.2400  0.000151
   23.2000     1.2400  0.000153
   23.6000     1.2400  0.000151
   24.0000     1.2400  0.000143
   24.4000     1.2400  0.000131
   24.8000     1.2400  0.000113
   25.2000     1.2400  0.000111
   25.6000     1.2400  0.000116
   26.0000     1.2400  0.000092
   26.4000     1.2400  0.000080
   26.8000     1.2400  0.000061
   27.2000     1.2400  0.000043
   27.6000     1.2400  0.000045
   28.0000     1.2400  0.000044
   28.4000     1.2400  0.000038
   28.8000     1.2400  0.000030
   29.2000     1.2400  0.000022
   29.6000     1.2400  0.000020
   30.0000     1.2400  0.000006
   30.4000     1.2400  0.000003
   30.8000     1.2400  0.000000
   31.2000     1.2400  0.000000
   31.6000     1.2400  0.000000
   32.0000     1.2400  0.000000
   32.4000     1.2400  0.000000
   32.8000     1.2400  0.000000
   33.2000     1.2400  0.000000
   33.6000     1.2400  0.000000
   34.0000     1.2400  0.000000
   34.4000     1.2400  0.000000
   34.8000     1.2400  0.000000
   35.2000     1.2400  0.000000
   35.6000     1.2400  0.000000
   36.0000     1.2400  0.000000
   36.4000     1.2400  0.000000
   36.8000     1.2400  0.000000
   37.2000     1.2400  0.000000
   37.6000     1.2400  0.000000
   38.0000     1.2400  0.000000
   38.4000     1.2400  0.000000
   38.8000     1.2400  0.000000
   39.2000     1.2400  0.000000
   39.6000     1.2400  0.000000
    0.0000     1.3200  0.000000
    0.4000     1.3200  0.000000
    0.8000     1.3200  0.000000
    1.2000     1.3200  0.000000
    1.6000     1.3200  0.000000
    2.0000     1.3200  0.000000
    2.4000     1.3200  0.000000
    2.8000     1.3200  0.000000
    3.2000     1.3200  0.000000
    3.6000     1.3200  0.000000
    4.0000     1.3200  0.000000
    4.4000     1.3200  0.000000
    4.8000     1.3200  0.000000
    5.2000     1.3200  0.000000
    5.6000     1.3200  0.000001
    6.0000     1.3200  0.000001
    6.4000     1.3200  0.000004
    6.8000     1.3200  0.000001
    7.2000     1.3200  0.000003
    7.6000     1.3200  0.000007
    8.0000     1.3200  0.000007
    8.4000     1.3200  0.000006
    8.8000     1.3200  0.000007
    9.2000     1.3200  0.000010
    9.6000     1.3200  0.000008
   10.0000     1.3200  0.000013
   10.4000     1.3200  0.000018
   10.8000     1.3200  0.000027
   11.2000     1.3200  0.000034
   11.6000     1.3200  0.000048
   12.0000     1.3200  0.000049
   12.4000     1.3200  0.000046
   12.8000     1.3200  0.000051
   13.2000     1.3200  0.000047
   13.6000     1.3200  0.000055
   14.0000     1.3200  0.000050
   14.4000     1.3200  0.000057
   14.8000     1.3200  0.000073
   15.2000     1.3200  0.000075
   15.6000     1.3200  0.000092
   16.0000     1.3200  0.000126
   16.4000     1.3200  0.000159
   16.8000     1.3200  0.000191
   17.2000     1.3200  0.000208
   17.6000     1.3200  0.000231
   18.0000     1.3200  0.000238
   18.4000     1.3200  0.000253
   18.8000     1.3200  0.000285
   19.2000     1.3200  0.000296
   19.6000     1.3200  0.000295
   20.0000     1.3200  0.000283
   20.4000     1.3200  0.000294
   20.8000     1.3200  0.000300
   21.2000     1.3200  0.000268
   21.6000     1.3200  0.000236
   22.0000     1.3200  0.000203
   22.4000     1.3200  0.000176
   22.8000     1.3200  0.000157
   23.2000     1.3200  0.000172
   23.6000     1.3200  0.000174
   24.0000     1.3200  0.000183
   24.4000     1.3200  0.000167
   24.8000     1.3200  0.000151
   25.2000     1.3200  0.000150
   25.6000     1.3200  0.000139
   26.0000     1.3200  0.000137
   26.4000     1.3200  0.000128
   26.8000     1.3200  0.000111
   27.2000     1.3200  0.000070
   27.6000     1.3200  0.000064
   28.0000     1.3200  0.000056
   28.4000     1.3200  0.000047
   28.8000     1.3200  0.000047
   29.2000     1.3200  0.000025
   29.6000     1.3200  0.000021
   30.0000     1.3200  0.000012
   30.4000     1.3200  0.000002
   30.8000     1.3200  0.000000
   31.2000     1.3200  0.000000
   31.6000     1.3200  0.000000
   32.0000     1.3200  0.000000
   32.4000     1.3200  0.000000
   32.8000     1.3200  0.000000
   33.2000     1.3200  0.000000
   33.6000     1.3200  0.000000
   34.0000     1.3200  0.000000
   34.4000     1.3200  0.000000
   34.8000     1.3200  0.000001
   35.2000     1.3200  0.000000
   35.6000     1.3200  0.000000
   36.0000     1.3200  0.000000
   36.4000     1.3200  0.000000
   36.8000     1.3200  0.000000
   37.2000     1.3200  0.000000
   37.6000     1.3200  0.000000
   38.0000     1.3200  0.000000
   38.4000     1.3200  0.000000
   38.8000     1.3200  0.000000
   39.2000     1.3200  0.000000
   39.6000     1.3200  0.000000
    0.0000     1.4000  0.000000
    0.4000     1.4000  0.000000
    0.8000     1.4000  0.000000
    1.2000     1.4000  0.000000
    1.6000     1.4000  0.000000
    2.0000     1.4000  0.000000
    2.4000     1.4000  0.000000
    2.8000     1.4000  0.000000
    3.2000     1.4000  0.000000
    3.6000     1.4000  0.000000
    4.0000     1.4000  0.000000
    4.4000     1.4000  0.000000
    4.8000     1.4000  0.000000
    5.2000     1.4000  0.000000
    5.6000     1.4000  0.000001
    6.0000     1.4000  0.000004
    6.4000     1.4000  0.000005
    6.8000     1.4000  0.000003
    7.2000     1.4000  0.000007
    7.6000     1.4000  0.000006
    8.0000     1.4000  0.000011
    8.4000     1.4000  0.000010
    8.8000     1.4000  0.000015
    9.2000     1.4000  0.000004
    9.6000     1.4000  0.000008
   10.0000     1.4000  0.000019
   10.4000     1.4000  0.000016
   10.8000     1.4000  0.000019
   11.2000     1.4000  0.000031
   11.6000     1.4000  0.000054
   12.0000     1.4000  0.000052
   12.4000     1.4000  0.000044
   12.8000     1.4000  0.000052
   13.2000     1.4000  0.000048
   13.6000     1.4000  0.000047
   14.0000     1.4000  0.000047
   14.4000     1.4000  0.000052
   14.8000     1.4000  0.000056
   15.2000     1.4000  0.000063
   15.6000     1.4000  0.000070
   16.0000     1.4000  0.000092
   16.4000     1.4000  0.000122
   16.8000     1.4000  0.000169
   17.2000     1.4000  0.000206
   17.6000     1.4000  0.000222
   18.0000     1.4000  0.000242
   18.4000     1.4000  0.000260
   18.8000     1.4000  0.000282
   19.2000     1.4000  0.000309
   19.6000     1.4000  0.000323
   20.0000     1.4000  0.000316
   20.4000     1.4000  0.000325
   20.8000     1.4000  0.000336
   21.2000     1.4000  0.000337
   21.6000     1.4000  0.000313
   22.0000     1.4000  0.000270
   22.4000     1.4000  0.000226
   22.8000     1.4000  0.000196
   23.2000     1.4000  0.000190
   23.6000     1.4000  0.000194
   24.0000     1.4000  0.000214
   24.4000     1.4000  0.000210
   24.8000     1.4000  0.000193
   25.2000     1.4000  0.000181
   25.6000     1.4000  0.000179
   26.0000     1.4000  0.000177
   26.4000     1.4000  0.000181
   26.8000     1.4000  0.000150
   27.2000     1.4000  0.000131
   27.6000     1.4000  0.000095
   28.0000     1.4000  0.000080
   28.4000     1.4000  0.000056
   28.8000     1.4000  0.000053
   29.2000     1.4000  0.000035
   29.6000     1.4000  0.000026
   30.0000     1.4000  0.000012
   30.4000     1.4000  0.000001
   30.8000     1.4000  0.000001
   31.2000     1.4000  0.000000
   31.6000     1.4000  0.000000
   32.0000     1.4000  0.000000
   32.4000     1.4000  0.000000
   32.8000     1.4000  0.000000
   33.2000     1.4000  0.000000
   33.6000     1.4000  0.000000
   34.0000     1.4000  0.000000
   34.4000     1.4000  0.000000
   34.8000     1.4000  0.000000
   35.2000     1.4000  0.000001
   35.6000     1.4000  0.000000
   36.0000     1.4000  0.000000
   36.4000     1.4000  0.000000
   36.8000     1.4000  0.000000
   37.2000     1.4000  0.000000
   37.6000     1.4000  0.000000
   38.0000     1.4000  0.000000
   38.4000     1.4000  0.000000
   38.8000     1.4000  0.000000
   39.2000     1.4000  0.000000
   39.6000     1.4000  0.000000
    0.0000     1.4800  0.000000
    0.4000     1.4800  0.000000
    0.8000     1.4800  0.000000
    1.2000     1.4800  0.000000
    1.6000     1.4800  0.000000
    2.0000     1.4800  0.000000
    2.4000     1.4800  0.000000
    2.8000     1.4800  0.000000
    3.2000     1.4800  0.000000
    3.6000     1.4800  0.000000
    4.0000     1.4800  0.000000
    4.4000     1.4800  0.000000
    4.8000     1.4800  0.000000
    5.2000     1.4800  0.000000
    5.6000     1.4800  0.000000
    6.0000     1.4800  0.000006
    6.4000     1.4800  0.000008
    6.8000     1.4800  0.000008
    7.2000     1.4800  0.000014
    7.6000     1.4800  0.000007
    8.0000     1.4800  0.000016
    8.4000     1.4800  0.000016
    8.8000     1.4800  0.000018
    9.2000     1.4800  0.000015
    9.6000     1.4800  0.000017
   10.0000     1.4800  0.000015
   10.4000     1.4800  0.000027
   10.8000     1.4800  0.000028
   11.2000     1.4800  0.000042
   11.6000     1.4800  0.000045
   12.0000     1.4800  0.000051
   12.4000     1.4800  0.000062
   12.8000     1.4800  0.000054
   13.2000     1.4800  0.000050
   13.6000     1.4800  0.000050
   14.0000     1.4800  0.000042
   14.4000     1.4800  0.000039
   14.8000     1.4800  0.000045
   15.2000     1.4800  0.000051
   15.6000     1.4800  0.000052
   16.0000     1.4800  0.000063
   16.4000     1.4800  0.000089
   16.8000     1.4800  0.000130
   17.2000     1.4800  0.000173
   17.6000     1.4800  0.000202
   18.0000     1.4800  0.000241
   18.4000     1.4800  0.000259
   18.8000     1.4800  0.000290
   19.2000     1.4800  0.000315
   19.6000     1.4800  0.000345
   20.0000     1.4800  0.000356
   20.4000     1.4800  0.000359
   20.8000     1.4800  0.000353
   21.2000     1.4800  0.000365
   21.6000     1.4800  0.000383
   22.0000     1.4800  0.000359
   22.4000     1.4800  0.000304
   22.8000     1.4800  0.000270
   23.2000     1.4800  0.000228
   23.6000     1.4800  0.000214
   24.0000     1.4800  0.000228
   24.4000     1.4800  0.000250
   24.8000     1.4800  0.000243
   25.2000     1.4800  0.000230
   25.6000     1.4800  0.000219
   26.0000     1.4800  0.000219
   26.4000     1.4800  0.000220
   26.8000     1.4800  0.000201
   27.2000     1.4800  0.000187
   27.6000     1.4800  0.000150
   28.0000     1.4800  0.000119
   28.4000     1.4800  0.000080
   28.8000     1.4800  0.000051
   29.2000     1.4800  0.000037
   29.6000     1.4800  0.000027
   30.0000     1.4800  0.000013
   30.4000     1.4800  0.000003
   30.8000     1.4800  0.000001
   31.2000     1.4800  0.000000
   31.6000     1.4800  0.000000
   32.0000     1.4800  0.000000
   32.4000     1.4800  0.000000
   32.8000     1.4800  0.000000
   33.2000     1.4800  0.000000
   33.6000     1.4800  0.000000
   34.0000     1.4800  0.000001
   34.4000     1.4800  0.000001
   34.8000     1.4800  0.000000
   35.2000     1.4800  0.000000
   35.6000     1.4800  0.000000
   36.0000     1.4800  0.000000
   36.4000     1.4800  0.000000
   36.8000     1.4800  0.000000
   37.2000     1.4800  0.000000
   37.6000     1.4800  0.000000
   38.0000     1.4800  0.000000
   38.4000     1.4800  0.000000
   38.8000     1.4800  0.000000
   39.2000     1.4800  0.000000
   39.6000     1.4800  0.000000
    0.0000     1.5600  0.000000
    0.4000     1.5600  0.000000
    0.8000     1.5600  0.000000
    1.2000     1.5600  0.000000
    1.6000     1.5600  0.000000
    2.0000     1.5600  0.000000
    2.4000     1.5600  0.000000
    2.8000     1.5600  0.000000
    3.2000     1.5600  0.000000
    3.6000     1.5600  0.000000
    4.0000     1.5600  0.000000
    4.4000     1.5600  0.000000
    4.8000     1.5600  0.000000
    5.2000     1.5600  0.000000
    5.6000     1.5600  0.000001
    6.0000     1.5600  0.000005
    6.4000     1.5600  0.000009
    6.8000     1.5600  0.000015
    7.2000     1.5600  0.000025
    7.6000     1.5600  0.000019
    8.0000     1.5600  0.000015
    8.4000     1.5600  0.000011
    8.8000     1.5600  0.000012
    9.2000     1.5600  0.000020
    9.6000     1.5600  0.000020
   10.0000     1.5600  0.000035
   10.4000     1.5600  0.000032
   10.8000     1.5600  0.000035
   11.2000     1.5600  0.000046
   11.6000     1.5600  0.000047
   12.0000     1.5600  0.000065
   12.4000     1.5600  0.000058
   12.8000     1.5600  0.000067
   13.2000     1.5600  0.000060
   13.6000     1.5600  0.000054
   14.0000     1.5600  0.000047
   14.4000     1.5600  0.000047
   14.8000     1.5600  0.000040
   15.2000     1.5600  0.000044
   15.6000     1.5600  0.000043
   16.0000     1.5600  0.000040
   16.4000     1.5600  0.000057
   16.8000     1.5600  0.000089
   17.2000     1.5600  0.000138
   17.6000     1.5600  0.000185
   18.0000     1.5600  0.000219
   18.4000     1.5600  0.000256
   18.8000     1.5600  0.000280
   19.2000     1.5600  0.000313
   19.6000     1.5600  0.000352
   20.0000     1.5600  0.000373
   20.4000     1.5600  0.000385
   20.8000     1.5600  0.000382
   21.2000     1.5600  0.000399
   21.6000     1.5600  0.000415
   22.0000     1.5600  0.000450
   22.4000     1.5600  0.000434
   22.8000     1.5600  0.000393
   23.2000     1.5600  0.000293
   23.6000     1.5600  0.000243
   24.0000     1.5600  0.000257
   24.4000     1.5600  0.000279
   24.8000     1.5600  0.000266
   25.2000     1.5600  0.000285
   25.6000     1.5600  0.000271
   26.0000     1.5600  0.000265
   26.4000     1.5600  0.000270
   26.8000     1.5600  0.000272
   27.2000     1.5600  0.000254
   27.6000     1.5600  0.000211
   28.0000     1.5600  0.000168
   28.4000     1.5600  0.000118
   28.8000     1.5600  0.000080
   29.2000     1.5600  0.000052
   29.6000     1.5600  0.000038
   30.0000     1.5600  0.000022
   30.4000     1.5600  0.000007
   30.8000     1.5600  0.000003
   31.2000     1.5600  0.000001
   31.6000     1.5600  0.000000
   32.0000     1.5600  0.000000
   32.4000     1.5600  0.000000
   32.8000     1.5600  0.000000
   33.2000     1.5600  0.000000
   33.6000     1.5600  0.000001
   34.0000     1.5600  0.000000
   34.4000     1.5600  0.000000
   34.8000     1.5600  0.000000
   35.2000     1.5600  0.000000
   35.6000     1.5600  0.000000
   36.0000     1.5600  0.000000
   36.4000     1.5600  0.000000
   36.8000     1.5600  0.000000
   37.2000     1.5600  0.000000
   37.6000     1.5600  0.000000
   38.0000     1.5600  0.000000
   38.4000     1.5600  0.000000
   38.8000     1.5600  0.000000
   39.2000     1.5600  0.000000
   39.6000     1.5600  0.000000
    0.0000     1.6400  0.000000
    0.4000     1.6400  0.000000
    0.8000     1.6400  0.000000
    1.2000     1.6400  0.000000
    1.6000     1.6400  0.000000
    2.0000     1.6400  0.000001
    2.4000     1.6400  0.000001
    2.8000     1.6400  0.000000
    3.2000     1.6400  0.000000
    3.6000     1.6400  0.000001
    4.0000     1.6400  0.000000
    4.4000     1.6400  0.000000
    4.8000     1.6400  0.000000
    5.2000     1.6400  0.000000
    5.6000     1.6400  0.000001
    6.0000     1.6400  0.000005
    6.4000     1.6400  0.000012
    6.8000     1.6400  0.000022
    7.2000     1.6400  0.000024
    7.6000     1.6400  0.000022
    8.0000     1.6400  0.000026
    8.4000     1.6400  0.000023
    8.8000     1.6400  0.000023
    9.2000     1.6400  0.000030
    9.6000     1.6400  0.000027
   10.0000     1.6400  0.000030
   10.4000     1.6400  0.000045
   10.8000     1.6400  0.000046
   11.2000     1.6400  0.000056
   11.6000     1.6400  0.000060
   12.0000     1.6400  0.000060
   12.4000     1.6400  0.000071
   12.8000     1.6400  0.000079
   13.2000     1.6400  0.000079
   13.6000     1.6400  0.000064
   14.0000     1.6400  0.000057
   14.4000     1.6400  0.000055
   14.8000     1.6400  0.000043
   15.2000     1.6400  0.000040
   15.6000     1.6400  0.000034
   16.0000     1.6400  0.000039
   16.4000     1.6400  0.000044
   16.8000     1.6400  0.000006
   17.2000     1.6400  0.000093
   17.6000     1.6400  0.000137
   18.0000     1.6400  0.000198
   18.4000     1.6400  0.000236
   18.8000     1.6400  0.000275
   19.2000     1.6400  0.000310
   19.6000     1.6400  0.000350
   20.0000     1.6400  0.000389
   20.4000     1.6400  0.000406
   20.8000     1.6400  0.000435
   21.2000     1.6400  0.000435
   21.6000     1.6400  0.000437
   22.0000     1.6400  0.000471
   22.4000     1.6400  0.000512
   22.8000     1.6400  0.000515
   23.2000     1.6400  0.000453
   23.6000     1.6400  0.000344
   24.0000     1.6400  0.000297
   24.4000     1.6400  0.000258
   24.8000     1.6400  0.000268
   25.2000     1.6400  0.000331
   25.6000     1.6400  0.000345
   26.0000     1.6400  0.000318
   26.4000     1.6400  0.000307
   26.8000     1.6400  0.000310
   27.2000     1.6400  0.000297
   27.6000     1.6400  0.000284
   28.0000     1.6400  0.000247
   28.4000     1.6400  0.000181
   28.8000     1.6400  0.000056
   29.2000     1.6400  0.000074
   29.6000     1.6400  0.000050
   30.0000     1.6400  0.000029
   30.4000     1.6400  0.000015
   30.8000     1.6400  0.000005
   31.2000     1.6400  0.000001
   31.6000     1.6400  0.000000
   32.0000     1.6400  0.000000
   32.4000     1.6400  0.000000
   32.8000     1.6400  0.000000
   33.2000     1.6400  0.000000
   33.6000     1.6400  0.000000
   34.0000     1.6400  0.000000
   34.4000     1.6400  0.000001
   34.8000     1.6400  0.000000
   35.2000     1.6400  0.000000
   35.6000     1.6400  0.000000
   36.0000     1.6400  0.000000
   36.4000     1.6400  0.000000
   36.8000     1.6400  0.000001
   37.2000     1.6400  0.000000
   37.6000     1.6400  0.000000
   38.0000     1.6400  0.000000
   38.4000     1.6400  0.000000
   38.8000     1.6400  0.000000
   39.2000     1.6400  0.000000
   39.6000     1.6400  0.000000
    0.0000     1.7200  0.000000
    0.4000     1.7200  0.000000
    0.8000     1.7200  0.000000
    1.2000     1.7200  0.000000
    1.6000     1.7200  0.000000
    2.0000     1.7200  0.000000
    2.4000     1.7200  0.000000
    2.8000     1.7200  0.000000
    3.2000     1.7200  0.000000
    3.6000     1.7200  0.000000
    4.0000     1.7200  0.000000
    4.4000     1.7200  0.000000
    4.8000     1.7200  0.000000
    5.2000     1.7200  0.000000
    5.6000     1.7200  0.000000
    6.0000     1.7200  0.000001
    6.4000     1.7200  0.000009
    6.8000     1.7200  0.000020
    7.2000     1.7200  0.000029
    7.6000     1.7200  0.000027
    8.0000     1.7200  0.000027
    8.4000     1.7200  0.000019
    8.8000     1.7200  0.000021
    9.2000     1.7200  0.000019
    9.6000     1.7200  0.000026
   10.0000     1.7200  0.000040
   10.4000     1.7200  0.000043
   10.8000     1.7200  0.000055
   11.2000     1.7200  0.000060
   11.6000     1.7200  0.000064
   12.0000     1.7200  0.000075
   12.4000     1.7200  0.000078
   12.8000     1.7200  0.000087
   13.2000     1.7200  0.000086
   13.6000     1.7200  0.000079
   14.0000     1.7200  0.000063
   14.4000     1.7200  0.000051
   14.8000     1.7200  0.000045
   15.2000     1.7200  0.000033
   15.6000     1.7200  0.000029
   16.0000     1.7200  0.000026
   16.4000     1.7200  0.000023
   16.8000     1.7200  0.000028
   17.2000     1.7200  0.000050
   17.6000     1.7200  0.000090
   18.0000     1.7200  0.000138
   18.4000     1.7200  0.000189
   18.8000     1.7200  0.000242
   19.2000     1.7200  0.000285
   19.6000     1.7200  0.000322
   20.0000     1.7200  0.000370
   20.4000     1.7200  0.000414
   20.8000     1.7200  0.000457
   21.2000     1.7200  0.000474
   21.6000     1.7200  0.000477
   22.0000     1.7200  0.000507
   22.4000     1.7200  0.000545
   22.8000     1.7200  0.000611
   23.2000     1.7200  0.000608
   23.6000     1.7200  0.000521
   24.0000     1.7200  0.000438
   24.4000     1.7200  0.000336
   24.8000     1.7200  0.000321
   25.2000     1.7200  0.000336
   25.6000     1.7200  0.000387
   26.0000     1.7200  0.000413
   26.4000     1.7200  0.000356
   26.8000     1.7200  0.000347
   27.2000     1.7200  0.000332
   27.6000     1.7200  0.000334
   28.0000     1.7200  0.000291
   28.4000     1.7200  0.000228
   28.8000     1.7200  0.000179
   29.2000     1.7200  0.000111
   29.6000     1.7200  0.000062
   30.0000     1.7200  0.000040
   30.4000     1.7200  0.000016
   30.8000     1.7200  0.000009
   31.2000     1.7200  0.000001
   31.6000     1.7200  0.000000
   32.0000     1.7200  0.000000
   32.4000     1.7200  0.000000
   32.8000     1.7200  0.000001
   33.2000     1.7200  0.000000
   33.6000     1.7200  0.000000
   34.0000     1.7200  0.000000
   34.4000     1.7200  0.000000
   34.8000     1.7200  0.000001
   35.2000     1.7200  0.000000
   35.6000     1.7200  0.000000
   36.0000     1.7200  0.000000
   36.4000     1.7200  0.000000
   36.8000     1.7200  0.000000
   37.2000     1.7200  0.000000
   37.6000     1.7200  0.000000
   38.0000     1.7200  0.000000
   38.4000     1.7200  0.000000
   38.8000     1.7200  0.000000
   39.2000     1.7200  0.000000
   39.6000     1.7200  0.000000
    0.0000     1.8000  0.000000
    0.4000     1.8000  0.000000
    0.8000     1.8000  0.000000
    1.2000     1.8000  0.000000
    1.6000     1.8000  0.000000
    2.0000     1.8000  0.000000
    2.4000     1.8000  0.000000
    2.8000     1.8000  0.000000
    3.2000     1.8000  0.000000
    3.6000     1.8000  0.000000
    4.0000     1.8000  0.000000
    4.4000     1.8000  0.000000
    4.8000     1.8000  0.000000
    5.2000     1.8000  0.000000
    5.6000     1.8000  0.000001
    6.0000     1.8000  0.000001
    6.4000     1.8000  0.000009
    6.8000     1.8000  0.000020
    7.2000     1.8000  0.000031
    7.6000     1.8000  0.000029
    8.0000     1.8000  0.000032
    8.4000     1.8000  0.000034
    8.8000     1.8000  0.000024
    9.2000     1.8000  0.000022
    9.6000     1.8000  0.000029
   10.0000     1.8000  0.000050
   10.4000     1.8000  0.000055
   10.8000     1.8000  0.000065
   11.2000     1.8000  0.000072
   11.6000     1.8000  0.000075
   12.0000     1.8000  0.000075
   12.4000     1.8000  0.000084
   12.8000     1.8000  0.000096
   13.2000     1.8000  0.000091
   13.6000     1.8000  0.000090
   14.0000     1.8000  0.000080
   14.4000     1.8000  0.000071
   14.8000     1.8000  0.000050
   15.2000     1.8000  0.000041
   15.6000     1.8000  0.000033
   16.0000     1.8000  0.000020
   16.4000     1.8000  0.000023
   16.8000     1.8000  0.000014
   17.2000     1.8000  0.000035
   17.6000     1.8000  0.000052
   18.0000     1.8000  0.000094
   18.4000     1.8000  0.000150
   18.8000     1.8000  0.000209
   19.2000     1.8000  0.000262
   19.6000     1.8000  0.000303
   20.0000     1.8000  0.000354
   20.4000     1.8000  0.000408
   20.8000     1.8000  0.000460
   21.2000     1.8000  0.000496
   21.6000     1.8000  0.000504
   22.0000     1.8000  0.000516
   22.4000     1.8000  0.000574
   22.8000     1.8000  0.000641
   23.2000     1.8000  0.000713
   23.6000     1.8000  0.000708
   24.0000     1.8000  0.000644
   24.4000     1.8000  0.000525
   24.8000     1.8000  0.000394
   25.2000     1.8000  0.000359
   25.6000     1.8000  0.000399
   26.0000     1.8000  0.000457
   26.4000     1.8000  0.000427
   26.8000     1.8000  0.000405
   27.2000     1.8000  0.000389
   27.6000     1.8000  0.000380
   28.0000     1.8000  0.000354
   28.4000     1.8000  0.000295
   28.8000     1.8000  0.000240
   29.2000     1.8000  0.000154
   29.6000     1.8000  0.000100
   30.0000     1.8000  0.000045
   30.4000     1.8000  0.000024
   30.8000     1.8000  0.000004
   31.2000     1.8000  0.000002
   31.6000     1.8000  0.000000
   32.0000     1.8000  0.000000
   32.4000     1.8000  0.000000
   32.8000     1.8000  0.000000
   33.2000     1.8000  0.000000
   33.6000     1.8000  0.000001
   34.0000     1.8000  0.000000
   34.4000     1.8000  0.000000
   34.8000     1.8000  0.000000
   35.2000     1.8000  0.000001
   35.6000     1.8000  0.000000
   36.0000     1.8000  0.000000
   36.4000     1.8000  0.000000
   36.8000     1.8000  0.000000
   37.2000     1.8000  0.000001
   37.6000     1.8000  0.000000
   38.0000     1.8000  0.000000
   38.4000     1.8000  0.000000
   38.8000     1.8000  0.000000
   39.2000     1.8000  0.000000
   39.6000     1.8000  0.000000
    0.0000     1.8800  0.000000
    0.4000     1.8800  0.000000
    0.8000     1.8800  0.000000
    1.2000     1.8800  0.000000
    1.6000     1.8800  0.000000
    2.0000     1.8800  0.000000
    2.4000     1.8800  0.000000
    2.8000     1.8800  0.000000
    3.2000     1.8800  0.000000
    3.6000     1.8800  0.000000
    4.0000     1.8800  0.000000
    4.4000     1.8800  0.000000
    4.8000     1.8800  0.000000
    5.2000     1.8800  0.000000
    5.6000     1.8800  0.000001
    6.0000     1.8800  0.000002
    6.4000     1.8800  0.000010
    6.8000     1.8800  0.000021
    7.2000     1.8800  0.000033
    7.6000     1.8800  0.000040
    8.0000     1.8800  0.000044
    8.4000     1.8800  0.000044
    8.8000     1.8800  0.000033
    9.2000     1.8800  0.000031
    9.6000     1.8800  0.000039
   10.0000     1.8800  0.000053
   10.4000     1.8800  0.000059
   10.8000     1.8800  0.000077
   11.2000     1.8800  0.000086
   11.6000     1.8800  0.000104
   12.0000     1.8800  0.000092
   12.4000     1.8800  0.000103
   12.8000     1.8800  0.000104
   13.2000     1.8800  0.000098
   13.6000     1.8800  0.000109
   14.0000     1.8800  0.000102
   14.4000     1.8800  0.000093
   14.8000     1.8800  0.000069
   15.2000     1.8800  0.000063
   15.6000     1.8800  0.000048
   16.0000     1.8800  0.000040
   16.4000     1.8800  0.000025
   16.8000     1.8800  0.000018
   17.2000     1.8800  0.000020
   17.6000     1.8800  0.000030
   18.0000     1.8800  0.000065
   18.4000     1.8800  0.000112
   18.8000     1.8800  0.000165
   19.2000     1.8800  0.000220
   19.6000     1.8800  0.000283
   20.0000     1.8800  0.000328
   20.4000     1.8800  0.000380
   20.8000     1.8800  0.000447
   21.2000     1.8800  0.000493
   21.6000     1.8800  0.000526
   22.0000     1.8800  0.000542
   22.4000     1.8800  0.000584
   22.8000     1.8800  0.000642
   23.2000     1.8800  0.000750
   23.6000     1.8800  0.000829
   24.0000     1.8800  0.000874
   24.4000     1.8800  0.000773
   24.8000     1.8800  0.000311
   25.2000     1.8800  0.000493
   25.6000     1.8800  0.000463
   26.0000     1.8800  0.000456
   26.4000     1.8800  0.000445
   26.8000     1.8800  0.000490
   27.2000     1.8800  0.000447
   27.6000     1.8800  0.000427
   28.0000     1.8800  0.000409
   28.4000     1.8800  0.000375
   28.8000     1.8800  0.000300
   29.2000     1.8800  0.000234
   29.6000     1.8800  0.000147
   30.0000     1.8800  0.000079
   30.4000     1.8800  0.000024
   30.8000     1.8800  0.000009
   31.2000     1.8800  0.000001
   31.6000     1.8800  0.000000
   32.0000     1.8800  0.000000
   32.4000     1.8800  0.000000
   32.8000     1.8800  0.000000
   33.2000     1.8800  0.000001
   33.6000     1.8800  0.000000
   34.0000     1.8800  0.000000
   34.4000     1.8800  0.000000
   34.8000     1.8800  0.000002
   35.2000     1.8800  0.000001
   35.6000     1.8800  0.000001
   36.0000     1.8800  0.000000
   36.4000     1.8800  0.000000
   36.8000     1.8800  0.000000
   37.2000     1.8800  0.000000
   37.6000     1.8800  0.000000
   38.0000     1.8800  0.000000
   38.4000     1.8800  0.000001
   38.8000     1.8800  0.000001
   39.2000     1.8800  0.000000
   39.6000     1.8800  0.000000
    0.0000     1.9600  0.000000
    0.4000     1.9600  0.000000
    0.8000     1.9600  0.000000
    1.2000     1.9600  0.000000
    1.6000     1.9600  0.000000
    2.0000     1.9600  0.000000
    2.4000     1.9600  0.000000
    2.8000     1.9600  0.000000
    3.2000     1.9600  0.000000
    3.6000     1.9600  0.000000
    4.0000     1.9600  0.000000
    4.4000     1.9600  0.000000
    4.8000     1.9600  0.000000
    5.2000     1.9600  0.000001
    5.6000     1.9600  0.000002
    6.0000     1.9600  0.000007
    6.4000     1.9600  0.000016
    6.8000     1.9600  0.000030
    7.2000     1.9600  0.000032
    7.6000     1.9600  0.000049
    8.0000     1.9600  0.000051
    8.4000     1.9600  0.000050
    8.8000     1.9600  0.000045
    9.2000     1.9600  0.000036
    9.6000     1.9600  0.000043
   10.0000     1.9600  0.000054
   10.4000     1.9600  0.000065
   10.8000     1.9600  0.000086
   11.2000     1.9600  0.000097
   11.6000     1.9600  0.000116
   12.0000     1.9600  0.000116
   12.4000     1.9600  0.000121
   12.8000     1.9600  0.000116
   13.2000     1.9600  0.000115
   13.6000     1.9600  0.000107
   14.0000     1.9600  0.000116
   14.4000     1.9600  0.000110
   14.8000     1.9600  0.000095
   15.2000     1.9600  0.000080
   15.6000     1.9600  0.000057
   16.0000     1.9600  0.000054
   16.4000     1.9600  0.000040
   16.8000     1.9600  0.000025
   17.2000     1.9600  0.000027
   17.6000     1.9600  0.000031
   18.0000     1.9600  0.000043
   18.4000     1.9600  0.000077
   18.8000     1.9600  0.000133
   19.2000     1.9600  0.000189
   19.6000     1.9600  0.000248
   20.0000     1.9600  0.000295
   20.4000     1.9600  0.000351
   20.8000     1.9600  0.000416
   21.2000     1.9600  0.000476
   21.6000     1.9600  0.000524
   22.0000     1.9600  0.000563
   22.4000     1.9600  0.000594
   22.8000     1.9600  0.000638
   23.2000     1.9600  0.000718
   23.6000     1.9600  0.000876
   24.0000     1.9600  0.000991
   24.4000     1.9600  0.000983
   24.8000     1.9600  0.000903
   25.2000     1.9600  0.000743
   25.6000     1.9600  0.000584
   26.0000     1.9600  0.000095
   26.4000     1.9600  0.000513
   26.8000     1.9600  0.000561
   27.2000     1.9600  0.000535
   27.6000     1.9600  0.000508
   28.0000     1.9600  0.000463
   28.4000     1.9600  0.000415
   28.8000     1.9600  0.000385
   29.2000     1.9600  0.000282
   29.6000     1.9600  0.000207
   30.0000     1.9600  0.000124
   30.4000     1.9600  0.000047
   30.8000     1.9600  0.000019
   31.2000     1.9600  0.000002
   31.6000     1.9600  0.000000
   32.0000     1.9600  0.000000
   32.4000     1.9600  0.000000
   32.8000     1.9600  0.000000
   33.2000     1.9600  0.000001
   33.6000     1.9600  0.000000
   34.0000     1.9600  0.000000
   34.4000     1.9600  0.000001
   34.8000     1.9600  0.000000
   35.2000     1.9600  0.000001
   35.6000     1.9600  0.000001
   36.0000     1.9600  0.000000
   36.4000     1.9600  0.000001
   36.8000     1.9600  0.000000
   37.2000     1.9600  0.000001
   37.6000     1.9600  0.000000
   38.0000     1.9600  0.000001
   38.4000     1.9600  0.000002
   38.8000     1.9600  0.000001
   39.2000     1.9600  0.000000
   39.6000     1.9600  0.000000
    0.0000     2.0400  0.000000
    0.4000     2.0400  0.000000
    0.8000     2.0400  0.000000
    1.2000     2.0400  0.000000
    1.6000     2.0400  0.000000
    2.0000     2.0400  0.000000
    2.4000     2.0400  0.000000
    2.8000     2.0400  0.000000
    3.2000     2.0400  0.000000
    3.6000     2.0400  0.000000
    4.0000     2.0400  0.000000
    4.4000     2.0400  0.000000
    4.8000     2.0400  0.000001
    5.2000     2.0400  0.000001
    5.6000     2.0400  0.000002
    6.0000     2.0400  0.000016
    6.4000     2.0400  0.000023
    6.8000     2.0400  0.000034
    7.2000     2.0400  0.000035
    7.6000     2.0400  0.000044
    8.0000     2.0400  0.000058
    8.4000     2.0400  0.000064
    8.8000     2.0400  0.000059
    9.2000     2.0400  0.000055
    9.6000     2.0400  0.000057
   10.0000     2.0400  0.000053
   10.4000     2.0400  0.000064
   10.8000     2.0400  0.000085
   11.2000     2.0400  0.000101
   11.6000     2.0400  0.000135
   12.0000     2.0400  0.000141
   12.4000     2.0400  0.000135
   12.8000     2.0400  0.000137
   13.2000     2.0400  0.000118
   13.6000     2.0400  0.000125
   14.0000     2.0400  0.000130
   14.4000     2.0400  0.000124
   14.8000     2.0400  0.000116
   15.2000     2.0400  0.000094
   15.6000     2.0400  0.000083
   16.0000     2.0400  0.000070
   16.4000     2.0400  0.000054
   16.8000     2.0400  0.000043
   17.2000     2.0400  0.000037
   17.6000     2.0400  0.000020
   18.0000     2.0400  0.000030
   18.4000     2.0400  0.000062
   18.8000     2.0400  0.000106
   19.2000     2.0400  0.000157
   19.6000     2.0400  0.000213
   20.0000     2.0400  0.000268
   20.4000     2.0400  0.000317
   20.8000     2.0400  0.000374
   21.2000     2.0400  0.000430
   21.6000     2.0400  0.000508
   22.0000     2.0400  0.000574
   22.4000     2.0400  0.000617
   22.8000     2.0400  0.000659
   23.2000     2.0400  0.000751
   23.6000     2.0400  0.000784
   24.0000     2.0400  0.000914
   24.4000     2.0400  0.001161
   24.8000     2.0400  0.001172
   25.2000     2.0400  0.001009
   25.6000     2.0400  0.000804
   26.0000     2.0400  0.000694
   26.4000     2.0400  0.000622
   26.8000     2.0400  0.000592
   27.2000     2.0400  0.000631
   27.6000     2.0400  0.000594
   28.0000     2.0400  0.000539
   28.4000     2.0400  0.000486
   28.8000     2.0400  0.000422
   29.2000     2.0400  0.000341
   29.6000     2.0400  0.000277
   30.0000     2.0400  0.000175
   30.4000     2.0400  0.000099
   30.8000     2.0400  0.000033
   31.2000     2.0400  0.000004
   31.6000     2.0400  0.000001
   32.0000     2.0400  0.000000
   32.4000     2.0400  0.000000
   32.8000     2.0400  0.000000
   33.2000     2.0400  0.000000
   33.6000     2.0400  0.000000
   34.0000     2.0400  0.000000
   34.4000     2.0400  0.000000
   34.8000     2.0400  0.000000
   35.2000     2.0400  0.000001
   35.6000     2.0400  0.000000
   36.0000     2.0400  0.000000
   36.4000     2.0400  0.000001
   36.8000     2.0400  0.000000
   37.2000     2.0400  0.000001
   37.6000     2.0400  0.000000
   38.0000     2.0400  0.000000
   38.4000     2.0400  0.000001
   38.8000     2.0400  0.000000
   39.2000     2.0400  0.000001
   39.6000     2.0400  0.000000
    0.0000     2.1200  0.000000
    0.4000     2.1200  0.000000
    0.8000     2.1200  0.000000
    1.2000     2.1200  0.000000
    1.6000     2.1200  0.000000
    2.0000     2.1200  0.000000
    2.4000     2.1200  0.000000
    2.8000     2.1200  0.000000
    3.2000     2.1200  0.000000
    3.6000     2.1200  0.000000
    4.0000     2.1200  0.000000
    4.4000     2.1200  0.000000
    4.8000     2.1200  0.000000
    5.2000     2.1200  0.000004
    5.6000     2.1200  0.000010
    6.0000     2.1200  0.000016
    6.4000     2.1200  0.000027
    6.8000     2.1200  0.000032
    7.2000     2.1200  0.000042
    7.6000     2.1200  0.000050
    8.0000     2.1200  0.000063
    8.4000     2.1200  0.000070
    8.8000     2.1200  0.000075
    9.2000     2.1200  0.000067
    9.6000     2.1200  0.000069
   10.0000     2.1200  0.000067
   10.4000     2.1200  0.000082
   10.8000     2.1200  0.000092
   11.2000     2.1200  0.000104
   11.6000     2.1200  0.000119
   12.0000     2.1200  0.000142
   12.4000     2.1200  0.000152
   12.8000     2.1200  0.000156
   13.2000     2.1200  0.000149
   13.6000     2.1200  0.000139
   14.0000     2.1200  0.000131
   14.4000     2.1200  0.000131
   14.8000     2.1200  0.000123
   15.2000     2.1200  0.000122
   15.6000     2.1200  0.000108
   16.0000     2.1200  0.000087
   16.4000     2.1200  0.000080
   16.8000     2.1200  0.000056
   17.2000     2.1200  0.000042
   17.6000     2.1200  0.000035
   18.0000     2.1200  0.000038
   18.4000     2.1200  0.000041
   18.8000     2.1200  0.000076
   19.2000     2.1200  0.000127
   19.6000     2.1200  0.000182
   20.0000     2.1200  0.000236
   20.4000     2.1200  0.000292
   20.8000     2.1200  0.000343
   21.2000     2.1200  0.000386
   21.6000     2.1200  0.000460
   22.0000     2.1200  0.000534
   22.4000     2.1200  0.000611
   22.8000     2.1200  0.000649
   23.2000     2.1200  0.000712
   23.6000     2.1200  0.000834
   24.0000     2.1200  0.000911
   24.4000     2.1200  0.001110
   24.8000     2.1200  0.001315
   25.2000     2.1200  0.001316
   25.6000     2.1200  0.001166
   26.0000     2.1200  0.001012
   26.4000     2.1200  0.000768
   26.8000     2.1200  0.000725
   27.2000     2.1200  0.000680
   27.6000     2.1200  0.000696
   28.0000     2.1200  0.000635
   28.4000     2.1200  0.000564
   28.8000     2.1200  0.000485
   29.2000     2.1200  0.000414
   29.6000     2.1200  0.000329
   30.0000     2.1200  0.000248
   30.4000     2.1200  0.000147
   30.8000     2.1200  0.000059
   31.2000     2.1200  0.000016
   31.6000     2.1200  0.000001
   32.0000     2.1200  0.000000
   32.4000     2.1200  0.000000
   32.8000     2.1200  0.000001
   33.2000     2.1200  0.000001
   33.6000     2.1200  0.000000
   34.0000     2.1200  0.000000
   34.4000     2.1200  0.000001
   34.8000     2.1200  0.000000
   35.2000     2.1200  0.000000
   35.6000     2.1200  0.000001
   36.0000     2.1200  0.000000
   36.4000     2.1200  0.000000
   36.8000     2.1200  0.000001
   37.2000     2.1200  0.000000
   37.6000     2.1200  0.000000
   38.0000     2.1200  0.000001
   38.4000     2.1200  0.000001
   38.8000     2.1200  0.000001
   39.2000     2.1200  0.000000
   39.6000     2.1200  0.000000
    0.0000     2.2000  0.000000
    0.4000     2.2000  0.000000
    0.8000     2.2000  0.000000
    1.2000     2.2000  0.000000
    1.6000     2.2000  0.000000
    2.0000     2.2000  0.000000
    2.4000     2.2000  0.000000
    2.8000     2.2000  0.000000
    3.2000     2.2000  0.000000
    3.6000     2.2000  0.000000
    4.0000     2.2000  0.000000
    4.4000     2.2000  0.000000
    4.8000     2.2000  0.000000
    5.2000     2.2000  0.000003
    5.6000     2.2000  0.000013
    6.0000     2.2000  0.000027
    6.4000     2.2000  0.000039
    6.8000     2.2000  0.000046
    7.2000     2.2000  0.000046
    7.6000     2.2000  0.000054
    8.0000     2.2000  0.000062
    8.4000     2.2000  0.000072
    8.8000     2.2000  0.000083
    9.2000     2.2000  0.000077
    9.6000     2.2000  0.000086
   10.0000     2.2000  0.000082
   10.4000     2.2000  0.000079
   10.8000     2.2000  0.000089
   11.2000     2.2000  0.000105
   11.6000     2.2000  0.000130
   12.0000     2.2000  0.000156
   12.4000     2.2000  0.000171
   12.8000     2.2000  0.000175
   13.2000     2.2000  0.000166
   13.6000     2.2000  0.000152
   14.0000     2.2000  0.000140
   14.4000     2.2000  0.000143
   14.8000     2.2000  0.000133
   15.2000     2.2000  0.000130
   15.6000     2.2000  0.000126
   16.0000     2.2000  0.000103
   16.4000     2.2000  0.000096
   16.8000     2.2000  0.000072
   17.2000     2.2000  0.000070
   17.6000     2.2000  0.000056
   18.0000     2.2000  0.000041
   18.4000     2.2000  0.000049
   18.8000     2.2000  0.000057
   19.2000     2.2000  0.000101
   19.6000     2.2000  0.000140
   20.0000     2.2000  0.000205
   20.4000     2.2000  0.000262
   20.8000     2.2000  0.000319
   21.2000     2.2000  0.000350
   21.6000     2.2000  0.000409
   22.0000     2.2000  0.000452
   22.4000     2.2000  0.000571
   22.8000     2.2000  0.000632
   23.2000     2.2000  0.000717
   23.6000     2.2000  0.000788
   24.0000     2.2000  0.000880
   24.4000     2.2000  0.001117
   24.8000     2.2000  0.001270
   25.2000     2.2000  0.001522
   25.6000     2.2000  0.001511
   26.0000     2.2000  0.001359
   26.4000     2.2000  0.001110
   26.8000     2.2000  0.000967
   27.2000     2.2000  0.000855
   27.6000     2.2000  0.000806
   28.0000     2.2000  0.000772
   28.4000     2.2000  0.000662
   28.8000     2.2000  0.000566
   29.2000     2.2000  0.000468
   29.6000     2.2000  0.000392
   30.0000     2.2000  0.000286
   30.4000     2.2000  0.000180
   30.8000     2.2000  0.000093
   31.2000     2.2000  0.000030
   31.6000     2.2000  0.000004
   32.0000     2.2000  0.000000
   32.4000     2.2000  0.000000
   32.8000     2.2000  0.000000
   33.2000     2.2000  0.000000
   33.6000     2.2000  0.000001
   34.0000     2.2000  0.000000
   34.4000     2.2000  0.000000
   34.8000     2.2000  0.000000
   35.2000     2.2000  0.000001
   35.6000     2.2000  0.000000
   36.0000     2.2000  0.000000
   36.4000     2.2000  0.000000
   36.8000     2.2000  0.000000
   37.2000     2.2000  0.000000
   37.6000     2.2000  0.000000
   38.0000     2.2000  0.000000
   38.4000     2.2000  0.000000
   38.8000     2.2000  0.000000
   39.2000     2.2000  0.000000
   39.6000     2.2000  0.000000
    0.0000     2.2800  0.000000
    0.4000     2.2800  0.000000
    0.8000     2.2800  0.000000
    1.2000     2.2800  0.000000
    1.6000     2.2800  0.000000
    2.0000     2.2800  0.000000
    2.4000     2.2800  0.000000
    2.8000     2.2800  0.000000
    3.2000     2.2800  0.000000
    3.6000     2.2800  0.000000
    4.0000     2.2800  0.000000
    4.4000     2.2800  0.000000
    4.8000     2.2800  0.000000
    5.2000     2.2800  0.000009
    5.6000     2.2800  0.000019
    6.0000     2.2800  0.000033
    6.4000     2.2800  0.000038
    6.8000     2.2800  0.000055
    7.2000     2.2800  0.000063
    7.6000     2.2800  0.000072
    8.0000     2.2800  0.000068
    8.4000     2.2800  0.000078
    8.8000     2.2800  0.000081
    9.2000     2.2800  0.000089
    9.6000     2.2800  0.000103
   10.0000     2.2800  0.000099
   10.4000     2.2800  0.000095
   10.8000     2.2800  0.000098
   11.2000     2.2800  0.000110
   11.6000     2.2800  0.000131
   12.0000     2.2800  0.000150
   12.4000     2.2800  0.000174
   12.8000     2.2800  0.000183
   13.2000     2.2800  0.000175
   13.6000     2.2800  0.000176
   14.0000     2.2800  0.000160
   14.4000     2.2800  0.000145
   14.8000     2.2800  0.000138
   15.2000     2.2800  0.000138
   15.6000     2.2800  0.000142
   16.0000     2.2800  0.000126
   16.4000     2.2800  0.000120
   16.8000     2.2800  0.000096
   17.2000     2.2800  0.000086
   17.6000     2.2800  0.000079
   18.0000     2.2800  0.000067
   18.4000     2.2800  0.000057
   18.8000     2.2800  0.000055
   19.2000     2.2800  0.000077
   19.6000     2.2800  0.000101
   20.0000     2.2800  0.000170
   20.4000     2.2800  0.000227
   20.8000     2.2800  0.000282
   21.2000     2.2800  0.000330
   21.6000     2.2800  0.000377
   22.0000     2.2800  0.000422
   22.4000     2.2800  0.000513
   22.8000     2.2800  0.000601
   23.2000     2.2800  0.000701
   23.6000     2.2800  0.000800
   24.0000     2.2800  0.000885
   24.4000     2.2800  0.000996
   24.8000     2.2800  0.001245
   25.2000     2.2800  0.001424
   25.6000     2.2800  0.001579
   26.0000     2.2800  0.001616
   26.4000     2.2800  0.001382
   26.8000     2.2800  0.001266
   27.2000     2.2800  0.001057
   27.6000     2.2800  0.000973
   28.0000     2.2800  0.000921
   28.4000     2.2800  0.000782
   28.8000     2.2800  0.000663
   29.2000     2.2800  0.000557
   29.6000     2.2800  0.000450
   30.0000     2.2800  0.000352
   30.4000     2.2800  0.000269
   30.8000     2.2800  0.000156
   31.2000     2.2800  0.000075
   31.6000     2.2800  0.000017
   32.0000     2.2800  0.000000
   32.4000     2.2800  0.000001
   32.8000     2.2800  0.000001
   33.2000     2.2800  0.000001
   33.6000     2.2800  0.000002
   34.0000     2.2800  0.000002
   34.4000     2.2800  0.000002
   34.8000     2.2800  0.000000
   35.2000     2.2800  0.000000
   35.6000     2.2800  0.000000
   36.0000     2.2800  0.000000
   36.4000     2.2800  0.000001
   36.8000     2.2800  0.000000
   37.2000     2.2800  0.000001
   37.6000     2.2800  0.000000
   38.0000     2.2800  0.000000
   38.4000     2.2800  0.000000
   38.8000     2.2800  0.000000
   39.2000     2.2800  0.000000
   39.6000     2.2800  0.000000
    0.0000     2.3600  0.000000
    0.4000     2.3600  0.000000
    0.8000     2.3600  0.000000
    1.2000     2.3600  0.000000
    1.6000     2.3600  0.000000
    2.0000     2.3600  0.000001
    2.4000     2.3600  0.000000
    2.8000     2.3600  0.000000
    3.2000     2.3600  0.000001
    3.6000     2.3600  0.000001
    4.0000     2.3600  0.000000
    4.4000     2.3600  0.000000
    4.8000     2.3600  0.000000
    5.2000     2.3600  0.000005
    5.6000     2.3600  0.000019
    6.0000     2.3600  0.000029
    6.4000     2.3600  0.000049
    6.8000     2.3600  0.000068
    7.2000     2.3600  0.000072
    7.6000     2.3600  0.000073
    8.0000     2.3600  0.000089
    8.4000     2.3600  0.000085
    8.8000     2.3600  0.000090
    9.2000     2.3600  0.000099
    9.6000     2.3600  0.000110
   10.0000     2.3600  0.000120
   10.4000     2.3600  0.000112
   10.8000     2.3600  0.000119
   11.2000     2.3600  0.000121
   11.6000     2.3600  0.000127
   12.0000     2.3600  0.000150
   12.4000     2.3600  0.000159
   12.8000     2.3600  0.000171
   13.2000     2.3600  0.000181
   13.6000     2.3600  0.000189
   14.0000     2.3600  0.000170
   14.4000     2.3600  0.000155
   14.8000     2.3600  0.000139
   15.2000     2.3600  0.000143
   15.6000     2.3600  0.000142
   16.0000     2.3600  0.000142
   16.4000     2.3600  0.000127
   16.8000     2.3600  0.000115
   17.2000     2.3600  0.000097
   17.6000     2.3600  0.000099
   18.0000     2.3600  0.000081
   18.4000     2.3600  0.000071
   18.8000     2.3600  0.000064
   19.2000     2.3600  0.000060
   19.6000     2.3600  0.000088
   20.0000     2.3600  0.000130
   20.4000     2.3600  0.000189
   20.8000     2.3600  0.000262
   21.2000     2.3600  0.000315
   21.6000     2.3600  0.000357
   22.0000     2.3600  0.000403
   22.4000     2.3600  0.000460
   22.8000     2.3600  0.000552
   23.2000     2.3600  0.000656
   23.6000     2.3600  0.000757
   24.0000     2.3600  0.000873
   24.4000     2.3600  0.000948
   24.8000     2.3600  0.001117
   25.2000     2.3600  0.000803
   25.6000     2.3600  0.001560
   26.0000     2.3600  0.001794
   26.4000     2.3600  0.001718
   26.8000     2.3600  0.001594
   27.2000     2.3600  0.001310
   27.6000     2.3600  0.001190
   28.0000     2.3600  0.001050
   28.4000     2.3600  0.000917
   28.8000     2.3600  0.000786
   29.2000     2.3600  0.000661
   29.6000     2.3600  0.000547
   30.0000     2.3600  0.000426
   30.4000     2.3600  0.000325
   30.8000     2.3600  0.000242
   31.2000     2.3600  0.000127
   31.6000     2.3600  0.000056
   32.0000     2.3600  0.000010
   32.4000     2.3600  0.000004
   32.8000     2.3600  0.000003
   33.2000     2.3600  0.000005
   33.6000     2.3600  0.000006
   34.0000     2.3600  0.000014
   34.4000     2.3600  0.000011
   34.8000     2.3600  0.000010
   35.2000     2.3600  0.000003
   35.6000     2.3600  0.000001
   36.0000     2.3600  0.000002
   36.4000     2.3600  0.000001
   36.8000     2.3600  0.000001
   37.2000     2.3600  0.000001
   37.6000     2.3600  0.000001
   38.0000     2.3600  0.000000
   38.4000     2.3600  0.000001
   38.8000     2.3600  0.000000
   39.2000     2.3600  0.000000
   39.6000     2.3600  0.000000
    0.0000     2.4400  0.000000
    0.4000     2.4400  0.000001
    0.8000     2.4400  0.000000
    1.2000     2.4400  0.000000
    1.6000     2.4400  0.000000
    2.0000     2.4400  0.000001
    2.4000     2.4400  0.000000
    2.8000     2.4400  0.000000
    3.2000     2.4400  0.000000
    3.6000     2.4400  0.000000
    4.0000     2.4400  0.000000
    4.4000     2.4400  0.000000
    4.8000     2.4400  0.000000
    5.2000     2.4400  0.000001
    5.6000     2.4400  0.000023
    6.0000     2.4400  0.000035
    6.4000     2.4400  0.000062
    6.8000     2.4400  0.000073
    7.2000     2.4400  0.000091
    7.6000     2.4400  0.000100
    8.0000     2.4400  0.000093
    8.4000     2.4400  0.000091
    8.8000     2.4400  0.000094
    9.2000     2.4400  0.000097
    9.6000     2.4400  0.000095
   10.0000     2.4400  0.000115
   10.4000     2.4400  0.000120
   10.8000     2.4400  0.000121
   11.2000     2.4400  0.000118
   11.6000     2.4400  0.000132
   12.0000     2.4400  0.000145
   12.4000     2.4400  0.000161
   12.8000     2.4400  0.000177
   13.2000     2.4400  0.000191
   13.6000     2.4400  0.000182
   14.0000     2.4400  0.000185
   14.4000     2.4400  0.000170
   14.8000     2.4400  0.000155
   15.2000     2.4400  0.000136
   15.6000     2.4400  0.000135
   16.0000     2.4400  0.000137
   16.4000     2.4400  0.000140
   16.8000     2.4400  0.000132
   17.2000     2.4400  0.000123
   17.6000     2.4400  0.000100
   18.0000     2.4400  0.000092
   18.4000     2.4400  0.000078
   18.8000     2.4400  0.000075
   19.2000     2.4400  0.000061
   19.6000     2.4400  0.000073
   20.0000     2.4400  0.000097
   20.4000     2.4400  0.000129
   20.8000     2.4400  0.000210
   21.2000     2.4400  0.000273
   21.6000     2.4400  0.000312
   22.0000     2.4400  0.000379
   22.4000     2.4400  0.000427
   22.8000     2.4400  0.000489
   23.2000     2.4400  0.000595
   23.6000     2.4400  0.000718
   24.0000     2.4400  0.000844
   24.4000     2.4400  0.000966
   24.8000     2.4400  0.001070
   25.2000     2.4400  0.001297
   25.6000     2.4400  0.001408
   26.0000     2.4400  0.001640
   26.4000     2.4400  0.001823
   26.8000     2.4400  0.001729
   27.2000     2.4400  0.001504
   27.6000     2.4400  0.001333
   28.0000     2.4400  0.001255
   28.4000     2.4400  0.001052
   28.8000     2.4400  0.000955
   29.2000     2.4400  0.000797
   29.6000     2.4400  0.000658
   30.0000     2.4400  0.000523
   30.4000     2.4400  0.000406
   30.8000     2.4400  0.000297
   31.2000     2.4400  0.000211
   31.6000     2.4400  0.000119
   32.0000     2.4400  0.000064
   32.4000     2.4400  0.000026
   32.8000     2.4400  0.000013
   33.2000     2.4400  0.000011
   33.6000     2.4400  0.000024
   34.0000     2.4400  0.000027
   34.4000     2.4400  0.000027
   34.8000     2.4400  0.000026
   35.2000     2.4400  0.000022
   35.6000     2.4400  0.000017
   36.0000     2.4400  0.000016
   36.4000     2.4400  0.000010
   36.8000     2.4400  0.000006
   37.2000     2.4400  0.000002
   37.6000     2.4400  0.000003
   38.0000     2.4400  0.000002
   38.4000     2.4400  0.000000
   38.8000     2.4400  0.000001
   39.2000     2.4400  0.000000
   39.6000     2.4400  0.000000
    0.0000     2.5200  0.000000
    0.4000     2.5200  0.000000
    0.8000     2.5200  0.000000
    1.2000     2.5200  0.000000
    1.6000     2.5200  0.000001
    2.0000     2.5200  0.000000
    2.4000     2.5200  0.000001
    2.8000     2.5200  0.000000
    3.2000     2.5200  0.000001
    3.6000     2.5200  0.000001
    4.0000     2.5200  0.000001
    4.4000     2.5200  0.000000
    4.8000     2.5200  0.000001
    5.2000     2.5200  0.000002
    5.6000     2.5200  0.000009
    6.0000     2.5200  0.000033
    6.4000     2.5200  0.000052
    6.8000     2.5200  0.000071
    7.2000     2.5200  0.000099
    7.6000     2.5200  0.000118
    8.0000     2.5200  0.000108
    8.4000     2.5200  0.000104
    8.8000     2.5200  0.000103
    9.2000     2.5200  0.000100
    9.6000     2.5200  0.000108
   10.0000     2.5200  0.000118
   10.4000     2.5200  0.000119
   10.8000     2.5200  0.000127
   11.2000     2.5200  0.000131
   11.6000     2.5200  0.000129
   12.0000     2.5200  0.000127
   12.4000     2.5200  0.000147
   12.8000     2.5200  0.000156
   13.2000     2.5200  0.000178
   13.6000     2.5200  0.000174
   14.0000     2.5200  0.000160
   14.4000     2.5200  0.000173
   14.8000     2.5200  0.000161
   15.2000     2.5200  0.000132
   15.6000     2.5200  0.000130
   16.0000     2.5200  0.000128
   16.4000     2.5200  0.000134
   16.8000     2.5200  0.000132
   17.2000     2.5200  0.000115
   17.6000     2.5200  0.000112
   18.0000     2.5200  0.000098
   18.4000     2.5200  0.000088
   18.8000     2.5200  0.000080
   19.2000     2.5200  0.000064
   19.6000     2.5200  0.000062
   20.0000     2.5200  0.000072
   20.4000     2.5200  0.000086
   20.8000     2.5200  0.000128
   21.2000     2.5200  0.000202
   21.6000     2.5200  0.000249
   22.0000     2.5200  0.000304
   22.4000     2.5200  0.000392
   22.8000     2.5200  0.000455
   23.2000     2.5200  0.000528
   23.6000     2.5200  0.000636
   24.0000     2.5200  0.000763
   24.4000     2.5200  0.000872
   24.8000     2.5200  0.001009
   25.2000     2.5200  0.001231
   25.6000     2.5200  0.001331
   26.0000     2.5200  0.001552
   26.4000     2.5200  0.001670
   26.8000     2.5200  0.001865
   27.2000     2.5200  0.001876
   27.6000     2.5200  0.001724
   28.0000     2.5200  0.001300
   28.4000     2.5200  0.001340
   28.8000     2.5200  0.001195
   29.2000     2.5200  0.001058
   29.6000     2.5200  0.000773
   30.0000     2.5200  0.000628
   30.4000     2.5200  0.000492
   30.8000     2.5200  0.000373
   31.2000     2.5200  0.000273
   31.6000     2.5200  0.000180
   32.0000     2.5200  0.000111
   32.4000     2.5200  0.000058
   32.8000     2.5200  0.000029
   33.2000     2.5200  0.000034
   33.6000     2.5200  0.000033
   34.0000     2.5200  0.000041
   34.4000     2.5200  0.000047
   34.8000     2.5200  0.000040
   35.2000     2.5200  0.000041
   35.6000     2.5200  0.000041
   36.0000     2.5200  0.000038
   36.4000     2.5200  0.000035
   36.8000     2.5200  0.000021
   37.2000     2.5200  0.000019
   37.6000     2.5200  0.000006
   38.0000     2.5200  0.000002
   38.4000     2.5200  0.000000
   38.8000     2.5200  0.000000
   39.2000     2.5200  0.000001
   39.6000     2.5200  0.000000
    0.0000     2.6000  0.000000
    0.4000     2.6000  0.000000
    0.8000     2.6000  0.000000
    1.2000     2.6000  0.000000
    1.6000     2.6000  0.000000
    2.0000     2.6000  0.000000
    2.4000     2.6000  0.000000
    2.8000     2.6000  0.000000
    3.2000     2.6000  0.000000
    3.6000     2.6000  0.000000
    4.0000     2.6000  0.000000
    4.4000     2.6000  0.000000
    4.8000     2.6000  0.000001
    5.2000     2.6000  0.000001
    5.6000     2.6000  0.000004
    6.0000     2.6000  0.000016
    6.4000     2.6000  0.000045
    6.8000     2.6000  0.000065
    7.2000     2.6000  0.000093
    7.6000     2.6000  0.000106
    8.0000     2.6000  0.000132
    8.4000     2.6000  0.000119
    8.8000     2.6000  0.000108
    9.2000     2.6000  0.000102
    9.6000     2.6000  0.000099
   10.0000     2.6000  0.000102
   10.4000     2.6000  0.000117
   10.8000     2.6000  0.000127
   11.2000     2.6000  0.000139
   11.6000     2.6000  0.000136
   12.0000     2.6000  0.000123
   12.4000     2.6000  0.000140
   12.8000     2.6000  0.000141
   13.2000     2.6000  0.000154
   13.6000     2.6000  0.000158
   14.0000     2.6000  0.000169
   14.4000     2.6000  0.000166
   14.8000     2.6000  0.000160
   15.2000     2.6000  0.000146
   15.6000     2.6000  0.000124
   16.0000     2.6000  0.000117
   16.4000     2.6000  0.000111
   16.8000     2.6000  0.000121
   17.2000     2.6000  0.000119
   17.6000     2.6000  0.000114
   18.0000     2.6000  0.000108
   18.4000     2.6000  0.000093
   18.8000     2.6000  0.000089
   19.2000     2.6000  0.000069
   19.6000     2.6000  0.000057
   20.0000     2.6000  0.000055
   20.4000     2.6000  0.000066
   20.8000     2.6000  0.000091
   21.2000     2.6000  0.000135
   21.6000     2.6000  0.000220
   22.0000     2.6000  0.000275
   22.4000     2.6000  0.000366
   22.8000     2.6000  0.000446
   23.2000     2.6000  0.000511
   23.6000     2.6000  0.000584
   24.0000     2.6000  0.000695
   24.4000     2.6000  0.000803
   24.8000     2.6000  0.001029
   25.2000     2.6000  0.001151
   25.6000     2.6000  0.001249
   26.0000     2.6000  0.001369
   26.4000     2.6000  0.001617
   26.8000     2.6000  0.001750
   27.2000     2.6000  0.001953
   27.6000     2.6000  0.001796
   28.0000     2.6000  0.001696
   28.4000     2.6000  0.001537
   28.8000     2.6000  0.001309
   29.2000     2.6000  0.001173
   29.6000     2.6000  0.000871
   30.0000     2.6000  0.000717
   30.4000     2.6000  0.000575
   30.8000     2.6000  0.000454
   31.2000     2.6000  0.000334
   31.6000     2.6000  0.000247
   32.0000     2.6000  0.000170
   32.4000     2.6000  0.000110
   32.8000     2.6000  0.000080
   33.2000     2.6000  0.000046
   33.6000     2.6000  0.000047
   34.0000     2.6000  0.000061
   34.4000     2.6000  0.000064
   34.8000     2.6000  0.000061
   35.2000     2.6000  0.000069
   35.6000     2.6000  0.000058
   36.0000     2.6000  0.000058
   36.4000     2.6000  0.000058
   36.8000     2.6000  0.000049
   37.2000     2.6000  0.000036
   37.6000     2.6000  0.000021
   38.0000     2.6000  0.000020
   38.4000     2.6000  0.000004
   38.8000     2.6000  0.000001
   39.2000     2.6000  0.000001
   39.6000     2.6000  0.000000
    0.0000     2.6800  0.000000
    0.4000     2.6800  0.000000
    0.8000     2.6800  0.000001
    1.2000     2.6800  0.000000
    1.6000     2.6800  0.000000
    2.0000     2.6800  0.000000
    2.4000     2.6800  0.000000
    2.8000     2.6800  0.000000
    3.2000     2.6800  0.000000
    3.6000     2.6800  0.000000
    4.0000     2.6800  0.000000
    4.4000     2.6800  0.000000
    4.8000     2.6800  0.000000
    5.2000     2.6800  0.000001
    5.6000     2.6800  0.000003
    6.0000     2.6800  0.000010
    6.4000     2.6800  0.000028
    6.8000     2.6800  0.000059
    7.2000     2.6800  0.000085
    7.6000     2.6800  0.000087
    8.0000     2.6800  0.000111
    8.4000     2.6800  0.000113
    8.8000     2.6800  0.000107
    9.2000     2.6800  0.000103
    9.6000     2.6800  0.000097
   10.0000     2.6800  0.000098
   10.4000     2.6800  0.000103
   10.8000     2.6800  0.000116
   11.2000     2.6800  0.000128
   11.6000     2.6800  0.000123
   12.0000     2.6800  0.000127
   12.4000     2.6800  0.000130
   12.8000     2.6800  0.000123
   13.2000     2.6800  0.000133
   13.6000     2.6800  0.000140
   14.0000     2.6800  0.000150
   14.4000     2.6800  0.000157
   14.8000     2.6800  0.000148
   15.2000     2.6800  0.000133
   15.6000     2.6800  0.000121
   16.0000     2.6800  0.000110
   16.4000     2.6800  0.000108
   16.8000     2.6800  0.000111
   17.2000     2.6800  0.000116
   17.6000     2.6800  0.000113
   18.0000     2.6800  0.000105
   18.4000     2.6800  0.000094
   18.8000     2.6800  0.000084
   19.2000     2.6800  0.000080
   19.6000     2.6800  0.000054
   20.0000     2.6800  0.000049
   20.4000     2.6800  0.000043
   20.8000     2.6800  0.000054
   21.2000     2.6800  0.000091
   21.6000     2.6800  0.000138
   22.0000     2.6800  0.000210
   22.4000     2.6800  0.000303
   22.8000     2.6800  0.000399
   23.2000     2.6800  0.000488
   23.6000     2.6800  0.000553
   24.0000     2.6800  0.000637
   24.4000     2.6800  0.000742
   24.8000     2.6800  0.000948
   25.2000     2.6800  0.001093
   25.6000     2.6800  0.001153
   26.0000     2.6800  0.001403
   26.4000     2.6800  0.001481
   26.8000     2.6800  0.001650
   27.2000     2.6800  0.001843
   27.6000     2.6800  0.001857
   28.0000     2.6800  0.001838
   28.4000     2.6800  0.001595
   28.8000     2.6800  0.001421
   29.2000     2.6800  0.001256
   29.6000     2.6800  0.000949
   30.0000     2.6800  0.000800
   30.4000     2.6800  0.000656
   30.8000     2.6800  0.000525
   31.2000     2.6800  0.000391
   31.6000     2.6800  0.000287
   32.0000     2.6800  0.000216
   32.4000     2.6800  0.000152
   32.8000     2.6800  0.000125
   33.2000     2.6800  0.000082
   33.6000     2.6800  0.000066
   34.0000     2.6800  0.000064
   34.4000     2.6800  0.000081
   34.8000     2.6800  0.000080
   35.2000     2.6800  0.000082
   35.6000     2.6800  0.000074
   36.0000     2.6800  0.000077
   36.4000     2.6800  0.000067
   36.8000     2.6800  0.000058
   37.2000     2.6800  0.000051
   37.6000     2.6800  0.000049
   38.0000     2.6800  0.000038
   38.4000     2.6800  0.000016
   38.8000     2.6800  0.000005
   39.2000     2.6800  0.000000
   39.6000     2.6800  0.000000
    0.0000     2.7600  0.000000
    0.4000     2.7600  0.000000
    0.8000     2.7600  0.000000
    1.2000     2.7600  0.000000
    1.6000     2.7600  0.000001
    2.0000     2.7600  0.000000
    2.4000     2.7600  0.000000
    2.8000     2.7600  0.000000
    3.2000     2.7600  0.000001
    3.6000     2.7600  0.000000
    4.0000     2.7600  0.000000
    4.4000     2.7600  0.000000
    4.8000     2.7600  0.000000
    5.2000     2.7600  0.000001
    5.6000     2.7600  0.000001
    6.0000     2.7600  0.000006
    6.4000     2.7600  0.000014
    6.8000     2.7600  0.000033
    7.2000     2.7600  0.000060
    7.6000     2.7600  0.000086
    8.0000     2.7600  0.000104
    8.4000     2.7600  0.000109
    8.8000     2.7600  0.000119
    9.2000     2.7600  0.000104
    9.6000     2.7600  0.000107
   10.0000     2.7600  0.000093
   10.4000     2.7600  0.000086
   10.8000     2.7600  0.000099
   11.2000     2.7600  0.000112
   11.6000     2.7600  0.000115
   12.0000     2.7600  0.000125
   12.4000     2.7600  0.000104
   12.8000     2.7600  0.000115
   13.2000     2.7600  0.000110
   13.6000     2.7600  0.000120
   14.0000     2.7600  0.000127
   14.4000     2.7600  0.000133
   14.8000     2.7600  0.000130
   15.2000     2.7600  0.000120
   15.6000     2.7600  0.000120
   16.0000     2.7600  0.000111
   16.4000     2.7600  0.000103
   16.8000     2.7600  0.000091
   17.2000     2.7600  0.000097
   17.6000     2.7600  0.000097
   18.0000     2.7600  0.000102
   18.4000     2.7600  0.000109
   18.8000     2.7600  0.000087
   19.2000     2.7600  0.000074
   19.6000     2.7600  0.000053
   20.0000     2.7600  0.000049
   20.4000     2.7600  0.000044
   20.8000     2.7600  0.000030
   21.2000     2.7600  0.000047
   21.6000     2.7600  0.000088
   22.0000     2.7600  0.000149
   22.4000     2.7600  0.000243
   22.8000     2.7600  0.000345
   23.2000     2.7600  0.000430
   23.6000     2.7600  0.000531
   24.0000     2.7600  0.000638
   24.4000     2.7600  0.000725
   24.8000     2.7600  0.000817
   25.2000     2.7600  0.000956
   25.6000     2.7600  0.001089
   26.0000     2.7600  0.001255
   26.4000     2.7600  0.001448
   26.8000     2.7600  0.001640
   27.2000     2.7600  0.001777
   27.6000     2.7600  0.001834
   28.0000     2.7600  0.001798
   28.4000     2.7600  0.001675
   28.8000     2.7600  0.001527
   29.2000     2.7600  0.001277
   29.6000     2.7600  0.001082
   30.0000     2.7600  0.000906
   30.4000     2.7600  0.000742
   30.8000     2.7600  0.000610
   31.2000     2.7600  0.000499
   31.6000     2.7600  0.000379
   32.0000     2.7600  0.000297
   32.4000     2.7600  0.000237
   32.8000     2.7600  0.000195
   33.2000     2.7600  0.000153
   33.6000     2.7600  0.000128
   34.0000     2.7600  0.000113
   34.4000     2.7600  0.000112
   34.8000     2.7600  0.000119
   35.2000     2.7600  0.000140
   35.6000     2.7600  0.000127
   36.0000     2.7600  0.000133
   36.4000     2.7600  0.000118
   36.8000     2.7600  0.000115
   37.2000     2.7600  0.000114
   37.6000     2.7600  0.000096
   38.0000     2.7600  0.000100
   38.4000     2.7600  0.000082
   38.8000     2.7600  0.000061
   39.2000     2.7600  0.000049
   39.6000     2.7600  0.000000
    0.0000     2.8400  0.000000
    0.4000     2.8400  0.000000
    0.8000     2.8400  0.000000
    1.2000     2.8400  0.000000
    1.6000     2.8400  0.000000
    2.0000     2.8400  0.000000
    2.4000     2.8400  0.000000
    2.8000     2.8400  0.000000
    3.2000     2.8400  0.000000
    3.6000     2.8400  0.000000
    4.0000     2.8400  0.000000
    4.4000     2.8400  0.000000
    4.8000     2.8400  0.000000
    5.2000     2.8400  0.000000
    5.6000     2.8400  0.000000
    6.0000     2.8400  0.000001
    6.4000     2.8400  0.000006
    6.8000     2.8400  0.000013
    7.2000     2.8400  0.000037
    7.6000     2.8400  0.000068
    8.0000     2.8400  0.000083
    8.4000     2.8400  0.000098
    8.8000     2.8400  0.000094
    9.2000     2.8400  0.000094
    9.6000     2.8400  0.000086
   10.0000     2.8400  0.000089
   10.4000     2.8400  0.000083
   10.8000     2.8400  0.000082
   11.2000     2.8400  0.000080
   11.6000     2.8400  0.000093
   12.0000     2.8400  0.000103
   12.4000     2.8400  0.000106
   12.8000     2.8400  0.000096
   13.2000     2.8400  0.000088
   13.6000     2.8400  0.000100
   14.0000     2.8400  0.000097
   14.4000     2.8400  0.000102
   14.8000     2.8400  0.000114
   15.2000     2.8400  0.000109
   15.6000     2.8400  0.000108
   16.0000     2.8400  0.000087
   16.4000     2.8400  0.000080
   16.8000     2.8400  0.000079
   17.2000     2.8400  0.000082
   17.6000     2.8400  0.000083
   18.0000     2.8400  0.000089
   18.4000     2.8400  0.000078
   18.8000     2.8400  0.000078
   19.2000     2.8400  0.000070
   19.6000     2.8400  0.000060
   20.0000     2.8400  0.000043
   20.4000     2.8400  0.000032
   20.8000     2.8400  0.000011
   21.2000     2.8400  0.000018
   21.6000     2.8400  0.000038
   22.0000     2.8400  0.000073
   22.4000     2.8400  0.000159
   22.8000     2.8400  0.000248
   23.2000     2.8400  0.000361
   23.6000     2.8400  0.000483
   24.0000     2.8400  0.000581
   24.4000     2.8400  0.000681
   24.8000     2.8400  0.000783
   25.2000     2.8400  0.000860
   25.6000     2.8400  0.001002
   26.0000     2.8400  0.001126
   26.4000     2.8400  0.001269
   26.8000     2.8400  0.001448
   27.2000     2.8400  0.001588
   27.6000     2.8400  0.001657
   28.0000     2.8400  0.001716
   28.4000     2.8400  0.001778
   28.8000     2.8400  0.001602
   29.2000     2.8400  0.001399
   29.6000     2.8400  0.001105
   30.0000     2.8400  0.000939
   30.4000     2.8400  0.000777
   30.8000     2.8400  0.000636
   31.2000     2.8400  0.000499
   31.6000     2.8400  0.000401
   32.0000     2.8400  0.000309
   32.4000     2.8400  0.000244
   32.8000     2.8400  0.000197
   33.2000     2.8400  0.000152
   33.6000     2.8400  0.000130
   34.0000     2.8400  0.000116
   34.4000     2.8400  0.000109
   34.8000     2.8400  0.000110
   35.2000     2.8400  0.000125
   35.6000     2.8400  0.000123
   36.0000     2.8400  0.000125
   36.4000     2.8400  0.000126
   36.8000     2.8400  0.000128
   37.2000     2.8400  0.000107
   37.6000     2.8400  0.000106
   38.0000     2.8400  0.000103
   38.4000     2.8400  0.000095
   38.8000     2.8400  0.000081
   39.2000     2.8400  0.000055
   39.6000     2.8400  0.000000
    0.0000     2.9200  0.000000
    0.4000     2.9200  0.000000
    0.8000     2.9200  0.000000
    1.2000     2.9200  0.000000
    1.6000     2.9200  0.000000
    2.0000     2.9200  0.000000
    2.4000     2.9200  0.000000
    2.8000     2.9200  0.000000
    3.2000     2.9200  0.000000
    3.6000     2.9200  0.000000
    4.0000     2.9200  0.000000
    4.4000     2.9200  0.000000
    4.8000     2.9200  0.000000
    5.2000     2.9200  0.000000
    5.6000     2.9200  0.000000
    6.0000     2.9200  0.000001
    6.4000     2.9200  0.000004
    6.8000     2.9200  0.000008
    7.2000     2.9200  0.000019
    7.6000     2.9200  0.000038
    8.0000     2.9200  0.000059
    8.4000     2.9200  0.000073
    8.8000     2.9200  0.000081
    9.2000     2.9200  0.000092
    9.6000     2.9200  0.000091
   10.0000     2.9200  0.000084
   10.4000     2.9200  0.000074
   10.8000     2.9200  0.000068
   11.2000     2.9200  0.000069
   11.6000     2.9200  0.000078
   12.0000     2.9200  0.000089
   12.4000     2.9200  0.000089
   12.8000     2.9200  0.000100
   13.2000     2.9200  0.000094
   13.6000     2.9200  0.000080
   14.0000     2.9200  0.000079
   14.4000     2.9200  0.000083
   14.8000     2.9200  0.000080
   15.2000     2.9200  0.000082
   15.6000     2.9200  0.000088
   16.0000     2.9200  0.000088
   16.4000     2.9200  0.000076
   16.8000     2.9200  0.000067
   17.2000     2.9200  0.000067
   17.6000     2.9200  0.000062
   18.0000     2.9200  0.000062
   18.4000     2.9200  0.000079
   18.8000     2.9200  0.000070
   19.2000     2.9200  0.000070
   19.6000     2.9200  0.000061
   20.0000     2.9200  0.000045
   20.4000     2.9200  0.000038
   20.8000     2.9200  0.000021
   21.2000     2.9200  0.000012
   21.6000     2.9200  0.000020
   22.0000     2.9200  0.000032
   22.4000     2.9200  0.000087
   22.8000     2.9200  0.000158
   23.2000     2.9200  0.000280
   23.6000     2.9200  0.000419
   24.0000     2.9200  0.000540
   24.4000     2.9200  0.000655
   24.8000     2.9200  0.000754
   25.2000     2.9200  0.000858
   25.6000     2.9200  0.000933
   26.0000     2.9200  0.001009
   26.4000     2.9200  0.001199
   26.8000     2.9200  0.001309
   27.2000     2.9200  0.001486
   27.6000     2.9200  0.001526
   28.0000     2.9200  0.001595
   28.4000     2.9200  0.001570
   28.8000     2.9200  0.001627
   29.2000     2.9200  0.001354
   29.6000     2.9200  0.001118
   30.0000     2.9200  0.000914
   30.4000     2.9200  0.000775
   30.8000     2.9200  0.000613
   31.2000     2.9200  0.000489
   31.6000     2.9200  0.000405
   32.0000     2.9200  0.000315
   32.4000     2.9200  0.000263
   32.8000     2.9200  0.000208
   33.2000     2.9200  0.000156
   33.6000     2.9200  0.000129
   34.0000     2.9200  0.000113
   34.4000     2.9200  0.000095
   34.8000     2.9200  0.000090
   35.2000     2.9200  0.000101
   35.6000     2.9200  0.000105
   36.0000     2.9200  0.000113
   36.4000     2.9200  0.000116
   36.8000     2.9200  0.000118
   37.2000     2.9200  0.000100
   37.6000     2.9200  0.000099
   38.0000     2.9200  0.000095
   38.4000     2.9200  0.000095
   38.8000     2.9200  0.000086
   39.2000     2.9200  0.000067
   39.6000     2.9200  0.000000
    0.0000     3.0000  0.000000
    0.4000     3.0000  0.000000
    0.8000     3.0000  0.000000
    1.2000     3.0000  0.000000
    1.6000     3.0000  0.000000
    2.0000     3.0000  0.000000
    2.4000     3.0000  0.000000
    2.8000     3.0000  0.000000
    3.2000     3.0000  0.000000
    3.6000     3.0000  0.000000
    4.0000     3.0000  0.000000
    4.4000     3.0000  0.000000
    4.8000     3.0000  0.000000
    5.2000     3.0000  0.000001
    5.6000     3.0000  0.000001
    6.0000     3.0000  0.000001
    6.4000     3.0000  0.000002
    6.8000     3.0000  0.000007
    7.2000     3.0000  0.000014
    7.6000     3.0000  0.000030
    8.0000     3.0000  0.000039
    8.4000     3.0000  0.000062
    8.8000     3.0000  0.000066
    9.2000     3.0000  0.000067
    9.6000     3.0000  0.000082
   10.0000     3.0000  0.000080
   10.4000     3.0000  0.000071
   10.8000     3.0000  0.000062
   11.2000     3.0000  0.000064
   11.6000     3.0000  0.000060
   12.0000     3.0000  0.000066
   12.4000     3.0000  0.000079
   12.8000     3.0000  0.000086
   13.2000     3.0000  0.000088
   13.6000     3.0000  0.000077
   14.0000     3.0000  0.000064
   14.4000     3.0000  0.000062
   14.8000     3.0000  0.000062
   15.2000     3.0000  0.000069
   15.6000     3.0000  0.000070
   16.0000     3.0000  0.000073
   16.4000     3.0000  0.000065
   16.8000     3.0000  0.000059
   17.2000     3.0000  0.000061
   17.6000     3.0000  0.000050
   18.0000     3.0000  0.000057
   18.4000     3.0000  0.000069
   18.8000     3.0000  0.000067
   19.2000     3.0000  0.000066
   19.6000     3.0000  0.000063
   20.0000     3.0000  0.000060
   20.4000     3.0000  0.000037
   20.8000     3.0000  0.000022
   21.2000     3.0000  0.000008
   21.6000     3.0000  0.000010
   22.0000     3.0000  0.000007
   22.4000     3.0000  0.000035
   22.8000     3.0000  0.000095
   23.2000     3.0000  0.000192
   23.6000     3.0000  0.000329
   24.0000     3.0000  0.000454
   24.4000     3.0000  0.000574
   24.8000     3.0000  0.000722
   25.2000     3.0000  0.000835
   25.6000     3.0000  0.000916
   26.0000     3.0000  0.000993
   26.4000     3.0000  0.001014
   26.8000     3.0000  0.001088
   27.2000     3.0000  0.001244
   27.6000     3.0000  0.001373
   28.0000     3.0000  0.001372
   28.4000     3.0000  0.001442
   28.8000     3.0000  0.001364
   29.2000     3.0000  0.001299
   29.6000     3.0000  0.001096
   30.0000     3.0000  0.000888
   30.4000     3.0000  0.000697
   30.8000     3.0000  0.000508
   31.2000     3.0000  0.000403
   31.6000     3.0000  0.000316
   32.0000     3.0000  0.000243
   32.4000     3.0000  0.000181
   32.8000     3.0000  0.000134
   33.2000     3.0000  0.000099
   33.6000     3.0000  0.000075
   34.0000     3.0000  0.000058
   34.4000     3.0000  0.000041
   34.8000     3.0000  0.000038
   35.2000     3.0000  0.000028
   35.6000     3.0000  0.000036
   36.0000     3.0000  0.000042
   36.4000     3.0000  0.000047
   36.8000     3.0000  0.000044
   37.2000     3.0000  0.000041
   37.6000     3.0000  0.000041
   38.0000     3.0000  0.000040
   38.4000     3.0000  0.000035
   38.8000     3.0000  0.000030
   39.2000     3.0000  0.000020
   39.6000     3.0000  0.000000
    0.0000     3.0800  0.000000
    0.4000     3.0800  0.000000
    0.8000     3.0800  0.000000
    1.2000     3.0800  0.000000
    1.6000     3.0800  0.000000
    2.0000     3.0800  0.000000
    2.4000     3.0800  0.000000
    2.8000     3.0800  0.000000
    3.2000     3.0800  0.000001
    3.6000     3.0800  0.000000
    4.0000     3.0800  0.000000
    4.4000     3.0800  0.000001
    4.8000     3.0800  0.000000
    5.2000     3.0800  0.000000
    5.6000     3.0800  0.000000
    6.0000     3.0800  0.000002
    6.4000     3.0800  0.000003
    6.8000     3.0800  0.000002
    7.2000     3.0800  0.000011
    7.6000     3.0800  0.000018
    8.0000     3.0800  0.000027
    8.4000     3.0800  0.000031
    8.8000     3.0800  0.000042
    9.2000     3.0800  0.000053
    9.6000     3.0800  0.000062
   10.0000     3.0800  0.000058
   10.4000     3.0800  0.000060
   10.8000     3.0800  0.000061
   11.2000     3.0800  0.000054
   11.6000     3.0800  0.000048
   12.0000     3.0800  0.000045
   12.4000     3.0800  0.000052
   12.8000     3.0800  0.000066
   13.2000     3.0800  0.000072
   13.6000     3.0800  0.000065
   14.0000     3.0800  0.000051
   14.4000     3.0800  0.000047
   14.8000     3.0800  0.000044
   15.2000     3.0800  0.000047
   15.6000     3.0800  0.000054
   16.0000     3.0800  0.000050
   16.4000     3.0800  0.000046
   16.8000     3.0800  0.000055
   17.2000     3.0800  0.000052
   17.6000     3.0800  0.000045
   18.0000     3.0800  0.000045
   18.4000     3.0800  0.000054
   18.8000     3.0800  0.000054
   19.2000     3.0800  0.000054
   19.6000     3.0800  0.000057
   20.0000     3.0800  0.000043
   20.4000     3.0800  0.000037
   20.8000     3.0800  0.000019
   21.2000     3.0800  0.000011
   21.6000     3.0800  0.000009
   22.0000     3.0800  0.000004
   22.4000     3.0800  0.000009
   22.8000     3.0800  0.000045
   23.2000     3.0800  0.000097
   23.6000     3.0800  0.000223
   24.0000     3.0800  0.000354
   24.4000     3.0800  0.000501
   24.8000     3.0800  0.000643
   25.2000     3.0800  0.000790
   25.6000     3.0800  0.000876
   26.0000     3.0800  0.000957
   26.4000     3.0800  0.000992
   26.8000     3.0800  0.001014
   27.2000     3.0800  0.001158
   27.6000     3.0800  0.001199
   28.0000     3.0800  0.001265
   28.4000     3.0800  0.001304
   28.8000     3.0800  0.001263
   29.2000     3.0800  0.001183
   29.6000     3.0800  0.001059
   30.0000     3.0800  0.000867
   30.4000     3.0800  0.000672
   30.8000     3.0800  0.000505
   31.2000     3.0800  0.000364
   31.6000     3.0800  0.000274
   32.0000     3.0800  0.000207
   32.4000     3.0800  0.000151
   32.8000     3.0800  0.000115
   33.2000     3.0800  0.000075
   33.6000     3.0800  0.000064
   34.0000     3.0800  0.000038
   34.4000     3.0800  0.000030
   34.8000     3.0800  0.000021
   35.2000     3.0800  0.000016
   35.6000     3.0800  0.000015
   36.0000     3.0800  0.000018
   36.4000     3.0800  0.000028
   36.8000     3.0800  0.000025
   37.2000     3.0800  0.000024
   37.6000     3.0800  0.000030
   38.0000     3.0800  0.000021
   38.4000     3.0800  0.000022
   38.8000     3.0800  0.000017
   39.2000     3.0800  0.000010
   39.6000     3.0800  0.000000
    0.0000     3.1600  0.000000
    0.4000     3.1600  0.000000
    0.8000     3.1600  0.000000
    1.2000     3.1600  0.000001
    1.6000     3.1600  0.000000
    2.0000     3.1600  0.000001
    2.4000     3.1600  0.000000
    2.8000     3.1600  0.000001
    3.2000     3.1600  0.000000
    3.6000     3.1600  0.000000
    4.0000     3.1600  0.000000
    4.4000     3.1600  0.000000
    4.8000     3.1600  0.000001
    5.2000     3.1600  0.000000
    5.6000     3.1600  0.000000
    6.0000     3.1600  0.000001
    6.4000     3.1600  0.000001
    6.8000     3.1600  0.000007
    7.2000     3.1600  0.000009
    7.6000     3.1600  0.000009
    8.0000     3.1600  0.000012
    8.4000     3.1600  0.000019
    8.8000     3.1600  0.000024
    9.2000     3.1600  0.000035
    9.6000     3.1600  0.000033
   10.0000     3.1600  0.000045
   10.4000     3.1600  0.000051
   10.8000     3.1600  0.000055
   11.2000     3.1600  0.000045
   11.6000     3.1600  0.000038
   12.0000     3.1600  0.000034
   12.4000     3.1600  0.000039
   12.8000     3.1600  0.000040
   13.2000     3.1600  0.000050
   13.6000     3.1600  0.000048
   14.0000     3.1600  0.000056
   14.4000     3.1600  0.000040
   14.8000     3.1600  0.000025
   15.2000     3.1600  0.000028
   15.6000     3.1600  0.000032
   16.0000     3.1600  0.000041
   16.4000     3.1600  0.000047
   16.8000     3.1600  0.000036
   17.2000     3.1600  0.000033
   17.6000     3.1600  0.000028
   18.0000     3.1600  0.000033
   18.4000     3.1600  0.000037
   18.8000     3.1600  0.000038
   19.2000     3.1600  0.000043
   19.6000     3.1600  0.000039
   20.0000     3.1600  0.000041
   20.4000     3.1600  0.000031
   20.8000     3.1600  0.000024
   21.2000     3.1600  0.000016
   21.6000     3.1600  0.000005
   22.0000     3.1600  0.000002
   22.4000     3.1600  0.000002
   22.8000     3.1600  0.000006
   23.2000     3.1600  0.000053
   23.6000     3.1600  0.000133
   24.0000     3.1600  0.000245
   24.4000     3.1600  0.000384
   24.8000     3.1600  0.000548
   25.2000     3.1600  0.000702
   25.6000     3.1600  0.000816
   26.0000     3.1600  0.000940
   26.4000     3.1600  0.000988
   26.8000     3.1600  0.001026
   27.2000     3.1600  0.000968
   27.6000     3.1600  0.001105
   28.0000     3.1600  0.001151
   28.4000     3.1600  0.001146
   28.8000     3.1600  0.001220
   29.2000     3.1600  0.001093
   29.6000     3.1600  0.000971
   30.0000     3.1600  0.000799
   30.4000     3.1600  0.000641
   30.8000     3.1600  0.000464
   31.2000     3.1600  0.000337
   31.6000     3.1600  0.000225
   32.0000     3.1600  0.000154
   32.4000     3.1600  0.000116
   32.8000     3.1600  0.000083
   33.2000     3.1600  0.000061
   33.6000     3.1600  0.000033
   34.0000     3.1600  0.000016
   34.4000     3.1600  0.000012
   34.8000     3.1600  0.000004
   35.2000     3.1600  0.000002
   35.6000     3.1600  0.000002
   36.0000     3.1600  0.000004
   36.4000     3.1600  0.000003
   36.8000     3.1600  0.000006
   37.2000     3.1600  0.000007
   37.6000     3.1600  0.000007
   38.0000     3.1600  0.000005
   38.4000     3.1600  0.000011
   38.8000     3.1600  0.000005
   39.2000     3.1600  0.000003
   39.6000     3.1600  0.000000
    0.0000     3.2400  0.000000
    0.4000     3.2400  0.000000
    0.8000     3.2400  0.000000
    1.2000     3.2400  0.000000
    1.6000     3.2400  0.000000
    2.0000     3.2400  0.000000
    2.4000     3.2400  0.000000
    2.8000     3.2400  0.000000
    3.2000     3.2400  0.000000
    3.6000     3.2400  0.000000
    4.0000     3.2400  0.000000
    4.4000     3.2400  0.000000
    4.8000     3.2400  0.000000
    5.2000     3.2400  0.000000
    5.6000     3.2400  0.000001
    6.0000     3.2400  0.000000
    6.4000     3.2400  0.000000
    6.8000     3.2400  0.000001
    7.2000     3.2400  0.000002
    7.6000     3.2400  0.000007
    8.0000     3.2400  0.000012
    8.4000     3.2400  0.000010
    8.8000     3.2400  0.000013
    9.2000     3.2400  0.000017
    9.6000     3.2400  0.000025
   10.0000     3.2400  0.000033
   10.4000     3.2400  0.000034
   10.8000     3.2400  0.000033
   11.2000     3.2400  0.000033
   11.6000     3.2400  0.000033
   12.0000     3.2400  0.000026
   12.4000     3.2400  0.000032
   12.8000     3.2400  0.000023
   13.2000     3.2400  0.000031
   13.6000     3.2400  0.000040
   14.0000     3.2400  0.000037
   14.4000     3.2400  0.000036
   14.8000     3.2400  0.000031
   15.2000     3.2400  0.000017
   15.6000     3.2400  0.000017
   16.0000     3.2400  0.000017
   16.4000     3.2400  0.000027
   16.8000     3.2400  0.000022
   17.2000     3.2400  0.000021
   17.6000     3.2400  0.000024
   18.0000     3.2400  0.000025
   18.4000     3.2400  0.000023
   18.8000     3.2400  0.000031
   19.2000     3.2400  0.000032
   19.6000     3.2400  0.000032
   20.0000     3.2400  0.000034
   20.4000     3.2400  0.000030
   20.8000     3.2400  0.000020
   21.2000     3.2400  0.000012
   21.6000     3.2400  0.000003
   22.0000     3.2400  0.000003
   22.4000     3.2400  0.000003
   22.8000     3.2400  0.000004
   23.2000     3.2400  0.000022
   23.6000     3.2400  0.000067
   24.0000     3.2400  0.000161
   24.4000     3.2400  0.000268
   24.8000     3.2400  0.000438
   25.2000     3.2400  0.000593
   25.6000     3.2400  0.000733
   26.0000     3.2400  0.000844
   26.4000     3.2400  0.000942
   26.8000     3.2400  0.000977
   27.2000     3.2400  0.000987
   27.6000     3.2400  0.000957
   28.0000     3.2400  0.001070
   28.4000     3.2400  0.001072
   28.8000     3.2400  0.001045
   29.2000     3.2400  0.000993
   29.6000     3.2400  0.000902
   30.0000     3.2400  0.000791
   30.4000     3.2400  0.000591
   30.8000     3.2400  0.000451
   31.2000     3.2400  0.000300
   31.6000     3.2400  0.000179
   32.0000     3.2400  0.000118
   32.4000     3.2400  0.000070
   32.8000     3.2400  0.000044
   33.2000     3.2400  0.000024
   33.6000     3.2400  0.000013
   34.0000     3.2400  0.000015
   34.4000     3.2400  0.000001
   34.8000     3.2400  0.000001
   35.2000     3.2400  0.000000
   35.6000     3.2400  0.000001
   36.0000     3.2400  0.000001
   36.4000     3.2400  0.000002
   36.8000     3.2400  0.000003
   37.2000     3.2400  0.000003
   37.6000     3.2400  0.000003
   38.0000     3.2400  0.000005
   38.4000     3.2400  0.000003
   38.8000     3.2400  0.000001
   39.2000     3.2400  0.000002
   39.6000     3.2400  0.000000
    0.0000     3.3200  0.000000
    0.4000     3.3200  0.000000
    0.8000     3.3200  0.000000
    1.2000     3.3200  0.000000
    1.6000     3.3200  0.000000
    2.0000     3.3200  0.000000
    2.4000     3.3200  0.000000
    2.8000     3.3200  0.000000
    3.2000     3.3200  0.000000
    3.6000     3.3200  0.000000
    4.0000     3.3200  0.000000
    4.4000     3.3200  0.000000
    4.8000     3.3200  0.000000
    5.2000     3.3200  0.000000
    5.6000     3.3200  0.000000
    6.0000     3.3200  0.000001
    6.4000     3.3200  0.000001
    6.8000     3.3200  0.000002
    7.2000     3.3200  0.000001
    7.6000     3.3200  0.000001
    8.0000     3.3200  0.000001
    8.4000     3.3200  0.000012
    8.8000     3.3200  0.000005
    9.2000     3.3200  0.000004
    9.6000     3.3200  0.000008
   10.0000     3.3200  0.000016
   10.4000     3.3200  0.000021
   10.8000     3.3200  0.000017
   11.2000     3.3200  0.000029
   11.6000     3.3200  0.000023
   12.0000     3.3200  0.000022
   12.4000     3.3200  0.000016
   12.8000     3.3200  0.000015
   13.2000     3.3200  0.000018
   13.6000     3.3200  0.000015
   14.0000     3.3200  0.000023
   14.4000     3.3200  0.000028
   14.8000     3.3200  0.000019
   15.2000     3.3200  0.000017
   15.6000     3.3200  0.000011
   16.0000     3.3200  0.000010
   16.4000     3.3200  0.000017
   16.8000     3.3200  0.000014
   17.2000     3.3200  0.000015
   17.6000     3.3200  0.000017
   18.0000     3.3200  0.000014
   18.4000     3.3200  0.000020
   18.8000     3.3200  0.000012
   19.2000     3.3200  0.000025
   19.6000     3.3200  0.000027
   20.0000     3.3200  0.000029
   20.4000     3.3200  0.000018
   20.8000     3.3200  0.000011
   21.2000     3.3200  0.000008
   21.6000     3.3200  0.000001
   22.0000     3.3200  0.000002
   22.4000     3.3200  0.000003
   22.8000     3.3200  0.000002
   23.2000     3.3200  0.000005
   23.6000     3.3200  0.000031
   24.0000     3.3200  0.000098
   24.4000     3.3200  0.000193
   24.8000     3.3200  0.000325
   25.2000     3.3200  0.000482
   25.6000     3.3200  0.000614
   26.0000     3.3200  0.000758
   26.4000     3.3200  0.000880
   26.8000     3.3200  0.000967
   27.2000     3.3200  0.000995
   27.6000     3.3200  0.000958
   28.0000     3.3200  0.000904
   28.4000     3.3200  0.000969
   28.8000     3.3200  0.000955
   29.2000     3.3200  0.000896
   29.6000     3.3200  0.000804
   30.0000     3.3200  0.000693
   30.4000     3.3200  0.000571
   30.8000     3.3200  0.000431
   31.2000     3.3200  0.000282
   31.6000     3.3200  0.000172
   32.0000     3.3200  0.000088
   32.4000     3.3200  0.000039
   32.8000     3.3200  0.000008
   33.2000     3.3200  0.000008
   33.6000     3.3200  0.000008
   34.0000     3.3200  0.000003
   34.4000     3.3200  0.000001
   34.8000     3.3200  0.000000
   35.2000     3.3200  0.000001
   35.6000     3.3200  0.000000
   36.0000     3.3200  0.000000
   36.4000     3.3200  0.000001
   36.8000     3.3200  0.000001
   37.2000     3.3200  0.000003
   37.6000     3.3200  0.000001
   38.0000     3.3200  0.000002
   38.4000     3.3200  0.000001
   38.8000     3.3200  0.000003
   39.2000     3.3200  0.000001
   39.6000     3.3200  0.000000
    0.0000     3.4000  0.000000
    0.4000     3.4000  0.000000
    0.8000     3.4000  0.000000
    1.2000     3.4000  0.000000
    1.6000     3.4000  0.000000
    2.0000     3.4000  0.000000
    2.4000     3.4000  0.000000
    2.8000     3.4000  0.000000
    3.2000     3.4000  0.000000
    3.6000     3.4000  0.000000
    4.0000     3.4000  0.000000
    4.4000     3.4000  0.000000
    4.8000     3.4000  0.000000
    5.2000     3.4000  0.000000
    5.6000     3.4000  0.000000
    6.0000     3.4000  0.000000
    6.4000     3.4000  0.000000
    6.8000     3.4000  0.000001
    7.2000     3.4000  0.000002
    7.6000     3.4000  0.000003
    8.0000     3.4000  0.000001
    8.4000     3.4000  0.000002
    8.8000     3.4000  0.000003
    9.2000     3.4000  0.000006
    9.6000     3.4000  0.000005
   10.0000     3.4000  0.000005
   10.4000     3.4000  0.000010
   10.8000     3.4000  0.000013
   11.2000     3.4000  0.000015
   11.6000     3.4000  0.000015
   12.0000     3.4000  0.000010
   12.4000     3.4000  0.000017
   12.8000     3.4000  0.000012
   13.2000     3.4000  0.000010
   13.6000     3.4000  0.000013
   14.0000     3.4000  0.000010
   14.4000     3.4000  0.000017
   14.8000     3.4000  0.000015
   15.2000     3.4000  0.000012
   15.6000     3.4000  0.000008
   16.0000     3.4000  0.000002
   16.4000     3.4000  0.000007
   16.8000     3.4000  0.000007
   17.2000     3.4000  0.000010
   17.6000     3.4000  0.000019
   18.0000     3.4000  0.000018
   18.4000     3.4000  0.000012
   18.8000     3.4000  0.000014
   19.2000     3.4000  0.000012
   19.6000     3.4000  0.000015
   20.0000     3.4000  0.000025
   20.4000     3.4000  0.000021
   20.8000     3.4000  0.000017
   21.2000     3.4000  0.000019
   21.6000     3.4000  0.000010
   22.0000     3.4000  0.000006
   22.4000     3.4000  0.000002
   22.8000     3.4000  0.000003
   23.2000     3.4000  0.000012
   23.6000     3.4000  0.000018
   24.0000     3.4000  0.000057
   24.4000     3.4000  0.000131
   24.8000     3.4000  0.000203
   25.2000     3.4000  0.000328
   25.6000     3.4000  0.000457
   26.0000     3.4000  0.000609
   26.4000     3.4000  0.000734
   26.8000     3.4000  0.000874
   27.2000     3.4000  0.000943
   27.6000     3.4000  0.001005
   28.0000     3.4000  0.000938
   28.4000     3.4000  0.000946
   28.8000     3.4000  0.000916
   29.2000     3.4000  0.000858
   29.6000     3.4000  0.000779
   30.0000     3.4000  0.000667
   30.4000     3.4000  0.000549
   30.8000     3.4000  0.000408
   31.2000     3.4000  0.000290
   31.6000     3.4000  0.000182
   32.0000     3.4000  0.000107
   32.4000     3.4000  0.000043
   32.8000     3.4000  0.000022
   33.2000     3.4000  0.000011
   33.6000     3.4000  0.000004
   34.0000     3.4000  0.000005
   34.4000     3.4000  0.000006
   34.8000     3.4000  0.000004
   35.2000     3.4000  0.000006
   35.6000     3.4000  0.000001
   36.0000     3.4000  0.000002
   36.4000     3.4000  0.000001
   36.8000     3.4000  0.000002
   37.2000     3.4000  0.000002
   37.6000     3.4000  0.000005
   38.0000     3.4000  0.000004
   38.4000     3.4000  0.000003
   38.8000     3.4000  0.000004
   39.2000     3.4000  0.000006
   39.6000     3.4000  0.000000
    0.0000     3.4800  0.000000
    0.4000     3.4800  0.000000
    0.8000     3.4800  0.000000
    1.2000     3.4800  0.000000
    1.6000     3.4800  0.000000
    2.0000     3.4800  0.000000
    2.4000     3.4800  0.000000
    2.8000     3.4800  0.000000
    3.2000     3.4800  0.000000
    3.6000     3.4800  0.000000
    4.0000     3.4800  0.000000
    4.4000     3.4800  0.000000
    4.8000     3.4800  0.000000
    5.2000     3.4800  0.000000
    5.6000     3.4800  0.000000
    6.0000     3.4800  0.000000
    6.4000     3.4800  0.000000
    6.8000     3.4800  0.000000
    7.2000     3.4800  0.000001
    7.6000     3.4800  0.000000
    8.0000     3.4800  0.000002
    8.4000     3.4800  0.000000
    8.8000     3.4800  0.000004
    9.2000     3.4800  0.000000
    9.6000     3.4800  0.000001
   10.0000     3.4800  0.000005
   10.4000     3.4800  0.000009
   10.8000     3.4800  0.000003
   11.2000     3.4800  0.000002
   11.6000     3.4800  0.000004
   12.0000     3.4800  0.000009
   12.4000     3.4800  0.000012
   12.8000     3.4800  0.000005
   13.2000     3.4800  0.000009
   13.6000     3.4800  0.000005
   14.0000     3.4800  0.000008
   14.4000     3.4800  0.000007
   14.8000     3.4800  0.000012
   15.2000     3.4800  0.000010
   15.6000     3.4800  0.000006
   16.0000     3.4800  0.000001
   16.4000     3.4800  0.000001
   16.8000     3.4800  0.000001
   17.2000     3.4800  0.000007
   17.6000     3.4800  0.000006
   18.0000     3.4800  0.000012
   18.4000     3.4800  0.000009
   18.8000     3.4800  0.000010
   19.2000     3.4800  0.000007
   19.6000     3.4800  0.000016
   20.0000     3.4800  0.000020
   20.4000     3.4800  0.000016
   20.8000     3.4800  0.000015
   21.2000     3.4800  0.000014
   21.6000     3.4800  0.000010
   22.0000     3.4800  0.000004
   22.4000     3.4800  0.000001
   22.8000     3.4800  0.000003
   23.2000     3.4800  0.000004
   23.6000     3.4800  0.000015
   24.0000     3.4800  0.000042
   24.4000     3.4800  0.000096
   24.8000     3.4800  0.000145
   25.2000     3.4800  0.000245
   25.6000     3.4800  0.000357
   26.0000     3.4800  0.000493
   26.4000     3.4800  0.000628
   26.8000     3.4800  0.000716
   27.2000     3.4800  0.000863
   27.6000     3.4800  0.000906
   28.0000     3.4800  0.000935
   28.4000     3.4800  0.000896
   28.8000     3.4800  0.000856
   29.2000     3.4800  0.000796
   29.6000     3.4800  0.000719
   30.0000     3.4800  0.000615
   30.4000     3.4800  0.000504
   30.8000     3.4800  0.000389
   31.2000     3.4800  0.000279
   31.6000     3.4800  0.000185
   32.0000     3.4800  0.000100
   32.4000     3.4800  0.000048
   32.8000     3.4800  0.000005
   33.2000     3.4800  0.000003
   33.6000     3.4800  0.000004
   34.0000     3.4800  0.000002
   34.4000     3.4800  0.000005
   34.8000     3.4800  0.000002
   35.2000     3.4800  0.000001
   35.6000     3.4800  0.000001
   36.0000     3.4800  0.000001
   36.4000     3.4800  0.000001
   36.8000     3.4800  0.000001
   37.2000     3.4800  0.000001
   37.6000     3.4800  0.000003
   38.0000     3.4800  0.000002
   38.4000     3.4800  0.000005
   38.8000     3.4800  0.000002
   39.2000     3.4800  0.000002
   39.6000     3.4800  0.000000
    0.0000     3.5600  0.000000
    0.4000     3.5600  0.000000
    0.8000     3.5600  0.000000
    1.2000     3.5600  0.000000
    1.6000     3.5600  0.000000
    2.0000     3.5600  0.000000
    2.4000     3.5600  0.000000
    2.8000     3.5600  0.000000
    3.2000     3.5600  0.000000
    3.6000     3.5600  0.000000
    4.0000     3.5600  0.000000
    4.4000     3.5600  0.000000
    4.8000     3.5600  0.000000
    5.2000     3.5600  0.000000
    5.6000     3.5600  0.000000
    6.0000     3.5600  0.000000
    6.4000     3.5600  0.000000
    6.8000     3.5600  0.000000
    7.2000     3.5600  0.000001
    7.6000     3.5600  0.000002
    8.0000     3.5600  0.000000
    8.4000     3.5600  0.000000
    8.8000     3.5600  0.000001
    9.2000     3.5600  0.000000
    9.6000     3.5600  0.000000
   10.0000     3.5600  0.000001
   10.4000     3.5600  0.000001
   10.8000     3.5600  0.000000
   11.2000     3.5600  0.000001
   11.6000     3.5600  0.000003
   12.0000     3.5600  0.000002
   12.4000     3.5600  0.000001
   12.8000     3.5600  0.000002
   13.2000     3.5600  0.000001
   13.6000     3.5600  0.000002
   14.0000     3.5600  0.000001
   14.4000     3.5600  0.000001
   14.8000     3.5600  0.000003
   15.2000     3.5600  0.000001
   15.6000     3.5600  0.000002
   16.0000     3.5600  0.000000
   16.4000     3.5600  0.000000
   16.8000     3.5600  0.000001
   17.2000     3.5600  0.000005
   17.6000     3.5600  0.000000
   18.0000     3.5600  0.000001
   18.4000     3.5600  0.000002
   18.8000     3.5600  0.000001
   19.2000     3.5600  0.000005
   19.6000     3.5600  0.000012
   20.0000     3.5600  0.000002
   20.4000     3.5600  0.000007
   20.8000     3.5600  0.000001
   21.2000     3.5600  0.000002
   21.6000     3.5600  0.000001
   22.0000     3.5600  0.000001
   22.4000     3.5600  0.000001
   22.8000     3.5600  0.000002
   23.2000     3.5600  0.000002
   23.6000     3.5600  0.000010
   24.0000     3.5600  0.000020
   24.4000     3.5600  0.000063
   24.8000     3.5600  0.000103
   25.2000     3.5600  0.000190
   25.6000     3.5600  0.000281
   26.0000     3.5600  0.000400
   26.4000     3.5600  0.000517
   26.8000     3.5600  0.000624
   27.2000     3.5600  0.000746
   27.6000     3.5600  0.000865
   28.0000     3.5600  0.000902
   28.4000     3.5600  0.000886
   28.8000     3.5600  0.000843
   29.2000     3.5600  0.000770
   29.6000     3.5600  0.000680
   30.0000     3.5600  0.000597
   30.4000     3.5600  0.000481
   30.8000     3.5600  0.000358
   31.2000     3.5600  0.000258
   31.6000     3.5600  0.000162
   32.0000     3.5600  0.000085
   32.4000     3.5600  0.000041
   32.8000     3.5600  0.000009
   33.2000     3.5600  0.000001
   33.6000     3.5600  0.000001
   34.0000     3.5600  0.000001
   34.4000     3.5600  0.000006
   34.8000     3.5600  0.000003
   35.2000     3.5600  0.000003
   35.6000     3.5600  0.000001
   36.0000     3.5600  0.000001
   36.4000     3.5600  0.000003
   36.8000     3.5600  0.000001
   37.2000     3.5600  0.000001
   37.6000     3.5600  0.000002
   38.0000     3.5600  0.000003
   38.4000     3.5600  0.000002
   38.8000     3.5600  0.000002
   39.2000     3.5600  0.000003
   39.6000     3.5600  0.000000
    0.0000     3.6400  0.000000
    0.4000     3.6400  0.000000
    0.8000     3.6400  0.000000
    1.2000     3.6400  0.000000
    1.6000     3.6400  0.000000
    2.0000     3.6400  0.000000
    2.4000     3.6400  0.000000
    2.8000     3.6400  0.000000
    3.2000     3.6400  0.000000
    3.6000     3.6400  0.000000
    4.0000     3.6400  0.000000
    4.4000     3.6400  0.000000
    4.8000     3.6400  0.000000
    5.2000     3.6400  0.000000
    5.6000     3.6400  0.000000
    6.0000     3.6400  0.000000
    6.4000     3.6400  0.000000
    6.8000     3.6400  0.000000
    7.2000     3.6400  0.000000
    7.6000     3.6400  0.000000
    8.0000     3.6400  0.000000
    8.4000     3.6400  0.000000
    8.8000     3.6400  0.000000
    9.2000     3.6400  0.000000
    9.6000     3.6400  0.000000
   10.0000     3.6400  0.000000
   10.4000     3.6400  0.000000
   10.8000     3.6400  0.000000
   11.2000     3.6400  0.000000
   11.6000     3.6400  0.000000
   12.0000     3.6400  0.000000
   12.4000     3.6400  0.000000
   12.8000     3.6400  0.000000
   13.2000     3.6400  0.000001
   13.6000     3.6400  0.000000
   14.0000     3.6400  0.000000
   14.4000     3.6400  0.000000
   14.8000     3.6400  0.000000
   15.2000     3.6400  0.000001
   15.6000     3.6400  0.000001
   16.0000     3.6400  0.000001
   16.4000     3.6400  0.000000
   16.8000     3.6400  0.000001
   17.2000     3.6400  0.000001
   17.6000     3.6400  0.000001
   18.0000     3.6400  0.000001
   18.4000     3.6400  0.000002
   18.8000     3.6400  0.000000
   19.2000     3.6400  0.000001
   19.6000     3.6400  0.000001
   20.0000     3.6400  0.000001
   20.4000     3.6400  0.000004
   20.8000     3.6400  0.000003
   21.2000     3.6400  0.000003
   21.6000     3.6400  0.000001
   22.0000     3.6400  0.000001
   22.4000     3.6400  0.000000
   22.8000     3.6400  0.000001
   23.2000     3.6400  0.000001
   23.6000     3.6400  0.000002
   24.0000     3.6400  0.000018
   24.4000     3.6400  0.000044
   24.8000     3.6400  0.000083
   25.2000     3.6400  0.000144
   25.6000     3.6400  0.000240
   26.0000     3.6400  0.000337
   26.4000     3.6400  0.000440
   26.8000     3.6400  0.000550
   27.2000     3.6400  0.000644
   27.6000     3.6400  0.000742
   28.0000     3.6400  0.000799
   28.4000     3.6400  0.000832
   28.8000     3.6400  0.000788
   29.2000     3.6400  0.000731
   29.6000     3.6400  0.000630
   30.0000     3.6400  0.000534
   30.4000     3.6400  0.000449
   30.8000     3.6400  0.000341
   31.2000     3.6400  0.000233
   31.6000     3.6400  0.000149
   32.0000     3.6400  0.000083
   32.4000     3.6400  0.000042
   32.8000     3.6400  0.000008
   33.2000     3.6400  0.000001
   33.6000     3.6400  0.000001
   34.0000     3.6400  0.000003
   34.4000     3.6400  0.000003
   34.8000     3.6400  0.000002
   35.2000     3.6400  0.000001
   35.6000     3.6400  0.000002
   36.0000     3.6400  0.000003
   36.4000     3.6400  0.000002
   36.8000     3.6400  0.000003
   37.2000     3.6400  0.000002
   37.6000     3.6400  0.000002
   38.0000     3.6400  0.000003
   38.4000     3.6400  0.000004
   38.8000     3.6400  0.000003
   39.2000     3.6400  0.000002
   39.6000     3.6400  0.000000
    0.0000     3.7200  0.000000
    0.4000     3.7200  0.000000
    0.8000     3.7200  0.000000
    1.2000     3.7200  0.000000
    1.6000     3.7200  0.000000
    2.0000     3.7200  0.000000
    2.4000     3.7200  0.000000
    2.8000     3.7200  0.000000
    3.2000     3.7200  0.000000
    3.6000     3.7200  0.000000
    4.0000     3.7200  0.000000
    4.4000     3.7200  0.000000
    4.8000     3.7200  0.000000
    5.2000     3.7200  0.000000
    5.6000     3.7200  0.000000
    6.0000     3.7200  0.000000
    6.4000     3.7200  0.000000
    6.8000     3.7200  0.000000
    7.2000     3.7200  0.000000
    7.6000     3.7200  0.000000
    8.0000     3.7200  0.000001
    8.4000     3.7200  0.000000
    8.8000     3.7200  0.000000
    9.2000     3.7200  0.000000
    9.6000     3.7200  0.000000
   10.0000     3.7200  0.000000
   10.4000     3.7200  0.000000
   10.8000     3.7200  0.000000
   11.2000     3.7200  0.000000
   11.6000     3.7200  0.000000
   12.0000     3.7200  0.000000
   12.4000     3.7200  0.000000
   12.8000     3.7200  0.000000
   13.2000     3.7200  0.000000
   13.6000     3.7200  0.000000
   14.0000     3.7200  0.000000
   14.4000     3.7200  0.000000
   14.8000     3.7200  0.000000
   15.2000     3.7200  0.000000
   15.6000     3.7200  0.000000
   16.0000     3.7200  0.000000
   16.4000     3.7200  0.000000
   16.8000     3.7200  0.000001
   17.2000     3.7200  0.000000
   17.6000     3.7200  0.000000
   18.0000     3.7200  0.000000
   18.4000     3.7200  0.000001
   18.8000     3.7200  0.000001
   19.2000     3.7200  0.000001
   19.6000     3.7200  0.000001
   20.0000     3.7200  0.000000
   20.4000     3.7200  0.000005
   20.8000     3.7200  0.000002
   21.2000     3.7200  0.000001
   21.6000     3.7200  0.000001
   22.0000     3.7200  0.000000
   22.4000     3.7200  0.000001
   22.8000     3.7200  0.000000
   23.2000     3.7200  0.000001
   23.6000     3.7200  0.000001
   24.0000     3.7200  0.000014
   24.4000     3.7200  0.000041
   24.8000     3.7200  0.000057
   25.2000     3.7200  0.000133
   25.6000     3.7200  0.000186
   26.0000     3.7200  0.000290
   26.4000     3.7200  0.000404
   26.8000     3.7200  0.000483
   27.2000     3.7200  0.000544
   27.6000     3.7200  0.000652
   28.0000     3.7200  0.000715
   28.4000     3.7200  0.000761
   28.8000     3.7200  0.000766
   29.2000     3.7200  0.000716
   29.6000     3.7200  0.000588
   30.0000     3.7200  0.000513
   30.4000     3.7200  0.000425
   30.8000     3.7200  0.000319
   31.2000     3.7200  0.000229
   31.6000     3.7200  0.000141
   32.0000     3.7200  0.000088
   32.4000     3.7200  0.000034
   32.8000     3.7200  0.000007
   33.2000     3.7200  0.000001
   33.6000     3.7200  0.000001
   34.0000     3.7200  0.000001
   34.4000     3.7200  0.000001
   34.8000     3.7200  0.000001
   35.2000     3.7200  0.000003
   35.6000     3.7200  0.000003
   36.0000     3.7200  0.000001
   36.4000     3.7200  0.000001
   36.8000     3.7200  0.000004
   37.2000     3.7200  0.000001
   37.6000     3.7200  0.000002
   38.0000     3.7200  0.000004
   38.4000     3.7200  0.000005
   38.8000     3.7200  0.000002
   39.2000     3.7200  0.000001
   39.6000     3.7200  0.000000
    0.0000     3.8000  0.000000
    0.4000     3.8000  0.000000
    0.8000     3.8000  0.000000
    1.2000     3.8000  0.000000
    1.6000     3.8000  0.000000
    2.0000     3.8000  0.000000
    2.4000     3.8000  0.000000
    2.8000     3.8000  0.000000
    3.2000     3.8000  0.000000
    3.6000     3.8000  0.000000
    4.0000     3.8000  0.000000
    4.4000     3.8000  0.000000
    4.8000     3.8000  0.000000
    5.2000     3.8000  0.000000
    5.6000     3.8000  0.000000
    6.0000     3.8000  0.000000
    6.4000     3.8000  0.000000
    6.8000     3.8000  0.000000
    7.2000     3.8000  0.000000
    7.6000     3.8000  0.000000
    8.0000     3.8000  0.000000
    8.4000     3.8000  0.000000
    8.8000     3.8000  0.000001
    9.2000     3.8000  0.000000
    9.6000     3.8000  0.000000
   10.0000     3.8000  0.000000
   10.4000     3.8000  0.000000
   10.8000     3.8000  0.000000
   11.2000     3.8000  0.000000
   11.6000     3.8000  0.000000
   12.0000     3.8000  0.000000
   12.4000     3.8000  0.000000
   12.8000     3.8000  0.000000
   13.2000     3.8000  0.000000
   13.6000     3.8000  0.000000
   14.0000     3.8000  0.000000
   14.4000     3.8000  0.000000
   14.8000     3.8000  0.000000
   15.2000     3.8000  0.000000
   15.6000     3.8000  0.000001
   16.0000     3.8000  0.000000
   16.4000     3.8000  0.000000
   16.8000     3.8000  0.000000
   17.2000     3.8000  0.000000
   17.6000     3.8000  0.000000
   18.0000     3.8000  0.000001
   18.4000     3.8000  0.000000
   18.8000     3.8000  0.000000
   19.2000     3.8000  0.000000
   19.6000     3.8000  0.000000
   20.0000     3.8000  0.000000
   20.4000     3.8000  0.000000
   20.8000     3.8000  0.000001
   21.2000     3.8000  0.000000
   21.6000     3.8000  0.000000
   22.0000     3.8000  0.000000
   22.4000     3.8000  0.000000
   22.8000     3.8000  0.000000
   23.2000     3.8000  0.000000
   23.6000     3.8000  0.000001
   24.0000     3.8000  0.000006
   24.4000     3.8000  0.000024
   24.8000     3.8000  0.000048
   25.2000     3.8000  0.000101
   25.6000     3.8000  0.000182
   26.0000     3.8000  0.000265
   26.4000     3.8000  0.000369
   26.8000     3.8000  0.000444
   27.2000     3.8000  0.000511
   27.6000     3.8000  0.000590
   28.0000     3.8000  0.000646
   28.4000     3.8000  0.000696
   28.8000     3.8000  0.000683
   29.2000     3.8000  0.000647
   29.6000     3.8000  0.000550
   30.0000     3.8000  0.000480
   30.4000     3.8000  0.000384
   30.8000     3.8000  0.000291
   31.2000     3.8000  0.000215
   31.6000     3.8000  0.000138
   32.0000     3.8000  0.000072
   32.4000     3.8000  0.000030
   32.8000     3.8000  0.000002
   33.2000     3.8000  0.000001
   33.6000     3.8000  0.000001
   34.0000     3.8000  0.000002
   34.4000     3.8000  0.000001
   34.8000     3.8000  0.000001
   35.2000     3.8000  0.000001
   35.6000     3.8000  0.000002
   36.0000     3.8000  0.000002
   36.4000     3.8000  0.000001
   36.8000     3.8000  0.000002
   37.2000     3.8000  0.000002
   37.6000     3.8000  0.000001
   38.0000     3.8000  0.000001
   38.4000     3.8000  0.000001
   38.8000     3.8000  0.000001
   39.2000     3.8000  0.000002
   39.6000     3.8000  0.000000
    0.0000     3.8800  0.000000
    0.4000     3.8800  0.000000
    0.8000     3.8800  0.000000
    1.2000     3.8800  0.000000
    1.6000     3.8800  0.000000
    2.0000     3.8800  0.000000
    2.4000     3.8800  0.000000
    2.8000     3.8800  0.000000
    3.2000     3.8800  0.000000
    3.6000     3.8800  0.000000
    4.0000     3.8800  0.000000
    4.4000     3.8800  0.000000
    4.8000     3.8800  0.000000
    5.2000     3.8800  0.000000
    5.6000     3.8800  0.000000
    6.0000     3.8800  0.000000
    6.4000     3.8800  0.000000
    6.8000     3.8800  0.000000
    7.2000     3.8800  0.000000
    7.6000     3.8800  0.000000
    8.0000     3.8800  0.000000
    8.4000     3.8800  0.000000
    8.8000     3.8800  0.000000
    9.2000     3.8800  0.000000
    9.6000     3.8800  0.000000
   10.0000     3.8800  0.000000
   10.4000     3.8800  0.000000
   10.8000     3.8800  0.000000
   11.2000     3.8800  0.000000
   11.6000     3.8800  0.000000
   12.0000     3.8800  0.000000
   12.4000     3.8800  0.000000
   12.8000     3.8800  0.000000
   13.2000     3.8800  0.000000
   13.6000     3.8800  0.000001
   14.0000     3.8800  0.000000
   14.4000     3.8800  0.000000
   14.8000     3.8800  0.000000
   15.2000     3.8800  0.000000
   15.6000     3.8800  0.000000
   16.0000     3.8800  0.000000
   16.4000     3.8800  0.000000
   16.8000     3.8800  0.000000
   17.2000     3.8800  0.000000
   17.6000     3.8800  0.000000
   18.0000     3.8800  0.000000
   18.4000     3.8800  0.000000
   18.8000     3.8800  0.000000
   19.2000     3.8800  0.000000
   19.6000     3.8800  0.000000
   20.0000     3.8800  0.000000
   20.4000     3.8800  0.000000
   20.8000     3.8800  0.000000
   21.2000     3.8800  0.000000
   21.6000     3.8800  0.000000
   22.0000     3.8800  0.000000
   22.4000     3.8800  0.000000
   22.8000     3.8800  0.000000
   23.2000     3.8800  0.000000
   23.6000     3.8800  0.000000
   24.0000     3.8800  0.000001
   24.4000     3.8800  0.000003
   24.8000     3.8800  0.000027
   25.2000     3.8800  0.000075
   25.6000     3.8800  0.000172
   26.0000     3.8800  0.000223
   26.4000     3.8800  0.000332
   26.8000     3.8800  0.000436
   27.2000     3.8800  0.000531
   27.6000     3.8800  0.000586
   28.0000     3.8800  0.000607
   28.4000     3.8800  0.000617
   28.8000     3.8800  0.000615
   29.2000     3.8800  0.000589
   29.6000     3.8800  0.000509
   30.0000     3.8800  0.000450
   30.4000     3.8800  0.000352
   30.8000     3.8800  0.000270
   31.2000     3.8800  0.000194
   31.6000     3.8800  0.000115
   32.0000     3.8800  0.000056
   32.4000     3.8800  0.000025
   32.8000     3.8800  0.000002
   33.2000     3.8800  0.000001
   33.6000     3.8800  0.000001
   34.0000     3.8800  0.000001
   34.4000     3.8800  0.000000
   34.8000     3.8800  0.000000
   35.2000     3.8800  0.000000
   35.6000     3.8800  0.000001
   36.0000     3.8800  0.000000
   36.4000     3.8800  0.000000
   36.8000     3.8800  0.000000
   37.2000     3.8800  0.000001
   37.6000     3.8800  0.000000
   38.0000     3.8800  0.000001
   38.4000     3.8800  0.000001
   38.8000     3.8800  0.000002
   39.2000     3.8800  0.000001
   39.6000     3.8800  0.000000
    0.0000     3.9600  0.000000
    0.4000     3.9600  0.000000
    0.8000     3.9600  0.000000
    1.2000     3.9600  0.000000
    1.6000     3.9600  0.000000
    2.0000     3.9600  0.000000
    2.4000     3.9600  0.000000
    2.8000     3.9600  0.000000
    3.2000     3.9600  0.000000
    3.6000     3.9600  0.000000
    4.0000     3.9600  0.000000
    4.4000     3.9600  0.000000
    4.8000     3.9600  0.000000
    5.2000     3.9600  0.000000
    5.6000     3.9600  0.000000
    6.0000     3.9600  0.000000
    6.4000     3.9600  0.000000
    6.8000     3.9600  0.000000
    7.2000     3.9600  0.000001
    7.6000     3.9600  0.000000
    8.0000     3.9600  0.000000
    8.4000     3.9600  0.000000
    8.8000     3.9600  0.000000
    9.2000     3.9600  0.000000
    9.6000     3.9600  0.000000
   10.0000     3.9600  0.000000
   10.4000     3.9600  0.000000
   10.8000     3.9600  0.000000
   11.2000     3.9600  0.000000
   11.6000     3.9600  0.000000
   12.0000     3.9600  0.000000
   12.4000     3.9600  0.000000
   12.8000     3.9600  0.000000
   13.2000     3.9600  0.000000
   13.6000     3.9600  0.000000
   14.0000     3.9600  0.000000
   14.4000     3.9600  0.000000
   14.8000     3.9600  0.000000
   15.2000     3.9600  0.000000
   15.6000     3.9600  0.000000
   16.0000     3.9600  0.000000
   16.4000     3.9600  0.000000
   16.8000     3.9600  0.000000
   17.2000     3.9600  0.000000
   17.6000     3.9600  0.000000
   18.0000     3.9600  0.000000
   18.4000     3.9600  0.000000
   18.8000     3.9600  0.000000
   19.2000     3.9600  0.000001
   19.6000     3.9600  0.000000
   20.0000     3.9600  0.000000
   20.4000     3.9600  0.000001
   20.8000     3.9600  0.000000
   21.2000     3.9600  0.000000
   21.6000     3.9600  0.000000
   22.0000     3.9600  0.000000
   22.4000     3.9600  0.000000
   22.8000     3.9600  0.000000
   23.2000     3.9600  0.000000
   23.6000     3.9600  0.000000
   24.0000     3.9600  0.000001
   24.4000     3.9600  0.000005
   24.8000     3.9600  0.000014
   25.2000     3.9600  0.000063
   25.6000     3.9600  0.000110
   26.0000     3.9600  0.000203
   26.4000     3.9600  0.000300
   26.8000     3.9600  0.000407
   27.2000     3.9600  0.000505
   27.6000     3.9600  0.000589
   28.0000     3.9600  0.000613
   28.4000     3.9600  0.000612
   28.8000     3.9600  0.000582
   29.2000     3.9600  0.000544
   29.6000     3.9600  0.000471
   30.0000     3.9600  0.000390
   30.4000     3.9600  0.000309
   30.8000     3.9600  0.000246
   31.2000     3.9600  0.000163
   31.6000     3.9600  0.000100
   32.0000     3.9600  0.000060
   32.4000     3.9600  0.000026
   32.8000     3.9600  0.000002
   33.2000     3.9600  0.000001
   33.6000     3.9600  0.000000
   34.0000     3.9600  0.000000
   34.4000     3.9600  0.000000
   34.8000     3.9600  0.000000
   35.2000     3.9600  0.000001
   35.6000     3.9600  0.000000
   36.0000     3.9600  0.000001
   36.4000     3.9600  0.000001
   36.8000     3.9600  0.000000
   37.2000     3.9600  0.000001
   37.6000     3.9600  0.000001
   38.0000     3.9600  0.000002
   38.4000     3.9600  0.000001
   38.8000     3.9600  0.000001
   39.2000     3.9600  0.000001
   39.6000     3.9600  0.000000
    0.0000     4.0400  0.000000
    0.4000     4.0400  0.000000
    0.8000     4.0400  0.000000
    1.2000     4.0400  0.000000
    1.6000     4.0400  0.000000
    2.0000     4.0400  0.000000
    2.4000     4.0400  0.000000
    2.8000     4.0400  0.000000
    3.2000     4.0400  0.000000
    3.6000     4.0400  0.000000
    4.0000     4.0400  0.000000
    4.4000     4.0400  0.000000
    4.8000     4.0400  0.000000
    5.2000     4.0400  0.000000
    5.6000     4.0400  0.000000
    6.0000     4.0400  0.000000
    6.4000     4.0400  0.000000
    6.8000     4.0400  0.000000
    7.2000     4.0400  0.000000
    7.6000     4.0400  0.000000
    8.0000     4.0400  0.000000
    8.4000     4.0400  0.000000
    8.8000     4.0400  0.000000
    9.2000     4.0400  0.000000
    9.6000     4.0400  0.000000
   10.0000     4.0400  0.000000
   10.4000     4.0400  0.000000
   10.8000     4.0400  0.000000
   11.2000     4.0400  0.000000
   11.6000     4.0400  0.000000
   12.0000     4.0400  0.000000
   12.4000     4.0400  0.000000
   12.8000     4.0400  0.000000
   13.2000     4.0400  0.000000
   13.6000     4.0400  0.000000
   14.0000     4.0400  0.000000
   14.4000     4.0400  0.000000
   14.8000     4.0400  0.000000
   15.2000     4.0400  0.000000
   15.6000     4.0400  0.000000
   16.0000     4.0400  0.000000
   16.4000     4.0400  0.000000
   16.8000     4.0400  0.000000
   17.2000     4.0400  0.000000
   17.6000     4.0400  0.000000
   18.0000     4.0400  0.000000
   18.4000     4.0400  0.000000
   18.8000     4.0400  0.000000
   19.2000     4.0400  0.000000
   19.6000     4.0400  0.000000
   20.0000     4.0400  0.000000
   20.4000     4.0400  0.000000
   20.8000     4.0400  0.000000
   21.2000     4.0400  0.000000
   21.6000     4.0400  0.000000
   22.0000     4.0400  0.000000
   22.4000     4.0400  0.000000
   22.8000     4.0400  0.000000
   23.2000     4.0400  0.000000
   23.6000     4.0400  0.000000
   24.0000     4.0400  0.000000
   24.4000     4.0400  0.000001
   24.8000     4.0400  0.000007
   25.2000     4.0400  0.000033
   25.6000     4.0400  0.000092
   26.0000     4.0400  0.000180
   26.4000     4.0400  0.000280
   26.8000     4.0400  0.000376
   27.2000     4.0400  0.000497
   27.6000     4.0400  0.000582
   28.0000     4.0400  0.000624
   28.4000     4.0400  0.000626
   28.8000     4.0400  0.000579
   29.2000     4.0400  0.000505
   29.6000     4.0400  0.000411
   30.0000     4.0400  0.000354
   30.4000     4.0400  0.000274
   30.8000     4.0400  0.000206
   31.2000     4.0400  0.000148
   31.6000     4.0400  0.000093
   32.0000     4.0400  0.000049
   32.4000     4.0400  0.000013
   32.8000     4.0400  0.000001
   33.2000     4.0400  0.000000
   33.6000     4.0400  0.000000
   34.0000     4.0400  0.000000
   34.4000     4.0400  0.000000
   34.8000     4.0400  0.000000
   35.2000     4.0400  0.000001
   35.6000     4.0400  0.000001
   36.0000     4.0400  0.000000
   36.4000     4.0400  0.000001
   36.8000     4.0400  0.000000
   37.2000     4.0400  0.000001
   37.6000     4.0400  0.000000
   38.0000     4.0400  0.000001
   38.4000     4.0400  0.000001
   38.8000     4.0400  0.000001
   39.2000     4.0400  0.000001
   39.6000     4.0400  0.000000
    0.0000     4.1200  0.000000
    0.4000     4.1200  0.000000
    0.8000     4.1200  0.000000
    1.2000     4.1200  0.000000
    1.6000     4.1200  0.000000
    2.0000     4.1200  0.000000
    2.4000     4.1200  0.000000
    2.8000     4.1200  0.000000
    3.2000     4.1200  0.000000
    3.6000     4.1200  0.000000
    4.0000     4.1200  0.000000
    4.4000     4.1200  0.000000
    4.8000     4.1200  0.000000
    5.2000     4.1200  0.000000
    5.6000     4.1200  0.000000
    6.0000     4.1200  0.000000
    6.4000     4.1200  0.000000
    6.8000     4.1200  0.000000
    7.2000     4.1200  0.000000
    7.6000     4.1200  0.000000
    8.0000     4.1200  0.000000
    8.4000     4.1200  0.000000
    8.8000     4.1200  0.000000
    9.2000     4.1200  0.000000
    9.6000     4.1200  0.000000
   10.0000     4.1200  0.000000
   10.4000     4.1200  0.000000
   10.8000     4.1200  0.000000
   11.2000     4.1200  0.000000
   11.6000     4.1200  0.000000
   12.0000     4.1200  0.000000
   12.4000     4.1200  0.000000
   12.8000     4.1200  0.000000
   13.2000     4.1200  0.000000
   13.6000     4.1200  0.000000
   14.0000     4.1200  0.000000
   14.4000     4.1200  0.000000
   14.8000     4.1200  0.000000
   15.2000     4.1200  0.000000
   15.6000     4.1200  0.000000
   16.0000     4.1200  0.000000
   16.4000     4.1200  0.000000
   16.8000     4.1200  0.000000
   17.2000     4.1200  0.000000
   17.6000     4.1200  0.000000
   18.0000     4.1200  0.000001
   18.4000     4.1200  0.000000
   18.8000     4.1200  0.000000
   19.2000     4.1200  0.000000
   19.6000     4.1200  0.000000
   20.0000     4.1200  0.000000
   20.4000     4.1200  0.000000
   20.8000     4.1200  0.000000
   21.2000     4.1200  0.000000
   21.6000     4.1200  0.000000
   22.0000     4.1200  0.000000
   22.4000     4.1200  0.000000
   22.8000     4.1200  0.000000
   23.2000     4.1200  0.000000
   23.6000     4.1200  0.000000
   24.0000     4.1200  0.000000
   24.4000     4.1200  0.000001
   24.8000     4.1200  0.000001
   25.2000     4.1200  0.000015
   25.6000     4.1200  0.000073
   26.0000     4.1200  0.000133
   26.4000     4.1200  0.000246
   26.8000     4.1200  0.000359
   27.2000     4.1200  0.000467
   27.6000     4.1200  0.000563
   28.0000     4.1200  0.000612
   28.4000     4.1200  0.000645
   28.8000     4.1200  0.000602
   29.2000     4.1200  0.000522
   29.6000     4.1200  0.000398
   30.0000     4.1200  0.000321
   30.4000     4.1200  0.000234
   30.8000     4.1200  0.000176
   31.2000     4.1200  0.000118
   31.6000     4.1200  0.000077
   32.0000     4.1200  0.000035
   32.4000     4.1200  0.000004
   32.8000     4.1200  0.000001
   33.2000     4.1200  0.000000
   33.6000     4.1200  0.000000
   34.0000     4.1200  0.000000
   34.4000     4.1200  0.000000
   34.8000     4.1200  0.000000
   35.2000     4.1200  0.000000
   35.6000     4.1200  0.000000
   36.0000     4.1200  0.000000
   36.4000     4.1200  0.000001
   36.8000     4.1200  0.000000
   37.2000     4.1200  0.000000
   37.6000     4.1200  0.000001
   38.0000     4.1200  0.000000
   38.4000     4.1200  0.000001
   38.8000     4.1200  0.000001
   39.2000     4.1200  0.000001
   39.6000     4.1200  0.000000
    0.0000     4.2000  0.000000
    0.4000     4.2000  0.000000
    0.8000     4.2000  0.000000
    1.2000     4.2000  0.000000
    1.6000     4.2000  0.000000
    2.0000     4.2000  0.000000
    2.4000     4.2000  0.000000
    2.8000     4.2000  0.000000
    3.2000     4.2000  0.000000
    3.6000     4.2000  0.000000
    4.0000     4.2000  0.000000
    4.4000     4.2000  0.000000
    4.8000     4.2000  0.000000
    5.2000     4.2000  0.000000
    5.6000     4.2000  0.000000
    6.0000     4.2000  0.000000
    6.4000     4.2000  0.000000
    6.8000     4.2000  0.000000
    7.2000     4.2000  0.000000
    7.6000     4.2000  0.000000
    8.0000     4.2000  0.000000
    8.4000     4.2000  0.000000
    8.8000     4.2000  0.000000
    9.2000     4.2000  0.000000
    9.6000     4.2000  0.000000
   10.0000     4.2000  0.000000
   10.4000     4.2000  0.000001
   10.8000     4.2000  0.000000
   11.2000     4.2000  0.000000
   11.6000     4.2000  0.000000
   12.0000     4.2000  0.000000
   12.4000     4.2000  0.000000
   12.8000     4.2000  0.000000
   13.2000     4.2000  0.000000
   13.6000     4.2000  0.000000
   14.0000     4.2000  0.000000
   14.4000     4.2000  0.000000
   14.8000     4.2000  0.000000
   15.2000     4.2000  0.000000
   15.6000     4.2000  0.000000
   16.0000     4.2000  0.000000
   16.4000     4.2000  0.000000
   16.8000     4.2000  0.000000
   17.2000     4.2000  0.000000
   17.6000     4.2000  0.000001
   18.0000     4.2000  0.000000
   18.4000     4.2000  0.000000
   18.8000     4.2000  0.000000
   19.2000     4.2000  0.000000
   19.6000     4.2000  0.000001
   20.0000     4.2000  0.000000
   20.4000     4.2000  0.000001
   20.8000     4.2000  0.000000
   21.2000     4.2000  0.000000
   21.6000     4.2000  0.000000
   22.0000     4.2000  0.000000
   22.4000     4.2000  0.000000
   22.8000     4.2000  0.000000
   23.2000     4.2000  0.000000
   23.6000     4.2000  0.000000
   24.0000     4.2000  0.000000
   24.4000     4.2000  0.000001
   24.8000     4.2000  0.000002
   25.2000     4.2000  0.000008
   25.6000     4.2000  0.000029
   26.0000     4.2000  0.000099
   26.4000     4.2000  0.000197
   26.8000     4.2000  0.000303
   27.2000     4.2000  0.000436
   27.6000     4.2000  0.000540
   28.0000     4.2000  0.000609
   28.4000     4.2000  0.000655
   28.8000     4.2000  0.000628
   29.2000     4.2000  0.000549
   29.6000     4.2000  0.000420
   30.0000     4.2000  0.000313
   30.4000     4.2000  0.000208
   30.8000     4.2000  0.000153
   31.2000     4.2000  0.000091
   31.6000     4.2000  0.000060
   32.0000     4.2000  0.000023
   32.4000     4.2000  0.000010
   32.8000     4.2000  0.000000
   33.2000     4.2000  0.000000
   33.6000     4.2000  0.000000
   34.0000     4.2000  0.000000
   34.4000     4.2000  0.000000
   34.8000     4.2000  0.000000
   35.2000     4.2000  0.000000
   35.6000     4.2000  0.000000
   36.0000     4.2000  0.000000
   36.4000     4.2000  0.000000
   36.8000     4.2000  0.000001
   37.2000     4.2000  0.000000
   37.6000     4.2000  0.000000
   38.0000     4.2000  0.000001
   38.4000     4.2000  0.000000
   38.8000     4.2000  0.000001
   39.2000     4.2000  0.000000
   39.6000     4.2000  0.000000
    0.0000     4.2800  0.000000
    0.4000     4.2800  0.000000
    0.8000     4.2800  0.000000
    1.2000     4.2800  0.000000
    1.6000     4.2800  0.000000
    2.0000     4.2800  0.000000
    2.4000     4.2800  0.000000
    2.8000     4.2800  0.000000
    3.2000     4.2800  0.000000
    3.6000     4.2800  0.000000
    4.0000     4.2800  0.000000
    4.4000     4.2800  0.000000
    4.8000     4.2800  0.000000
    5.2000     4.2800  0.000000
    5.6000     4.2800  0.000000
    6.0000     4.2800  0.000000
    6.4000     4.2800  0.000000
    6.8000     4.2800  0.000000
    7.2000     4.2800  0.000000
    7.6000     4.2800  0.000000
    8.0000     4.2800  0.000000
    8.4000     4.2800  0.000000
    8.8000     4.2800  0.000000
    9.2000     4.2800  0.000000
    9.6000     4.2800  0.000000
   10.0000     4.2800  0.000001
   10.4000     4.2800  0.000000
   10.8000     4.2800  0.000000
   11.2000     4.2800  0.000000
   11.6000     4.2800  0.000000
   12.0000     4.2800  0.000000
   12.4000     4.2800  0.000000
   12.8000     4.2800  0.000000
   13.2000     4.2800  0.000000
   13.6000     4.2800  0.000000
   14.0000     4.2800  0.000000
   14.4000     4.2800  0.000000
   14.8000     4.2800  0.000000
   15.2000     4.2800  0.000000
   15.6000     4.2800  0.000000
   16.0000     4.2800  0.000000
   16.4000     4.2800  0.000000
   16.8000     4.2800  0.000000
   17.2000     4.2800  0.000000
   17.6000     4.2800  0.000000
   18.0000     4.2800  0.000000
   18.4000     4.2800  0.000000
   18.8000     4.2800  0.000000
   19.2000     4.2800  0.000000
   19.6000     4.2800  0.000000
   20.0000     4.2800  0.000000
   20.4000     4.2800  0.000000
   20.8000     4.2800  0.000000
   21.2000     4.2800  0.000000
   21.6000     4.2800  0.000000
   22.0000     4.2800  0.000000
   22.4000     4.2800  0.000001
   22.8000     4.2800  0.000000
   23.2000     4.2800  0.000000
   23.6000     4.2800  0.000000
   24.0000     4.2800  0.000000
   24.4000     4.2800  0.000001
   24.8000     4.2800  0.000000
   25.2000     4.2800  0.000003
   25.6000     4.2800  0.000013
   26.0000     4.2800  0.000066
   26.4000     4.2800  0.000142
   26.8000     4.2800  0.000258
   27.2000     4.2800  0.000365
   27.6000     4.2800  0.000494
   28.0000     4.2800  0.000576
   28.4000     4.2800  0.000632
   28.8000     4.2800  0.000625
   29.2000     4.2800  0.000592
   29.6000     4.2800  0.000468
   30.0000     4.2800  0.000346
   30.4000     4.2800  0.000230
   30.8000     4.2800  0.000134
   31.2000     4.2800  0.000082
   31.6000     4.2800  0.000035
   32.0000     4.2800  0.000014
   32.4000     4.2800  0.000001
   32.8000     4.2800  0.000000
   33.2000     4.2800  0.000000
   33.6000     4.2800  0.000000
   34.0000     4.2800  0.000000
   34.4000     4.2800  0.000000
   34.8000     4.2800  0.000000
   35.2000     4.2800  0.000001
   35.6000     4.2800  0.000000
   36.0000     4.2800  0.000000
   36.4000     4.2800  0.000000
   36.8000     4.2800  0.000001
   37.2000     4.2800  0.000001
   37.6000     4.2800  0.000000
   38.0000     4.2800  0.000000
   38.4000     4.2800  0.000000
   38.8000     4.2800  0.000001
   39.2000     4.2800  0.000000
   39.6000     4.2800  0.000000
    0.0000     4.3600  0.000000
    0.4000     4.3600  0.000000
    0.8000     4.3600  0.000000
    1.2000     4.3600  0.000000
    1.6000     4.3600  0.000000
    2.0000     4.3600  0.000000
    2.4000     4.3600  0.000000
    2.8000     4.3600  0.000000
    3.2000     4.3600  0.000000
    3.6000     4.3600  0.000000
    4.0000     4.3600  0.000000
    4.4000     4.3600  0.000000
    4.8000     4.3600  0.000000
    5.2000     4.3600  0.000000
    5.6000     4.3600  0.000000
    6.0000     4.3600  0.000000
    6.4000     4.3600  0.000000
    6.8000     4.3600  0.000000
    7.2000     4.3600  0.000000
    7.6000     4.3600  0.000000
    8.0000     4.3600  0.000000
    8.4000     4.3600  0.000000
    8.8000     4.3600  0.000000
    9.2000     4.3600  0.000000
    9.6000     4.3600  0.000000
   10.0000     4.3600  0.000000
   10.4000     4.3600  0.000000
   10.8000     4.3600  0.000000
   11.2000     4.3600  0.000000
   11.6000     4.3600  0.000000
   12.0000     4.3600  0.000000
   12.4000     4.3600  0.000000
   12.8000     4.3600  0.000000
   13.2000     4.3600  0.000000
   13.6000     4.3600  0.000000
   14.0000     4.3600  0.000000
   14.4000     4.3600  0.000000
   14.8000     4.3600  0.000000
   15.2000     4.3600  0.000000
   15.6000     4.3600  0.000000
   16.0000     4.3600  0.000000
   16.4000     4.3600  0.000001
   16.8000     4.3600  0.000000
   17.2000     4.3600  0.000000
   17.6000     4.3600  0.000000
   18.0000     4.3600  0.000000
   18.4000     4.3600  0.000000
   18.8000     4.3600  0.000000
   19.2000     4.3600  0.000000
   19.6000     4.3600  0.000000
   20.0000     4.3600  0.000000
   20.4000     4.3600  0.000000
   20.8000     4.3600  0.000000
   21.2000     4.3600  0.000000
   21.6000     4.3600  0.000000
   22.0000     4.3600  0.000000
   22.4000     4.3600  0.000000
   22.8000     4.3600  0.000000
   23.2000     4.3600  0.000000
   23.6000     4.3600  0.000000
   24.0000     4.3600  0.000000
   24.4000     4.3600  0.000000
   24.8000     4.3600  0.000000
   25.2000     4.3600  0.000001
   25.6000     4.3600  0.000008
   26.0000     4.3600  0.000029
   26.4000     4.3600  0.000105
   26.8000     4.3600  0.000185
   27.2000     4.3600  0.000300
   27.6000     4.3600  0.000448
   28.0000     4.3600  0.000529
   28.4000     4.3600  0.000618
   28.8000     4.3600  0.000616
   29.2000     4.3600  0.000589
   29.6000     4.3600  0.000488
   30.0000     4.3600  0.000386
   30.4000     4.3600  0.000253
   30.8000     4.3600  0.000151
   31.2000     4.3600  0.000075
   31.6000     4.3600  0.000024
   32.0000     4.3600  0.000004
   32.4000     4.3600  0.000000
   32.8000     4.3600  0.000000
   33.2000     4.3600  0.000000
   33.6000     4.3600  0.000000
   34.0000     4.3600  0.000000
   34.4000     4.3600  0.000000
   34.8000     4.3600  0.000000
   35.2000     4.3600  0.000001
   35.6000     4.3600  0.000001
   36.0000     4.3600  0.000001
   36.4000     4.3600  0.000000
   36.8000     4.3600  0.000000
   37.2000     4.3600  0.000000
   37.6000     4.3600  0.000000
   38.0000     4.3600  0.000001
   38.4000     4.3600  0.000001
   38.8000     4.3600  0.000000
   39.2000     4.3600  0.000001
   39.6000     4.3600  0.000000
    0.0000     4.4400  0.000000
    0.4000     4.4400  0.000000
    0.8000     4.4400  0.000000
    1.2000     4.4400  0.000000
    1.6000     4.4400  0.000000
    2.0000     4.4400  0.000000
    2.4000     4.4400  0.000000
    2.8000     4.4400  0.000000
    3.2000     4.4400  0.000000
    3.6000     4.4400  0.000000
    4.0000     4.4400  0.000000
    4.4000     4.4400  0.000000
    4.8000     4.4400  0.000000
    5.2000     4.4400  0.000000
    5.6000     4.4400  0.000000
    6.0000     4.4400  0.000000
    6.4000     4.4400  0.000000
    6.8000     4.4400  0.000000
    7.2000     4.4400  0.000000
    7.6000     4.4400  0.000000
    8.0000     4.4400  0.000000
    8.4000     4.4400  0.000000
    8.8000     4.4400  0.000000
    9.2000     4.4400  0.000000
    9.6000     4.4400  0.000000
   10.0000     4.4400  0.000000
   10.4000     4.4400  0.000000
   10.8000     4.4400  0.000000
   11.2000     4.4400  0.000000
   11.6000     4.4400  0.000000
   12.0000     4.4400  0.000000
   12.4000     4.4400  0.000000
   12.8000     4.4400  0.000000
   13.2000     4.4400  0.000000
   13.6000     4.4400  0.000000
   14.0000     4.4400  0.000000
   14.4000     4.4400  0.000000
   14.8000     4.4400  0.000000
   15.2000     4.4400  0.000000
   15.6000     4.4400  0.000000
   16.0000     4.4400  0.000000
   16.4000     4.4400  0.000000
   16.8000     4.4400  0.000000
   17.2000     4.4400  0.000000
   17.6000     4.4400  0.000000
   18.0000     4.4400  0.000000
   18.4000     4.4400  0.000000
   18.8000     4.4400  0.000000
   19.2000     4.4400  0.000000
   19.6000     4.4400  0.000000
   20.0000     4.4400  0.000000
   20.4000     4.4400  0.000000
   20.8000     4.4400  0.000000
   21.2000     4.4400  0.000000
   21.6000     4.4400  0.000000
   22.0000     4.4400  0.000000
   22.4000     4.4400  0.000000
   22.8000     4.4400  0.000000
   23.2000     4.4400  0.000000
   23.6000     4.4400  0.000000
   24.0000     4.4400  0.000000
   24.4000     4.4400  0.000001
   24.8000     4.4400  0.000000
   25.2000     4.4400  0.000002
   25.6000     4.4400  0.000003
   26.0000     4.4400  0.000004
   26.4000     4.4400  0.000044
   26.8000     4.4400  0.000134
   27.2000     4.4400  0.000245
   27.6000     4.4400  0.000353
   28.0000     4.4400  0.000480
   28.4000     4.4400  0.000561
   28.8000     4.4400  0.000585
   29.2000     4.4400  0.000569
   29.6000     4.4400  0.000494
   30.0000     4.4400  0.000410
   30.4000     4.4400  0.000288
   30.8000     4.4400  0.000176
   31.2000     4.4400  0.000078
   31.6000     4.4400  0.000025
   32.0000     4.4400  0.000001
   32.4000     4.4400  0.000000
   32.8000     4.4400  0.000001
   33.2000     4.4400  0.000000
   33.6000     4.4400  0.000000
   34.0000     4.4400  0.000000
   34.4000     4.4400  0.000000
   34.8000     4.4400  0.000000
   35.2000     4.4400  0.000000
   35.6000     4.4400  0.000000
   36.0000     4.4400  0.000001
   36.4000     4.4400  0.000000
   36.8000     4.4400  0.000001
   37.2000     4.4400  0.000001
   37.6000     4.4400  0.000001
   38.0000     4.4400  0.000001
   38.4000     4.4400  0.000001
   38.8000     4.4400  0.000001
   39.2000     4.4400  0.000000
   39.6000     4.4400  0.000000
    0.0000     4.5200  0.000000
    0.4000     4.5200  0.000000
    0.8000     4.5200  0.000000
    1.2000     4.5200  0.000000
    1.6000     4.5200  0.000000
    2.0000     4.5200  0.000000
    2.4000     4.5200  0.000000
    2.8000     4.5200  0.000000
    3.2000     4.5200  0.000000
    3.6000     4.5200  0.000000
    4.0000     4.5200  0.000000
    4.4000     4.5200  0.000000
    4.8000     4.5200  0.000000
    5.2000     4.5200  0.000000
    5.6000     4.5200  0.000000
    6.0000     4.5200  0.000000
    6.4000     4.5200  0.000000
    6.8000     4.5200  0.000000
    7.2000     4.5200  0.000000
    7.6000     4.5200  0.000000
    8.0000     4.5200  0.000000
    8.4000     4.5200  0.000000
    8.8000     4.5200  0.000000
    9.2000     4.5200  0.000000
    9.6000     4.5200  0.000000
   10.0000     4.5200  0.000000
   10.4000     4.5200  0.000000
   10.8000     4.5200  0.000000
   11.2000     4.5200  0.000000
   11.6000     4.5200  0.000000
   12.0000     4.5200  0.000000
   12.4000     4.5200  0.000000
   12.8000     4.5200  0.000000
   13.2000     4.5200  0.000000
   13.6000     4.5200  0.000000
   14.0000     4.5200  0.000000
   14.4000     4.5200  0.000000
   14.8000     4.5200  0.000000
   15.2000     4.5200  0.000000
   15.6000     4.5200  0.000000
   16.0000     4.5200  0.000000
   16.4000     4.5200  0.000000
   16.8000     4.5200  0.000000
   17.2000     4.5200  0.000000
   17.6000     4.5200  0.000000
   18.0000     4.5200  0.000000
   18.4000     4.5200  0.000000
   18.8000     4.5200  0.000000
   19.2000     4.5200  0.000000
   19.6000     4.5200  0.000000
   20.0000     4.5200  0.000000
   20.4000     4.5200  0.000000
   20.8000     4.5200  0.000000
   21.2000     4.5200  0.000000
   21.6000     4.5200  0.000000
   22.0000     4.5200  0.000000
   22.4000     4.5200  0.000000
   22.8000     4.5200  0.000000
   23.2000     4.5200  0.000000
   23.6000     4.5200  0.000000
   24.0000     4.5200  0.000000
   24.4000     4.5200  0.000001
   24.8000     4.5200  0.000000
   25.2000     4.5200  0.000000
   25.6000     4.5200  0.000001
   26.0000     4.5200  0.000002
   26.4000     4.5200  0.000011
   26.8000     4.5200  0.000094
   27.2000     4.5200  0.000186
   27.6000     4.5200  0.000283
   28.0000     4.5200  0.000394
   28.4000     4.5200  0.000473
   28.8000     4.5200  0.000547
   29.2000     4.5200  0.000532
   29.6000     4.5200  0.000472
   30.0000     4.5200  0.000408
   30.4000     4.5200  0.000311
   30.8000     4.5200  0.000210
   31.2000     4.5200  0.000109
   31.6000     4.5200  0.000034
   32.0000     4.5200  0.000000
   32.4000     4.5200  0.000001
   32.8000     4.5200  0.000000
   33.2000     4.5200  0.000000
   33.6000     4.5200  0.000000
   34.0000     4.5200  0.000000
   34.4000     4.5200  0.000000
   34.8000     4.5200  0.000001
   35.2000     4.5200  0.000000
   35.6000     4.5200  0.000001
   36.0000     4.5200  0.000001
   36.4000     4.5200  0.000001
   36.8000     4.5200  0.000000
   37.2000     4.5200  0.000002
   37.6000     4.5200  0.000002
   38.0000     4.5200  0.000002
   38.4000     4.5200  0.000001
   38.8000     4.5200  0.000001
   39.2000     4.5200  0.000000
   39.6000     4.5200  0.000000
    0.0000     4.6000  0.000000
    0.4000     4.6000  0.000000
    0.8000     4.6000  0.000000
    1.2000     4.6000  0.000000
    1.6000     4.6000  0.000000
    2.0000     4.6000  0.000000
    2.4000     4.6000  0.000000
    2.8000     4.6000  0.000000
    3.2000     4.6000  0.000000
    3.6000     4.6000  0.000000
    4.0000     4.6000  0.000000
    4.4000     4.6000  0.000000
    4.8000     4.6000  0.000000
    5.2000     4.6000  0.000000
    5.6000     4.6000  0.000000
    6.0000     4.6000  0.000000
    6.4000     4.6000  0.000000
    6.8000     4.6000  0.000000
    7.2000     4.6000  0.000000
    7.6000     4.6000  0.000000
    8.0000     4.6000  0.000000
    8.4000     4.6000  0.000000
    8.8000     4.6000  0.000000
    9.2000     4.6000  0.000000
    9.6000     4.6000  0.000000
   10.0000     4.6000  0.000000
   10.4000     4.6000  0.000000
   10.8000     4.6000  0.000000
   11.2000     4.6000  0.000000
   11.6000     4.6000  0.000000
   12.0000     4.6000  0.000000
   12.4000     4.6000  0.000000
   12.8000     4.6000  0.000000
   13.2000     4.6000  0.000000
   13.6000     4.6000  0.000000
   14.0000     4.6000  0.000000
   14.4000     4.6000  0.000000
   14.8000     4.6000  0.000000
   15.2000     4.6000  0.000000
   15.6000     4.6000  0.000000
   16.0000     4.6000  0.000000
   16.4000     4.6000  0.000000
   16.8000     4.6000  0.000000
   17.2000     4.6000  0.000000
   17.6000     4.6000  0.000000
   18.0000     4.6000  0.000000
   18.4000     4.6000  0.000000
   18.8000     4.6000  0.000000
   19.2000     4.6000  0.000000
   19.6000     4.6000  0.000000
   20.0000     4.6000  0.000000
   20.4000     4.6000  0.000000
   20.8000     4.6000  0.000000
   21.2000     4.6000  0.000000
   21.6000     4.6000  0.000000
   22.0000     4.6000  0.000000
   22.4000     4.6000  0.000001
   22.8000     4.6000  0.000000
   23.2000     4.6000  0.000000
   23.6000     4.6000  0.000000
   24.0000     4.6000  0.000000
   24.4000     4.6000  0.000001
   24.8000     4.6000  0.000000
   25.2000     4.6000  0.000000
   25.6000     4.6000  0.000001
   26.0000     4.6000  0.000001
   26.4000     4.6000  0.000004
   26.8000     4.6000  0.000018
   27.2000     4.6000  0.000091
   27.6000     4.6000  0.000184
   28.0000     4.6000  0.000280
   28.4000     4.6000  0.000391
   28.8000     4.6000  0.000458
   29.2000     4.6000  0.000458
   29.6000     4.6000  0.000420
   30.0000     4.6000  0.000374
   30.4000     4.6000  0.000302
   30.8000     4.6000  0.000228
   31.2000     4.6000  0.000132
   31.6000     4.6000  0.000057
   32.0000     4.6000  0.000001
   32.4000     4.6000  0.000000
   32.8000     4.6000  0.000000
   33.2000     4.6000  0.000000
   33.6000     4.6000  0.000000
   34.0000     4.6000  0.000000
   34.4000     4.6000  0.000001
   34.8000     4.6000  0.000000
   35.2000     4.6000  0.000000
   35.6000     4.6000  0.000001
   36.0000     4.6000  0.000002
   36.4000     4.6000  0.000000
   36.8000     4.6000  0.000001
   37.2000     4.6000  0.000002
   37.6000     4.6000  0.000001
   38.0000     4.6000  0.000004
   38.4000     4.6000  0.000001
   38.8000     4.6000  0.000002
   39.2000     4.6000  0.000001
   39.6000     4.6000  0.000000
    0.0000     4.6800  0.000000
    0.4000     4.6800  0.000000
    0.8000     4.6800  0.000000
    1.2000     4.6800  0.000000
    1.6000     4.6800  0.000000
    2.0000     4.6800  0.000000
    2.4000     4.6800  0.000000
    2.8000     4.6800  0.000000
    3.2000     4.6800  0.000000
    3.6000     4.6800  0.000000
    4.0000     4.6800  0.000000
    4.4000     4.6800  0.000000
    4.8000     4.6800  0.000000
    5.2000     4.6800  0.000000
    5.6000     4.6800  0.000000
    6.0000     4.6800  0.000000
    6.4000     4.6800  0.000000
    6.8000     4.6800  0.000000
    7.2000     4.6800  0.000000
    7.6000     4.6800  0.000000
    8.0000     4.6800  0.000000
    8.4000     4.6800  0.000000
    8.8000     4.6800  0.000000
    9.2000     4.6800  0.000000
    9.6000     4.6800  0.000000
   10.0000     4.6800  0.000000
   10.4000     4.6800  0.000000
   10.8000     4.6800  0.000000
   11.2000     4.6800  0.000000
   11.6000     4.6800  0.000000
   12.0000     4.6800  0.000000
   12.4000     4.6800  0.000000
   12.8000     4.6800  0.000000
   13.2000     4.6800  0.000001
   13.6000     4.6800  0.000000
   14.0000     4.6800  0.000000
   14.4000     4.6800  0.000000
   14.8000     4.6800  0.000000
   15.2000     4.6800  0.000000
   15.6000     4.6800  0.000000
   16.0000     4.6800  0.000000
   16.4000     4.6800  0.000000
   16.8000     4.6800  0.000001
   17.2000     4.6800  0.000000
   17.6000     4.6800  0.000000
   18.0000     4.6800  0.000000
   18.4000     4.6800  0.000000
   18.8000     4.6800  0.000000
   19.2000     4.6800  0.000000
   19.6000     4.6800  0.000001
   20.0000     4.6800  0.000000
   20.4000     4.6800  0.000000
   20.8000     4.6800  0.000000
   21.2000     4.6800  0.000001
   21.6000     4.6800  0.000000
   22.0000     4.6800  0.000000
   22.4000     4.6800  0.000000
   22.8000     4.6800  0.000000
   23.2000     4.6800  0.000001
   23.6000     4.6800  0.000000
   24.0000     4.6800  0.000001
   24.4000     4.6800  0.000001
   24.8000     4.6800  0.000000
   25.2000     4.6800  0.000001
   25.6000     4.6800  0.000000
   26.0000     4.6800  0.000002
   26.4000     4.6800  0.000004
   26.8000     4.6800  0.000007
   27.2000     4.6800  0.000033
   27.6000     4.6800  0.000102
   28.0000     4.6800  0.000197
   28.4000     4.6800  0.000299
   28.8000     4.6800  0.000351
   29.2000     4.6800  0.000377
   29.6000     4.6800  0.000363
   30.0000     4.6800  0.000343
   30.4000     4.6800  0.000280
   30.8000     4.6800  0.000217
   31.2000     4.6800  0.000148
   31.6000     4.6800  0.000080
   32.0000     4.6800  0.000029
   32.4000     4.6800  0.000002
   32.8000     4.6800  0.000000
   33.2000     4.6800  0.000000
   33.6000     4.6800  0.000000
   34.0000     4.6800  0.000000
   34.4000     4.6800  0.000002
   34.8000     4.6800  0.000001
   35.2000     4.6800  0.000002
   35.6000     4.6800  0.000001
   36.0000     4.6800  0.000000
   36.4000     4.6800  0.000001
   36.8000     4.6800  0.000003
   37.2000     4.6800  0.000001
   37.6000     4.6800  0.000001
   38.0000     4.6800  0.000003
   38.4000     4.6800  0.000001
   38.8000     4.6800  0.000003
   39.2000     4.6800  0.000001
   39.6000     4.6800  0.000000
    0.0000     4.7600  0.000000
    0.4000     4.7600  0.000000
    0.8000     4.7600  0.000000
    1.2000     4.7600  0.000000
    1.6000     4.7600  0.000000
    2.0000     4.7600  0.000000
    2.4000     4.7600  0.000000
    2.8000     4.7600  0.000000
    3.2000     4.7600  0.000000
    3.6000     4.7600  0.000000
    4.0000     4.7600  0.000000
    4.4000     4.7600  0.000000
    4.8000     4.7600  0.000000
    5.2000     4.7600  0.000000
    5.6000     4.7600  0.000000
    6.0000     4.7600  0.000000
    6.4000     4.7600  0.000000
    6.8000     4.7600  0.000000
    7.2000     4.7600  0.000000
    7.6000     4.7600  0.000000
    8.0000     4.7600  0.000000
    8.4000     4.7600  0.000000
    8.8000     4.7600  0.000000
    9.2000     4.7600  0.000000
    9.6000     4.7600  0.000000
   10.0000     4.7600  0.000000
   10.4000     4.7600  0.000000
   10.8000     4.7600  0.000000
   11.2000     4.7600  0.000000
   11.6000     4.7600  0.000000
   12.0000     4.7600  0.000000
   12.4000     4.7600  0.000000
   12.8000     4.7600  0.000000
   13.2000     4.7600  0.000000
   13.6000     4.7600  0.000000
   14.0000     4.7600  0.000000
   14.4000     4.7600  0.000000
   14.8000     4.7600  0.000000
   15.2000     4.7600  0.000000
   15.6000     4.7600  0.000000
   16.0000     4.7600  0.000000
   16.4000     4.7600  0.000000
   16.8000     4.7600  0.000000
   17.2000     4.7600  0.000000
   17.6000     4.7600  0.000000
   18.0000     4.7600  0.000000
   18.4000     4.7600  0.000000
   18.8000     4.7600  0.000000
   19.2000     4.7600  0.000000
   19.6000     4.7600  0.000001
   20.0000     4.7600  0.000001
   20.4000     4.7600  0.000001
   20.8000     4.7600  0.000000
   21.2000     4.7600  0.000000
   21.6000     4.7600  0.000000
   22.0000     4.7600  0.000001
   22.4000     4.7600  0.000000
   22.8000     4.7600  0.000000
   23.2000     4.7600  0.000001
   23.6000     4.7600  0.000000
   24.0000     4.7600  0.000001
   24.4000     4.7600  0.000005
   24.8000     4.7600  0.000000
   25.2000     4.7600  0.000000
   25.6000     4.7600  0.000001
   26.0000     4.7600  0.000000
   26.4000     4.7600  0.000000
   26.8000     4.7600  0.000002
   27.2000     4.7600  0.000007
   27.6000     4.7600  0.000055
   28.0000     4.7600  0.000110
   28.4000     4.7600  0.000187
   28.8000     4.7600  0.000249
   29.2000     4.7600  0.000300
   29.6000     4.7600  0.000296
   30.0000     4.7600  0.000282
   30.4000     4.7600  0.000242
   30.8000     4.7600  0.000190
   31.2000     4.7600  0.000140
   31.6000     4.7600  0.000090
   32.0000     4.7600  0.000044
   32.4000     4.7600  0.000006
   32.8000     4.7600  0.000000
   33.2000     4.7600  0.000000
   33.6000     4.7600  0.000001
   34.0000     4.7600  0.000001
   34.4000     4.7600  0.000000
   34.8000     4.7600  0.000002
   35.2000     4.7600  0.000001
   35.6000     4.7600  0.000001
   36.0000     4.7600  0.000001
   36.4000     4.7600  0.000002
   36.8000     4.7600  0.000001
   37.2000     4.7600  0.000001
   37.6000     4.7600  0.000003
   38.0000     4.7600  0.000001
   38.4000     4.7600  0.000003
   38.8000     4.7600  0.000003
   39.2000     4.7600  0.000001
   39.6000     4.7600  0.000000
    0.0000     4.8400  0.000000
    0.4000     4.8400  0.000000
    0.8000     4.8400  0.000000
    1.2000     4.8400  0.000000
    1.6000     4.8400  0.000000
    2.0000     4.8400  0.000000
    2.4000     4.8400  0.000000
    2.8000     4.8400  0.000000
    3.2000     4.8400  0.000000
    3.6000     4.8400  0.000000
    4.0000     4.8400  0.000000
    4.4000     4.8400  0.000000
    4.8000     4.8400  0.000000
    5.2000     4.8400  0.000000
    5.6000     4.8400  0.000000
    6.0000     4.8400  0.000000
    6.4000     4.8400  0.000000
    6.8000     4.8400  0.000000
    7.2000     4.8400  0.000000
    7.6000     4.8400  0.000000
    8.0000     4.8400  0.000000
    8.4000     4.8400  0.000000
    8.8000     4.8400  0.000000
    9.2000     4.8400  0.000000
    9.6000     4.8400  0.000000
   10.0000     4.8400  0.000000
   10.4000     4.8400  0.000000
   10.8000     4.8400  0.000000
   11.2000     4.8400  0.000000
   11.6000     4.8400  0.000000
   12.0000     4.8400  0.000000
   12.4000     4.8400  0.000000
   12.8000     4.8400  0.000000
   13.2000     4.8400  0.000000
   13.6000     4.8400  0.000000
   14.0000     4.8400  0.000000
   14.4000     4.8400  0.000000
   14.8000     4.8400  0.000000
   15.2000     4.8400  0.000000
   15.6000     4.8400  0.000000
   16.0000     4.8400  0.000000
   16.4000     4.8400  0.000000
   16.8000     4.8400  0.000000
   17.2000     4.8400  0.000000
   17.6000     4.8400  0.000000
   18.0000     4.8400  0.000000
   18.4000     4.8400  0.000000
   18.8000     4.8400  0.000001
   19.2000     4.8400  0.000000
   19.6000     4.8400  0.000000
   20.0000     4.8400  0.000001
   20.4000     4.8400  0.000002
   20.8000     4.8400  0.000000
   21.2000     4.8400  0.000000
   21.6000     4.8400  0.000000
   22.0000     4.8400  0.000000
   22.4000     4.8400  0.000000
   22.8000     4.8400  0.000000
   23.2000     4.8400  0.000000
   23.6000     4.8400  0.000001
   24.0000     4.8400  0.000003
   24.4000     4.8400  0.000005
   24.8000     4.8400  0.000000
   25.2000     4.8400  0.000001
   25.6000     4.8400  0.000000
   26.0000     4.8400  0.000000
   26.4000     4.8400  0.000001
   26.8000     4.8400  0.000001
   27.2000     4.8400  0.000005
   27.6000     4.8400  0.000035
   28.0000     4.8400  0.000068
   28.4000     4.8400  0.000121
   28.8000     4.8400  0.000160
   29.2000     4.8400  0.000210
   29.6000     4.8400  0.000206
   30.0000     4.8400  0.000213
   30.4000     4.8400  0.000184
   30.8000     4.8400  0.000150
   31.2000     4.8400  0.000118
   31.6000     4.8400  0.000077
   32.0000     4.8400  0.000049
   32.4000     4.8400  0.000017
   32.8000     4.8400  0.000001
   33.2000     4.8400  0.000000
   33.6000     4.8400  0.000001
   34.0000     4.8400  0.000001
   34.4000     4.8400  0.000001
   34.8000     4.8400  0.000004
   35.2000     4.8400  0.000001
   35.6000     4.8400  0.000001
   36.0000     4.8400  0.000006
   36.4000     4.8400  0.000001
   36.8000     4.8400  0.000003
   37.2000     4.8400  0.000003
   37.6000     4.8400  0.000002
   38.0000     4.8400  0.000005
   38.4000     4.8400  0.000003
   38.8000     4.8400  0.000002
   39.2000     4.8400  0.000004
   39.6000     4.8400  0.000000
    0.0000     4.9200  0.000000
    0.4000     4.9200  0.000000
    0.8000     4.9200  0.000000
    1.2000     4.9200  0.000000
    1.6000     4.9200  0.000000
    2.0000     4.9200  0.000000
    2.4000     4.9200  0.000000
    2.8000     4.9200  0.000000
    3.2000     4.9200  0.000000
    3.6000     4.9200  0.000000
    4.0000     4.9200  0.000000
    4.4000     4.9200  0.000000
    4.8000     4.9200  0.000000
    5.2000     4.9200  0.000000
    5.6000     4.9200  0.000000
    6.0000     4.9200  0.000000
    6.4000     4.9200  0.000000
    6.8000     4.9200  0.000000
    7.2000     4.9200  0.000000
    7.6000     4.9200  0.000000
    8.0000     4.9200  0.000000
    8.4000     4.9200  0.000000
    8.8000     4.9200  0.000000
    9.2000     4.9200  0.000000
    9.6000     4.9200  0.000000
   10.0000     4.9200  0.000000
   10.4000     4.9200  0.000000
   10.8000     4.9200  0.000000
   11.2000     4.9200  0.000000
   11.6000     4.9200  0.000000
   12.0000     4.9200  0.000000
   12.4000     4.9200  0.000000
   12.8000     4.9200  0.000000
   13.2000     4.9200  0.000000
   13.6000     4.9200  0.000000
   14.0000     4.9200  0.000000
   14.4000     4.9200  0.000000
   14.8000     4.9200  0.000000
   15.2000     4.9200  0.000000
   15.6000     4.9200  0.000000
   16.0000     4.9200  0.000000
   16.4000     4.9200  0.000000
   16.8000     4.9200  0.000000
   17.2000     4.9200  0.000000
   17.6000     4.9200  0.000000
   18.0000     4.9200  0.000000
   18.4000     4.9200  0.000000
   18.8000     4.9200  0.000000
   19.2000     4.9200  0.000000
   19.6000     4.9200  0.000000
   20.0000     4.9200  0.000000
   20.4000     4.9200  0.000000
   20.8000     4.9200  0.000000
   21.2000     4.9200  0.000000
   21.6000     4.9200  0.000000
   22.0000     4.9200  0.000000
   22.4000     4.9200  0.000000
   22.8000     4.9200  0.000000
   23.2000     4.9200  0.000000
   23.6000     4.9200  0.000000
   24.0000     4.9200  0.000000
   24.4000     4.9200  0.000000
   24.8000     4.9200  0.000000
   25.2000     4.9200  0.000000
   25.6000     4.9200  0.000000
   26.0000     4.9200  0.000000
   26.4000     4.9200  0.000000
   26.8000     4.9200  0.000000
   27.2000     4.9200  0.000000
   27.6000     4.9200  0.000000
   28.0000     4.9200  0.000000
   28.4000     4.9200  0.000000
   28.8000     4.9200  0.000000
   29.2000     4.9200  0.000000
   29.6000     4.9200  0.000000
   30.0000     4.9200  0.000000
   30.4000     4.9200  0.000000
   30.8000     4.9200  0.000000
   31.2000     4.9200  0.000000
   31.6000     4.9200  0.000000
   32.0000     4.9200  0.000000
   32.4000     4.9200  0.000000
   32.8000     4.9200  0.000000
   33.2000     4.9200  0.000000
   33.6000     4.9200  0.000000
   34.0000     4.9200  0.000000
   34.4000     4.9200  0.000000
   34.8000     4.9200  0.000000
   35.2000     4.9200  0.000000
   35.6000     4.9200  0.000000
   36.0000     4.9200  0.000000
   36.4000     4.9200  0.000000
   36.8000     4.9200  0.000000
   37.2000     4.9200  0.000000
   37.6000     4.9200  0.000000
   38.0000     4.9200  0.000000
   38.4000     4.9200  0.000000
   38.8000     4.9200  0.000000
   39.2000     4.9200  0.000000
   39.6000     4.9200  0.000000
