ADDCOORD Output
 4   50   50    1 0.50000000     0.50000000     0.50000000      1.00000      1.00000      1.00000       1
X
Y
Z
Simulated Value     
   0.50000    0.50000  0.5000000 4.524364
   1.50000    0.50000  0.5000000 8.438679
   2.50000    0.50000  0.5000000 7.375324
   3.50000    0.50000  0.5000000 6.342611
   4.50000    0.50000  0.5000000 5.401573
   5.50000    0.50000  0.5000000 5.196208
   6.50000    0.50000  0.5000000 4.683077
   7.50000    0.50000  0.5000000 6.467551
   8.50000    0.50000  0.5000000 3.148301
   9.50000    0.50000  0.5000000 9.589166
  10.50000    0.50000  0.5000000 9.095838
  11.50000    0.50000  0.5000000 5.93597
  12.50000    0.50000  0.5000000 8.532119
  13.50000    0.50000  0.5000000 9.006969
  14.50000    0.50000  0.5000000 4.831061
  15.50000    0.50000  0.5000000 2.941482
  16.50000    0.50000  0.5000000 7.756159
  17.50000    0.50000  0.5000000 1.108427
  18.50000    0.50000  0.5000000 7.738075
  19.50000    0.50000  0.5000000 6.394064
  20.50000    0.50000  0.5000000 2.919246
  21.50000    0.50000  0.5000000 0.01
  22.50000    0.50000  0.5000000 6.073069
  23.50000    0.50000  0.5000000 7.017812
  24.50000    0.50000  0.5000000 6.207911
  25.50000    0.50000  0.5000000 0.01
  26.50000    0.50000  0.5000000 6.082231
  27.50000    0.50000  0.5000000 5.723169
  28.50000    0.50000  0.5000000 5.019412
  29.50000    0.50000  0.5000000 2.380452
  30.50000    0.50000  0.5000000 0.354023
  31.50000    0.50000  0.5000000 9.004709
  32.50000    0.50000  0.5000000 4.883598
  33.50000    0.50000  0.5000000 0.590582
  34.50000    0.50000  0.5000000 8.280171
  35.50000    0.50000  0.5000000 1.402049
  36.50000    0.50000  0.5000000 6.591891
  37.50000    0.50000  0.5000000 0.997641
  38.50000    0.50000  0.5000000 4.121358
  39.50000    0.50000  0.5000000 4.417624
  40.50000    0.50000  0.5000000 10.572813
  41.50000    0.50000  0.5000000 1.444279
  42.50000    0.50000  0.5000000 2.497074
  43.50000    0.50000  0.5000000 8.384528
  44.50000    0.50000  0.5000000 8.512179
  45.50000    0.50000  0.5000000 5.37433
  46.50000    0.50000  0.5000000 3.212685
  47.50000    0.50000  0.5000000 3.24885
  48.50000    0.50000  0.5000000 0.103651
  49.50000    0.50000  0.5000000 7.916618
   0.50000    1.50000  0.5000000 7.052939
   1.50000    1.50000  0.5000000 7.593511
   2.50000    1.50000  0.5000000 7.530624
   3.50000    1.50000  0.5000000 6.526206
   4.50000    1.50000  0.5000000 8.055593
   5.50000    1.50000  0.5000000 2.220466
   6.50000    1.50000  0.5000000 10.83613
   7.50000    1.50000  0.5000000 6.075432
   8.50000    1.50000  0.5000000 3.018293
   9.50000    1.50000  0.5000000 1.949604
  10.50000    1.50000  0.5000000 4.392565
  11.50000    1.50000  0.5000000 7.46433
  12.50000    1.50000  0.5000000 6.713552
  13.50000    1.50000  0.5000000 8.818725
  14.50000    1.50000  0.5000000 11.871164
  15.50000    1.50000  0.5000000 7.221211
  16.50000    1.50000  0.5000000 8.352004
  17.50000    1.50000  0.5000000 7.524829
  18.50000    1.50000  0.5000000 2.472112
  19.50000    1.50000  0.5000000 3.693647
  20.50000    1.50000  0.5000000 4.428211
  21.50000    1.50000  0.5000000 8.175174
  22.50000    1.50000  0.5000000 1.171529
  23.50000    1.50000  0.5000000 12.031573
  24.50000    1.50000  0.5000000 2.776083
  25.50000    1.50000  0.5000000 2.134078
  26.50000    1.50000  0.5000000 3.185286
  27.50000    1.50000  0.5000000 2.006472
  28.50000    1.50000  0.5000000 5.382188
  29.50000    1.50000  0.5000000 5.516974
  30.50000    1.50000  0.5000000 10.683781
  31.50000    1.50000  0.5000000 3.917254
  32.50000    1.50000  0.5000000 8.406916
  33.50000    1.50000  0.5000000 7.317985
  34.50000    1.50000  0.5000000 6.39022
  35.50000    1.50000  0.5000000 0.01
  36.50000    1.50000  0.5000000 6.467955
  37.50000    1.50000  0.5000000 5.631611
  38.50000    1.50000  0.5000000 1.82303
  39.50000    1.50000  0.5000000 7.554567
  40.50000    1.50000  0.5000000 9.017057
  41.50000    1.50000  0.5000000 7.298203
  42.50000    1.50000  0.5000000 5.095948
  43.50000    1.50000  0.5000000 1.737036
  44.50000    1.50000  0.5000000 6.735264
  45.50000    1.50000  0.5000000 2.580595
  46.50000    1.50000  0.5000000 6.473306
  47.50000    1.50000  0.5000000 2.451043
  48.50000    1.50000  0.5000000 2.614301
  49.50000    1.50000  0.5000000 6.682638
   0.50000    2.50000  0.5000000 3.449309
   1.50000    2.50000  0.5000000 0.01
   2.50000    2.50000  0.5000000 8.60053
   3.50000    2.50000  0.5000000 6.756553
   4.50000    2.50000  0.5000000 7.35708
   5.50000    2.50000  0.5000000 1.04501
   6.50000    2.50000  0.5000000 5.285688
   7.50000    2.50000  0.5000000 7.841744
   8.50000    2.50000  0.5000000 6.579565
   9.50000    2.50000  0.5000000 3.628713
  10.50000    2.50000  0.5000000 7.86715
  11.50000    2.50000  0.5000000 4.146092
  12.50000    2.50000  0.5000000 0.330221
  13.50000    2.50000  0.5000000 4.401797
  14.50000    2.50000  0.5000000 3.319751
  15.50000    2.50000  0.5000000 1.360498
  16.50000    2.50000  0.5000000 7.888829
  17.50000    2.50000  0.5000000 1.827635
  18.50000    2.50000  0.5000000 8.7671
  19.50000    2.50000  0.5000000 2.811663
  20.50000    2.50000  0.5000000 4.126904
  21.50000    2.50000  0.5000000 4.462387
  22.50000    2.50000  0.5000000 6.817969
  23.50000    2.50000  0.5000000 3.824893
  24.50000    2.50000  0.5000000 5.145771
  25.50000    2.50000  0.5000000 5.942043
  26.50000    2.50000  0.5000000 2.91236
  27.50000    2.50000  0.5000000 3.008131
  28.50000    2.50000  0.5000000 1.839817
  29.50000    2.50000  0.5000000 0.501582
  30.50000    2.50000  0.5000000 10.050517
  31.50000    2.50000  0.5000000 3.065193
  32.50000    2.50000  0.5000000 6.551061
  33.50000    2.50000  0.5000000 2.504312
  34.50000    2.50000  0.5000000 9.854587
  35.50000    2.50000  0.5000000 6.685104
  36.50000    2.50000  0.5000000 8.343463
  37.50000    2.50000  0.5000000 4.897406
  38.50000    2.50000  0.5000000 8.124754
  39.50000    2.50000  0.5000000 2.708805
  40.50000    2.50000  0.5000000 0.743143
  41.50000    2.50000  0.5000000 8.740466
  42.50000    2.50000  0.5000000 7.631684
  43.50000    2.50000  0.5000000 6.087409
  44.50000    2.50000  0.5000000 4.586571
  45.50000    2.50000  0.5000000 3.832195
  46.50000    2.50000  0.5000000 2.191886
  47.50000    2.50000  0.5000000 4.013194
  48.50000    2.50000  0.5000000 5.570354
  49.50000    2.50000  0.5000000 8.009798
   0.50000    3.50000  0.5000000 4.816609
   1.50000    3.50000  0.5000000 0.534994
   2.50000    3.50000  0.5000000 0.643587
   3.50000    3.50000  0.5000000 2.180171
   4.50000    3.50000  0.5000000 1.669644
   5.50000    3.50000  0.5000000 7.131106
   6.50000    3.50000  0.5000000 8.575027
   7.50000    3.50000  0.5000000 7.576402
   8.50000    3.50000  0.5000000 2.908407
   9.50000    3.50000  0.5000000 1.347526
  10.50000    3.50000  0.5000000 7.584219
  11.50000    3.50000  0.5000000 0.01
  12.50000    3.50000  0.5000000 3.633859
  13.50000    3.50000  0.5000000 0.01
  14.50000    3.50000  0.5000000 3.630991
  15.50000    3.50000  0.5000000 3.004204
  16.50000    3.50000  0.5000000 7.975133
  17.50000    3.50000  0.5000000 1.672553
  18.50000    3.50000  0.5000000 3.824109
  19.50000    3.50000  0.5000000 3.794019
  20.50000    3.50000  0.5000000 2.49154
  21.50000    3.50000  0.5000000 3.911629
  22.50000    3.50000  0.5000000 0.01
  23.50000    3.50000  0.5000000 1.859414
  24.50000    3.50000  0.5000000 4.561622
  25.50000    3.50000  0.5000000 5.403461
  26.50000    3.50000  0.5000000 7.687686
  27.50000    3.50000  0.5000000 7.58799
  28.50000    3.50000  0.5000000 5.524888
  29.50000    3.50000  0.5000000 4.209116
  30.50000    3.50000  0.5000000 2.679067
  31.50000    3.50000  0.5000000 6.436377
  32.50000    3.50000  0.5000000 1.068173
  33.50000    3.50000  0.5000000 6.51905
  34.50000    3.50000  0.5000000 2.612363
  35.50000    3.50000  0.5000000 4.958997
  36.50000    3.50000  0.5000000 8.725119
  37.50000    3.50000  0.5000000 1.000615
  38.50000    3.50000  0.5000000 6.243703
  39.50000    3.50000  0.5000000 4.06507
  40.50000    3.50000  0.5000000 2.851406
  41.50000    3.50000  0.5000000 4.519466
  42.50000    3.50000  0.5000000 10.638871
  43.50000    3.50000  0.5000000 8.915104
  44.50000    3.50000  0.5000000 3.216939
  45.50000    3.50000  0.5000000 2.208787
  46.50000    3.50000  0.5000000 5.587277
  47.50000    3.50000  0.5000000 0.01
  48.50000    3.50000  0.5000000 3.602098
  49.50000    3.50000  0.5000000 5.305304
   0.50000    4.50000  0.5000000 7.905858
   1.50000    4.50000  0.5000000 2.930166
   2.50000    4.50000  0.5000000 3.285777
   3.50000    4.50000  0.5000000 5.9693
   4.50000    4.50000  0.5000000 0.01
   5.50000    4.50000  0.5000000 4.238191
   6.50000    4.50000  0.5000000 6.505015
   7.50000    4.50000  0.5000000 4.312688
   8.50000    4.50000  0.5000000 11.777034
   9.50000    4.50000  0.5000000 11.317441
  10.50000    4.50000  0.5000000 0.792393
  11.50000    4.50000  0.5000000 4.376133
  12.50000    4.50000  0.5000000 3.947974
  13.50000    4.50000  0.5000000 2.089394
  14.50000    4.50000  0.5000000 0.213212
  15.50000    4.50000  0.5000000 8.73583
  16.50000    4.50000  0.5000000 4.539686
  17.50000    4.50000  0.5000000 4.547234
  18.50000    4.50000  0.5000000 10.560779
  19.50000    4.50000  0.5000000 6.359852
  20.50000    4.50000  0.5000000 0.869568
  21.50000    4.50000  0.5000000 2.246228
  22.50000    4.50000  0.5000000 0.27553
  23.50000    4.50000  0.5000000 5.012159
  24.50000    4.50000  0.5000000 3.358079
  25.50000    4.50000  0.5000000 7.346828
  26.50000    4.50000  0.5000000 3.630388
  27.50000    4.50000  0.5000000 7.093671
  28.50000    4.50000  0.5000000 10.813662
  29.50000    4.50000  0.5000000 3.051941
  30.50000    4.50000  0.5000000 4.153192
  31.50000    4.50000  0.5000000 4.752959
  32.50000    4.50000  0.5000000 9.885069
  33.50000    4.50000  0.5000000 2.560269
  34.50000    4.50000  0.5000000 0.01
  35.50000    4.50000  0.5000000 0.01
  36.50000    4.50000  0.5000000 5.130058
  37.50000    4.50000  0.5000000 0.901701
  38.50000    4.50000  0.5000000 2.809561
  39.50000    4.50000  0.5000000 8.571325
  40.50000    4.50000  0.5000000 3.361805
  41.50000    4.50000  0.5000000 5.873276
  42.50000    4.50000  0.5000000 5.748213
  43.50000    4.50000  0.5000000 6.213505
  44.50000    4.50000  0.5000000 3.826814
  45.50000    4.50000  0.5000000 2.33736
  46.50000    4.50000  0.5000000 11.663076
  47.50000    4.50000  0.5000000 4.497686
  48.50000    4.50000  0.5000000 4.701068
  49.50000    4.50000  0.5000000 6.356265
   0.50000    5.50000  0.5000000 7.887247
   1.50000    5.50000  0.5000000 0.01
   2.50000    5.50000  0.5000000 1.547075
   3.50000    5.50000  0.5000000 8.735206
   4.50000    5.50000  0.5000000 8.021141
   5.50000    5.50000  0.5000000 3.769923
   6.50000    5.50000  0.5000000 1.106874
   7.50000    5.50000  0.5000000 6.460392
   8.50000    5.50000  0.5000000 7.632726
   9.50000    5.50000  0.5000000 1.135269
  10.50000    5.50000  0.5000000 6.665875
  11.50000    5.50000  0.5000000 4.872701
  12.50000    5.50000  0.5000000 6.258028
  13.50000    5.50000  0.5000000 5.853108
  14.50000    5.50000  0.5000000 7.345498
  15.50000    5.50000  0.5000000 4.076404
  16.50000    5.50000  0.5000000 6.534428
  17.50000    5.50000  0.5000000 5.763605
  18.50000    5.50000  0.5000000 8.664445
  19.50000    5.50000  0.5000000 5.512483
  20.50000    5.50000  0.5000000 3.381854
  21.50000    5.50000  0.5000000 3.157375
  22.50000    5.50000  0.5000000 5.829903
  23.50000    5.50000  0.5000000 5.101375
  24.50000    5.50000  0.5000000 4.947465
  25.50000    5.50000  0.5000000 4.871649
  26.50000    5.50000  0.5000000 5.234196
  27.50000    5.50000  0.5000000 8.263962
  28.50000    5.50000  0.5000000 0.01
  29.50000    5.50000  0.5000000 8.678717
  30.50000    5.50000  0.5000000 8.22675
  31.50000    5.50000  0.5000000 3.544679
  32.50000    5.50000  0.5000000 2.875558
  33.50000    5.50000  0.5000000 3.145431
  34.50000    5.50000  0.5000000 4.361563
  35.50000    5.50000  0.5000000 4.198893
  36.50000    5.50000  0.5000000 7.128977
  37.50000    5.50000  0.5000000 10.180691
  38.50000    5.50000  0.5000000 1.617532
  39.50000    5.50000  0.5000000 5.903829
  40.50000    5.50000  0.5000000 7.163247
  41.50000    5.50000  0.5000000 1.212665
  42.50000    5.50000  0.5000000 6.601407
  43.50000    5.50000  0.5000000 7.951731
  44.50000    5.50000  0.5000000 6.705227
  45.50000    5.50000  0.5000000 2.799541
  46.50000    5.50000  0.5000000 6.882797
  47.50000    5.50000  0.5000000 4.415644
  48.50000    5.50000  0.5000000 3.456652
  49.50000    5.50000  0.5000000 6.19086
   0.50000    6.50000  0.5000000 4.571776
   1.50000    6.50000  0.5000000 7.070199
   2.50000    6.50000  0.5000000 2.130911
   3.50000    6.50000  0.5000000 0.916592
   4.50000    6.50000  0.5000000 6.170452
   5.50000    6.50000  0.5000000 3.849075
   6.50000    6.50000  0.5000000 9.572387
   7.50000    6.50000  0.5000000 4.876357
   8.50000    6.50000  0.5000000 4.435583
   9.50000    6.50000  0.5000000 9.450319
  10.50000    6.50000  0.5000000 2.877158
  11.50000    6.50000  0.5000000 3.174773
  12.50000    6.50000  0.5000000 4.80958
  13.50000    6.50000  0.5000000 6.255344
  14.50000    6.50000  0.5000000 6.263506
  15.50000    6.50000  0.5000000 10.788968
  16.50000    6.50000  0.5000000 1.966735
  17.50000    6.50000  0.5000000 8.137302
  18.50000    6.50000  0.5000000 2.919355
  19.50000    6.50000  0.5000000 5.702935
  20.50000    6.50000  0.5000000 3.059304
  21.50000    6.50000  0.5000000 5.896159
  22.50000    6.50000  0.5000000 3.229477
  23.50000    6.50000  0.5000000 5.847062
  24.50000    6.50000  0.5000000 8.648389
  25.50000    6.50000  0.5000000 8.89356
  26.50000    6.50000  0.5000000 3.278921
  27.50000    6.50000  0.5000000 9.220551
  28.50000    6.50000  0.5000000 10.964705
  29.50000    6.50000  0.5000000 2.027226
  30.50000    6.50000  0.5000000 6.786418
  31.50000    6.50000  0.5000000 1.968894
  32.50000    6.50000  0.5000000 4.436282
  33.50000    6.50000  0.5000000 4.942889
  34.50000    6.50000  0.5000000 3.405507
  35.50000    6.50000  0.5000000 1.826234
  36.50000    6.50000  0.5000000 1.801683
  37.50000    6.50000  0.5000000 9.93595
  38.50000    6.50000  0.5000000 5.073575
  39.50000    6.50000  0.5000000 0.01
  40.50000    6.50000  0.5000000 3.061905
  41.50000    6.50000  0.5000000 8.019985
  42.50000    6.50000  0.5000000 6.122778
  43.50000    6.50000  0.5000000 0.01
  44.50000    6.50000  0.5000000 0.250863
  45.50000    6.50000  0.5000000 5.384083
  46.50000    6.50000  0.5000000 3.022646
  47.50000    6.50000  0.5000000 4.150605
  48.50000    6.50000  0.5000000 7.600855
  49.50000    6.50000  0.5000000 2.315379
   0.50000    7.50000  0.5000000 6.829509
   1.50000    7.50000  0.5000000 8.506135
   2.50000    7.50000  0.5000000 6.117094
   3.50000    7.50000  0.5000000 3.62566
   4.50000    7.50000  0.5000000 7.157141
   5.50000    7.50000  0.5000000 8.67177
   6.50000    7.50000  0.5000000 8.306834
   7.50000    7.50000  0.5000000 8.875658
   8.50000    7.50000  0.5000000 2.361145
   9.50000    7.50000  0.5000000 2.842864
  10.50000    7.50000  0.5000000 0.01
  11.50000    7.50000  0.5000000 7.366992
  12.50000    7.50000  0.5000000 3.707838
  13.50000    7.50000  0.5000000 8.659068
  14.50000    7.50000  0.5000000 0.01
  15.50000    7.50000  0.5000000 8.131294
  16.50000    7.50000  0.5000000 4.792571
  17.50000    7.50000  0.5000000 5.191528
  18.50000    7.50000  0.5000000 1.467161
  19.50000    7.50000  0.5000000 6.286907
  20.50000    7.50000  0.5000000 4.937353
  21.50000    7.50000  0.5000000 0.733454
  22.50000    7.50000  0.5000000 6.700583
  23.50000    7.50000  0.5000000 3.543137
  24.50000    7.50000  0.5000000 1.193083
  25.50000    7.50000  0.5000000 0.785011
  26.50000    7.50000  0.5000000 9.14417
  27.50000    7.50000  0.5000000 1.499181
  28.50000    7.50000  0.5000000 3.322736
  29.50000    7.50000  0.5000000 2.357818
  30.50000    7.50000  0.5000000 9.378573
  31.50000    7.50000  0.5000000 2.70237
  32.50000    7.50000  0.5000000 0.01
  33.50000    7.50000  0.5000000 7.972765
  34.50000    7.50000  0.5000000 10.857914
  35.50000    7.50000  0.5000000 0.01
  36.50000    7.50000  0.5000000 11.906062
  37.50000    7.50000  0.5000000 2.727528
  38.50000    7.50000  0.5000000 2.369053
  39.50000    7.50000  0.5000000 6.529377
  40.50000    7.50000  0.5000000 5.705742
  41.50000    7.50000  0.5000000 4.889488
  42.50000    7.50000  0.5000000 10.29598
  43.50000    7.50000  0.5000000 3.169677
  44.50000    7.50000  0.5000000 6.55861
  45.50000    7.50000  0.5000000 8.927662
  46.50000    7.50000  0.5000000 1.381611
  47.50000    7.50000  0.5000000 8.402659
  48.50000    7.50000  0.5000000 9.35329
  49.50000    7.50000  0.5000000 2.513509
   0.50000    8.50000  0.5000000 6.323538
   1.50000    8.50000  0.5000000 2.936748
   2.50000    8.50000  0.5000000 1.62146
   3.50000    8.50000  0.5000000 4.992063
   4.50000    8.50000  0.5000000 6.930566
   5.50000    8.50000  0.5000000 4.21716
   6.50000    8.50000  0.5000000 4.15006
   7.50000    8.50000  0.5000000 0.533304
   8.50000    8.50000  0.5000000 0.907473
   9.50000    8.50000  0.5000000 10.688001
  10.50000    8.50000  0.5000000 6.875974
  11.50000    8.50000  0.5000000 3.648916
  12.50000    8.50000  0.5000000 3.071578
  13.50000    8.50000  0.5000000 8.830271
  14.50000    8.50000  0.5000000 6.676398
  15.50000    8.50000  0.5000000 6.796289
  16.50000    8.50000  0.5000000 8.513427
  17.50000    8.50000  0.5000000 8.131325
  18.50000    8.50000  0.5000000 3.625885
  19.50000    8.50000  0.5000000 5.085898
  20.50000    8.50000  0.5000000 6.959871
  21.50000    8.50000  0.5000000 1.800746
  22.50000    8.50000  0.5000000 3.76956
  23.50000    8.50000  0.5000000 3.143867
  24.50000    8.50000  0.5000000 3.857765
  25.50000    8.50000  0.5000000 2.533505
  26.50000    8.50000  0.5000000 6.110244
  27.50000    8.50000  0.5000000 4.86287
  28.50000    8.50000  0.5000000 7.852664
  29.50000    8.50000  0.5000000 5.862205
  30.50000    8.50000  0.5000000 6.080297
  31.50000    8.50000  0.5000000 6.211144
  32.50000    8.50000  0.5000000 5.16132
  33.50000    8.50000  0.5000000 1.222186
  34.50000    8.50000  0.5000000 4.373572
  35.50000    8.50000  0.5000000 3.251048
  36.50000    8.50000  0.5000000 1.740369
  37.50000    8.50000  0.5000000 1.01344
  38.50000    8.50000  0.5000000 6.603608
  39.50000    8.50000  0.5000000 5.95204
  40.50000    8.50000  0.5000000 2.421492
  41.50000    8.50000  0.5000000 5.682462
  42.50000    8.50000  0.5000000 7.177566
  43.50000    8.50000  0.5000000 1.839107
  44.50000    8.50000  0.5000000 2.072084
  45.50000    8.50000  0.5000000 5.579056
  46.50000    8.50000  0.5000000 5.958692
  47.50000    8.50000  0.5000000 6.675995
  48.50000    8.50000  0.5000000 4.930569
  49.50000    8.50000  0.5000000 5.473687
   0.50000    9.50000  0.5000000 7.017442
   1.50000    9.50000  0.5000000 8.44736
   2.50000    9.50000  0.5000000 1.482353
   3.50000    9.50000  0.5000000 4.875487
   4.50000    9.50000  0.5000000 1.219744
   5.50000    9.50000  0.5000000 3.925924
   6.50000    9.50000  0.5000000 8.641731
   7.50000    9.50000  0.5000000 4.992565
   8.50000    9.50000  0.5000000 5.326616
   9.50000    9.50000  0.5000000 2.47511
  10.50000    9.50000  0.5000000 6.271152
  11.50000    9.50000  0.5000000 1.515277
  12.50000    9.50000  0.5000000 9.78709
  13.50000    9.50000  0.5000000 0.01
  14.50000    9.50000  0.5000000 7.061625
  15.50000    9.50000  0.5000000 10.984121
  16.50000    9.50000  0.5000000 0.769313
  17.50000    9.50000  0.5000000 0.253529
  18.50000    9.50000  0.5000000 10.487332
  19.50000    9.50000  0.5000000 6.684757
  20.50000    9.50000  0.5000000 4.85239
  21.50000    9.50000  0.5000000 0.01
  22.50000    9.50000  0.5000000 4.444325
  23.50000    9.50000  0.5000000 7.598011
  24.50000    9.50000  0.5000000 3.366084
  25.50000    9.50000  0.5000000 2.724102
  26.50000    9.50000  0.5000000 0.01
  27.50000    9.50000  0.5000000 3.368483
  28.50000    9.50000  0.5000000 0.01
  29.50000    9.50000  0.5000000 11.81007
  30.50000    9.50000  0.5000000 8.782465
  31.50000    9.50000  0.5000000 1.908668
  32.50000    9.50000  0.5000000 5.344105
  33.50000    9.50000  0.5000000 4.554266
  34.50000    9.50000  0.5000000 0.316738
  35.50000    9.50000  0.5000000 0.453673
  36.50000    9.50000  0.5000000 2.791098
  37.50000    9.50000  0.5000000 8.442545
  38.50000    9.50000  0.5000000 9.138946
  39.50000    9.50000  0.5000000 7.922083
  40.50000    9.50000  0.5000000 6.540768
  41.50000    9.50000  0.5000000 13.337211
  42.50000    9.50000  0.5000000 4.253254
  43.50000    9.50000  0.5000000 4.382759
  44.50000    9.50000  0.5000000 3.480663
  45.50000    9.50000  0.5000000 4.673922
  46.50000    9.50000  0.5000000 2.985833
  47.50000    9.50000  0.5000000 8.981541
  48.50000    9.50000  0.5000000 9.881984
  49.50000    9.50000  0.5000000 7.834728
   0.50000   10.50000  0.5000000 3.312475
   1.50000   10.50000  0.5000000 0.835724
   2.50000   10.50000  0.5000000 4.363128
   3.50000   10.50000  0.5000000 6.293026
   4.50000   10.50000  0.5000000 0.632285
   5.50000   10.50000  0.5000000 4.098154
   6.50000   10.50000  0.5000000 9.138747
   7.50000   10.50000  0.5000000 3.500629
   8.50000   10.50000  0.5000000 4.928477
   9.50000   10.50000  0.5000000 1.655651
  10.50000   10.50000  0.5000000 5.466715
  11.50000   10.50000  0.5000000 8.701395
  12.50000   10.50000  0.5000000 8.47038
  13.50000   10.50000  0.5000000 3.445095
  14.50000   10.50000  0.5000000 9.000412
  15.50000   10.50000  0.5000000 6.453401
  16.50000   10.50000  0.5000000 7.137936
  17.50000   10.50000  0.5000000 2.274622
  18.50000   10.50000  0.5000000 4.286786
  19.50000   10.50000  0.5000000 3.367146
  20.50000   10.50000  0.5000000 3.301745
  21.50000   10.50000  0.5000000 1.691419
  22.50000   10.50000  0.5000000 6.036709
  23.50000   10.50000  0.5000000 1.643517
  24.50000   10.50000  0.5000000 1.944733
  25.50000   10.50000  0.5000000 6.083568
  26.50000   10.50000  0.5000000 12.042747
  27.50000   10.50000  0.5000000 0.01
  28.50000   10.50000  0.5000000 2.780897
  29.50000   10.50000  0.5000000 4.656715
  30.50000   10.50000  0.5000000 4.78051
  31.50000   10.50000  0.5000000 2.71037
  32.50000   10.50000  0.5000000 6.069375
  33.50000   10.50000  0.5000000 4.101565
  34.50000   10.50000  0.5000000 0.01
  35.50000   10.50000  0.5000000 8.956669
  36.50000   10.50000  0.5000000 10.529807
  37.50000   10.50000  0.5000000 6.239615
  38.50000   10.50000  0.5000000 1.243461
  39.50000   10.50000  0.5000000 2.146821
  40.50000   10.50000  0.5000000 9.530965
  41.50000   10.50000  0.5000000 6.890537
  42.50000   10.50000  0.5000000 5.5688
  43.50000   10.50000  0.5000000 4.798207
  44.50000   10.50000  0.5000000 5.575565
  45.50000   10.50000  0.5000000 10.584531
  46.50000   10.50000  0.5000000 6.139695
  47.50000   10.50000  0.5000000 1.172004
  48.50000   10.50000  0.5000000 8.620435
  49.50000   10.50000  0.5000000 3.525821
   0.50000   11.50000  0.5000000 5.750402
   1.50000   11.50000  0.5000000 10.316838
   2.50000   11.50000  0.5000000 4.424323
   3.50000   11.50000  0.5000000 7.055026
   4.50000   11.50000  0.5000000 4.734785
   5.50000   11.50000  0.5000000 6.75485
   6.50000   11.50000  0.5000000 6.607285
   7.50000   11.50000  0.5000000 10.023379
   8.50000   11.50000  0.5000000 4.865255
   9.50000   11.50000  0.5000000 5.046962
  10.50000   11.50000  0.5000000 6.643532
  11.50000   11.50000  0.5000000 4.423201
  12.50000   11.50000  0.5000000 4.746304
  13.50000   11.50000  0.5000000 8.546214
  14.50000   11.50000  0.5000000 0.772753
  15.50000   11.50000  0.5000000 10.376992
  16.50000   11.50000  0.5000000 7.501671
  17.50000   11.50000  0.5000000 0.01
  18.50000   11.50000  0.5000000 3.888513
  19.50000   11.50000  0.5000000 5.145251
  20.50000   11.50000  0.5000000 4.953226
  21.50000   11.50000  0.5000000 6.716302
  22.50000   11.50000  0.5000000 8.010764
  23.50000   11.50000  0.5000000 5.861425
  24.50000   11.50000  0.5000000 4.855545
  25.50000   11.50000  0.5000000 7.096792
  26.50000   11.50000  0.5000000 7.039895
  27.50000   11.50000  0.5000000 5.511676
  28.50000   11.50000  0.5000000 7.685578
  29.50000   11.50000  0.5000000 4.619792
  30.50000   11.50000  0.5000000 4.160314
  31.50000   11.50000  0.5000000 2.078031
  32.50000   11.50000  0.5000000 3.510473
  33.50000   11.50000  0.5000000 7.692202
  34.50000   11.50000  0.5000000 1.967668
  35.50000   11.50000  0.5000000 5.683381
  36.50000   11.50000  0.5000000 6.16352
  37.50000   11.50000  0.5000000 4.433425
  38.50000   11.50000  0.5000000 7.342643
  39.50000   11.50000  0.5000000 0.862886
  40.50000   11.50000  0.5000000 7.755876
  41.50000   11.50000  0.5000000 0.499269
  42.50000   11.50000  0.5000000 5.827089
  43.50000   11.50000  0.5000000 4.058559
  44.50000   11.50000  0.5000000 2.674149
  45.50000   11.50000  0.5000000 8.43385
  46.50000   11.50000  0.5000000 5.288954
  47.50000   11.50000  0.5000000 4.674461
  48.50000   11.50000  0.5000000 3.821409
  49.50000   11.50000  0.5000000 6.58938
   0.50000   12.50000  0.5000000 4.227013
   1.50000   12.50000  0.5000000 10.20251
   2.50000   12.50000  0.5000000 0.01
   3.50000   12.50000  0.5000000 0.01
   4.50000   12.50000  0.5000000 4.117415
   5.50000   12.50000  0.5000000 4.521111
   6.50000   12.50000  0.5000000 4.943215
   7.50000   12.50000  0.5000000 7.798941
   8.50000   12.50000  0.5000000 9.190332
   9.50000   12.50000  0.5000000 8.156542
  10.50000   12.50000  0.5000000 11.430645
  11.50000   12.50000  0.5000000 4.299894
  12.50000   12.50000  0.5000000 10.521396
  13.50000   12.50000  0.5000000 5.483952
  14.50000   12.50000  0.5000000 7.007897
  15.50000   12.50000  0.5000000 4.324234
  16.50000   12.50000  0.5000000 5.116061
  17.50000   12.50000  0.5000000 6.97821
  18.50000   12.50000  0.5000000 0.01
  19.50000   12.50000  0.5000000 8.237165
  20.50000   12.50000  0.5000000 5.69856
  21.50000   12.50000  0.5000000 3.648867
  22.50000   12.50000  0.5000000 8.863137
  23.50000   12.50000  0.5000000 8.704149
  24.50000   12.50000  0.5000000 8.618519
  25.50000   12.50000  0.5000000 1.112072
  26.50000   12.50000  0.5000000 3.882937
  27.50000   12.50000  0.5000000 8.418438
  28.50000   12.50000  0.5000000 9.874456
  29.50000   12.50000  0.5000000 0.01
  30.50000   12.50000  0.5000000 1.534939
  31.50000   12.50000  0.5000000 7.139017
  32.50000   12.50000  0.5000000 7.638284
  33.50000   12.50000  0.5000000 0.01
  34.50000   12.50000  0.5000000 6.217109
  35.50000   12.50000  0.5000000 5.937693
  36.50000   12.50000  0.5000000 3.944002
  37.50000   12.50000  0.5000000 6.717902
  38.50000   12.50000  0.5000000 6.830263
  39.50000   12.50000  0.5000000 4.3316
  40.50000   12.50000  0.5000000 3.245161
  41.50000   12.50000  0.5000000 6.690274
  42.50000   12.50000  0.5000000 5.831418
  43.50000   12.50000  0.5000000 0.680804
  44.50000   12.50000  0.5000000 3.418699
  45.50000   12.50000  0.5000000 6.623239
  46.50000   12.50000  0.5000000 5.165111
  47.50000   12.50000  0.5000000 3.56694
  48.50000   12.50000  0.5000000 6.242927
  49.50000   12.50000  0.5000000 4.037961
   0.50000   13.50000  0.5000000 5.503732
   1.50000   13.50000  0.5000000 4.801781
   2.50000   13.50000  0.5000000 7.14697
   3.50000   13.50000  0.5000000 3.197589
   4.50000   13.50000  0.5000000 12.182298
   5.50000   13.50000  0.5000000 6.160951
   6.50000   13.50000  0.5000000 2.446612
   7.50000   13.50000  0.5000000 3.82588
   8.50000   13.50000  0.5000000 8.476534
   9.50000   13.50000  0.5000000 9.184767
  10.50000   13.50000  0.5000000 3.347956
  11.50000   13.50000  0.5000000 5.069155
  12.50000   13.50000  0.5000000 5.999857
  13.50000   13.50000  0.5000000 8.983885
  14.50000   13.50000  0.5000000 1.755798
  15.50000   13.50000  0.5000000 4.085138
  16.50000   13.50000  0.5000000 7.192899
  17.50000   13.50000  0.5000000 2.411379
  18.50000   13.50000  0.5000000 7.812425
  19.50000   13.50000  0.5000000 6.807724
  20.50000   13.50000  0.5000000 5.8933
  21.50000   13.50000  0.5000000 4.330197
  22.50000   13.50000  0.5000000 5.102442
  23.50000   13.50000  0.5000000 8.257064
  24.50000   13.50000  0.5000000 8.463912
  25.50000   13.50000  0.5000000 8.19736
  26.50000   13.50000  0.5000000 3.424062
  27.50000   13.50000  0.5000000 1.127154
  28.50000   13.50000  0.5000000 7.710977
  29.50000   13.50000  0.5000000 12.411506
  30.50000   13.50000  0.5000000 5.850344
  31.50000   13.50000  0.5000000 3.195293
  32.50000   13.50000  0.5000000 1.782685
  33.50000   13.50000  0.5000000 5.173101
  34.50000   13.50000  0.5000000 5.59594
  35.50000   13.50000  0.5000000 5.738494
  36.50000   13.50000  0.5000000 6.840838
  37.50000   13.50000  0.5000000 6.00325
  38.50000   13.50000  0.5000000 10.353286
  39.50000   13.50000  0.5000000 3.99859
  40.50000   13.50000  0.5000000 5.877411
  41.50000   13.50000  0.5000000 5.482927
  42.50000   13.50000  0.5000000 5.834326
  43.50000   13.50000  0.5000000 8.550616
  44.50000   13.50000  0.5000000 4.935777
  45.50000   13.50000  0.5000000 12.920471
  46.50000   13.50000  0.5000000 9.232477
  47.50000   13.50000  0.5000000 2.68277
  48.50000   13.50000  0.5000000 7.14377
  49.50000   13.50000  0.5000000 7.451666
   0.50000   14.50000  0.5000000 4.254375
   1.50000   14.50000  0.5000000 6.731975
   2.50000   14.50000  0.5000000 2.894693
   3.50000   14.50000  0.5000000 7.198158
   4.50000   14.50000  0.5000000 6.237678
   5.50000   14.50000  0.5000000 7.350876
   6.50000   14.50000  0.5000000 4.570763
   7.50000   14.50000  0.5000000 9.097196
   8.50000   14.50000  0.5000000 3.691339
   9.50000   14.50000  0.5000000 4.389652
  10.50000   14.50000  0.5000000 4.576496
  11.50000   14.50000  0.5000000 7.791438
  12.50000   14.50000  0.5000000 7.264622
  13.50000   14.50000  0.5000000 5.290091
  14.50000   14.50000  0.5000000 6.412177
  15.50000   14.50000  0.5000000 7.552669
  16.50000   14.50000  0.5000000 6.09905
  17.50000   14.50000  0.5000000 4.66351
  18.50000   14.50000  0.5000000 5.743611
  19.50000   14.50000  0.5000000 7.08812
  20.50000   14.50000  0.5000000 3.994099
  21.50000   14.50000  0.5000000 9.844672
  22.50000   14.50000  0.5000000 4.202059
  23.50000   14.50000  0.5000000 5.511897
  24.50000   14.50000  0.5000000 7.80795
  25.50000   14.50000  0.5000000 3.439922
  26.50000   14.50000  0.5000000 3.332019
  27.50000   14.50000  0.5000000 0.323517
  28.50000   14.50000  0.5000000 9.092337
  29.50000   14.50000  0.5000000 8.923292
  30.50000   14.50000  0.5000000 6.201606
  31.50000   14.50000  0.5000000 1.720852
  32.50000   14.50000  0.5000000 4.112415
  33.50000   14.50000  0.5000000 2.353694
  34.50000   14.50000  0.5000000 4.41779
  35.50000   14.50000  0.5000000 1.766011
  36.50000   14.50000  0.5000000 3.831415
  37.50000   14.50000  0.5000000 4.794535
  38.50000   14.50000  0.5000000 8.083264
  39.50000   14.50000  0.5000000 4.381083
  40.50000   14.50000  0.5000000 8.109612
  41.50000   14.50000  0.5000000 2.360737
  42.50000   14.50000  0.5000000 10.199473
  43.50000   14.50000  0.5000000 10.486287
  44.50000   14.50000  0.5000000 6.56547
  45.50000   14.50000  0.5000000 0.01
  46.50000   14.50000  0.5000000 1.767087
  47.50000   14.50000  0.5000000 5.94401
  48.50000   14.50000  0.5000000 3.197442
  49.50000   14.50000  0.5000000 1.739484
   0.50000   15.50000  0.5000000 3.764699
   1.50000   15.50000  0.5000000 9.242755
   2.50000   15.50000  0.5000000 4.592087
   3.50000   15.50000  0.5000000 6.044308
   4.50000   15.50000  0.5000000 9.589603
   5.50000   15.50000  0.5000000 8.215308
   6.50000   15.50000  0.5000000 7.769017
   7.50000   15.50000  0.5000000 10.256776
   8.50000   15.50000  0.5000000 7.736382
   9.50000   15.50000  0.5000000 1.851337
  10.50000   15.50000  0.5000000 10.634626
  11.50000   15.50000  0.5000000 6.29737
  12.50000   15.50000  0.5000000 7.217711
  13.50000   15.50000  0.5000000 8.44964
  14.50000   15.50000  0.5000000 9.889492
  15.50000   15.50000  0.5000000 3.438923
  16.50000   15.50000  0.5000000 6.367748
  17.50000   15.50000  0.5000000 5.987198
  18.50000   15.50000  0.5000000 8.561843
  19.50000   15.50000  0.5000000 4.18363
  20.50000   15.50000  0.5000000 6.215628
  21.50000   15.50000  0.5000000 0.01
  22.50000   15.50000  0.5000000 3.19032
  23.50000   15.50000  0.5000000 3.771672
  24.50000   15.50000  0.5000000 4.091934
  25.50000   15.50000  0.5000000 1.972434
  26.50000   15.50000  0.5000000 5.90284
  27.50000   15.50000  0.5000000 1.814373
  28.50000   15.50000  0.5000000 3.549357
  29.50000   15.50000  0.5000000 9.041654
  30.50000   15.50000  0.5000000 2.342055
  31.50000   15.50000  0.5000000 2.68952
  32.50000   15.50000  0.5000000 4.334893
  33.50000   15.50000  0.5000000 0.01
  34.50000   15.50000  0.5000000 0.01
  35.50000   15.50000  0.5000000 6.022251
  36.50000   15.50000  0.5000000 0.777293
  37.50000   15.50000  0.5000000 6.979733
  38.50000   15.50000  0.5000000 1.154704
  39.50000   15.50000  0.5000000 3.098849
  40.50000   15.50000  0.5000000 4.855661
  41.50000   15.50000  0.5000000 0.973988
  42.50000   15.50000  0.5000000 5.244169
  43.50000   15.50000  0.5000000 5.474694
  44.50000   15.50000  0.5000000 4.851921
  45.50000   15.50000  0.5000000 6.563297
  46.50000   15.50000  0.5000000 3.260407
  47.50000   15.50000  0.5000000 4.35117
  48.50000   15.50000  0.5000000 10.380404
  49.50000   15.50000  0.5000000 5.337638
   0.50000   16.50000  0.5000000 6.232632
   1.50000   16.50000  0.5000000 2.851379
   2.50000   16.50000  0.5000000 6.038921
   3.50000   16.50000  0.5000000 4.653027
   4.50000   16.50000  0.5000000 5.02182
   5.50000   16.50000  0.5000000 0.146156
   6.50000   16.50000  0.5000000 10.009247
   7.50000   16.50000  0.5000000 1.257669
   8.50000   16.50000  0.5000000 5.831464
   9.50000   16.50000  0.5000000 10.669454
  10.50000   16.50000  0.5000000 6.448504
  11.50000   16.50000  0.5000000 3.447896
  12.50000   16.50000  0.5000000 2.511112
  13.50000   16.50000  0.5000000 6.607907
  14.50000   16.50000  0.5000000 3.929258
  15.50000   16.50000  0.5000000 6.49284
  16.50000   16.50000  0.5000000 7.39544
  17.50000   16.50000  0.5000000 3.040032
  18.50000   16.50000  0.5000000 5.8036
  19.50000   16.50000  0.5000000 6.019906
  20.50000   16.50000  0.5000000 8.159932
  21.50000   16.50000  0.5000000 9.939763
  22.50000   16.50000  0.5000000 4.644952
  23.50000   16.50000  0.5000000 0.01
  24.50000   16.50000  0.5000000 0.01
  25.50000   16.50000  0.5000000 3.138104
  26.50000   16.50000  0.5000000 2.853861
  27.50000   16.50000  0.5000000 3.394083
  28.50000   16.50000  0.5000000 2.156296
  29.50000   16.50000  0.5000000 4.728172
  30.50000   16.50000  0.5000000 5.120041
  31.50000   16.50000  0.5000000 8.555237
  32.50000   16.50000  0.5000000 4.46187
  33.50000   16.50000  0.5000000 4.585309
  34.50000   16.50000  0.5000000 5.435268
  35.50000   16.50000  0.5000000 3.966637
  36.50000   16.50000  0.5000000 3.64303
  37.50000   16.50000  0.5000000 4.73421
  38.50000   16.50000  0.5000000 1.453034
  39.50000   16.50000  0.5000000 6.356734
  40.50000   16.50000  0.5000000 2.99695
  41.50000   16.50000  0.5000000 0.592685
  42.50000   16.50000  0.5000000 10.99166
  43.50000   16.50000  0.5000000 3.67653
  44.50000   16.50000  0.5000000 4.826744
  45.50000   16.50000  0.5000000 5.985543
  46.50000   16.50000  0.5000000 2.651012
  47.50000   16.50000  0.5000000 4.441022
  48.50000   16.50000  0.5000000 6.676493
  49.50000   16.50000  0.5000000 6.667871
   0.50000   17.50000  0.5000000 5.549493
   1.50000   17.50000  0.5000000 10.348332
   2.50000   17.50000  0.5000000 0.01
   3.50000   17.50000  0.5000000 4.181897
   4.50000   17.50000  0.5000000 0.01
   5.50000   17.50000  0.5000000 5.677227
   6.50000   17.50000  0.5000000 1.057497
   7.50000   17.50000  0.5000000 8.922886
   8.50000   17.50000  0.5000000 6.510667
   9.50000   17.50000  0.5000000 7.830318
  10.50000   17.50000  0.5000000 0.873938
  11.50000   17.50000  0.5000000 5.854703
  12.50000   17.50000  0.5000000 2.695914
  13.50000   17.50000  0.5000000 1.482741
  14.50000   17.50000  0.5000000 4.944062
  15.50000   17.50000  0.5000000 6.034618
  16.50000   17.50000  0.5000000 0.483453
  17.50000   17.50000  0.5000000 0.452693
  18.50000   17.50000  0.5000000 3.616786
  19.50000   17.50000  0.5000000 2.717643
  20.50000   17.50000  0.5000000 5.681635
  21.50000   17.50000  0.5000000 2.422001
  22.50000   17.50000  0.5000000 4.63392
  23.50000   17.50000  0.5000000 0.01
  24.50000   17.50000  0.5000000 5.445389
  25.50000   17.50000  0.5000000 6.368706
  26.50000   17.50000  0.5000000 0.01
  27.50000   17.50000  0.5000000 2.24933
  28.50000   17.50000  0.5000000 0.89213
  29.50000   17.50000  0.5000000 6.688544
  30.50000   17.50000  0.5000000 1.132877
  31.50000   17.50000  0.5000000 6.035707
  32.50000   17.50000  0.5000000 1.937534
  33.50000   17.50000  0.5000000 5.827165
  34.50000   17.50000  0.5000000 3.832474
  35.50000   17.50000  0.5000000 6.290553
  36.50000   17.50000  0.5000000 6.22898
  37.50000   17.50000  0.5000000 6.764321
  38.50000   17.50000  0.5000000 2.577006
  39.50000   17.50000  0.5000000 6.470248
  40.50000   17.50000  0.5000000 8.633555
  41.50000   17.50000  0.5000000 5.12005
  42.50000   17.50000  0.5000000 12.042139
  43.50000   17.50000  0.5000000 6.654945
  44.50000   17.50000  0.5000000 5.636578
  45.50000   17.50000  0.5000000 7.268093
  46.50000   17.50000  0.5000000 6.096732
  47.50000   17.50000  0.5000000 2.590331
  48.50000   17.50000  0.5000000 4.153293
  49.50000   17.50000  0.5000000 8.305463
   0.50000   18.50000  0.5000000 0.01
   1.50000   18.50000  0.5000000 5.443174
   2.50000   18.50000  0.5000000 6.608456
   3.50000   18.50000  0.5000000 8.974949
   4.50000   18.50000  0.5000000 8.285557
   5.50000   18.50000  0.5000000 6.072199
   6.50000   18.50000  0.5000000 5.142123
   7.50000   18.50000  0.5000000 1.001812
   8.50000   18.50000  0.5000000 7.232913
   9.50000   18.50000  0.5000000 5.346694
  10.50000   18.50000  0.5000000 0.01
  11.50000   18.50000  0.5000000 11.888417
  12.50000   18.50000  0.5000000 7.502592
  13.50000   18.50000  0.5000000 0.01
  14.50000   18.50000  0.5000000 4.556322
  15.50000   18.50000  0.5000000 8.506013
  16.50000   18.50000  0.5000000 3.932654
  17.50000   18.50000  0.5000000 8.478465
  18.50000   18.50000  0.5000000 4.542592
  19.50000   18.50000  0.5000000 3.870359
  20.50000   18.50000  0.5000000 8.422352
  21.50000   18.50000  0.5000000 4.671917
  22.50000   18.50000  0.5000000 7.867825
  23.50000   18.50000  0.5000000 1.653964
  24.50000   18.50000  0.5000000 3.845503
  25.50000   18.50000  0.5000000 8.209352
  26.50000   18.50000  0.5000000 4.246612
  27.50000   18.50000  0.5000000 5.334614
  28.50000   18.50000  0.5000000 6.351517
  29.50000   18.50000  0.5000000 7.162973
  30.50000   18.50000  0.5000000 2.752469
  31.50000   18.50000  0.5000000 2.254025
  32.50000   18.50000  0.5000000 6.558673
  33.50000   18.50000  0.5000000 8.352843
  34.50000   18.50000  0.5000000 6.35464
  35.50000   18.50000  0.5000000 2.668984
  36.50000   18.50000  0.5000000 0.485656
  37.50000   18.50000  0.5000000 3.864462
  38.50000   18.50000  0.5000000 6.422636
  39.50000   18.50000  0.5000000 3.576696
  40.50000   18.50000  0.5000000 0.01
  41.50000   18.50000  0.5000000 7.666515
  42.50000   18.50000  0.5000000 7.924764
  43.50000   18.50000  0.5000000 9.271517
  44.50000   18.50000  0.5000000 5.154598
  45.50000   18.50000  0.5000000 6.672165
  46.50000   18.50000  0.5000000 3.253696
  47.50000   18.50000  0.5000000 3.840228
  48.50000   18.50000  0.5000000 11.726593
  49.50000   18.50000  0.5000000 4.32521
   0.50000   19.50000  0.5000000 7.597117
   1.50000   19.50000  0.5000000 4.577465
   2.50000   19.50000  0.5000000 0.134924
   3.50000   19.50000  0.5000000 3.922165
   4.50000   19.50000  0.5000000 9.625994
   5.50000   19.50000  0.5000000 0.469419
   6.50000   19.50000  0.5000000 4.687773
   7.50000   19.50000  0.5000000 1.614036
   8.50000   19.50000  0.5000000 10.05702
   9.50000   19.50000  0.5000000 4.355795
  10.50000   19.50000  0.5000000 6.288191
  11.50000   19.50000  0.5000000 5.844886
  12.50000   19.50000  0.5000000 0.725776
  13.50000   19.50000  0.5000000 4.685967
  14.50000   19.50000  0.5000000 9.571695
  15.50000   19.50000  0.5000000 5.049038
  16.50000   19.50000  0.5000000 10.459769
  17.50000   19.50000  0.5000000 10.396067
  18.50000   19.50000  0.5000000 0.911538
  19.50000   19.50000  0.5000000 6.895083
  20.50000   19.50000  0.5000000 8.07318
  21.50000   19.50000  0.5000000 0.01
  22.50000   19.50000  0.5000000 6.221125
  23.50000   19.50000  0.5000000 0.01
  24.50000   19.50000  0.5000000 6.473887
  25.50000   19.50000  0.5000000 8.796933
  26.50000   19.50000  0.5000000 5.815371
  27.50000   19.50000  0.5000000 8.527144
  28.50000   19.50000  0.5000000 11.043247
  29.50000   19.50000  0.5000000 6.225117
  30.50000   19.50000  0.5000000 0.01
  31.50000   19.50000  0.5000000 7.042345
  32.50000   19.50000  0.5000000 5.535547
  33.50000   19.50000  0.5000000 11.318799
  34.50000   19.50000  0.5000000 2.173059
  35.50000   19.50000  0.5000000 8.018274
  36.50000   19.50000  0.5000000 5.445693
  37.50000   19.50000  0.5000000 2.641562
  38.50000   19.50000  0.5000000 9.50317
  39.50000   19.50000  0.5000000 8.508158
  40.50000   19.50000  0.5000000 7.023201
  41.50000   19.50000  0.5000000 5.185158
  42.50000   19.50000  0.5000000 6.223568
  43.50000   19.50000  0.5000000 6.631893
  44.50000   19.50000  0.5000000 0.834578
  45.50000   19.50000  0.5000000 0.01
  46.50000   19.50000  0.5000000 8.211683
  47.50000   19.50000  0.5000000 6.484821
  48.50000   19.50000  0.5000000 7.585798
  49.50000   19.50000  0.5000000 5.805588
   0.50000   20.50000  0.5000000 9.615981
   1.50000   20.50000  0.5000000 8.686415
   2.50000   20.50000  0.5000000 3.761486
   3.50000   20.50000  0.5000000 7.185566
   4.50000   20.50000  0.5000000 8.744627
   5.50000   20.50000  0.5000000 1.726281
   6.50000   20.50000  0.5000000 0.01
   7.50000   20.50000  0.5000000 4.79087
   8.50000   20.50000  0.5000000 5.142672
   9.50000   20.50000  0.5000000 7.031512
  10.50000   20.50000  0.5000000 3.570677
  11.50000   20.50000  0.5000000 4.847189
  12.50000   20.50000  0.5000000 4.602739
  13.50000   20.50000  0.5000000 6.735441
  14.50000   20.50000  0.5000000 7.348198
  15.50000   20.50000  0.5000000 2.402467
  16.50000   20.50000  0.5000000 7.465994
  17.50000   20.50000  0.5000000 5.81162
  18.50000   20.50000  0.5000000 7.444823
  19.50000   20.50000  0.5000000 5.843065
  20.50000   20.50000  0.5000000 4.412264
  21.50000   20.50000  0.5000000 5.827862
  22.50000   20.50000  0.5000000 1.900757
  23.50000   20.50000  0.5000000 11.751287
  24.50000   20.50000  0.5000000 1.604438
  25.50000   20.50000  0.5000000 3.809663
  26.50000   20.50000  0.5000000 5.501065
  27.50000   20.50000  0.5000000 0.594462
  28.50000   20.50000  0.5000000 5.366164
  29.50000   20.50000  0.5000000 0.403371
  30.50000   20.50000  0.5000000 6.024643
  31.50000   20.50000  0.5000000 7.509642
  32.50000   20.50000  0.5000000 6.290672
  33.50000   20.50000  0.5000000 7.190759
  34.50000   20.50000  0.5000000 7.842615
  35.50000   20.50000  0.5000000 7.26143
  36.50000   20.50000  0.5000000 7.193663
  37.50000   20.50000  0.5000000 6.300414
  38.50000   20.50000  0.5000000 16.353721
  39.50000   20.50000  0.5000000 9.126774
  40.50000   20.50000  0.5000000 0.01
  41.50000   20.50000  0.5000000 8.297871
  42.50000   20.50000  0.5000000 8.580054
  43.50000   20.50000  0.5000000 7.21617
  44.50000   20.50000  0.5000000 2.392729
  45.50000   20.50000  0.5000000 4.362165
  46.50000   20.50000  0.5000000 3.484642
  47.50000   20.50000  0.5000000 0.416004
  48.50000   20.50000  0.5000000 9.405819
  49.50000   20.50000  0.5000000 5.178941
   0.50000   21.50000  0.5000000 10.408501
   1.50000   21.50000  0.5000000 6.27301
   2.50000   21.50000  0.5000000 3.713012
   3.50000   21.50000  0.5000000 4.991082
   4.50000   21.50000  0.5000000 4.503824
   5.50000   21.50000  0.5000000 2.66117
   6.50000   21.50000  0.5000000 4.655076
   7.50000   21.50000  0.5000000 3.76107
   8.50000   21.50000  0.5000000 7.377531
   9.50000   21.50000  0.5000000 7.944216
  10.50000   21.50000  0.5000000 10.744346
  11.50000   21.50000  0.5000000 6.403183
  12.50000   21.50000  0.5000000 0.01
  13.50000   21.50000  0.5000000 5.512363
  14.50000   21.50000  0.5000000 2.484338
  15.50000   21.50000  0.5000000 6.069251
  16.50000   21.50000  0.5000000 4.420501
  17.50000   21.50000  0.5000000 6.464549
  18.50000   21.50000  0.5000000 1.638188
  19.50000   21.50000  0.5000000 2.075758
  20.50000   21.50000  0.5000000 12.184528
  21.50000   21.50000  0.5000000 5.44123
  22.50000   21.50000  0.5000000 11.843934
  23.50000   21.50000  0.5000000 3.559474
  24.50000   21.50000  0.5000000 6.211985
  25.50000   21.50000  0.5000000 6.37654
  26.50000   21.50000  0.5000000 5.68563
  27.50000   21.50000  0.5000000 6.540905
  28.50000   21.50000  0.5000000 4.385425
  29.50000   21.50000  0.5000000 4.289925
  30.50000   21.50000  0.5000000 7.037873
  31.50000   21.50000  0.5000000 4.056895
  32.50000   21.50000  0.5000000 5.304982
  33.50000   21.50000  0.5000000 6.077943
  34.50000   21.50000  0.5000000 8.548086
  35.50000   21.50000  0.5000000 7.483134
  36.50000   21.50000  0.5000000 4.692649
  37.50000   21.50000  0.5000000 7.949701
  38.50000   21.50000  0.5000000 0.374253
  39.50000   21.50000  0.5000000 1.47388
  40.50000   21.50000  0.5000000 5.908394
  41.50000   21.50000  0.5000000 8.484463
  42.50000   21.50000  0.5000000 1.766204
  43.50000   21.50000  0.5000000 4.458363
  44.50000   21.50000  0.5000000 5.787292
  45.50000   21.50000  0.5000000 5.301326
  46.50000   21.50000  0.5000000 7.439982
  47.50000   21.50000  0.5000000 6.750722
  48.50000   21.50000  0.5000000 6.650677
  49.50000   21.50000  0.5000000 6.230147
   0.50000   22.50000  0.5000000 1.552216
   1.50000   22.50000  0.5000000 4.901674
   2.50000   22.50000  0.5000000 0.865155
   3.50000   22.50000  0.5000000 6.246328
   4.50000   22.50000  0.5000000 5.122955
   5.50000   22.50000  0.5000000 3.310161
   6.50000   22.50000  0.5000000 0.548881
   7.50000   22.50000  0.5000000 10.342026
   8.50000   22.50000  0.5000000 6.101411
   9.50000   22.50000  0.5000000 2.205522
  10.50000   22.50000  0.5000000 8.199127
  11.50000   22.50000  0.5000000 1.273592
  12.50000   22.50000  0.5000000 7.057086
  13.50000   22.50000  0.5000000 6.467567
  14.50000   22.50000  0.5000000 6.583582
  15.50000   22.50000  0.5000000 8.429772
  16.50000   22.50000  0.5000000 2.7893
  17.50000   22.50000  0.5000000 1.552409
  18.50000   22.50000  0.5000000 7.162957
  19.50000   22.50000  0.5000000 0.375839
  20.50000   22.50000  0.5000000 6.02116
  21.50000   22.50000  0.5000000 7.641322
  22.50000   22.50000  0.5000000 3.843848
  23.50000   22.50000  0.5000000 7.928995
  24.50000   22.50000  0.5000000 3.566302
  25.50000   22.50000  0.5000000 1.241778
  26.50000   22.50000  0.5000000 6.338879
  27.50000   22.50000  0.5000000 10.078992
  28.50000   22.50000  0.5000000 3.828282
  29.50000   22.50000  0.5000000 0.01
  30.50000   22.50000  0.5000000 8.121147
  31.50000   22.50000  0.5000000 12.072254
  32.50000   22.50000  0.5000000 6.985084
  33.50000   22.50000  0.5000000 6.809327
  34.50000   22.50000  0.5000000 6.315423
  35.50000   22.50000  0.5000000 3.854065
  36.50000   22.50000  0.5000000 4.688844
  37.50000   22.50000  0.5000000 6.435166
  38.50000   22.50000  0.5000000 7.724878
  39.50000   22.50000  0.5000000 5.514958
  40.50000   22.50000  0.5000000 3.635839
  41.50000   22.50000  0.5000000 8.446212
  42.50000   22.50000  0.5000000 0.01
  43.50000   22.50000  0.5000000 6.789335
  44.50000   22.50000  0.5000000 7.912444
  45.50000   22.50000  0.5000000 8.639975
  46.50000   22.50000  0.5000000 2.791774
  47.50000   22.50000  0.5000000 7.445429
  48.50000   22.50000  0.5000000 3.562168
  49.50000   22.50000  0.5000000 6.748198
   0.50000   23.50000  0.5000000 3.439479
   1.50000   23.50000  0.5000000 1.790963
   2.50000   23.50000  0.5000000 7.491684
   3.50000   23.50000  0.5000000 6.110634
   4.50000   23.50000  0.5000000 0.382884
   5.50000   23.50000  0.5000000 5.931461
   6.50000   23.50000  0.5000000 6.428471
   7.50000   23.50000  0.5000000 0.01
   8.50000   23.50000  0.5000000 3.923819
   9.50000   23.50000  0.5000000 6.631554
  10.50000   23.50000  0.5000000 8.356557
  11.50000   23.50000  0.5000000 6.973554
  12.50000   23.50000  0.5000000 4.084853
  13.50000   23.50000  0.5000000 7.298629
  14.50000   23.50000  0.5000000 2.051827
  15.50000   23.50000  0.5000000 5.78201
  16.50000   23.50000  0.5000000 5.211349
  17.50000   23.50000  0.5000000 6.973905
  18.50000   23.50000  0.5000000 3.670376
  19.50000   23.50000  0.5000000 5.219222
  20.50000   23.50000  0.5000000 0.01
  21.50000   23.50000  0.5000000 4.919989
  22.50000   23.50000  0.5000000 5.628818
  23.50000   23.50000  0.5000000 4.5482
  24.50000   23.50000  0.5000000 3.291399
  25.50000   23.50000  0.5000000 6.601131
  26.50000   23.50000  0.5000000 9.118553
  27.50000   23.50000  0.5000000 6.175445
  28.50000   23.50000  0.5000000 3.551788
  29.50000   23.50000  0.5000000 6.476187
  30.50000   23.50000  0.5000000 5.471668
  31.50000   23.50000  0.5000000 4.012079
  32.50000   23.50000  0.5000000 0.01
  33.50000   23.50000  0.5000000 2.364418
  34.50000   23.50000  0.5000000 2.200663
  35.50000   23.50000  0.5000000 10.528146
  36.50000   23.50000  0.5000000 7.965593
  37.50000   23.50000  0.5000000 5.456192
  38.50000   23.50000  0.5000000 6.919555
  39.50000   23.50000  0.5000000 5.616576
  40.50000   23.50000  0.5000000 1.445034
  41.50000   23.50000  0.5000000 1.514225
  42.50000   23.50000  0.5000000 6.280655
  43.50000   23.50000  0.5000000 5.047376
  44.50000   23.50000  0.5000000 5.801818
  45.50000   23.50000  0.5000000 0.666623
  46.50000   23.50000  0.5000000 5.208912
  47.50000   23.50000  0.5000000 7.56987
  48.50000   23.50000  0.5000000 0.01
  49.50000   23.50000  0.5000000 5.710929
   0.50000   24.50000  0.5000000 0.557142
   1.50000   24.50000  0.5000000 4.696558
   2.50000   24.50000  0.5000000 6.041537
   3.50000   24.50000  0.5000000 0.166096
   4.50000   24.50000  0.5000000 2.151254
   5.50000   24.50000  0.5000000 1.084358
   6.50000   24.50000  0.5000000 4.870731
   7.50000   24.50000  0.5000000 5.09236
   8.50000   24.50000  0.5000000 3.228012
   9.50000   24.50000  0.5000000 5.878444
  10.50000   24.50000  0.5000000 4.608954
  11.50000   24.50000  0.5000000 5.04074
  12.50000   24.50000  0.5000000 6.898723
  13.50000   24.50000  0.5000000 5.737746
  14.50000   24.50000  0.5000000 8.248033
  15.50000   24.50000  0.5000000 4.118523
  16.50000   24.50000  0.5000000 7.758869
  17.50000   24.50000  0.5000000 6.135358
  18.50000   24.50000  0.5000000 7.099355
  19.50000   24.50000  0.5000000 4.51472
  20.50000   24.50000  0.5000000 7.209051
  21.50000   24.50000  0.5000000 4.496405
  22.50000   24.50000  0.5000000 8.403777
  23.50000   24.50000  0.5000000 2.285985
  24.50000   24.50000  0.5000000 5.433817
  25.50000   24.50000  0.5000000 1.427081
  26.50000   24.50000  0.5000000 4.516108
  27.50000   24.50000  0.5000000 0.861038
  28.50000   24.50000  0.5000000 4.202146
  29.50000   24.50000  0.5000000 3.513694
  30.50000   24.50000  0.5000000 5.20623
  31.50000   24.50000  0.5000000 3.894656
  32.50000   24.50000  0.5000000 3.458693
  33.50000   24.50000  0.5000000 0.01
  34.50000   24.50000  0.5000000 4.42749
  35.50000   24.50000  0.5000000 6.578362
  36.50000   24.50000  0.5000000 5.724375
  37.50000   24.50000  0.5000000 7.533334
  38.50000   24.50000  0.5000000 5.86875
  39.50000   24.50000  0.5000000 2.766903
  40.50000   24.50000  0.5000000 7.778049
  41.50000   24.50000  0.5000000 5.025382
  42.50000   24.50000  0.5000000 5.948717
  43.50000   24.50000  0.5000000 1.034643
  44.50000   24.50000  0.5000000 0.773543
  45.50000   24.50000  0.5000000 7.266472
  46.50000   24.50000  0.5000000 5.233092
  47.50000   24.50000  0.5000000 5.679672
  48.50000   24.50000  0.5000000 0.175654
  49.50000   24.50000  0.5000000 4.758855
   0.50000   25.50000  0.5000000 0.01
   1.50000   25.50000  0.5000000 6.161342
   2.50000   25.50000  0.5000000 6.723995
   3.50000   25.50000  0.5000000 4.326106
   4.50000   25.50000  0.5000000 2.333929
   5.50000   25.50000  0.5000000 6.738657
   6.50000   25.50000  0.5000000 4.320872
   7.50000   25.50000  0.5000000 7.961928
   8.50000   25.50000  0.5000000 5.246516
   9.50000   25.50000  0.5000000 0.01
  10.50000   25.50000  0.5000000 4.569909
  11.50000   25.50000  0.5000000 10.930152
  12.50000   25.50000  0.5000000 6.04013
  13.50000   25.50000  0.5000000 3.235633
  14.50000   25.50000  0.5000000 5.571412
  15.50000   25.50000  0.5000000 8.865231
  16.50000   25.50000  0.5000000 4.654248
  17.50000   25.50000  0.5000000 4.381847
  18.50000   25.50000  0.5000000 8.317144
  19.50000   25.50000  0.5000000 10.926115
  20.50000   25.50000  0.5000000 5.130208
  21.50000   25.50000  0.5000000 0.34422
  22.50000   25.50000  0.5000000 11.500884
  23.50000   25.50000  0.5000000 4.938724
  24.50000   25.50000  0.5000000 0.574494
  25.50000   25.50000  0.5000000 4.948898
  26.50000   25.50000  0.5000000 7.304361
  27.50000   25.50000  0.5000000 6.058342
  28.50000   25.50000  0.5000000 1.790351
  29.50000   25.50000  0.5000000 4.289319
  30.50000   25.50000  0.5000000 8.165141
  31.50000   25.50000  0.5000000 9.949125
  32.50000   25.50000  0.5000000 10.417861
  33.50000   25.50000  0.5000000 8.234178
  34.50000   25.50000  0.5000000 4.474312
  35.50000   25.50000  0.5000000 4.285273
  36.50000   25.50000  0.5000000 9.866304
  37.50000   25.50000  0.5000000 3.644554
  38.50000   25.50000  0.5000000 6.283783
  39.50000   25.50000  0.5000000 0.807307
  40.50000   25.50000  0.5000000 5.834718
  41.50000   25.50000  0.5000000 7.206295
  42.50000   25.50000  0.5000000 4.816159
  43.50000   25.50000  0.5000000 0.843873
  44.50000   25.50000  0.5000000 1.292475
  45.50000   25.50000  0.5000000 2.525069
  46.50000   25.50000  0.5000000 7.684362
  47.50000   25.50000  0.5000000 8.815197
  48.50000   25.50000  0.5000000 2.492607
  49.50000   25.50000  0.5000000 4.765263
   0.50000   26.50000  0.5000000 5.385661
   1.50000   26.50000  0.5000000 6.217483
   2.50000   26.50000  0.5000000 2.028718
   3.50000   26.50000  0.5000000 4.454918
   4.50000   26.50000  0.5000000 0.01
   5.50000   26.50000  0.5000000 7.028174
   6.50000   26.50000  0.5000000 2.946344
   7.50000   26.50000  0.5000000 6.290471
   8.50000   26.50000  0.5000000 1.5756
   9.50000   26.50000  0.5000000 5.419218
  10.50000   26.50000  0.5000000 8.493717
  11.50000   26.50000  0.5000000 6.407295
  12.50000   26.50000  0.5000000 0.311971
  13.50000   26.50000  0.5000000 9.530049
  14.50000   26.50000  0.5000000 4.098835
  15.50000   26.50000  0.5000000 0.01
  16.50000   26.50000  0.5000000 3.415194
  17.50000   26.50000  0.5000000 4.770872
  18.50000   26.50000  0.5000000 6.213227
  19.50000   26.50000  0.5000000 0.606079
  20.50000   26.50000  0.5000000 6.340982
  21.50000   26.50000  0.5000000 7.205738
  22.50000   26.50000  0.5000000 5.240473
  23.50000   26.50000  0.5000000 3.050423
  24.50000   26.50000  0.5000000 10.732314
  25.50000   26.50000  0.5000000 4.986766
  26.50000   26.50000  0.5000000 5.10155
  27.50000   26.50000  0.5000000 6.703049
  28.50000   26.50000  0.5000000 6.111283
  29.50000   26.50000  0.5000000 8.253759
  30.50000   26.50000  0.5000000 6.41971
  31.50000   26.50000  0.5000000 1.284228
  32.50000   26.50000  0.5000000 9.180494
  33.50000   26.50000  0.5000000 0.562757
  34.50000   26.50000  0.5000000 0.198939
  35.50000   26.50000  0.5000000 0.955936
  36.50000   26.50000  0.5000000 5.675062
  37.50000   26.50000  0.5000000 4.326258
  38.50000   26.50000  0.5000000 8.1412
  39.50000   26.50000  0.5000000 9.654652
  40.50000   26.50000  0.5000000 3.213834
  41.50000   26.50000  0.5000000 6.162276
  42.50000   26.50000  0.5000000 3.052062
  43.50000   26.50000  0.5000000 9.69983
  44.50000   26.50000  0.5000000 7.384241
  45.50000   26.50000  0.5000000 4.537184
  46.50000   26.50000  0.5000000 9.146694
  47.50000   26.50000  0.5000000 2.517073
  48.50000   26.50000  0.5000000 6.251852
  49.50000   26.50000  0.5000000 0.990644
   0.50000   27.50000  0.5000000 0.864472
   1.50000   27.50000  0.5000000 2.865008
   2.50000   27.50000  0.5000000 5.718297
   3.50000   27.50000  0.5000000 5.824909
   4.50000   27.50000  0.5000000 8.151914
   5.50000   27.50000  0.5000000 6.898623
   6.50000   27.50000  0.5000000 3.737751
   7.50000   27.50000  0.5000000 1.009446
   8.50000   27.50000  0.5000000 2.634159
   9.50000   27.50000  0.5000000 6.640946
  10.50000   27.50000  0.5000000 4.893429
  11.50000   27.50000  0.5000000 9.733646
  12.50000   27.50000  0.5000000 1.505867
  13.50000   27.50000  0.5000000 1.119392
  14.50000   27.50000  0.5000000 6.909407
  15.50000   27.50000  0.5000000 1.938987
  16.50000   27.50000  0.5000000 5.28719
  17.50000   27.50000  0.5000000 6.424607
  18.50000   27.50000  0.5000000 2.973641
  19.50000   27.50000  0.5000000 5.923822
  20.50000   27.50000  0.5000000 5.265515
  21.50000   27.50000  0.5000000 6.405679
  22.50000   27.50000  0.5000000 0.186509
  23.50000   27.50000  0.5000000 2.54585
  24.50000   27.50000  0.5000000 9.503182
  25.50000   27.50000  0.5000000 8.528043
  26.50000   27.50000  0.5000000 4.517248
  27.50000   27.50000  0.5000000 2.354136
  28.50000   27.50000  0.5000000 3.12368
  29.50000   27.50000  0.5000000 4.130335
  30.50000   27.50000  0.5000000 3.3455
  31.50000   27.50000  0.5000000 0.01
  32.50000   27.50000  0.5000000 9.032128
  33.50000   27.50000  0.5000000 2.17011
  34.50000   27.50000  0.5000000 9.579383
  35.50000   27.50000  0.5000000 2.276042
  36.50000   27.50000  0.5000000 0.564214
  37.50000   27.50000  0.5000000 6.82435
  38.50000   27.50000  0.5000000 4.960663
  39.50000   27.50000  0.5000000 7.770368
  40.50000   27.50000  0.5000000 0.01
  41.50000   27.50000  0.5000000 11.698615
  42.50000   27.50000  0.5000000 7.68936
  43.50000   27.50000  0.5000000 2.530159
  44.50000   27.50000  0.5000000 3.011739
  45.50000   27.50000  0.5000000 2.379234
  46.50000   27.50000  0.5000000 6.837785
  47.50000   27.50000  0.5000000 2.254631
  48.50000   27.50000  0.5000000 4.918463
  49.50000   27.50000  0.5000000 6.858396
   0.50000   28.50000  0.5000000 6.524509
   1.50000   28.50000  0.5000000 10.345204
   2.50000   28.50000  0.5000000 3.588834
   3.50000   28.50000  0.5000000 3.532392
   4.50000   28.50000  0.5000000 9.165405
   5.50000   28.50000  0.5000000 4.559822
   6.50000   28.50000  0.5000000 8.041875
   7.50000   28.50000  0.5000000 9.579474
   8.50000   28.50000  0.5000000 8.300505
   9.50000   28.50000  0.5000000 5.544812
  10.50000   28.50000  0.5000000 6.410248
  11.50000   28.50000  0.5000000 4.969954
  12.50000   28.50000  0.5000000 5.161218
  13.50000   28.50000  0.5000000 4.142906
  14.50000   28.50000  0.5000000 2.195643
  15.50000   28.50000  0.5000000 2.987014
  16.50000   28.50000  0.5000000 2.600484
  17.50000   28.50000  0.5000000 9.211827
  18.50000   28.50000  0.5000000 2.340214
  19.50000   28.50000  0.5000000 0.01
  20.50000   28.50000  0.5000000 7.833138
  21.50000   28.50000  0.5000000 5.064411
  22.50000   28.50000  0.5000000 8.154347
  23.50000   28.50000  0.5000000 0.489427
  24.50000   28.50000  0.5000000 4.742426
  25.50000   28.50000  0.5000000 9.481073
  26.50000   28.50000  0.5000000 5.363751
  27.50000   28.50000  0.5000000 0.029498
  28.50000   28.50000  0.5000000 4.075156
  29.50000   28.50000  0.5000000 4.682778
  30.50000   28.50000  0.5000000 0.01
  31.50000   28.50000  0.5000000 7.047237
  32.50000   28.50000  0.5000000 5.935598
  33.50000   28.50000  0.5000000 4.073871
  34.50000   28.50000  0.5000000 1.015353
  35.50000   28.50000  0.5000000 3.792934
  36.50000   28.50000  0.5000000 5.685083
  37.50000   28.50000  0.5000000 6.964757
  38.50000   28.50000  0.5000000 3.524307
  39.50000   28.50000  0.5000000 3.596184
  40.50000   28.50000  0.5000000 1.747395
  41.50000   28.50000  0.5000000 8.258982
  42.50000   28.50000  0.5000000 6.189169
  43.50000   28.50000  0.5000000 0.01
  44.50000   28.50000  0.5000000 4.545533
  45.50000   28.50000  0.5000000 7.543453
  46.50000   28.50000  0.5000000 2.491491
  47.50000   28.50000  0.5000000 7.916948
  48.50000   28.50000  0.5000000 3.679796
  49.50000   28.50000  0.5000000 7.767301
   0.50000   29.50000  0.5000000 10.714113
   1.50000   29.50000  0.5000000 5.040738
   2.50000   29.50000  0.5000000 2.005055
   3.50000   29.50000  0.5000000 0.01
   4.50000   29.50000  0.5000000 7.347452
   5.50000   29.50000  0.5000000 0.387675
   6.50000   29.50000  0.5000000 3.758822
   7.50000   29.50000  0.5000000 2.610071
   8.50000   29.50000  0.5000000 8.932631
   9.50000   29.50000  0.5000000 1.943163
  10.50000   29.50000  0.5000000 4.794738
  11.50000   29.50000  0.5000000 3.035076
  12.50000   29.50000  0.5000000 5.042242
  13.50000   29.50000  0.5000000 6.065918
  14.50000   29.50000  0.5000000 6.514145
  15.50000   29.50000  0.5000000 1.367609
  16.50000   29.50000  0.5000000 9.806051
  17.50000   29.50000  0.5000000 7.486893
  18.50000   29.50000  0.5000000 2.720012
  19.50000   29.50000  0.5000000 5.639412
  20.50000   29.50000  0.5000000 1.916683
  21.50000   29.50000  0.5000000 2.611778
  22.50000   29.50000  0.5000000 5.334575
  23.50000   29.50000  0.5000000 4.789947
  24.50000   29.50000  0.5000000 1.450541
  25.50000   29.50000  0.5000000 3.812773
  26.50000   29.50000  0.5000000 9.841086
  27.50000   29.50000  0.5000000 9.845351
  28.50000   29.50000  0.5000000 3.462672
  29.50000   29.50000  0.5000000 3.169416
  30.50000   29.50000  0.5000000 0.01
  31.50000   29.50000  0.5000000 1.533702
  32.50000   29.50000  0.5000000 2.677399
  33.50000   29.50000  0.5000000 6.523644
  34.50000   29.50000  0.5000000 6.13993
  35.50000   29.50000  0.5000000 0.725687
  36.50000   29.50000  0.5000000 8.615578
  37.50000   29.50000  0.5000000 2.509857
  38.50000   29.50000  0.5000000 0.81881
  39.50000   29.50000  0.5000000 6.980708
  40.50000   29.50000  0.5000000 3.028288
  41.50000   29.50000  0.5000000 4.316678
  42.50000   29.50000  0.5000000 2.868379
  43.50000   29.50000  0.5000000 7.820985
  44.50000   29.50000  0.5000000 9.215682
  45.50000   29.50000  0.5000000 3.794298
  46.50000   29.50000  0.5000000 4.111969
  47.50000   29.50000  0.5000000 2.855091
  48.50000   29.50000  0.5000000 2.444519
  49.50000   29.50000  0.5000000 3.64409
   0.50000   30.50000  0.5000000 13.190005
   1.50000   30.50000  0.5000000 2.955998
   2.50000   30.50000  0.5000000 3.449357
   3.50000   30.50000  0.5000000 4.687802
   4.50000   30.50000  0.5000000 6.824279
   5.50000   30.50000  0.5000000 0.845256
   6.50000   30.50000  0.5000000 2.952489
   7.50000   30.50000  0.5000000 4.445988
   8.50000   30.50000  0.5000000 8.337216
   9.50000   30.50000  0.5000000 5.607766
  10.50000   30.50000  0.5000000 7.108855
  11.50000   30.50000  0.5000000 4.342092
  12.50000   30.50000  0.5000000 5.757699
  13.50000   30.50000  0.5000000 6.513791
  14.50000   30.50000  0.5000000 3.697102
  15.50000   30.50000  0.5000000 0.756233
  16.50000   30.50000  0.5000000 11.27156
  17.50000   30.50000  0.5000000 11.277755
  18.50000   30.50000  0.5000000 3.301037
  19.50000   30.50000  0.5000000 4.59401
  20.50000   30.50000  0.5000000 2.855943
  21.50000   30.50000  0.5000000 6.652207
  22.50000   30.50000  0.5000000 11.25735
  23.50000   30.50000  0.5000000 8.670246
  24.50000   30.50000  0.5000000 8.521365
  25.50000   30.50000  0.5000000 5.811424
  26.50000   30.50000  0.5000000 5.558763
  27.50000   30.50000  0.5000000 0.826703
  28.50000   30.50000  0.5000000 7.746342
  29.50000   30.50000  0.5000000 8.993201
  30.50000   30.50000  0.5000000 9.792929
  31.50000   30.50000  0.5000000 5.562963
  32.50000   30.50000  0.5000000 4.007924
  33.50000   30.50000  0.5000000 3.199034
  34.50000   30.50000  0.5000000 0.555995
  35.50000   30.50000  0.5000000 3.652552
  36.50000   30.50000  0.5000000 3.364745
  37.50000   30.50000  0.5000000 8.877692
  38.50000   30.50000  0.5000000 3.612301
  39.50000   30.50000  0.5000000 10.54502
  40.50000   30.50000  0.5000000 7.063137
  41.50000   30.50000  0.5000000 4.378304
  42.50000   30.50000  0.5000000 6.439715
  43.50000   30.50000  0.5000000 6.072878
  44.50000   30.50000  0.5000000 2.105413
  45.50000   30.50000  0.5000000 9.719815
  46.50000   30.50000  0.5000000 4.947846
  47.50000   30.50000  0.5000000 5.759463
  48.50000   30.50000  0.5000000 4.706727
  49.50000   30.50000  0.5000000 6.980555
   0.50000   31.50000  0.5000000 6.06378
   1.50000   31.50000  0.5000000 7.172639
   2.50000   31.50000  0.5000000 4.693515
   3.50000   31.50000  0.5000000 0.714027
   4.50000   31.50000  0.5000000 6.405137
   5.50000   31.50000  0.5000000 6.80988
   6.50000   31.50000  0.5000000 6.326399
   7.50000   31.50000  0.5000000 0.397009
   8.50000   31.50000  0.5000000 7.45146
   9.50000   31.50000  0.5000000 6.686683
  10.50000   31.50000  0.5000000 6.794041
  11.50000   31.50000  0.5000000 5.384384
  12.50000   31.50000  0.5000000 0.01
  13.50000   31.50000  0.5000000 8.601766
  14.50000   31.50000  0.5000000 6.25841
  15.50000   31.50000  0.5000000 7.832309
  16.50000   31.50000  0.5000000 6.470214
  17.50000   31.50000  0.5000000 5.77863
  18.50000   31.50000  0.5000000 10.65752
  19.50000   31.50000  0.5000000 5.120332
  20.50000   31.50000  0.5000000 11.097453
  21.50000   31.50000  0.5000000 1.335618
  22.50000   31.50000  0.5000000 3.640027
  23.50000   31.50000  0.5000000 9.290857
  24.50000   31.50000  0.5000000 8.192855
  25.50000   31.50000  0.5000000 3.96974
  26.50000   31.50000  0.5000000 0.695286
  27.50000   31.50000  0.5000000 5.055512
  28.50000   31.50000  0.5000000 8.380108
  29.50000   31.50000  0.5000000 11.739206
  30.50000   31.50000  0.5000000 3.693615
  31.50000   31.50000  0.5000000 1.540843
  32.50000   31.50000  0.5000000 4.053014
  33.50000   31.50000  0.5000000 1.924273
  34.50000   31.50000  0.5000000 5.716472
  35.50000   31.50000  0.5000000 5.158952
  36.50000   31.50000  0.5000000 2.824494
  37.50000   31.50000  0.5000000 2.268658
  38.50000   31.50000  0.5000000 9.772671
  39.50000   31.50000  0.5000000 4.80231
  40.50000   31.50000  0.5000000 6.446975
  41.50000   31.50000  0.5000000 4.689979
  42.50000   31.50000  0.5000000 0.83233
  43.50000   31.50000  0.5000000 1.82821
  44.50000   31.50000  0.5000000 0.01
  45.50000   31.50000  0.5000000 6.417633
  46.50000   31.50000  0.5000000 4.577849
  47.50000   31.50000  0.5000000 2.280391
  48.50000   31.50000  0.5000000 4.697648
  49.50000   31.50000  0.5000000 7.614639
   0.50000   32.50000  0.5000000 2.746639
   1.50000   32.50000  0.5000000 11.888508
   2.50000   32.50000  0.5000000 4.820926
   3.50000   32.50000  0.5000000 7.134654
   4.50000   32.50000  0.5000000 2.081842
   5.50000   32.50000  0.5000000 2.169542
   6.50000   32.50000  0.5000000 5.762538
   7.50000   32.50000  0.5000000 5.349188
   8.50000   32.50000  0.5000000 7.885173
   9.50000   32.50000  0.5000000 11.650981
  10.50000   32.50000  0.5000000 3.742205
  11.50000   32.50000  0.5000000 9.644712
  12.50000   32.50000  0.5000000 11.984603
  13.50000   32.50000  0.5000000 3.082508
  14.50000   32.50000  0.5000000 3.596883
  15.50000   32.50000  0.5000000 9.545296
  16.50000   32.50000  0.5000000 2.719018
  17.50000   32.50000  0.5000000 3.070014
  18.50000   32.50000  0.5000000 5.459353
  19.50000   32.50000  0.5000000 3.673167
  20.50000   32.50000  0.5000000 2.895485
  21.50000   32.50000  0.5000000 8.616982
  22.50000   32.50000  0.5000000 2.901364
  23.50000   32.50000  0.5000000 0.610854
  24.50000   32.50000  0.5000000 5.95336
  25.50000   32.50000  0.5000000 3.940658
  26.50000   32.50000  0.5000000 8.480158
  27.50000   32.50000  0.5000000 8.715648
  28.50000   32.50000  0.5000000 3.723481
  29.50000   32.50000  0.5000000 13.522086
  30.50000   32.50000  0.5000000 4.368813
  31.50000   32.50000  0.5000000 4.336675
  32.50000   32.50000  0.5000000 3.219195
  33.50000   32.50000  0.5000000 4.088447
  34.50000   32.50000  0.5000000 3.755002
  35.50000   32.50000  0.5000000 7.663547
  36.50000   32.50000  0.5000000 5.391115
  37.50000   32.50000  0.5000000 14.28792
  38.50000   32.50000  0.5000000 4.073006
  39.50000   32.50000  0.5000000 4.395408
  40.50000   32.50000  0.5000000 0.01
  41.50000   32.50000  0.5000000 6.012197
  42.50000   32.50000  0.5000000 5.236617
  43.50000   32.50000  0.5000000 5.04061
  44.50000   32.50000  0.5000000 10.484886
  45.50000   32.50000  0.5000000 4.553166
  46.50000   32.50000  0.5000000 0.859752
  47.50000   32.50000  0.5000000 5.754092
  48.50000   32.50000  0.5000000 6.366591
  49.50000   32.50000  0.5000000 2.696253
   0.50000   33.50000  0.5000000 5.944062
   1.50000   33.50000  0.5000000 11.394227
   2.50000   33.50000  0.5000000 1.577795
   3.50000   33.50000  0.5000000 5.066489
   4.50000   33.50000  0.5000000 4.652743
   5.50000   33.50000  0.5000000 11.971671
   6.50000   33.50000  0.5000000 1.796818
   7.50000   33.50000  0.5000000 0.0177
   8.50000   33.50000  0.5000000 3.153636
   9.50000   33.50000  0.5000000 4.748124
  10.50000   33.50000  0.5000000 5.471357
  11.50000   33.50000  0.5000000 6.563516
  12.50000   33.50000  0.5000000 4.93827
  13.50000   33.50000  0.5000000 3.044273
  14.50000   33.50000  0.5000000 1.360721
  15.50000   33.50000  0.5000000 7.404197
  16.50000   33.50000  0.5000000 1.644367
  17.50000   33.50000  0.5000000 4.009285
  18.50000   33.50000  0.5000000 6.159107
  19.50000   33.50000  0.5000000 6.928699
  20.50000   33.50000  0.5000000 3.49859
  21.50000   33.50000  0.5000000 4.681519
  22.50000   33.50000  0.5000000 6.197782
  23.50000   33.50000  0.5000000 5.480495
  24.50000   33.50000  0.5000000 6.065628
  25.50000   33.50000  0.5000000 3.356708
  26.50000   33.50000  0.5000000 6.785412
  27.50000   33.50000  0.5000000 9.030969
  28.50000   33.50000  0.5000000 6.465557
  29.50000   33.50000  0.5000000 3.683252
  30.50000   33.50000  0.5000000 2.974213
  31.50000   33.50000  0.5000000 6.537474
  32.50000   33.50000  0.5000000 6.556007
  33.50000   33.50000  0.5000000 5.340196
  34.50000   33.50000  0.5000000 6.745645
  35.50000   33.50000  0.5000000 2.485155
  36.50000   33.50000  0.5000000 4.235915
  37.50000   33.50000  0.5000000 3.458841
  38.50000   33.50000  0.5000000 2.548236
  39.50000   33.50000  0.5000000 7.435256
  40.50000   33.50000  0.5000000 4.453597
  41.50000   33.50000  0.5000000 8.75185
  42.50000   33.50000  0.5000000 10.345297
  43.50000   33.50000  0.5000000 7.985177
  44.50000   33.50000  0.5000000 8.029454
  45.50000   33.50000  0.5000000 3.950868
  46.50000   33.50000  0.5000000 4.637848
  47.50000   33.50000  0.5000000 2.820678
  48.50000   33.50000  0.5000000 7.136335
  49.50000   33.50000  0.5000000 4.242359
   0.50000   34.50000  0.5000000 7.644978
   1.50000   34.50000  0.5000000 4.722905
   2.50000   34.50000  0.5000000 10.215226
   3.50000   34.50000  0.5000000 8.393942
   4.50000   34.50000  0.5000000 4.984264
   5.50000   34.50000  0.5000000 4.625022
   6.50000   34.50000  0.5000000 3.700214
   7.50000   34.50000  0.5000000 1.497838
   8.50000   34.50000  0.5000000 9.066898
   9.50000   34.50000  0.5000000 1.341571
  10.50000   34.50000  0.5000000 11.493238
  11.50000   34.50000  0.5000000 3.964651
  12.50000   34.50000  0.5000000 6.550414
  13.50000   34.50000  0.5000000 6.383672
  14.50000   34.50000  0.5000000 5.240075
  15.50000   34.50000  0.5000000 7.806364
  16.50000   34.50000  0.5000000 7.526849
  17.50000   34.50000  0.5000000 8.355696
  18.50000   34.50000  0.5000000 8.533225
  19.50000   34.50000  0.5000000 8.881156
  20.50000   34.50000  0.5000000 3.895297
  21.50000   34.50000  0.5000000 6.506569
  22.50000   34.50000  0.5000000 5.364549
  23.50000   34.50000  0.5000000 4.635566
  24.50000   34.50000  0.5000000 12.744239
  25.50000   34.50000  0.5000000 2.214691
  26.50000   34.50000  0.5000000 10.219214
  27.50000   34.50000  0.5000000 1.242449
  28.50000   34.50000  0.5000000 0.01
  29.50000   34.50000  0.5000000 6.297606
  30.50000   34.50000  0.5000000 1.535497
  31.50000   34.50000  0.5000000 5.278792
  32.50000   34.50000  0.5000000 6.60571
  33.50000   34.50000  0.5000000 9.471762
  34.50000   34.50000  0.5000000 6.002355
  35.50000   34.50000  0.5000000 3.488649
  36.50000   34.50000  0.5000000 6.938988
  37.50000   34.50000  0.5000000 3.864086
  38.50000   34.50000  0.5000000 3.507653
  39.50000   34.50000  0.5000000 6.476397
  40.50000   34.50000  0.5000000 8.841908
  41.50000   34.50000  0.5000000 5.203763
  42.50000   34.50000  0.5000000 6.596303
  43.50000   34.50000  0.5000000 7.812963
  44.50000   34.50000  0.5000000 4.762642
  45.50000   34.50000  0.5000000 6.379181
  46.50000   34.50000  0.5000000 5.173138
  47.50000   34.50000  0.5000000 4.321108
  48.50000   34.50000  0.5000000 10.135087
  49.50000   34.50000  0.5000000 5.535586
   0.50000   35.50000  0.5000000 3.852857
   1.50000   35.50000  0.5000000 3.173828
   2.50000   35.50000  0.5000000 1.929186
   3.50000   35.50000  0.5000000 3.999475
   4.50000   35.50000  0.5000000 6.389876
   5.50000   35.50000  0.5000000 2.371602
   6.50000   35.50000  0.5000000 6.408255
   7.50000   35.50000  0.5000000 0.01
   8.50000   35.50000  0.5000000 3.152844
   9.50000   35.50000  0.5000000 5.424775
  10.50000   35.50000  0.5000000 6.125931
  11.50000   35.50000  0.5000000 4.003509
  12.50000   35.50000  0.5000000 5.724225
  13.50000   35.50000  0.5000000 11.929698
  14.50000   35.50000  0.5000000 5.745739
  15.50000   35.50000  0.5000000 7.696462
  16.50000   35.50000  0.5000000 6.568784
  17.50000   35.50000  0.5000000 3.926225
  18.50000   35.50000  0.5000000 1.686553
  19.50000   35.50000  0.5000000 5.542276
  20.50000   35.50000  0.5000000 7.431891
  21.50000   35.50000  0.5000000 6.889805
  22.50000   35.50000  0.5000000 2.834388
  23.50000   35.50000  0.5000000 5.813628
  24.50000   35.50000  0.5000000 14.923879
  25.50000   35.50000  0.5000000 6.535027
  26.50000   35.50000  0.5000000 1.955336
  27.50000   35.50000  0.5000000 4.502566
  28.50000   35.50000  0.5000000 5.419445
  29.50000   35.50000  0.5000000 4.172773
  30.50000   35.50000  0.5000000 5.647305
  31.50000   35.50000  0.5000000 3.735037
  32.50000   35.50000  0.5000000 0.01
  33.50000   35.50000  0.5000000 4.673591
  34.50000   35.50000  0.5000000 0.728079
  35.50000   35.50000  0.5000000 3.279091
  36.50000   35.50000  0.5000000 7.872139
  37.50000   35.50000  0.5000000 4.231913
  38.50000   35.50000  0.5000000 4.633999
  39.50000   35.50000  0.5000000 8.77822
  40.50000   35.50000  0.5000000 6.125888
  41.50000   35.50000  0.5000000 5.882617
  42.50000   35.50000  0.5000000 13.176103
  43.50000   35.50000  0.5000000 8.038185
  44.50000   35.50000  0.5000000 5.197474
  45.50000   35.50000  0.5000000 9.706842
  46.50000   35.50000  0.5000000 6.726894
  47.50000   35.50000  0.5000000 7.600709
  48.50000   35.50000  0.5000000 6.172844
  49.50000   35.50000  0.5000000 5.19483
   0.50000   36.50000  0.5000000 2.351827
   1.50000   36.50000  0.5000000 3.259131
   2.50000   36.50000  0.5000000 10.211744
   3.50000   36.50000  0.5000000 7.251247
   4.50000   36.50000  0.5000000 9.856404
   5.50000   36.50000  0.5000000 0.01
   6.50000   36.50000  0.5000000 7.826226
   7.50000   36.50000  0.5000000 8.881028
   8.50000   36.50000  0.5000000 6.821404
   9.50000   36.50000  0.5000000 6.80359
  10.50000   36.50000  0.5000000 3.652852
  11.50000   36.50000  0.5000000 3.233118
  12.50000   36.50000  0.5000000 3.485611
  13.50000   36.50000  0.5000000 5.575452
  14.50000   36.50000  0.5000000 11.122103
  15.50000   36.50000  0.5000000 3.386139
  16.50000   36.50000  0.5000000 7.259812
  17.50000   36.50000  0.5000000 3.473089
  18.50000   36.50000  0.5000000 6.385664
  19.50000   36.50000  0.5000000 7.482494
  20.50000   36.50000  0.5000000 8.605399
  21.50000   36.50000  0.5000000 7.378982
  22.50000   36.50000  0.5000000 8.168411
  23.50000   36.50000  0.5000000 7.496482
  24.50000   36.50000  0.5000000 0.01
  25.50000   36.50000  0.5000000 5.692198
  26.50000   36.50000  0.5000000 5.693847
  27.50000   36.50000  0.5000000 10.843364
  28.50000   36.50000  0.5000000 4.412977
  29.50000   36.50000  0.5000000 1.943871
  30.50000   36.50000  0.5000000 2.018397
  31.50000   36.50000  0.5000000 4.638663
  32.50000   36.50000  0.5000000 8.080826
  33.50000   36.50000  0.5000000 9.208725
  34.50000   36.50000  0.5000000 0.5616
  35.50000   36.50000  0.5000000 6.608252
  36.50000   36.50000  0.5000000 5.173504
  37.50000   36.50000  0.5000000 6.745024
  38.50000   36.50000  0.5000000 0.849811
  39.50000   36.50000  0.5000000 2.645276
  40.50000   36.50000  0.5000000 2.376144
  41.50000   36.50000  0.5000000 4.773065
  42.50000   36.50000  0.5000000 8.815333
  43.50000   36.50000  0.5000000 3.902226
  44.50000   36.50000  0.5000000 7.759598
  45.50000   36.50000  0.5000000 3.425326
  46.50000   36.50000  0.5000000 1.611497
  47.50000   36.50000  0.5000000 1.391435
  48.50000   36.50000  0.5000000 0.47951
  49.50000   36.50000  0.5000000 4.170941
   0.50000   37.50000  0.5000000 7.007269
   1.50000   37.50000  0.5000000 8.569283
   2.50000   37.50000  0.5000000 1.140681
   3.50000   37.50000  0.5000000 4.980053
   4.50000   37.50000  0.5000000 0.304222
   5.50000   37.50000  0.5000000 4.871748
   6.50000   37.50000  0.5000000 3.647656
   7.50000   37.50000  0.5000000 2.123802
   8.50000   37.50000  0.5000000 8.145439
   9.50000   37.50000  0.5000000 6.418727
  10.50000   37.50000  0.5000000 1.455487
  11.50000   37.50000  0.5000000 7.574327
  12.50000   37.50000  0.5000000 6.392737
  13.50000   37.50000  0.5000000 0.487495
  14.50000   37.50000  0.5000000 11.541537
  15.50000   37.50000  0.5000000 5.986638
  16.50000   37.50000  0.5000000 3.406342
  17.50000   37.50000  0.5000000 1.245074
  18.50000   37.50000  0.5000000 3.837644
  19.50000   37.50000  0.5000000 7.240431
  20.50000   37.50000  0.5000000 2.641849
  21.50000   37.50000  0.5000000 13.701823
  22.50000   37.50000  0.5000000 11.593146
  23.50000   37.50000  0.5000000 3.446765
  24.50000   37.50000  0.5000000 6.597549
  25.50000   37.50000  0.5000000 2.041832
  26.50000   37.50000  0.5000000 6.482346
  27.50000   37.50000  0.5000000 3.24176
  28.50000   37.50000  0.5000000 8.129096
  29.50000   37.50000  0.5000000 4.921754
  30.50000   37.50000  0.5000000 9.926459
  31.50000   37.50000  0.5000000 4.522344
  32.50000   37.50000  0.5000000 1.748199
  33.50000   37.50000  0.5000000 0.01
  34.50000   37.50000  0.5000000 5.66303
  35.50000   37.50000  0.5000000 1.030284
  36.50000   37.50000  0.5000000 3.077351
  37.50000   37.50000  0.5000000 4.785154
  38.50000   37.50000  0.5000000 14.121874
  39.50000   37.50000  0.5000000 9.145124
  40.50000   37.50000  0.5000000 5.068465
  41.50000   37.50000  0.5000000 12.07069
  42.50000   37.50000  0.5000000 4.412506
  43.50000   37.50000  0.5000000 3.439015
  44.50000   37.50000  0.5000000 6.623822
  45.50000   37.50000  0.5000000 4.294033
  46.50000   37.50000  0.5000000 4.552551
  47.50000   37.50000  0.5000000 5.475923
  48.50000   37.50000  0.5000000 6.299369
  49.50000   37.50000  0.5000000 1.056438
   0.50000   38.50000  0.5000000 2.279483
   1.50000   38.50000  0.5000000 6.608447
   2.50000   38.50000  0.5000000 3.125562
   3.50000   38.50000  0.5000000 4.205156
   4.50000   38.50000  0.5000000 6.024315
   5.50000   38.50000  0.5000000 6.548029
   6.50000   38.50000  0.5000000 7.310901
   7.50000   38.50000  0.5000000 5.160591
   8.50000   38.50000  0.5000000 6.803097
   9.50000   38.50000  0.5000000 7.739071
  10.50000   38.50000  0.5000000 6.820761
  11.50000   38.50000  0.5000000 8.899804
  12.50000   38.50000  0.5000000 1.332757
  13.50000   38.50000  0.5000000 7.352628
  14.50000   38.50000  0.5000000 3.432961
  15.50000   38.50000  0.5000000 7.198071
  16.50000   38.50000  0.5000000 0.01
  17.50000   38.50000  0.5000000 2.45372
  18.50000   38.50000  0.5000000 2.613157
  19.50000   38.50000  0.5000000 11.14177
  20.50000   38.50000  0.5000000 2.612921
  21.50000   38.50000  0.5000000 6.221657
  22.50000   38.50000  0.5000000 7.880637
  23.50000   38.50000  0.5000000 9.934902
  24.50000   38.50000  0.5000000 7.548792
  25.50000   38.50000  0.5000000 4.223316
  26.50000   38.50000  0.5000000 7.934917
  27.50000   38.50000  0.5000000 2.167809
  28.50000   38.50000  0.5000000 4.071608
  29.50000   38.50000  0.5000000 6.173073
  30.50000   38.50000  0.5000000 6.483529
  31.50000   38.50000  0.5000000 5.421592
  32.50000   38.50000  0.5000000 10.340815
  33.50000   38.50000  0.5000000 5.711978
  34.50000   38.50000  0.5000000 9.069285
  35.50000   38.50000  0.5000000 7.096168
  36.50000   38.50000  0.5000000 0.01
  37.50000   38.50000  0.5000000 2.083357
  38.50000   38.50000  0.5000000 2.68987
  39.50000   38.50000  0.5000000 4.348445
  40.50000   38.50000  0.5000000 8.244926
  41.50000   38.50000  0.5000000 1.757707
  42.50000   38.50000  0.5000000 5.398085
  43.50000   38.50000  0.5000000 7.152148
  44.50000   38.50000  0.5000000 4.253481
  45.50000   38.50000  0.5000000 4.615431
  46.50000   38.50000  0.5000000 8.954884
  47.50000   38.50000  0.5000000 8.820945
  48.50000   38.50000  0.5000000 9.726279
  49.50000   38.50000  0.5000000 6.352094
   0.50000   39.50000  0.5000000 8.455544
   1.50000   39.50000  0.5000000 6.240935
   2.50000   39.50000  0.5000000 5.293517
   3.50000   39.50000  0.5000000 8.076102
   4.50000   39.50000  0.5000000 5.386725
   5.50000   39.50000  0.5000000 8.447071
   6.50000   39.50000  0.5000000 3.32033
   7.50000   39.50000  0.5000000 4.259828
   8.50000   39.50000  0.5000000 0.01
   9.50000   39.50000  0.5000000 1.404099
  10.50000   39.50000  0.5000000 2.791413
  11.50000   39.50000  0.5000000 6.5793
  12.50000   39.50000  0.5000000 5.777317
  13.50000   39.50000  0.5000000 4.472475
  14.50000   39.50000  0.5000000 6.294184
  15.50000   39.50000  0.5000000 0.01
  16.50000   39.50000  0.5000000 0.940805
  17.50000   39.50000  0.5000000 4.738527
  18.50000   39.50000  0.5000000 5.176309
  19.50000   39.50000  0.5000000 0.857234
  20.50000   39.50000  0.5000000 0.245923
  21.50000   39.50000  0.5000000 8.894243
  22.50000   39.50000  0.5000000 12.250461
  23.50000   39.50000  0.5000000 4.427307
  24.50000   39.50000  0.5000000 3.253471
  25.50000   39.50000  0.5000000 4.974553
  26.50000   39.50000  0.5000000 4.42695
  27.50000   39.50000  0.5000000 12.40656
  28.50000   39.50000  0.5000000 3.39879
  29.50000   39.50000  0.5000000 4.403988
  30.50000   39.50000  0.5000000 8.139866
  31.50000   39.50000  0.5000000 5.424862
  32.50000   39.50000  0.5000000 12.17545
  33.50000   39.50000  0.5000000 2.103148
  34.50000   39.50000  0.5000000 4.875365
  35.50000   39.50000  0.5000000 5.668556
  36.50000   39.50000  0.5000000 0.743877
  37.50000   39.50000  0.5000000 3.964978
  38.50000   39.50000  0.5000000 4.728001
  39.50000   39.50000  0.5000000 8.365253
  40.50000   39.50000  0.5000000 2.47899
  41.50000   39.50000  0.5000000 1.957039
  42.50000   39.50000  0.5000000 9.631656
  43.50000   39.50000  0.5000000 0.494268
  44.50000   39.50000  0.5000000 2.210776
  45.50000   39.50000  0.5000000 6.686036
  46.50000   39.50000  0.5000000 3.633804
  47.50000   39.50000  0.5000000 10.386662
  48.50000   39.50000  0.5000000 4.891421
  49.50000   39.50000  0.5000000 1.9179
   0.50000   40.50000  0.5000000 7.594184
   1.50000   40.50000  0.5000000 6.841024
   2.50000   40.50000  0.5000000 3.682363
   3.50000   40.50000  0.5000000 5.791928
   4.50000   40.50000  0.5000000 4.859707
   5.50000   40.50000  0.5000000 4.172921
   6.50000   40.50000  0.5000000 2.89528
   7.50000   40.50000  0.5000000 3.644185
   8.50000   40.50000  0.5000000 4.901157
   9.50000   40.50000  0.5000000 8.329689
  10.50000   40.50000  0.5000000 1.723256
  11.50000   40.50000  0.5000000 2.122276
  12.50000   40.50000  0.5000000 5.611931
  13.50000   40.50000  0.5000000 10.396825
  14.50000   40.50000  0.5000000 3.416165
  15.50000   40.50000  0.5000000 10.405085
  16.50000   40.50000  0.5000000 5.021577
  17.50000   40.50000  0.5000000 0.83876
  18.50000   40.50000  0.5000000 5.138025
  19.50000   40.50000  0.5000000 1.281657
  20.50000   40.50000  0.5000000 5.402232
  21.50000   40.50000  0.5000000 6.461065
  22.50000   40.50000  0.5000000 8.94171
  23.50000   40.50000  0.5000000 6.400827
  24.50000   40.50000  0.5000000 1.683448
  25.50000   40.50000  0.5000000 5.219792
  26.50000   40.50000  0.5000000 6.76593
  27.50000   40.50000  0.5000000 4.970813
  28.50000   40.50000  0.5000000 7.4635
  29.50000   40.50000  0.5000000 7.397591
  30.50000   40.50000  0.5000000 3.395742
  31.50000   40.50000  0.5000000 7.415937
  32.50000   40.50000  0.5000000 1.187016
  33.50000   40.50000  0.5000000 6.080118
  34.50000   40.50000  0.5000000 4.063622
  35.50000   40.50000  0.5000000 0.218832
  36.50000   40.50000  0.5000000 0.63249
  37.50000   40.50000  0.5000000 6.226822
  38.50000   40.50000  0.5000000 8.253906
  39.50000   40.50000  0.5000000 0.898988
  40.50000   40.50000  0.5000000 3.197206
  41.50000   40.50000  0.5000000 9.478462
  42.50000   40.50000  0.5000000 5.174318
  43.50000   40.50000  0.5000000 1.423672
  44.50000   40.50000  0.5000000 8.714874
  45.50000   40.50000  0.5000000 2.705927
  46.50000   40.50000  0.5000000 1.888811
  47.50000   40.50000  0.5000000 4.067727
  48.50000   40.50000  0.5000000 2.790334
  49.50000   40.50000  0.5000000 5.007597
   0.50000   41.50000  0.5000000 2.102373
   1.50000   41.50000  0.5000000 4.763506
   2.50000   41.50000  0.5000000 6.783458
   3.50000   41.50000  0.5000000 1.97464
   4.50000   41.50000  0.5000000 3.822084
   5.50000   41.50000  0.5000000 6.689797
   6.50000   41.50000  0.5000000 5.139115
   7.50000   41.50000  0.5000000 0.815617
   8.50000   41.50000  0.5000000 8.926916
   9.50000   41.50000  0.5000000 3.171659
  10.50000   41.50000  0.5000000 3.051637
  11.50000   41.50000  0.5000000 3.535368
  12.50000   41.50000  0.5000000 2.418956
  13.50000   41.50000  0.5000000 3.072666
  14.50000   41.50000  0.5000000 2.892687
  15.50000   41.50000  0.5000000 1.968909
  16.50000   41.50000  0.5000000 1.320634
  17.50000   41.50000  0.5000000 3.484033
  18.50000   41.50000  0.5000000 2.52992
  19.50000   41.50000  0.5000000 5.605429
  20.50000   41.50000  0.5000000 0.01
  21.50000   41.50000  0.5000000 6.195033
  22.50000   41.50000  0.5000000 5.636926
  23.50000   41.50000  0.5000000 4.554606
  24.50000   41.50000  0.5000000 2.833865
  25.50000   41.50000  0.5000000 10.365531
  26.50000   41.50000  0.5000000 4.453278
  27.50000   41.50000  0.5000000 5.475699
  28.50000   41.50000  0.5000000 4.486244
  29.50000   41.50000  0.5000000 1.973254
  30.50000   41.50000  0.5000000 4.617264
  31.50000   41.50000  0.5000000 3.854287
  32.50000   41.50000  0.5000000 7.46685
  33.50000   41.50000  0.5000000 8.462585
  34.50000   41.50000  0.5000000 9.059601
  35.50000   41.50000  0.5000000 6.022395
  36.50000   41.50000  0.5000000 4.360103
  37.50000   41.50000  0.5000000 2.446371
  38.50000   41.50000  0.5000000 9.151059
  39.50000   41.50000  0.5000000 1.667423
  40.50000   41.50000  0.5000000 8.769455
  41.50000   41.50000  0.5000000 5.871259
  42.50000   41.50000  0.5000000 3.909827
  43.50000   41.50000  0.5000000 3.481263
  44.50000   41.50000  0.5000000 7.580894
  45.50000   41.50000  0.5000000 5.283199
  46.50000   41.50000  0.5000000 6.720636
  47.50000   41.50000  0.5000000 4.60657
  48.50000   41.50000  0.5000000 6.094513
  49.50000   41.50000  0.5000000 0.84275
   0.50000   42.50000  0.5000000 4.90988
   1.50000   42.50000  0.5000000 1.566936
   2.50000   42.50000  0.5000000 13.244091
   3.50000   42.50000  0.5000000 0.01
   4.50000   42.50000  0.5000000 8.086105
   5.50000   42.50000  0.5000000 10.820594
   6.50000   42.50000  0.5000000 0.57344
   7.50000   42.50000  0.5000000 6.032194
   8.50000   42.50000  0.5000000 1.796141
   9.50000   42.50000  0.5000000 3.392613
  10.50000   42.50000  0.5000000 0.801222
  11.50000   42.50000  0.5000000 7.254028
  12.50000   42.50000  0.5000000 7.897757
  13.50000   42.50000  0.5000000 8.30827
  14.50000   42.50000  0.5000000 3.825842
  15.50000   42.50000  0.5000000 3.490434
  16.50000   42.50000  0.5000000 7.445982
  17.50000   42.50000  0.5000000 5.224589
  18.50000   42.50000  0.5000000 3.334928
  19.50000   42.50000  0.5000000 7.461274
  20.50000   42.50000  0.5000000 5.727635
  21.50000   42.50000  0.5000000 6.75599
  22.50000   42.50000  0.5000000 1.617902
  23.50000   42.50000  0.5000000 1.320337
  24.50000   42.50000  0.5000000 2.844793
  25.50000   42.50000  0.5000000 3.433385
  26.50000   42.50000  0.5000000 3.530513
  27.50000   42.50000  0.5000000 2.837404
  28.50000   42.50000  0.5000000 4.69964
  29.50000   42.50000  0.5000000 6.191002
  30.50000   42.50000  0.5000000 3.681369
  31.50000   42.50000  0.5000000 2.720238
  32.50000   42.50000  0.5000000 4.828183
  33.50000   42.50000  0.5000000 7.257941
  34.50000   42.50000  0.5000000 6.0555
  35.50000   42.50000  0.5000000 7.106086
  36.50000   42.50000  0.5000000 11.203158
  37.50000   42.50000  0.5000000 6.861205
  38.50000   42.50000  0.5000000 7.249738
  39.50000   42.50000  0.5000000 4.277997
  40.50000   42.50000  0.5000000 4.466024
  41.50000   42.50000  0.5000000 13.131866
  42.50000   42.50000  0.5000000 5.494764
  43.50000   42.50000  0.5000000 4.231437
  44.50000   42.50000  0.5000000 3.531759
  45.50000   42.50000  0.5000000 5.619378
  46.50000   42.50000  0.5000000 8.665849
  47.50000   42.50000  0.5000000 3.988896
  48.50000   42.50000  0.5000000 6.177888
  49.50000   42.50000  0.5000000 4.717973
   0.50000   43.50000  0.5000000 5.476764
   1.50000   43.50000  0.5000000 2.655143
   2.50000   43.50000  0.5000000 6.657879
   3.50000   43.50000  0.5000000 8.049151
   4.50000   43.50000  0.5000000 11.797543
   5.50000   43.50000  0.5000000 4.109088
   6.50000   43.50000  0.5000000 2.127599
   7.50000   43.50000  0.5000000 4.588478
   8.50000   43.50000  0.5000000 9.012252
   9.50000   43.50000  0.5000000 5.232301
  10.50000   43.50000  0.5000000 3.823982
  11.50000   43.50000  0.5000000 0.01
  12.50000   43.50000  0.5000000 2.196983
  13.50000   43.50000  0.5000000 1.149239
  14.50000   43.50000  0.5000000 9.515389
  15.50000   43.50000  0.5000000 7.083238
  16.50000   43.50000  0.5000000 13.387248
  17.50000   43.50000  0.5000000 4.352662
  18.50000   43.50000  0.5000000 6.445354
  19.50000   43.50000  0.5000000 9.224387
  20.50000   43.50000  0.5000000 4.378059
  21.50000   43.50000  0.5000000 10.913161
  22.50000   43.50000  0.5000000 8.236616
  23.50000   43.50000  0.5000000 2.546758
  24.50000   43.50000  0.5000000 9.72759
  25.50000   43.50000  0.5000000 6.975824
  26.50000   43.50000  0.5000000 4.685209
  27.50000   43.50000  0.5000000 6.429189
  28.50000   43.50000  0.5000000 6.033255
  29.50000   43.50000  0.5000000 2.971278
  30.50000   43.50000  0.5000000 10.627591
  31.50000   43.50000  0.5000000 10.957686
  32.50000   43.50000  0.5000000 4.424601
  33.50000   43.50000  0.5000000 7.250292
  34.50000   43.50000  0.5000000 3.501198
  35.50000   43.50000  0.5000000 1.902196
  36.50000   43.50000  0.5000000 2.170764
  37.50000   43.50000  0.5000000 0.275775
  38.50000   43.50000  0.5000000 0.01
  39.50000   43.50000  0.5000000 8.702902
  40.50000   43.50000  0.5000000 4.626724
  41.50000   43.50000  0.5000000 0.01
  42.50000   43.50000  0.5000000 1.587592
  43.50000   43.50000  0.5000000 6.660604
  44.50000   43.50000  0.5000000 4.095127
  45.50000   43.50000  0.5000000 5.135074
  46.50000   43.50000  0.5000000 10.328003
  47.50000   43.50000  0.5000000 7.540297
  48.50000   43.50000  0.5000000 6.377215
  49.50000   43.50000  0.5000000 5.785997
   0.50000   44.50000  0.5000000 4.97886
   1.50000   44.50000  0.5000000 4.902976
   2.50000   44.50000  0.5000000 5.3605
   3.50000   44.50000  0.5000000 4.006376
   4.50000   44.50000  0.5000000 10.269615
   5.50000   44.50000  0.5000000 3.79775
   6.50000   44.50000  0.5000000 5.151525
   7.50000   44.50000  0.5000000 4.804541
   8.50000   44.50000  0.5000000 5.246272
   9.50000   44.50000  0.5000000 9.201039
  10.50000   44.50000  0.5000000 7.720942
  11.50000   44.50000  0.5000000 6.379851
  12.50000   44.50000  0.5000000 7.075655
  13.50000   44.50000  0.5000000 6.078503
  14.50000   44.50000  0.5000000 7.958728
  15.50000   44.50000  0.5000000 3.858622
  16.50000   44.50000  0.5000000 6.98862
  17.50000   44.50000  0.5000000 5.419338
  18.50000   44.50000  0.5000000 6.834944
  19.50000   44.50000  0.5000000 0.01
  20.50000   44.50000  0.5000000 4.567099
  21.50000   44.50000  0.5000000 10.096279
  22.50000   44.50000  0.5000000 3.05154
  23.50000   44.50000  0.5000000 4.611272
  24.50000   44.50000  0.5000000 7.461381
  25.50000   44.50000  0.5000000 5.326695
  26.50000   44.50000  0.5000000 1.23564
  27.50000   44.50000  0.5000000 8.949895
  28.50000   44.50000  0.5000000 5.037224
  29.50000   44.50000  0.5000000 3.921206
  30.50000   44.50000  0.5000000 7.214364
  31.50000   44.50000  0.5000000 11.133166
  32.50000   44.50000  0.5000000 6.53975
  33.50000   44.50000  0.5000000 1.541571
  34.50000   44.50000  0.5000000 2.283641
  35.50000   44.50000  0.5000000 3.781398
  36.50000   44.50000  0.5000000 4.68216
  37.50000   44.50000  0.5000000 0.01
  38.50000   44.50000  0.5000000 8.819731
  39.50000   44.50000  0.5000000 2.442879
  40.50000   44.50000  0.5000000 8.285377
  41.50000   44.50000  0.5000000 3.553228
  42.50000   44.50000  0.5000000 9.893943
  43.50000   44.50000  0.5000000 5.355593
  44.50000   44.50000  0.5000000 6.447651
  45.50000   44.50000  0.5000000 5.410544
  46.50000   44.50000  0.5000000 8.849094
  47.50000   44.50000  0.5000000 7.403312
  48.50000   44.50000  0.5000000 9.865798
  49.50000   44.50000  0.5000000 1.075016
   0.50000   45.50000  0.5000000 3.88739
   1.50000   45.50000  0.5000000 4.349078
   2.50000   45.50000  0.5000000 8.606665
   3.50000   45.50000  0.5000000 4.592238
   4.50000   45.50000  0.5000000 3.308898
   5.50000   45.50000  0.5000000 10.997764
   6.50000   45.50000  0.5000000 6.420333
   7.50000   45.50000  0.5000000 9.606414
   8.50000   45.50000  0.5000000 5.12707
   9.50000   45.50000  0.5000000 7.270568
  10.50000   45.50000  0.5000000 0.01
  11.50000   45.50000  0.5000000 2.370816
  12.50000   45.50000  0.5000000 2.553665
  13.50000   45.50000  0.5000000 7.293267
  14.50000   45.50000  0.5000000 4.299657
  15.50000   45.50000  0.5000000 1.833603
  16.50000   45.50000  0.5000000 3.703597
  17.50000   45.50000  0.5000000 0.01
  18.50000   45.50000  0.5000000 0.394887
  19.50000   45.50000  0.5000000 0.099978
  20.50000   45.50000  0.5000000 1.049127
  21.50000   45.50000  0.5000000 0.01
  22.50000   45.50000  0.5000000 4.158204
  23.50000   45.50000  0.5000000 8.306169
  24.50000   45.50000  0.5000000 7.382374
  25.50000   45.50000  0.5000000 3.51339
  26.50000   45.50000  0.5000000 0.01
  27.50000   45.50000  0.5000000 0.886021
  28.50000   45.50000  0.5000000 4.912658
  29.50000   45.50000  0.5000000 1.602677
  30.50000   45.50000  0.5000000 5.0028
  31.50000   45.50000  0.5000000 1.785596
  32.50000   45.50000  0.5000000 0.778857
  33.50000   45.50000  0.5000000 5.717837
  34.50000   45.50000  0.5000000 5.512428
  35.50000   45.50000  0.5000000 6.841753
  36.50000   45.50000  0.5000000 1.674693
  37.50000   45.50000  0.5000000 8.296103
  38.50000   45.50000  0.5000000 11.391632
  39.50000   45.50000  0.5000000 4.442719
  40.50000   45.50000  0.5000000 6.677979
  41.50000   45.50000  0.5000000 14.377209
  42.50000   45.50000  0.5000000 6.878421
  43.50000   45.50000  0.5000000 5.135926
  44.50000   45.50000  0.5000000 1.566442
  45.50000   45.50000  0.5000000 3.147198
  46.50000   45.50000  0.5000000 6.436596
  47.50000   45.50000  0.5000000 8.937424
  48.50000   45.50000  0.5000000 3.806946
  49.50000   45.50000  0.5000000 0.981881
   0.50000   46.50000  0.5000000 2.5768
   1.50000   46.50000  0.5000000 4.891489
   2.50000   46.50000  0.5000000 3.041254
   3.50000   46.50000  0.5000000 1.542475
   4.50000   46.50000  0.5000000 6.672201
   5.50000   46.50000  0.5000000 9.751585
   6.50000   46.50000  0.5000000 0.01
   7.50000   46.50000  0.5000000 2.401648
   8.50000   46.50000  0.5000000 1.048715
   9.50000   46.50000  0.5000000 7.895534
  10.50000   46.50000  0.5000000 0.01
  11.50000   46.50000  0.5000000 7.781661
  12.50000   46.50000  0.5000000 8.405896
  13.50000   46.50000  0.5000000 7.841294
  14.50000   46.50000  0.5000000 5.565003
  15.50000   46.50000  0.5000000 0.01
  16.50000   46.50000  0.5000000 0.995215
  17.50000   46.50000  0.5000000 7.103003
  18.50000   46.50000  0.5000000 7.329084
  19.50000   46.50000  0.5000000 1.190568
  20.50000   46.50000  0.5000000 4.301907
  21.50000   46.50000  0.5000000 0.01
  22.50000   46.50000  0.5000000 2.105205
  23.50000   46.50000  0.5000000 3.674502
  24.50000   46.50000  0.5000000 2.555429
  25.50000   46.50000  0.5000000 3.978663
  26.50000   46.50000  0.5000000 4.477784
  27.50000   46.50000  0.5000000 0.119478
  28.50000   46.50000  0.5000000 4.695996
  29.50000   46.50000  0.5000000 0.445211
  30.50000   46.50000  0.5000000 6.978585
  31.50000   46.50000  0.5000000 5.524444
  32.50000   46.50000  0.5000000 2.759064
  33.50000   46.50000  0.5000000 4.393542
  34.50000   46.50000  0.5000000 5.440157
  35.50000   46.50000  0.5000000 5.900528
  36.50000   46.50000  0.5000000 6.613725
  37.50000   46.50000  0.5000000 8.456645
  38.50000   46.50000  0.5000000 5.454621
  39.50000   46.50000  0.5000000 6.772591
  40.50000   46.50000  0.5000000 6.531571
  41.50000   46.50000  0.5000000 7.194891
  42.50000   46.50000  0.5000000 2.952013
  43.50000   46.50000  0.5000000 1.99164
  44.50000   46.50000  0.5000000 4.646813
  45.50000   46.50000  0.5000000 6.820157
  46.50000   46.50000  0.5000000 7.147771
  47.50000   46.50000  0.5000000 4.640688
  48.50000   46.50000  0.5000000 6.114059
  49.50000   46.50000  0.5000000 3.245141
   0.50000   47.50000  0.5000000 3.076586
   1.50000   47.50000  0.5000000 3.271762
   2.50000   47.50000  0.5000000 5.186937
   3.50000   47.50000  0.5000000 6.190676
   4.50000   47.50000  0.5000000 8.091152
   5.50000   47.50000  0.5000000 3.021868
   6.50000   47.50000  0.5000000 7.00416
   7.50000   47.50000  0.5000000 4.220131
   8.50000   47.50000  0.5000000 5.027833
   9.50000   47.50000  0.5000000 3.317178
  10.50000   47.50000  0.5000000 7.798869
  11.50000   47.50000  0.5000000 6.343554
  12.50000   47.50000  0.5000000 5.29211
  13.50000   47.50000  0.5000000 2.607569
  14.50000   47.50000  0.5000000 6.366398
  15.50000   47.50000  0.5000000 8.440712
  16.50000   47.50000  0.5000000 1.958419
  17.50000   47.50000  0.5000000 7.20341
  18.50000   47.50000  0.5000000 3.186406
  19.50000   47.50000  0.5000000 7.978293
  20.50000   47.50000  0.5000000 7.751124
  21.50000   47.50000  0.5000000 9.60944
  22.50000   47.50000  0.5000000 6.877333
  23.50000   47.50000  0.5000000 3.965375
  24.50000   47.50000  0.5000000 6.438205
  25.50000   47.50000  0.5000000 0.160528
  26.50000   47.50000  0.5000000 1.66643
  27.50000   47.50000  0.5000000 8.280632
  28.50000   47.50000  0.5000000 4.424196
  29.50000   47.50000  0.5000000 1.094349
  30.50000   47.50000  0.5000000 4.870393
  31.50000   47.50000  0.5000000 7.965124
  32.50000   47.50000  0.5000000 5.187601
  33.50000   47.50000  0.5000000 9.834977
  34.50000   47.50000  0.5000000 0.01
  35.50000   47.50000  0.5000000 7.676084
  36.50000   47.50000  0.5000000 6.845359
  37.50000   47.50000  0.5000000 4.065193
  38.50000   47.50000  0.5000000 10.955085
  39.50000   47.50000  0.5000000 0.967963
  40.50000   47.50000  0.5000000 9.273942
  41.50000   47.50000  0.5000000 4.636699
  42.50000   47.50000  0.5000000 4.04885
  43.50000   47.50000  0.5000000 5.474268
  44.50000   47.50000  0.5000000 4.411049
  45.50000   47.50000  0.5000000 2.534637
  46.50000   47.50000  0.5000000 9.259519
  47.50000   47.50000  0.5000000 4.03766
  48.50000   47.50000  0.5000000 6.576732
  49.50000   47.50000  0.5000000 0.01
   0.50000   48.50000  0.5000000 3.18361
   1.50000   48.50000  0.5000000 0.74528
   2.50000   48.50000  0.5000000 8.896405
   3.50000   48.50000  0.5000000 8.432635
   4.50000   48.50000  0.5000000 5.830818
   5.50000   48.50000  0.5000000 5.889226
   6.50000   48.50000  0.5000000 10.986263
   7.50000   48.50000  0.5000000 2.817856
   8.50000   48.50000  0.5000000 0.01
   9.50000   48.50000  0.5000000 5.255715
  10.50000   48.50000  0.5000000 2.005109
  11.50000   48.50000  0.5000000 4.818628
  12.50000   48.50000  0.5000000 6.609708
  13.50000   48.50000  0.5000000 1.983538
  14.50000   48.50000  0.5000000 7.475673
  15.50000   48.50000  0.5000000 3.281376
  16.50000   48.50000  0.5000000 2.741089
  17.50000   48.50000  0.5000000 4.449392
  18.50000   48.50000  0.5000000 6.11223
  19.50000   48.50000  0.5000000 7.745914
  20.50000   48.50000  0.5000000 3.432361
  21.50000   48.50000  0.5000000 2.189553
  22.50000   48.50000  0.5000000 7.622055
  23.50000   48.50000  0.5000000 7.305435
  24.50000   48.50000  0.5000000 3.263994
  25.50000   48.50000  0.5000000 2.264221
  26.50000   48.50000  0.5000000 7.56542
  27.50000   48.50000  0.5000000 5.205827
  28.50000   48.50000  0.5000000 6.675862
  29.50000   48.50000  0.5000000 12.050004
  30.50000   48.50000  0.5000000 9.662717
  31.50000   48.50000  0.5000000 2.502173
  32.50000   48.50000  0.5000000 8.078915
  33.50000   48.50000  0.5000000 13.781698
  34.50000   48.50000  0.5000000 1.146596
  35.50000   48.50000  0.5000000 0.260674
  36.50000   48.50000  0.5000000 2.163424
  37.50000   48.50000  0.5000000 4.723835
  38.50000   48.50000  0.5000000 6.867799
  39.50000   48.50000  0.5000000 3.687828
  40.50000   48.50000  0.5000000 3.871865
  41.50000   48.50000  0.5000000 5.225222
  42.50000   48.50000  0.5000000 5.887168
  43.50000   48.50000  0.5000000 3.580072
  44.50000   48.50000  0.5000000 3.241209
  45.50000   48.50000  0.5000000 5.885371
  46.50000   48.50000  0.5000000 7.035136
  47.50000   48.50000  0.5000000 5.369264
  48.50000   48.50000  0.5000000 2.186843
  49.50000   48.50000  0.5000000 6.485622
   0.50000   49.50000  0.5000000 7.037108
   1.50000   49.50000  0.5000000 3.474066
   2.50000   49.50000  0.5000000 0.01
   3.50000   49.50000  0.5000000 10.585138
   4.50000   49.50000  0.5000000 3.936453
   5.50000   49.50000  0.5000000 5.582316
   6.50000   49.50000  0.5000000 1.873431
   7.50000   49.50000  0.5000000 4.816925
   8.50000   49.50000  0.5000000 4.351298
   9.50000   49.50000  0.5000000 3.793544
  10.50000   49.50000  0.5000000 6.091795
  11.50000   49.50000  0.5000000 3.900544
  12.50000   49.50000  0.5000000 2.541436
  13.50000   49.50000  0.5000000 5.164506
  14.50000   49.50000  0.5000000 6.390667
  15.50000   49.50000  0.5000000 4.401879
  16.50000   49.50000  0.5000000 6.325825
  17.50000   49.50000  0.5000000 7.000389
  18.50000   49.50000  0.5000000 5.268155
  19.50000   49.50000  0.5000000 7.747345
  20.50000   49.50000  0.5000000 4.562028
  21.50000   49.50000  0.5000000 10.187325
  22.50000   49.50000  0.5000000 1.044698
  23.50000   49.50000  0.5000000 8.762239
  24.50000   49.50000  0.5000000 5.032816
  25.50000   49.50000  0.5000000 6.666454
  26.50000   49.50000  0.5000000 7.640417
  27.50000   49.50000  0.5000000 0.689668
  28.50000   49.50000  0.5000000 6.535346
  29.50000   49.50000  0.5000000 0.572354
  30.50000   49.50000  0.5000000 8.645056
  31.50000   49.50000  0.5000000 4.727293
  32.50000   49.50000  0.5000000 7.826186
  33.50000   49.50000  0.5000000 4.904825
  34.50000   49.50000  0.5000000 1.797818
  35.50000   49.50000  0.5000000 4.120036
  36.50000   49.50000  0.5000000 7.342467
  37.50000   49.50000  0.5000000 6.965384
  38.50000   49.50000  0.5000000 8.29422
  39.50000   49.50000  0.5000000 0.01
  40.50000   49.50000  0.5000000 4.184492
  41.50000   49.50000  0.5000000 7.136409
  42.50000   49.50000  0.5000000 4.843833
  43.50000   49.50000  0.5000000 5.184753
  44.50000   49.50000  0.5000000 2.634788
  45.50000   49.50000  0.5000000 3.762462
  46.50000   49.50000  0.5000000 3.952561
  47.50000   49.50000  0.5000000 3.675921
  48.50000   49.50000  0.5000000 7.360463
  49.50000   49.50000  0.5000000 6.204143
