Back Transform:Simulation output                       
 2
Simulated Value                         
Back Transform
4.524364  19.993190    
8.438679  20.000000    
7.375324  20.000000    
6.342611  20.000000    
5.401573  19.999870    
5.196208  19.999730    
4.683077  19.996800    
6.467551  20.000000    
3.148301  18.160100    
9.589166  20.000000    
9.095838  20.000000    
5.93597  20.000000    
8.532119  20.000000    
9.006969  20.000000    
4.831061  19.998530    
2.941482  16.340510    
7.756159  20.000000    
1.108427  7.9444280    
7.738075  20.000000    
6.394064  20.000000    
2.919246  16.069000    
0.01  5.3433860    
6.073069  20.000000    
7.017812  20.000000    
6.207911  20.000000    
0.01  5.3433860    
6.082231  20.000000    
5.723169  20.000000    
5.019412  19.999470    
2.380452  11.973030    
0.354023  6.4671830    
9.004709  20.000000    
4.883598  19.998800    
0.590582  6.9854660    
8.280171  20.000000    
1.402049  9.1351090    
6.591891  20.000000    
0.997641  7.6862960    
4.121358  19.957800    
4.417624  19.988780    
10.572813  20.000000    
1.444279  9.2659260    
2.497074  11.985900    
8.384528  20.000000    
8.512179  20.000000    
5.37433  19.999870    
3.212685  18.526690    
3.24885  18.701780    
0.103651  5.7091970    
7.916618  20.000000    
7.052939  20.000000    
7.593511  20.000000    
7.530624  20.000000    
6.526206  20.000000    
8.055593  20.000000    
2.220466  11.918510    
10.83613  20.000000    
6.075432  20.000000    
3.018293  17.152080    
1.949604  10.798170    
4.392565  19.987450    
7.46433  20.000000    
6.713552  20.000000    
8.818725  20.000000    
11.871164  20.000000    
7.221211  20.000000    
8.352004  20.000000    
7.524829  20.000000    
2.472112  11.983150    
3.693647  19.752270    
4.428211  19.989320    
8.175174  20.000000    
1.171529  8.3949290    
12.031573  20.000000    
2.776083  13.836210    
2.134078  11.869340    
3.185286  18.379790    
2.006472  11.184980    
5.382188  19.999870    
5.516974  20.000000    
10.683781  20.000000    
3.917254  19.899570    
8.406916  20.000000    
7.317985  20.000000    
6.39022  20.000000    
0.01  5.3433860    
6.467955  20.000000    
5.631611  20.000000    
1.82303  10.218250    
7.554567  20.000000    
9.017057  20.000000    
7.298203  20.000000    
5.095948  19.999600    
1.737036  10.061890    
6.735264  20.000000    
2.580595  11.995120    
6.473306  20.000000    
2.451043  11.980820    
2.614301  11.998850    
6.682638  20.000000    
3.449309  19.370320    
0.01  5.3433860    
8.60053  20.000000    
6.756553  20.000000    
7.35708  20.000000    
1.04501  7.8239580    
5.285688  19.999870    
7.841744  20.000000    
6.579565  20.000000    
3.628713  19.680820    
7.86715  20.000000    
4.146092  19.962070    
0.330221  6.3670450    
4.401797  19.987980    
3.319751  18.990510    
1.360498  9.0892310    
7.888829  20.000000    
1.827635  10.221400    
8.7671  20.000000    
2.811663  14.478440    
4.126904  19.958730    
4.462387  19.990920    
6.817969  20.000000    
3.824893  19.853360    
5.145771  19.999730    
5.942043  20.000000    
2.91236  15.981260    
3.008131  17.055120    
1.839817  10.229760    
0.501582  6.8085480    
10.050517  20.000000    
3.065193  17.562880    
6.551061  20.000000    
2.504312  11.986700    
9.854587  20.000000    
6.685104  20.000000    
8.343463  20.000000    
4.897406  19.998930    
8.124754  20.000000    
2.708805  12.435020    
0.743143  7.2761250    
8.740466  20.000000    
7.631684  20.000000    
6.087409  20.000000    
4.586571  19.994920    
3.832195  19.857640    
2.191886  11.902240    
4.013194  19.932830    
5.570354  20.000000    
8.009798  20.000000    
4.816609  19.998400    
0.534994  6.9163790    
0.643587  7.1093140    
2.180171  11.895580    
1.669644  9.7502610    
7.131106  20.000000    
8.575027  20.000000    
7.576402  20.000000    
2.908407  15.930110    
1.347526  9.0859010    
7.584219  20.000000    
0.01  5.3433860    
3.633859  19.687100    
0.01  5.3433860    
3.630991  19.683620    
3.004204  17.016800    
7.975133  20.000000    
1.672553  9.7577480    
3.824109  19.852960    
3.794019  19.833870    
2.49154  11.985290    
3.911629  19.897300    
0.01  5.3433860    
1.859414  10.287050    
4.561622  19.994260    
5.403461  19.999870    
7.687686  20.000000    
7.58799  20.000000    
5.524888  20.000000    
4.209116  19.971290    
2.679067  12.006000    
6.436377  20.000000    
1.068173  7.8577810    
6.51905  20.000000    
2.612363  11.998630    
4.958997  19.999200    
8.725119  20.000000    
1.000615  7.6893050    
6.243703  20.000000    
4.06507  19.946180    
2.851406  15.123610    
4.519466  19.993060    
10.638871  20.000000    
8.915104  20.000000    
3.216939  18.548330    
2.208787  11.911860    
5.587277  20.000000    
0.01  5.3433860    
3.602098  19.646230    
5.305304  19.999870    
7.905858  20.000000    
2.930166  16.204550    
3.285777  18.860570    
5.9693  20.000000    
0.01  5.3433860    
4.238191  19.974760    
6.505015  20.000000    
4.312688  19.981970    
11.777034  20.000000    
11.317441  20.000000    
0.792393  7.4018120    
4.376133  19.986510    
3.947974  19.911720    
2.089394  11.771020    
0.213212  5.8855800    
8.73583  20.000000    
4.539686  19.993720    
4.547234  19.993860    
10.560779  20.000000    
6.359852  20.000000    
0.869568  7.5277130    
2.246228  11.933170    
0.27553  6.1072730    
5.012159  19.999330    
3.358079  19.120580    
7.346828  20.000000    
3.630388  19.682820    
7.093671  20.000000    
10.813662  20.000000    
3.051941  17.452700    
4.153192  19.963270    
4.752959  19.997730    
9.885069  20.000000    
2.560269  11.992880    
0.01  5.3433860    
0.01  5.3433860    
5.130058  19.999730    
0.901701  7.6043650    
2.809561  14.442250    
8.571325  20.000000    
3.361805  19.132340    
5.873276  20.000000    
5.748213  20.000000    
6.213505  20.000000    
3.826814  19.854570    
2.33736  11.968270    
11.663076  20.000000    
4.497686  19.992250    
4.701068  19.997060    
6.356265  20.000000    
7.887247  20.000000    
0.01  5.3433860    
1.547075  9.2787020    
8.735206  20.000000    
8.021141  20.000000    
3.769923  19.817040    
1.106874  7.9390710    
6.460392  20.000000    
7.632726  20.000000    
1.135269  8.1284510    
6.665875  20.000000    
4.872701  19.998800    
6.258028  20.000000    
5.853108  20.000000    
7.345498  20.000000    
4.076404  19.948720    
6.534428  20.000000    
5.763605  20.000000    
8.664445  20.000000    
5.512483  20.000000    
3.381854  19.193230    
3.157375  18.216460    
5.829903  20.000000    
5.101375  19.999600    
4.947465  19.999200    
4.871649  19.998800    
5.234196  19.999870    
8.263962  20.000000    
0.01  5.3433860    
8.678717  20.000000    
8.22675  20.000000    
3.544679  19.559560    
2.875558  15.481520    
3.145431  18.141940    
4.361563  19.985580    
4.198893  19.969950    
7.128977  20.000000    
10.180691  20.000000    
1.617532  9.6161390    
5.903829  20.000000    
7.163247  20.000000    
1.212665  8.5556880    
6.601407  20.000000    
7.951731  20.000000    
6.705227  20.000000    
2.799541  14.266770    
6.882797  20.000000    
4.415644  19.988650    
3.456652  19.387150    
6.19086  20.000000    
4.571776  19.994520    
7.070199  20.000000    
2.130911  11.867540    
0.916592  7.6229190    
6.170452  20.000000    
3.849075  19.867120    
9.572387  20.000000    
4.876357  19.998800    
4.435583  19.989720    
9.450319  20.000000    
2.877158  15.504490    
3.174773  18.319960    
4.80958  19.998260    
6.255344  20.000000    
6.263506  20.000000    
10.788968  20.000000    
1.966735  10.904140    
8.137302  20.000000    
2.919355  16.070340    
5.702935  20.000000    
3.059304  17.514530    
5.896159  20.000000    
3.229477  18.610560    
5.847062  20.000000    
8.648389  20.000000    
8.89356  20.000000    
3.278921  18.832520    
9.220551  20.000000    
10.964705  20.000000    
2.027226  11.331660    
6.786418  20.000000    
1.968894  10.919400    
4.436282  19.989720    
4.942889  19.999200    
3.405507  19.260010    
1.826234  10.220440    
1.801683  10.203610    
9.93595  20.000000    
5.073575  19.999600    
0.01  5.3433860    
3.061905  17.536030    
8.019985  20.000000    
6.122778  20.000000    
0.01  5.3433860    
0.250863  6.0173700    
5.384083  19.999870    
3.022646  17.192680    
4.150605  19.962870    
7.600855  20.000000    
2.315379  11.965840    
6.829509  20.000000    
8.506135  20.000000    
6.117094  20.000000    
3.62566  19.677080    
7.157141  20.000000    
8.67177  20.000000    
8.306834  20.000000    
8.875658  20.000000    
2.361145  11.970890    
2.842864  14.991000    
0.01  5.3433860    
7.366992  20.000000    
3.707838  19.765760    
8.659068  20.000000    
0.01  5.3433860    
8.131294  20.000000    
4.792571  19.998130    
5.191528  19.999730    
1.467161  9.2678510    
6.286907  20.000000    
4.937353  19.999070    
0.733454  7.2525440    
6.700583  20.000000    
3.543137  19.556890    
1.193083  8.5081620    
0.785011  7.3710610    
9.14417  20.000000    
1.499181  9.2710670    
3.322736  19.001330    
2.357818  11.970530    
9.378573  20.000000    
2.70237  12.287040    
0.01  5.3433860    
7.972765  20.000000    
10.857914  20.000000    
0.01  5.3433860    
11.906062  20.000000    
2.727528  12.851290    
2.369053  11.971770    
6.529377  20.000000    
5.705742  20.000000    
4.889488  19.998930    
10.29598  20.000000    
3.169677  18.290180    
6.55861  20.000000    
8.927662  20.000000    
1.381611  9.0946490    
8.402659  20.000000    
9.35329  20.000000    
2.513509  11.987720    
6.323538  20.000000    
2.936748  16.284150    
1.62146  9.6262480    
4.992063  19.999330    
6.930566  20.000000    
4.21716  19.972220    
4.15006  19.962740    
0.533304  6.9125320    
0.907473  7.6203110    
10.688001  20.000000    
6.875974  20.000000    
3.648916  19.704860    
3.071578  17.614420    
8.830271  20.000000    
6.676398  20.000000    
6.796289  20.000000    
8.513427  20.000000    
8.131325  20.000000    
3.625885  19.677350    
5.085898  19.999600    
6.959871  20.000000    
1.800746  10.202960    
3.76956  19.816770    
3.143867  18.131930    
3.857765  19.871790    
2.533505  11.989930    
6.110244  20.000000    
4.86287  19.998660    
7.852664  20.000000    
5.862205  20.000000    
6.080297  20.000000    
6.211144  20.000000    
5.16132  19.999730    
1.222186  8.5787950    
4.373572  19.986240    
3.251048  18.711790    
1.740369  10.078670    
1.01344  7.7022860    
6.603608  20.000000    
5.95204  20.000000    
2.421492  11.977560    
5.682462  20.000000    
7.177566  20.000000    
1.839107  10.229270    
2.072084  11.648690    
5.579056  20.000000    
5.958692  20.000000    
6.675995  20.000000    
4.930569  19.999070    
5.473687  20.000000    
7.017442  20.000000    
8.44736  20.000000    
1.482353  9.2691290    
4.875487  19.998800    
1.219744  8.5728680    
3.925924  19.903180    
8.641731  20.000000    
4.992565  19.999330    
5.326616  19.999870    
2.47511  11.983480    
6.271152  20.000000    
1.515277  9.2736330    
9.78709  20.000000    
0.01  5.3433860    
7.061625  20.000000    
10.984121  20.000000    
0.769313  7.3298430    
0.253529  6.0249770    
10.487332  20.000000    
6.684757  20.000000    
4.85239  19.998660    
0.01  5.3433860    
4.444325  19.990120    
7.598011  20.000000    
3.366084  19.145690    
2.724102  12.776630    
0.01  5.3433860    
3.368483  19.153170    
0.01  5.3433860    
11.81007  20.000000    
8.782465  20.000000    
1.908668  10.566180    
5.344105  19.999870    
4.554266  19.994120    
0.316738  6.2391730    
0.453673  6.7053960    
2.791098  14.115060    
8.442545  20.000000    
9.138946  20.000000    
7.922083  20.000000    
6.540768  20.000000    
13.337211  20.000000    
4.253254  19.976360    
4.382759  19.986910    
3.480663  19.439500    
4.673922  19.996660    
2.985833  16.831560    
8.981541  20.000000    
9.881984  20.000000    
7.834728  20.000000    
3.312475  18.963930    
0.835724  7.4699690    
4.363128  19.985580    
6.293026  20.000000    
0.632285  7.0905990    
4.098154  19.953260    
9.138747  20.000000    
3.500629  19.479960    
4.928477  19.999070    
1.655651  9.7142470    
5.466715  20.000000    
8.701395  20.000000    
8.47038  20.000000    
3.445095  19.360300    
9.000412  20.000000    
6.453401  20.000000    
7.137936  20.000000    
2.274622  11.949340    
4.286786  19.979700    
3.367146  19.149030    
3.301745  18.923470    
1.691419  9.8322370    
6.036709  20.000000    
1.643517  9.6830180    
1.944733  10.770570    
6.083568  20.000000    
12.042747  20.000000    
0.01  5.3433860    
2.780897  13.926890    
4.656715  19.996400    
4.78051  19.998000    
2.71037  12.470670    
6.069375  20.000000    
4.101565  19.954060    
0.01  5.3433860    
8.956669  20.000000    
10.529807  20.000000    
6.239615  20.000000    
1.243461  8.6337860    
2.146821  11.876590    
9.530965  20.000000    
6.890537  20.000000    
5.5688  20.000000    
4.798207  19.998260    
5.575565  20.000000    
10.584531  20.000000    
6.139695  20.000000    
1.172004  8.3980980    
8.620435  20.000000    
3.525821  19.526970    
5.750402  20.000000    
10.316838  20.000000    
4.424323  19.989180    
7.055026  20.000000    
4.734785  19.997600    
6.75485  20.000000    
6.607285  20.000000    
10.023379  20.000000    
4.865255  19.998660    
5.046962  19.999470    
6.643532  20.000000    
4.423201  19.989050    
4.746304  19.997730    
8.546214  20.000000    
0.772753  7.3357870    
10.376992  20.000000    
7.501671  20.000000    
0.01  5.3433860    
3.888513  19.887020    
5.145251  19.999730    
4.953226  19.999200    
6.716302  20.000000    
8.010764  20.000000    
5.861425  20.000000    
4.855545  19.998660    
7.096792  20.000000    
7.039895  20.000000    
5.511676  20.000000    
7.685578  20.000000    
4.619792  19.995730    
4.160314  19.964340    
2.078031  11.690720    
3.510473  19.498790    
7.692202  20.000000    
1.967668  10.910740    
5.683381  20.000000    
6.16352  20.000000    
4.433425  19.989580    
7.342643  20.000000    
0.862886  7.5188510    
7.755876  20.000000    
0.499269  6.7987860    
5.827089  20.000000    
4.058559  19.944710    
2.674149  12.005460    
8.43385  20.000000    
5.288954  19.999870    
4.674461  19.996660    
3.821409  19.851360    
6.58938  20.000000    
4.227013  19.973420    
10.20251  20.000000    
0.01  5.3433860    
0.01  5.3433860    
4.117415  19.957000    
4.521111  19.993060    
4.943215  19.999200    
7.798941  20.000000    
9.190332  20.000000    
8.156542  20.000000    
11.430645  20.000000    
4.299894  19.980900    
10.521396  20.000000    
5.483952  20.000000    
7.007897  20.000000    
4.324234  19.982910    
5.116061  19.999600    
6.97821  20.000000    
0.01  5.3433860    
8.237165  20.000000    
5.69856  20.000000    
3.648867  19.704860    
8.863137  20.000000    
8.704149  20.000000    
8.618519  20.000000    
1.112072  7.9570010    
3.882937  19.884350    
8.418438  20.000000    
9.874456  20.000000    
0.01  5.3433860    
1.534939  9.2767680    
7.139017  20.000000    
7.638284  20.000000    
0.01  5.3433860    
6.217109  20.000000    
5.937693  20.000000    
3.944002  19.910260    
6.717902  20.000000    
6.830263  20.000000    
4.3316  19.983440    
3.245161  18.684810    
6.690274  20.000000    
5.831418  20.000000    
0.680804  7.1362720    
3.418699  19.295000    
6.623239  20.000000    
5.165111  19.999730    
3.56694  19.595350    
6.242927  20.000000    
4.037961  19.939500    
5.503732  20.000000    
4.801781  19.998260    
7.14697  20.000000    
3.197589  18.447370    
12.182298  20.000000    
6.160951  20.000000    
2.446612  11.980330    
3.82588  19.854030    
8.476534  20.000000    
9.184767  20.000000    
3.347956  19.087860    
5.069155  19.999600    
5.999857  20.000000    
8.983885  20.000000    
1.755798  10.156350    
4.085138  19.950590    
7.192899  20.000000    
2.411379  11.976440    
7.812425  20.000000    
6.807724  20.000000    
5.8933  20.000000    
4.330197  19.983310    
5.102442  19.999600    
8.257064  20.000000    
8.463912  20.000000    
8.19736  20.000000    
3.424062  19.308750    
1.127154  8.0611770    
7.710977  20.000000    
12.411506  20.000000    
5.850344  20.000000    
3.195293  18.434950    
1.782685  10.190580    
5.173101  19.999730    
5.59594  20.000000    
5.738494  20.000000    
6.840838  20.000000    
6.00325  20.000000    
10.353286  20.000000    
3.99859  19.928550    
5.877411  20.000000    
5.482927  20.000000    
5.834326  20.000000    
8.550616  20.000000    
4.935777  19.999070    
12.920471  20.000000    
9.232477  20.000000    
2.68277  12.006410    
7.14377  20.000000    
7.451666  20.000000    
4.254375  19.976500    
6.731975  20.000000    
2.894693  15.748090    
7.198158  20.000000    
6.237678  20.000000    
7.350876  20.000000    
4.570763  19.994520    
9.097196  20.000000    
3.691339  19.750000    
4.389652  19.987310    
4.576496  19.994660    
7.791438  20.000000    
7.264622  20.000000    
5.290091  19.999870    
6.412177  20.000000    
7.552669  20.000000    
6.09905  20.000000    
4.66351  19.996530    
5.743611  20.000000    
7.08812  20.000000    
3.994099  19.927220    
9.844672  20.000000    
4.202059  19.970350    
5.511897  20.000000    
7.80795  20.000000    
3.439922  19.348020    
3.332019  19.034040    
0.323517  6.3002530    
9.092337  20.000000    
8.923292  20.000000    
6.201606  20.000000    
1.720852  9.9804130    
4.112415  19.956060    
2.353694  11.970070    
4.41779  19.988780    
1.766011  10.179140    
3.831415  19.857240    
4.794535  19.998130    
8.083264  20.000000    
4.381083  19.986780    
8.109612  20.000000    
2.360737  11.970850    
10.199473  20.000000    
10.486287  20.000000    
6.56547  20.000000    
0.01  5.3433860    
1.767087  10.179880    
5.94401  20.000000    
3.197442  18.446570    
1.739484  10.074210    
3.764699  19.813170    
9.242755  20.000000    
4.592087  19.995060    
6.044308  20.000000    
9.589603  20.000000    
8.215308  20.000000    
7.769017  20.000000    
10.256776  20.000000    
7.736382  20.000000    
1.851337  10.241280    
10.634626  20.000000    
6.29737  20.000000    
7.217711  20.000000    
8.44964  20.000000    
9.889492  20.000000    
3.438923  19.345610    
6.367748  20.000000    
5.987198  20.000000    
8.561843  20.000000    
4.18363  19.967820    
6.215628  20.000000    
0.01  5.3433860    
3.19032  18.407700    
3.771672  19.818240    
4.091934  19.952060    
1.972434  10.944420    
5.90284  20.000000    
1.814373  10.212310    
3.549357  19.567300    
9.041654  20.000000    
2.342055  11.968790    
2.68952  12.007150    
4.334893  19.983710    
0.01  5.3433860    
0.01  5.3433860    
6.022251  20.000000    
0.777293  7.3436330    
6.979733  20.000000    
1.154704  8.2826700    
3.098849  17.823430    
4.855661  19.998660    
0.973988  7.6652350    
5.244169  19.999870    
5.474694  20.000000    
4.851921  19.998660    
6.563297  20.000000    
3.260407  18.753460    
4.35117  19.984780    
10.380404  20.000000    
5.337638  19.999870    
6.232632  20.000000    
2.851379  15.123210    
6.038921  20.000000    
4.653027  19.996400    
5.02182  19.999470    
0.146156  5.7544490    
10.009247  20.000000    
1.257669  8.6705870    
5.831464  20.000000    
10.669454  20.000000    
6.448504  20.000000    
3.447896  19.366980    
2.511112  11.987450    
6.607907  20.000000    
3.929258  19.904510    
6.49284  20.000000    
7.39544  20.000000    
3.040032  17.349730    
5.8036  20.000000    
6.019906  20.000000    
8.159932  20.000000    
9.939763  20.000000    
4.644952  19.996130    
0.01  5.3433860    
0.01  5.3433860    
3.138104  18.094930    
2.853861  15.161140    
3.394083  19.228490    
2.156296  11.881990    
4.728172  19.997460    
5.120041  19.999600    
8.555237  20.000000    
4.46187  19.990920    
4.585309  19.994920    
5.435268  20.000000    
3.966637  19.918270    
3.64303  19.698050    
4.73421  19.997600    
1.453034  9.2666630    
6.356734  20.000000    
2.99695  16.944810    
0.592685  6.9877290    
10.99166  20.000000    
3.67653  19.735040    
4.826744  19.998400    
5.985543  20.000000    
2.651012  12.002900    
4.441022  19.989980    
6.676493  20.000000    
6.667871  20.000000    
5.549493  20.000000    
10.348332  20.000000    
0.01  5.3433860    
4.181897  19.967550    
0.01  5.3433860    
5.677227  20.000000    
1.057497  7.8571520    
8.922886  20.000000    
6.510667  20.000000    
7.830318  20.000000    
0.873938  7.5335090    
5.854703  20.000000    
2.695914  12.136000    
1.482741  9.2691610    
4.944062  19.999200    
6.034618  20.000000    
0.483453  6.7583700    
0.452693  6.7035510    
3.616786  19.665730    
2.717643  12.634140    
5.681635  20.000000    
2.422001  11.977610    
4.63392  19.995990    
0.01  5.3433860    
5.445389  20.000000    
6.368706  20.000000    
0.01  5.3433860    
2.24933  11.934940    
0.89213  7.5763790    
6.688544  20.000000    
1.132877  8.1086220    
6.035707  20.000000    
1.937534  10.729770    
5.827165  20.000000    
3.832474  19.857770    
6.290553  20.000000    
6.22898  20.000000    
6.764321  20.000000    
2.577006  11.994730    
6.470248  20.000000    
8.633555  20.000000    
5.12005  19.999600    
12.042139  20.000000    
6.654945  20.000000    
5.636578  20.000000    
7.268093  20.000000    
6.096732  20.000000    
2.590331  11.996200    
4.153293  19.963270    
8.305463  20.000000    
0.01  5.3433860    
5.443174  20.000000    
6.608456  20.000000    
8.974949  20.000000    
8.285557  20.000000    
6.072199  20.000000    
5.142123  19.999730    
1.001812  7.6905170    
7.232913  20.000000    
5.346694  19.999870    
0.01  5.3433860    
11.888417  20.000000    
7.502592  20.000000    
0.01  5.3433860    
4.556322  19.994120    
8.506013  20.000000    
3.932654  19.905850    
8.478465  20.000000    
4.542592  19.993720    
3.870359  19.878200    
8.422352  20.000000    
4.671917  19.996660    
7.867825  20.000000    
1.653964  9.7099060    
3.845503  19.865120    
8.209352  20.000000    
4.246612  19.975690    
5.334614  19.999870    
6.351517  20.000000    
7.162973  20.000000    
2.752469  13.373590    
2.254025  11.937610    
6.558673  20.000000    
8.352843  20.000000    
6.35464  20.000000    
2.668984  12.004880    
0.485656  6.7618410    
3.864462  19.875270    
6.422636  20.000000    
3.576696  19.610040    
0.01  5.3433860    
7.666515  20.000000    
7.924764  20.000000    
9.271517  20.000000    
5.154598  19.999730    
6.672165  20.000000    
3.253696  18.723680    
3.840228  19.862180    
11.726593  20.000000    
4.32521  19.982910    
7.597117  20.000000    
4.577465  19.994660    
0.134924  5.7450770    
3.922165  19.901710    
9.625994  20.000000    
0.469419  6.7350650    
4.687773  19.996930    
1.614036  9.6071410    
10.05702  20.000000    
4.355795  19.985180    
6.288191  20.000000    
5.844886  20.000000    
0.725776  7.2287600    
4.685967  19.996930    
9.571695  20.000000    
5.049038  19.999470    
10.459769  20.000000    
10.396067  20.000000    
0.911538  7.6214740    
6.895083  20.000000    
8.07318  20.000000    
0.01  5.3433860    
6.221125  20.000000    
0.01  5.3433860    
6.473887  20.000000    
8.796933  20.000000    
5.815371  20.000000    
8.527144  20.000000    
11.043247  20.000000    
6.225117  20.000000    
0.01  5.3433860    
7.042345  20.000000    
5.535547  20.000000    
11.318799  20.000000    
2.173059  11.891530    
8.018274  20.000000    
5.445693  20.000000    
2.641562  12.001860    
9.50317  20.000000    
8.508158  20.000000    
7.023201  20.000000    
5.185158  19.999730    
6.223568  20.000000    
6.631893  20.000000    
0.834578  7.4676560    
0.01  5.3433860    
8.211683  20.000000    
6.484821  20.000000    
7.585798  20.000000    
5.805588  20.000000    
9.615981  20.000000    
8.686415  20.000000    
3.761486  19.810760    
7.185566  20.000000    
8.744627  20.000000    
1.726281  10.007750    
0.01  5.3433860    
4.79087  19.998130    
5.142672  19.999730    
7.031512  20.000000    
3.570677  19.600960    
4.847189  19.998530    
4.602739  19.995330    
6.735441  20.000000    
7.348198  20.000000    
2.402467  11.975460    
7.465994  20.000000    
5.81162  20.000000    
7.444823  20.000000    
5.843065  20.000000    
4.412264  19.988510    
5.827862  20.000000    
1.900757  10.521350    
11.751287  20.000000    
1.604438  9.5641790    
3.809663  19.844020    
5.501065  20.000000    
0.594462  6.9896400    
5.366164  19.999870    
0.403371  6.5526450    
6.024643  20.000000    
7.509642  20.000000    
6.290672  20.000000    
7.190759  20.000000    
7.842615  20.000000    
7.26143  20.000000    
7.193663  20.000000    
6.300414  20.000000    
16.353721  20.000000    
9.126774  20.000000    
0.01  5.3433860    
8.297871  20.000000    
8.580054  20.000000    
7.21617  20.000000    
2.392729  11.974380    
4.362165  19.985580    
3.484642  19.447780    
0.416004  6.6028260    
9.405819  20.000000    
5.178941  19.999730    
10.408501  20.000000    
6.27301  20.000000    
3.713012  19.770430    
4.991082  19.999330    
4.503824  19.992520    
2.66117  12.004020    
4.655076  19.996400    
3.76107  19.810360    
7.377531  20.000000    
7.944216  20.000000    
10.744346  20.000000    
6.403183  20.000000    
0.01  5.3433860    
5.512363  20.000000    
2.484338  11.984500    
6.069251  20.000000    
4.420501  19.988920    
6.464549  20.000000    
1.638188  9.6693020    
2.075758  11.674650    
12.184528  20.000000    
5.44123  20.000000    
11.843934  20.000000    
3.559474  19.583600    
6.211985  20.000000    
6.37654  20.000000    
5.68563  20.000000    
6.540905  20.000000    
4.385425  19.987050    
4.289925  19.979970    
7.037873  20.000000    
4.056895  19.944310    
5.304982  19.999870    
6.077943  20.000000    
8.548086  20.000000    
7.483134  20.000000    
4.692649  19.996930    
7.949701  20.000000    
0.374253  6.4965790    
1.47388  9.2684160    
5.908394  20.000000    
8.484463  20.000000    
1.766204  10.179280    
4.458363  19.990790    
5.787292  20.000000    
5.301326  19.999870    
7.439982  20.000000    
6.750722  20.000000    
6.650677  20.000000    
6.230147  20.000000    
1.552216  9.2949410    
4.901674  19.998930    
0.865155  7.5218610    
6.246328  20.000000    
5.122955  19.999600    
3.310161  18.955250    
0.548881  6.9395020    
10.342026  20.000000    
6.101411  20.000000    
2.205522  11.910000    
8.199127  20.000000    
1.273592  8.7549970    
7.057086  20.000000    
6.467567  20.000000    
6.583582  20.000000    
8.429772  20.000000    
2.7893  14.082340    
1.552409  9.2959360    
7.162957  20.000000    
0.375839  6.4985630    
6.02116  20.000000    
7.641322  20.000000    
3.843848  19.864320    
7.928995  20.000000    
3.566302  19.594280    
1.241778  8.6294280    
6.338879  20.000000    
10.078992  20.000000    
3.828282  19.855370    
0.01  5.3433860    
8.121147  20.000000    
12.072254  20.000000    
6.985084  20.000000    
6.809327  20.000000    
6.315423  20.000000    
3.854065  19.869790    
4.688844  19.996930    
6.435166  20.000000    
7.724878  20.000000    
5.514958  20.000000    
3.635839  19.689500    
8.446212  20.000000    
0.01  5.3433860    
6.789335  20.000000    
7.912444  20.000000    
8.639975  20.000000    
2.791774  14.127340    
7.445429  20.000000    
3.562168  19.587870    
6.748198  20.000000    
3.439479  19.346950    
1.790963  10.196250    
7.491684  20.000000    
6.110634  20.000000    
0.382884  6.5055390    
5.931461  20.000000    
6.428471  20.000000    
0.01  5.3433860    
3.923819  19.902380    
6.631554  20.000000    
8.356557  20.000000    
6.973554  20.000000    
4.084853  19.950590    
7.298629  20.000000    
2.051827  11.505520    
5.78201  20.000000    
5.211349  19.999730    
6.973905  20.000000    
3.670376  19.728630    
5.219222  19.999730    
0.01  5.3433860    
4.919989  19.999070    
5.628818  20.000000    
4.5482  19.993990    
3.291399  18.883000    
6.601131  20.000000    
9.118553  20.000000    
6.175445  20.000000    
3.551788  19.571310    
6.476187  20.000000    
5.471668  20.000000    
4.012079  19.932560    
0.01  5.3433860    
2.364418  11.971260    
2.200663  11.907240    
10.528146  20.000000    
7.965593  20.000000    
5.456192  20.000000    
6.919555  20.000000    
5.616576  20.000000    
1.445034  9.2659900    
1.514225  9.2734650    
6.280655  20.000000    
5.047376  19.999470    
5.801818  20.000000    
0.666623  7.1335820    
5.208912  19.999730    
7.56987  20.000000    
0.01  5.3433860    
5.710929  20.000000    
0.557142  6.9517980    
4.696558  19.997060    
6.041537  20.000000    
0.166096  5.7780570    
2.151254  11.879120    
1.084358  7.8614080    
4.870731  19.998800    
5.09236  19.999600    
3.228012  18.603350    
5.878444  20.000000    
4.608954  19.995460    
5.04074  19.999470    
6.898723  20.000000    
5.737746  20.000000    
8.248033  20.000000    
4.118523  19.957260    
7.758869  20.000000    
6.135358  20.000000    
7.099355  20.000000    
4.51472  19.992920    
7.209051  20.000000    
4.496405  19.992250    
8.403777  20.000000    
2.285985  11.955800    
5.433817  20.000000    
1.427081  9.2216010    
4.516108  19.992920    
0.861038  7.5164000    
4.202146  19.970350    
3.513694  19.504800    
5.20623  19.999730    
3.894656  19.889820    
3.458693  19.391820    
0.01  5.3433860    
4.42749  19.989320    
6.578362  20.000000    
5.724375  20.000000    
7.533334  20.000000    
5.86875  20.000000    
2.766903  13.660060    
7.778049  20.000000    
5.025382  19.999470    
5.948717  20.000000    
1.034643  7.7743680    
0.773543  7.3371520    
7.266472  20.000000    
5.233092  19.999870    
5.679672  20.000000    
0.175654  5.7944140    
4.758855  19.997860    
0.01  5.3433860    
6.161342  20.000000    
6.723995  20.000000    
4.326106  19.983040    
2.333929  11.967890    
6.738657  20.000000    
4.320872  19.982640    
7.961928  20.000000    
5.246516  19.999870    
0.01  5.3433860    
4.569909  19.994520    
10.930152  20.000000    
6.04013  20.000000    
3.235633  18.640080    
5.571412  20.000000    
8.865231  20.000000    
4.654248  19.996400    
4.381847  19.986780    
8.317144  20.000000    
10.926115  20.000000    
5.130208  19.999730    
0.34422  6.4488290    
11.500884  20.000000    
4.938724  19.999070    
0.574494  6.9683590    
4.948898  19.999200    
7.304361  20.000000    
6.058342  20.000000    
1.790351  10.195840    
4.289319  19.979970    
8.165141  20.000000    
9.949125  20.000000    
10.417861  20.000000    
8.234178  20.000000    
4.474312  19.991450    
4.285273  19.979570    
9.866304  20.000000    
3.644554  19.699780    
6.283783  20.000000    
0.807307  7.4500860    
5.834718  20.000000    
7.206295  20.000000    
4.816159  19.998400    
0.843873  7.4864200    
1.292475  8.8719930    
2.525069  11.988990    
7.684362  20.000000    
8.815197  20.000000    
2.492607  11.985410    
4.765263  19.997860    
5.385661  19.999870    
6.217483  20.000000    
2.028718  11.342200    
4.454918  19.990650    
0.01  5.3433860    
7.028174  20.000000    
2.946344  16.397530    
6.290471  20.000000    
1.5756  9.4155010    
5.419218  19.999870    
8.493717  20.000000    
6.407295  20.000000    
0.311971  6.2127390    
9.530049  20.000000    
4.098835  19.953390    
0.01  5.3433860    
3.415194  19.285920    
4.770872  19.998000    
6.213227  20.000000    
0.606079  7.0225150    
6.340982  20.000000    
7.205738  20.000000    
5.240473  19.999870    
3.050423  17.439740    
10.732314  20.000000    
4.986766  19.999330    
5.10155  19.999600    
6.703049  20.000000    
6.111283  20.000000    
8.253759  20.000000    
6.41971  20.000000    
1.284228  8.8208960    
9.180494  20.000000    
0.562757  6.9571570    
0.198939  5.8330450    
0.955936  7.6490490    
5.675062  20.000000    
4.326258  19.983040    
8.1412  20.000000    
9.654652  20.000000    
3.213834  18.532570    
6.162276  20.000000    
3.052062  17.453770    
9.69983  20.000000    
7.384241  20.000000    
4.537184  19.993590    
9.146694  20.000000    
2.517073  11.988110    
6.251852  20.000000    
0.990644  7.6793530    
0.864472  7.5209550    
2.865008  15.328340    
5.718297  20.000000    
5.824909  20.000000    
8.151914  20.000000    
6.898623  20.000000    
3.737751  19.791930    
1.009446  7.6982430    
2.634159  12.001040    
6.640946  20.000000    
4.893429  19.998930    
9.733646  20.000000    
1.505867  9.2721330    
1.119392  7.9968300    
6.909407  20.000000    
1.938987  10.738010    
5.28719  19.999870    
6.424607  20.000000    
2.973641  16.702960    
5.923822  20.000000    
5.265515  19.999870    
6.405679  20.000000    
0.186509  5.8165000    
2.54585  11.991290    
9.503182  20.000000    
8.528043  20.000000    
4.517248  19.992920    
2.354136  11.970120    
3.12368  17.998910    
4.130335  19.959400    
3.3455  19.079720    
0.01  5.3433860    
9.032128  20.000000    
2.17011  11.889850    
9.579383  20.000000    
2.276042  11.950140    
0.564214  6.9585480    
6.82435  20.000000    
4.960663  19.999200    
7.770368  20.000000    
0.01  5.3433860    
11.698615  20.000000    
7.68936  20.000000    
2.530159  11.989560    
3.011739  17.089850    
2.379234  11.972890    
6.837785  20.000000    
2.254631  11.937960    
4.918463  19.999070    
6.858396  20.000000    
6.524509  20.000000    
10.345204  20.000000    
3.588834  19.627800    
3.532392  19.538590    
9.165405  20.000000    
4.559822  19.994260    
8.041875  20.000000    
9.579474  20.000000    
8.300505  20.000000    
5.544812  20.000000    
6.410248  20.000000    
4.969954  19.999200    
5.161218  19.999730    
4.142906  19.961540    
2.195643  11.904380    
2.987014  16.843850    
2.600484  11.997320    
9.211827  20.000000    
2.340214  11.968580    
0.01  5.3433860    
7.833138  20.000000    
5.064411  19.999600    
8.154347  20.000000    
0.489427  6.7677840    
4.742426  19.997600    
9.481073  20.000000    
5.363751  19.999870    
0.029498  5.3457080    
4.075156  19.948450    
4.682778  19.996800    
0.01  5.3433860    
7.047237  20.000000    
5.935598  20.000000    
4.073871  19.948180    
1.015353  7.7042220    
3.792934  19.833200    
5.685083  20.000000    
6.964757  20.000000    
3.524307  19.524300    
3.596184  19.638220    
1.747395  10.114040    
8.258982  20.000000    
6.189169  20.000000    
0.01  5.3433860    
4.545533  19.993860    
7.543453  20.000000    
2.491491  11.985290    
7.916948  20.000000    
3.679796  19.738380    
7.767301  20.000000    
10.714113  20.000000    
5.040738  19.999470    
2.005055  11.174960    
0.01  5.3433860    
7.347452  20.000000    
0.387675  6.5102830    
3.758822  19.808620    
2.610071  11.998380    
8.932631  20.000000    
1.943163  10.761670    
4.794738  19.998130    
3.035076  17.305790    
5.042242  19.999470    
6.065918  20.000000    
6.514145  20.000000    
1.367609  9.0910560    
9.806051  20.000000    
7.486893  20.000000    
2.720012  12.686760    
5.639412  20.000000    
1.916683  10.611610    
2.611778  11.998570    
5.334575  19.999870    
4.789947  19.998130    
1.450541  9.2664530    
3.812773  19.846020    
9.841086  20.000000    
9.845351  20.000000    
3.462672  19.400770    
3.169416  18.288710    
0.01  5.3433860    
1.533702  9.2765700    
2.677399  12.005810    
6.523644  20.000000    
6.13993  20.000000    
0.725687  7.2284650    
8.615578  20.000000    
2.509857  11.987310    
0.81881  7.4532090    
6.980708  20.000000    
3.028288  17.244630    
4.316678  19.982240    
2.868379  15.377760    
7.820985  20.000000    
9.215682  20.000000    
3.794298  19.834130    
4.111969  19.956060    
2.855091  15.179840    
2.444519  11.980100    
3.64409  19.699250    
13.190005  20.000000    
2.955998  16.508380    
3.449357  19.370320    
4.687802  19.996930    
6.824279  20.000000    
0.845256  7.4892120    
2.952489  16.468440    
4.445988  19.990250    
8.337216  20.000000    
5.607766  20.000000    
7.108855  20.000000    
4.342092  19.984240    
5.757699  20.000000    
6.513791  20.000000    
3.697102  19.755610    
0.756233  7.3072400    
11.27156  20.000000    
11.277755  20.000000    
3.301037  18.920660    
4.59401  19.995060    
2.855943  15.192790    
6.652207  20.000000    
11.25735  20.000000    
8.670246  20.000000    
8.521365  20.000000    
5.811424  20.000000    
5.558763  20.000000    
0.826703  7.4553520    
7.746342  20.000000    
8.993201  20.000000    
9.792929  20.000000    
5.562963  20.000000    
4.007924  19.931360    
3.199034  18.455110    
0.555995  6.9507040    
3.652552  19.709000    
3.364745  19.141550    
8.877692  20.000000    
3.612301  19.659990    
10.54502  20.000000    
7.063137  20.000000    
4.378304  19.986640    
6.439715  20.000000    
6.072878  20.000000    
2.105413  11.853020    
9.719815  20.000000    
4.947846  19.999200    
5.759463  20.000000    
4.706727  19.997200    
6.980555  20.000000    
6.06378  20.000000    
7.172639  20.000000    
4.693515  19.996930    
0.714027  7.1897940    
6.405137  20.000000    
6.80988  20.000000    
6.326399  20.000000    
0.397009  6.5270230    
7.45146  20.000000    
6.686683  20.000000    
6.794041  20.000000    
5.384384  19.999870    
0.01  5.3433860    
8.601766  20.000000    
6.25841  20.000000    
7.832309  20.000000    
6.470214  20.000000    
5.77863  20.000000    
10.65752  20.000000    
5.120332  19.999600    
11.097453  20.000000    
1.335618  9.0508340    
3.640027  19.694570    
9.290857  20.000000    
8.192855  20.000000    
3.96974  19.919340    
0.695286  7.1516390    
5.055512  19.999470    
8.380108  20.000000    
11.739206  20.000000    
3.693615  19.752270    
1.540843  9.2777090    
4.053014  19.943370    
1.924273  10.654620    
5.716472  20.000000    
5.158952  19.999730    
2.824494  14.694660    
2.268658  11.945940    
9.772671  20.000000    
4.80231  19.998260    
6.446975  20.000000    
4.689979  19.996930    
0.83233  7.4631170    
1.82821  10.221800    
0.01  5.3433860    
6.417633  20.000000    
4.577849  19.994790    
2.280391  11.952620    
4.697648  19.997060    
7.614639  20.000000    
2.746639  13.254740    
11.888508  20.000000    
4.820926  19.998400    
7.134654  20.000000    
2.081842  11.717650    
2.169542  11.889530    
5.762538  20.000000    
5.349188  19.999870    
7.885173  20.000000    
11.650981  20.000000    
3.742205  19.795540    
9.644712  20.000000    
11.984603  20.000000    
3.082508  17.700300    
3.596883  19.639150    
9.545296  20.000000    
2.719018  12.664720    
3.070014  17.601870    
5.459353  20.000000    
3.673167  19.731570    
2.895485  15.758770    
8.616982  20.000000    
2.901364  15.837560    
0.610854  7.0388630    
5.95336  20.000000    
3.940658  19.908920    
8.480158  20.000000    
8.715648  20.000000    
3.723481  19.779780    
13.522086  20.000000    
4.368813  19.985980    
4.336675  19.983840    
3.219195  18.559680    
4.088447  19.951390    
3.755002  19.805690    
7.663547  20.000000    
5.391115  19.999870    
14.28792  20.000000    
4.073006  19.947920    
4.395408  19.987580    
0.01  5.3433860    
6.012197  20.000000    
5.236617  19.999870    
5.04061  19.999470    
10.484886  20.000000    
4.553166  19.994120    
0.859752  7.5146940    
5.754092  20.000000    
6.366591  20.000000    
2.696253  12.144010    
5.944062  20.000000    
11.394227  20.000000    
1.577795  9.4268170    
5.066489  19.999600    
4.652743  19.996260    
11.971671  20.000000    
1.796818  10.200270    
0.0177  5.3442920    
3.153636  18.193360    
4.748124  19.997730    
5.471357  20.000000    
6.563516  20.000000    
4.93827  19.999070    
3.044273  17.386860    
1.360721  9.0892880    
7.404197  20.000000    
1.644367  9.6852050    
4.009285  19.931760    
6.159107  20.000000    
6.928699  20.000000    
3.49859  19.475960    
4.681519  19.996800    
6.197782  20.000000    
5.480495  20.000000    
6.065628  20.000000    
3.356708  19.116180    
6.785412  20.000000    
9.030969  20.000000    
6.465557  20.000000    
3.683252  19.741990    
2.974213  16.709100    
6.537474  20.000000    
6.556007  20.000000    
5.340196  19.999870    
6.745645  20.000000    
2.485155  11.984590    
4.235915  19.974490    
3.458841  19.392090    
2.548236  11.991550    
7.435256  20.000000    
4.453597  19.990520    
8.75185  20.000000    
10.345297  20.000000    
7.985177  20.000000    
8.029454  20.000000    
3.950868  19.912790    
4.637848  19.995990    
2.820678  14.631220    
7.136335  20.000000    
4.242359  19.975160    
7.644978  20.000000    
4.722905  19.997330    
10.215226  20.000000    
8.393942  20.000000    
4.984264  19.999330    
4.625022  19.995860    
3.700214  19.758540    
1.497838  9.2708530    
9.066898  20.000000    
1.341571  9.0718820    
11.493238  20.000000    
3.964651  19.917600    
6.550414  20.000000    
6.383672  20.000000    
5.240075  19.999870    
7.806364  20.000000    
7.526849  20.000000    
8.355696  20.000000    
8.533225  20.000000    
8.881156  20.000000    
3.895297  19.890090    
6.506569  20.000000    
5.364549  19.999870    
4.635566  19.995990    
12.744239  20.000000    
2.214691  11.915220    
10.219214  20.000000    
1.242449  8.6311660    
0.01  5.3433860    
6.297606  20.000000    
1.535497  9.2768560    
5.278792  19.999870    
6.60571  20.000000    
9.471762  20.000000    
6.002355  20.000000    
3.488649  19.456060    
6.938988  20.000000    
3.864086  19.875000    
3.507653  19.493450    
6.476397  20.000000    
8.841908  20.000000    
5.203763  19.999730    
6.596303  20.000000    
7.812963  20.000000    
4.762642  19.997860    
6.379181  20.000000    
5.173138  19.999730    
4.321108  19.982640    
10.135087  20.000000    
5.535586  20.000000    
3.852857  19.869120    
3.173828  18.314490    
1.929186  10.682460    
3.999475  19.928820    
6.389876  20.000000    
2.371602  11.972050    
6.408255  20.000000    
0.01  5.3433860    
3.152844  18.188420    
5.424775  20.000000    
6.125931  20.000000    
4.003509  19.930020    
5.724225  20.000000    
11.929698  20.000000    
5.745739  20.000000    
7.696462  20.000000    
6.568784  20.000000    
3.926225  19.903310    
1.686553  9.8077400    
5.542276  20.000000    
7.431891  20.000000    
6.889805  20.000000    
2.834388  14.856250    
5.813628  20.000000    
14.923879  20.000000    
6.535027  20.000000    
1.955336  10.830660    
4.502566  19.992520    
5.419445  19.999870    
4.172773  19.966210    
5.647305  20.000000    
3.735037  19.789660    
0.01  5.3433860    
4.673591  19.996660    
0.728079  7.2363980    
3.279091  18.833190    
7.872139  20.000000    
4.231913  19.973960    
4.633999  19.995990    
8.77822  20.000000    
6.125888  20.000000    
5.882617  20.000000    
13.176103  20.000000    
8.038185  20.000000    
5.197474  19.999730    
9.706842  20.000000    
6.726894  20.000000    
7.600709  20.000000    
6.172844  20.000000    
5.19483  19.999730    
2.351827  11.969860    
3.259131  18.747850    
10.211744  20.000000    
7.251247  20.000000    
9.856404  20.000000    
0.01  5.3433860    
7.826226  20.000000    
8.881028  20.000000    
6.821404  20.000000    
6.80359  20.000000    
3.652852  19.709400    
3.233118  18.628060    
3.485611  19.449780    
5.575452  20.000000    
11.122103  20.000000    
3.386139  19.205790    
7.259812  20.000000    
3.473089  19.423470    
6.385664  20.000000    
7.482494  20.000000    
8.605399  20.000000    
7.378982  20.000000    
8.168411  20.000000    
7.496482  20.000000    
0.01  5.3433860    
5.692198  20.000000    
5.693847  20.000000    
10.843364  20.000000    
4.412977  19.988510    
1.943871  10.765680    
2.018397  11.269260    
4.638663  19.996130    
8.080826  20.000000    
9.208725  20.000000    
0.5616  6.9560530    
6.608252  20.000000    
5.173504  19.999730    
6.745024  20.000000    
0.849811  7.4984080    
2.645276  12.002270    
2.376144  11.972550    
4.773065  19.998000    
8.815333  20.000000    
3.902226  19.893160    
7.759598  20.000000    
3.425326  19.311960    
1.611497  9.6005740    
1.391435  9.0984340    
0.47951  6.7521570    
4.170941  19.965940    
7.007269  20.000000    
8.569283  20.000000    
1.140681  8.1733180    
4.980053  19.999330    
0.304222  6.1697680    
4.871748  19.998800    
3.647656  19.703390    
2.123802  11.863490    
8.145439  20.000000    
6.418727  20.000000    
1.455487  9.2668700    
7.574327  20.000000    
6.392737  20.000000    
0.487495  6.7647390    
11.541537  20.000000    
5.986638  20.000000    
3.406342  19.262280    
1.245074  8.6379640    
3.837644  19.860840    
7.240431  20.000000    
2.641849  12.001890    
13.701823  20.000000    
11.593146  20.000000    
3.446765  19.364310    
6.597549  20.000000    
2.041832  11.434880    
6.482346  20.000000    
3.24176  18.669060    
8.129096  20.000000    
4.921754  19.999070    
9.926459  20.000000    
4.522344  19.993190    
1.748199  10.118090    
0.01  5.3433860    
5.66303  20.000000    
1.030284  7.7535170    
3.077351  17.660100    
4.785154  19.998130    
14.121874  20.000000    
9.145124  20.000000    
5.068465  19.999600    
12.07069  20.000000    
4.412506  19.988510    
3.439015  19.345880    
6.623822  20.000000    
4.294033  19.980370    
4.552551  19.993990    
5.475923  20.000000    
6.299369  20.000000    
1.056438  7.8570890    
2.279483  11.952100    
6.608447  20.000000    
3.125562  18.011730    
4.205156  19.970750    
6.024315  20.000000    
6.548029  20.000000    
7.310901  20.000000    
5.160591  19.999730    
6.803097  20.000000    
7.739071  20.000000    
6.820761  20.000000    
8.899804  20.000000    
1.332757  9.0407180    
7.352628  20.000000    
3.432961  19.331060    
7.198071  20.000000    
0.01  5.3433860    
2.45372  11.981120    
2.613157  11.998720    
11.14177  20.000000    
2.612921  11.998690    
6.221657  20.000000    
7.880637  20.000000    
9.934902  20.000000    
7.548792  20.000000    
4.223316  19.973020    
7.934917  20.000000    
2.167809  11.888540    
4.071608  19.947650    
6.173073  20.000000    
6.483529  20.000000    
5.421592  20.000000    
10.340815  20.000000    
5.711978  20.000000    
9.069285  20.000000    
7.096168  20.000000    
0.01  5.3433860    
2.083357  11.728360    
2.68987  12.007190    
4.348445  19.984640    
8.244926  20.000000    
1.757707  10.165960    
5.398085  19.999870    
7.152148  20.000000    
4.253481  19.976360    
4.615431  19.995590    
8.954884  20.000000    
8.820945  20.000000    
9.726279  20.000000    
6.352094  20.000000    
8.455544  20.000000    
6.240935  20.000000    
5.293517  19.999870    
8.076102  20.000000    
5.386725  19.999870    
8.447071  20.000000    
3.32033  18.992640    
4.259828  19.977030    
0.01  5.3433860    
1.404099  9.1421930    
2.791413  14.120800    
6.5793  20.000000    
5.777317  20.000000    
4.472475  19.991320    
6.294184  20.000000    
0.01  5.3433860    
0.940805  7.6342190    
4.738527  19.997600    
5.176309  19.999730    
0.857234  7.5113550    
0.245923  6.0032740    
8.894243  20.000000    
12.250461  20.000000    
4.427307  19.989320    
3.253471  18.722740    
4.974553  19.999330    
4.42695  19.989320    
12.40656  20.000000    
3.39879  19.241580    
4.403988  19.988110    
8.139866  20.000000    
5.424862  20.000000    
12.17545  20.000000    
2.103148  11.851740    
4.875365  19.998800    
5.668556  20.000000    
0.743877  7.2779110    
3.964978  19.917730    
4.728001  19.997460    
8.365253  20.000000    
2.47899  11.983910    
1.957039  10.840310    
9.631656  20.000000    
0.494268  6.7776810    
2.210776  11.913000    
6.686036  20.000000    
3.633804  19.687100    
10.386662  20.000000    
4.891421  19.998930    
1.9179  10.618500    
7.594184  20.000000    
6.841024  20.000000    
3.682363  19.741050    
5.791928  20.000000    
4.859707  19.998660    
4.172921  19.966350    
2.89528  15.755960    
3.644185  19.699380    
4.901157  19.998930    
8.329689  20.000000    
1.723256  9.9925170    
2.122276  11.862620    
5.611931  20.000000    
10.396825  20.000000    
3.416165  19.288450    
10.405085  20.000000    
5.021577  19.999470    
0.83876  7.4760980    
5.138025  19.999730    
1.281657  8.8049670    
5.402232  19.999870    
6.461065  20.000000    
8.94171  20.000000    
6.400827  20.000000    
1.683448  9.7921080    
5.219792  19.999730    
6.76593  20.000000    
4.970813  19.999200    
7.4635  20.000000    
7.397591  20.000000    
3.395742  19.233170    
7.415937  20.000000    
1.187016  8.4934370    
6.080118  20.000000    
4.063622  19.945780    
0.218832  5.9245360    
0.63249  7.0909670    
6.226822  20.000000    
8.253906  20.000000    
0.898988  7.5964320    
3.197206  18.445230    
9.478462  20.000000    
5.174318  19.999730    
1.423672  9.2098230    
8.714874  20.000000    
2.705927  12.369180    
1.888811  10.453650    
4.067727  19.946850    
2.790334  14.101170    
5.007597  19.999330    
2.102373  11.851290    
4.763506  19.997860    
6.783458  20.000000    
1.97464  10.960010    
3.822084  19.851760    
6.689797  20.000000    
5.139115  19.999730    
0.815617  7.4523420    
8.926916  20.000000    
3.171659  18.301800    
3.051637  17.450160    
3.535368  19.543660    
2.418956  11.977280    
3.072666  17.623110    
2.892687  15.720840    
1.968909  10.919510    
1.320634  8.9978530    
3.484033  19.446580    
2.52992  11.989530    
5.605429  20.000000    
0.01  5.3433860    
6.195033  20.000000    
5.636926  20.000000    
4.554606  19.994120    
2.833865  14.847840    
10.365531  20.000000    
4.453278  19.990520    
5.475699  20.000000    
4.486244  19.991850    
1.973254  10.950210    
4.617264  19.995590    
3.854287  19.869920    
7.46685  20.000000    
8.462585  20.000000    
9.059601  20.000000    
6.022395  20.000000    
4.360103  19.985440    
2.446371  11.980300    
9.151059  20.000000    
1.667423  9.7445450    
8.769455  20.000000    
5.871259  20.000000    
3.909827  19.896500    
3.481263  19.440830    
7.580894  20.000000    
5.283199  19.999870    
6.720636  20.000000    
4.60657  19.995460    
6.094513  20.000000    
0.84275  7.4841530    
4.90988  19.998930    
1.566936  9.3708310    
13.244091  20.000000    
0.01  5.3433860    
8.086105  20.000000    
10.820594  20.000000    
0.57344  6.9673520    
6.032194  20.000000    
1.796141  10.199810    
3.392613  19.224350    
0.801222  7.4385900    
7.254028  20.000000    
7.897757  20.000000    
8.30827  20.000000    
3.825842  19.853900    
3.490434  19.459660    
7.445982  20.000000    
5.224589  19.999870    
3.334928  19.044060    
7.461274  20.000000    
5.727635  20.000000    
6.75599  20.000000    
1.617902  9.6170910    
1.320337  8.9968030    
2.844793  15.021310    
3.433385  19.332120    
3.530513  19.535250    
2.837404  14.904590    
4.69964  19.997060    
6.191002  20.000000    
3.681369  19.739980    
2.720238  12.691700    
4.828183  19.998400    
7.257941  20.000000    
6.0555  20.000000    
7.106086  20.000000    
11.203158  20.000000    
6.861205  20.000000    
7.249738  20.000000    
4.277997  19.978900    
4.466024  19.991050    
13.131866  20.000000    
5.494764  20.000000    
4.231437  19.973960    
3.531759  19.537390    
5.619378  20.000000    
8.665849  20.000000    
3.988896  19.925610    
6.177888  20.000000    
4.717973  19.997330    
5.476764  20.000000    
2.655143  12.003360    
6.657879  20.000000    
8.049151  20.000000    
11.797543  20.000000    
4.109088  19.955530    
2.127599  11.865650    
4.588478  19.995060    
9.012252  20.000000    
5.232301  19.999870    
3.823982  19.852830    
0.01  5.3433860    
2.196983  11.905140    
1.149239  8.2442640    
9.515389  20.000000    
7.083238  20.000000    
13.387248  20.000000    
4.352662  19.984910    
6.445354  20.000000    
9.224387  20.000000    
4.378059  19.986510    
10.913161  20.000000    
8.236616  20.000000    
2.546758  11.991390    
9.72759  20.000000    
6.975824  20.000000    
4.685209  19.996930    
6.429189  20.000000    
6.033255  20.000000    
2.971278  16.677450    
10.627591  20.000000    
10.957686  20.000000    
4.424601  19.989180    
7.250292  20.000000    
3.501198  19.481030    
1.902196  10.529510    
2.170764  11.890220    
0.275775  6.1083300    
0.01  5.3433860    
8.702902  20.000000    
4.626724  19.995860    
0.01  5.3433860    
1.587592  9.4773270    
6.660604  20.000000    
4.095127  19.952720    
5.135074  19.999730    
10.328003  20.000000    
7.540297  20.000000    
6.377215  20.000000    
5.785997  20.000000    
4.97886  19.999330    
4.902976  19.998930    
5.3605  19.999870    
4.006376  19.930960    
10.269615  20.000000    
3.79775  19.836400    
5.151525  19.999730    
4.804541  19.998260    
5.246272  19.999870    
9.201039  20.000000    
7.720942  20.000000    
6.379851  20.000000    
7.075655  20.000000    
6.078503  20.000000    
7.958728  20.000000    
3.858622  19.872190    
6.98862  20.000000    
5.419338  19.999870    
6.834944  20.000000    
0.01  5.3433860    
4.567099  19.994390    
10.096279  20.000000    
3.05154  17.449220    
4.611272  19.995460    
7.461381  20.000000    
5.326695  19.999870    
1.23564  8.6135290    
8.949895  20.000000    
5.037224  19.999470    
3.921206  19.901310    
7.214364  20.000000    
11.133166  20.000000    
6.53975  20.000000    
1.541571  9.2778240    
2.283641  11.954470    
3.781398  19.825190    
4.68216  19.996800    
0.01  5.3433860    
8.819731  20.000000    
2.442879  11.979920    
8.285377  20.000000    
3.553228  19.573580    
9.893943  20.000000    
5.355593  19.999870    
6.447651  20.000000    
5.410544  19.999870    
8.849094  20.000000    
7.403312  20.000000    
9.865798  20.000000    
1.075016  7.8581850    
3.88739  19.886480    
4.349078  19.984640    
8.606665  20.000000    
4.592238  19.995060    
3.308898  18.950580    
10.997764  20.000000    
6.420333  20.000000    
9.606414  20.000000    
5.12707  19.999730    
7.270568  20.000000    
0.01  5.3433860    
2.370816  11.971960    
2.553665  11.992150    
7.293267  20.000000    
4.299657  19.980770    
1.833603  10.225500    
3.703597  19.761750    
0.01  5.3433860    
0.394887  6.5184770    
0.099978  5.7005880    
1.049127  7.8436510    
0.01  5.3433860    
4.158204  19.964080    
8.306169  20.000000    
7.382374  20.000000    
3.51339  19.504270    
0.01  5.3433860    
0.886021  7.5585160    
4.912658  19.998930    
1.602677  9.5551000    
5.0028  19.999330    
1.785596  10.192570    
0.778857  7.3463350    
5.717837  20.000000    
5.512428  20.000000    
6.841753  20.000000    
1.674693  9.7632560    
8.296103  20.000000    
11.391632  20.000000    
4.442719  19.989980    
6.677979  20.000000    
14.377209  20.000000    
6.878421  20.000000    
5.135926  19.999730    
1.566442  9.3682850    
3.147198  18.153160    
6.436596  20.000000    
8.937424  20.000000    
3.806946  19.842280    
0.981881  7.6719250    
2.5768  11.994710    
4.891489  19.998930    
3.041254  17.360550    
1.542475  9.2779690    
6.672201  20.000000    
9.751585  20.000000    
0.01  5.3433860    
2.401648  11.975370    
1.048715  7.8416810    
7.895534  20.000000    
0.01  5.3433860    
7.781661  20.000000    
8.405896  20.000000    
7.841294  20.000000    
5.565003  20.000000    
0.01  5.3433860    
0.995215  7.6838400    
7.103003  20.000000    
7.329084  20.000000    
1.190568  8.5020580    
4.301907  19.981040    
0.01  5.3433860    
2.105205  11.852910    
3.674502  19.732900    
2.555429  11.992350    
3.978663  19.922280    
4.477784  19.991590    
0.119478  5.7399950    
4.695996  19.997060    
0.445211  6.6894690    
6.978585  20.000000    
5.524444  20.000000    
2.759064  13.505940    
4.393542  19.987450    
5.440157  20.000000    
5.900528  20.000000    
6.613725  20.000000    
8.456645  20.000000    
5.454621  20.000000    
6.772591  20.000000    
6.531571  20.000000    
7.194891  20.000000    
2.952013  16.462970    
1.99164  11.080160    
4.646813  19.996260    
6.820157  20.000000    
7.147771  20.000000    
4.640688  19.996130    
6.114059  20.000000    
3.245141  18.684680    
3.076586  17.654090    
3.271762  18.802470    
5.186937  19.999730    
6.190676  20.000000    
8.091152  20.000000    
3.021868  17.185470    
7.00416  20.000000    
4.220131  19.972620    
5.027833  19.999470    
3.317178  18.981160    
7.798869  20.000000    
6.343554  20.000000    
5.29211  19.999870    
2.607569  11.998100    
6.366398  20.000000    
8.440712  20.000000    
1.958419  10.848130    
7.20341  20.000000    
3.186406  18.386070    
7.978293  20.000000    
7.751124  20.000000    
9.60944  20.000000    
6.877333  20.000000    
3.965375  19.917870    
6.438205  20.000000    
0.160528  5.7705650    
1.66643  9.7419890    
8.280632  20.000000    
4.424196  19.989180    
1.094349  7.8958690    
4.870393  19.998800    
7.965124  20.000000    
5.187601  19.999730    
9.834977  20.000000    
0.01  5.3433860    
7.676084  20.000000    
6.845359  20.000000    
4.065193  19.946180    
10.955085  20.000000    
0.967963  7.6601280    
9.273942  20.000000    
4.636699  19.995990    
4.04885  19.942310    
5.474268  20.000000    
4.411049  19.988510    
2.534637  11.990050    
9.259519  20.000000    
4.03766  19.939500    
6.576732  20.000000    
0.01  5.3433860    
3.18361  18.370440    
0.74528  7.2813260    
8.896405  20.000000    
8.432635  20.000000    
5.830818  20.000000    
5.889226  20.000000    
10.986263  20.000000    
2.817856  14.583810    
0.01  5.3433860    
5.255715  19.999870    
2.005109  11.175350    
4.818628  19.998400    
6.609708  20.000000    
1.983538  11.022900    
7.475673  20.000000    
3.281376  18.842540    
2.741089  13.139750    
4.449392  19.990390    
6.11223  20.000000    
7.745914  20.000000    
3.432361  19.329590    
2.189553  11.900920    
7.622055  20.000000    
7.305435  20.000000    
3.263994  18.769220    
2.264221  11.943410    
7.56542  20.000000    
5.205827  19.999730    
6.675862  20.000000    
12.050004  20.000000    
9.662717  20.000000    
2.502173  11.986470    
8.078915  20.000000    
13.781698  20.000000    
1.146596  8.2223530    
0.260674  6.0453630    
2.163424  11.886040    
4.723835  19.997460    
6.867799  20.000000    
3.687828  19.746520    
3.871865  19.879010    
5.225222  19.999870    
5.887168  20.000000    
3.580072  19.615110    
3.241209  18.666520    
5.885371  20.000000    
7.035136  20.000000    
5.369264  19.999870    
2.186843  11.899370    
6.485622  20.000000    
7.037108  20.000000    
3.474066  19.425610    
0.01  5.3433860    
10.585138  20.000000    
3.936453  19.907320    
5.582316  20.000000    
1.873431  10.366490    
4.816925  19.998400    
4.351298  19.984780    
3.793544  19.833600    
6.091795  20.000000    
3.900544  19.892490    
2.541436  11.990800    
5.164506  19.999730    
6.390667  20.000000    
4.401879  19.987980    
6.325825  20.000000    
7.000389  20.000000    
5.268155  19.999870    
7.747345  20.000000    
4.562028  19.994260    
10.187325  20.000000    
1.044698  7.8224650    
8.762239  20.000000    
5.032816  19.999470    
6.666454  20.000000    
7.640417  20.000000    
0.689668  7.1433440    
6.535346  20.000000    
0.572354  6.9663160    
8.645056  20.000000    
4.727293  19.997460    
7.826186  20.000000    
4.904825  19.998930    
1.797818  10.200960    
4.120036  19.957530    
7.342467  20.000000    
6.965384  20.000000    
8.29422  20.000000    
0.01  5.3433860    
4.184492  19.967950    
7.136409  20.000000    
4.843833  19.998530    
5.184753  19.999730    
2.634788  12.001110    
3.762462  19.811430    
3.952561  19.913330    
3.675921  19.734370    
7.360463  20.000000    
6.204143  20.000000    
4.389665  19.987310    
7.102952  20.000000    
3.766967  19.814770    
1.341331  9.0710330    
5.402095  19.999870    
3.363938  19.139010    
5.385748  19.999870    
4.061079  19.945250    
9.162359  20.000000    
8.615799  20.000000    
7.575996  20.000000    
1.19651  8.5164790    
2.971416  16.678920    
7.267936  20.000000    
4.799861  19.998260    
4.85514  19.998660    
0.01  5.3433860    
3.468446  19.413460    
0.938883  7.6323360    
8.040773  20.000000    
2.24219  11.930870    
8.502313  20.000000    
7.675124  20.000000    
2.631533  12.000750    
4.308529  19.981570    
3.863955  19.875000    
11.34433  20.000000    
14.15185  20.000000    
1.454918  9.2668210    
2.412781  11.976590    
6.166913  20.000000    
7.697001  20.000000    
5.893478  20.000000    
1.683537  9.7925560    
4.926969  19.999070    
7.140244  20.000000    
0.599792  7.0009900    
1.480112  9.2689400    
3.849097  19.867120    
5.819032  20.000000    
9.84009  20.000000    
1.150972  8.2577700    
7.666421  20.000000    
7.967772  20.000000    
2.99504  16.925710    
6.137084  20.000000    
4.847152  19.998530    
6.352475  20.000000    
10.661401  20.000000    
6.732726  20.000000    
0.251282  6.0185650    
1.634866  9.6607520    
1.738799  10.070770    
8.8332  20.000000    
6.494812  20.000000    
5.822988  20.000000    
7.94523  20.000000    
2.225057  11.921120    
6.057033  20.000000    
8.846579  20.000000    
6.849228  20.000000    
4.287656  19.979700    
2.355682  11.970290    
4.132308  19.959800    
7.485234  20.000000    
0.280715  6.1296490    
3.36188  19.132600    
3.196704  18.442560    
9.17188  20.000000    
3.998532  19.928550    
0.01  5.3433860    
5.181326  19.999730    
6.585722  20.000000    
1.902272  10.529940    
7.547906  20.000000    
0.391372  6.5139430    
9.810172  20.000000    
4.884302  19.998800    
3.277355  18.825980    
3.656231  19.713140    
2.799227  14.261160    
6.162028  20.000000    
1.23356  8.6081420    
7.308986  20.000000    
5.089215  19.999600    
7.666414  20.000000    
6.248105  20.000000    
2.564835  11.993380    
4.380689  19.986780    
4.304182  19.981170    
7.23571  20.000000    
5.864603  20.000000    
0.01  5.3433860    
3.679179  19.737840    
2.220464  11.918510    
8.993699  20.000000    
1.734045  10.046830    
6.603572  20.000000    
8.319992  20.000000    
9.52089  20.000000    
1.46702  9.2678390    
5.274932  19.999870    
5.228537  19.999870    
5.897645  20.000000    
4.466841  19.991050    
0.01  5.3433860    
3.672251  19.730630    
3.168156  18.281230    
2.558652  11.992700    
5.430355  20.000000    
7.100889  20.000000    
4.170802  19.965940    
6.49591  20.000000    
4.366504  19.985840    
6.213964  20.000000    
6.057928  20.000000    
6.426227  20.000000    
7.996147  20.000000    
5.14275  19.999730    
3.318441  18.985830    
7.584729  20.000000    
0.01  5.3433860    
5.418656  19.999870    
2.049054  11.485920    
6.057973  20.000000    
7.014152  20.000000    
0.01  5.3433860    
0.01  5.3433860    
5.148781  19.999730    
0.969872  7.6617460    
9.091354  20.000000    
3.635791  19.689500    
2.050646  11.497180    
6.399767  20.000000    
7.425043  20.000000    
2.674512  12.005500    
4.189702  19.968750    
5.357799  19.999870    
5.998727  20.000000    
4.861871  19.998660    
7.80451  20.000000    
2.482016  11.984240    
8.403329  20.000000    
8.131901  20.000000    
4.637976  19.995990    
0.830583  7.4595900    
3.635024  19.688560    
3.018505  17.154080    
4.17424  19.966480    
5.365803  19.999870    
3.58795  19.626600    
11.193816  20.000000    
1.669141  9.7489670    
6.013406  20.000000    
5.45365  20.000000    
5.043669  19.999470    
0.580113  6.9742050    
4.916723  19.999070    
1.717214  9.9620990    
3.758034  19.808090    
3.297986  18.908910    
7.483111  20.000000    
2.938748  16.308050    
0.01  5.3433860    
0.01  5.3433860    
2.218544  11.917420    
7.437978  20.000000    
6.550014  20.000000    
1.825803  10.220150    
7.210685  20.000000    
2.426706  11.978130    
4.27804  19.978900    
0.01  5.3433860    
0.01  5.3433860    
2.406351  11.975890    
2.098789  11.837420    
5.8602  20.000000    
8.558012  20.000000    
4.414394  19.988650    
5.63552  20.000000    
8.191619  20.000000    
6.04814  20.000000    
9.183429  20.000000    
4.819684  19.998400    
6.878417  20.000000    
7.698435  20.000000    
7.347804  20.000000    
6.004465  20.000000    
5.448943  20.000000    
6.86705  20.000000    
2.655951  12.003450    
2.218773  11.917550    
5.543622  20.000000    
1.831272  10.223900    
7.324811  20.000000    
4.71076  19.997200    
8.032477  20.000000    
4.461495  19.990920    
6.181175  20.000000    
0.355994  6.4708720    
10.540822  20.000000    
0.743621  7.2772880    
6.51328  20.000000    
7.356256  20.000000    
4.387522  19.987180    
4.635683  19.995990    
7.609342  20.000000    
4.225398  19.973290    
0.36612  6.4851530    
4.049105  19.942310    
3.266618  18.780570    
4.185041  19.968080    
8.839753  20.000000    
0.01  5.3433860    
0.027689  5.3454760    
6.923215  20.000000    
6.281871  20.000000    
4.937267  19.999070    
5.713076  20.000000    
3.177489  18.335590    
6.495957  20.000000    
5.649037  20.000000    
8.745774  20.000000    
9.08959  20.000000    
7.748823  20.000000    
8.191983  20.000000    
6.795019  20.000000    
4.257292  19.976760    
6.564232  20.000000    
7.68477  20.000000    
1.500442  9.2712680    
11.199209  20.000000    
2.998868  16.964040    
6.385185  20.000000    
3.703038  19.761220    
2.889552  15.677840    
2.575643  11.994580    
3.03838  17.335170    
7.777441  20.000000    
2.36234  11.971030    
5.533767  20.000000    
9.727509  20.000000    
1.712142  9.9365640    
8.287446  20.000000    
3.626209  19.677750    
6.034461  20.000000    
8.22286  20.000000    
2.853206  15.151260    
7.480692  20.000000    
4.707412  19.997200    
3.501344  19.481300    
4.789619  19.998130    
5.696814  20.000000    
2.107544  11.854240    
7.225341  20.000000    
11.471326  20.000000    
2.862157  15.286010    
6.989378  20.000000    
2.76593  13.641090    
3.676826  19.735310    
3.128476  18.031360    
4.765641  19.997860    
2.707292  12.400430    
3.595858  19.637680    
2.453394  11.981080    
6.417257  20.000000    
0.042201  5.3473350    
4.723469  19.997460    
5.811399  20.000000    
3.167411  18.276820    
5.316183  19.999870    
7.423701  20.000000    
5.507215  20.000000    
4.044172  19.941100    
1.518704  9.2741790    
5.170871  19.999730    
3.862739  19.874330    
7.964257  20.000000    
3.354457  19.108960    
4.09221  19.952060    
9.920958  20.000000    
5.193303  19.999730    
2.688132  12.007000    
0.906344  7.6179410    
2.891637  15.706420    
1.940328  10.745610    
4.922812  19.999070    
6.477694  20.000000    
4.960865  19.999200    
4.235982  19.974490    
0.01  5.3433860    
5.40426  19.999870    
0.858124  7.5125350    
3.262737  18.763740    
5.098218  19.999600    
3.247934  18.697640    
1.72656  10.009150    
10.031358  20.000000    
6.277024  20.000000    
8.757101  20.000000    
4.097115  19.953130    
3.032822  17.285630    
4.752543  19.997730    
6.098503  20.000000    
4.789529  19.998130    
7.008226  20.000000    
3.656659  19.713670    
4.917896  19.999070    
0.01  5.3433860    
0.019415  5.3444930    
10.830685  20.000000    
7.778137  20.000000    
8.634372  20.000000    
5.306983  19.999870    
3.382906  19.196440    
9.165687  20.000000    
8.584344  20.000000    
2.055234  11.529600    
0.01  5.3433860    
2.415934  11.976940    
1.919821  10.629390    
4.045382  19.941510    
7.669587  20.000000    
8.401651  20.000000    
3.938538  19.908120    
7.562265  20.000000    
1.180432  8.4543300    
6.128327  20.000000    
1.50131  9.2714060    
3.541649  19.554480    
0.01  5.3433860    
6.515964  20.000000    
7.408242  20.000000    
5.575174  20.000000    
2.557139  11.992530    
0.01  5.3433860    
5.822816  20.000000    
4.675753  19.996660    
12.775403  20.000000    
7.409604  20.000000    
6.217409  20.000000    
5.859955  20.000000    
7.450894  20.000000    
5.156047  19.999730    
0.01  5.3433860    
8.554336  20.000000    
1.780582  10.189140    
3.617293  19.666400    
5.259011  19.999870    
2.298665  11.963020    
4.047039  19.941910    
8.244605  20.000000    
2.138085  11.871620    
2.061748  11.575640    
3.426202  19.314230    
4.718271  19.997330    
5.227601  19.999870    
0.01  5.3433860    
8.234086  20.000000    
1.668997  9.7485960    
0.01  5.3433860    
5.5122  20.000000    
8.45517  20.000000    
7.839247  20.000000    
2.832606  14.827540    
5.531747  20.000000    
1.719354  9.9728730    
4.682736  19.996800    
9.288708  20.000000    
6.153306  20.000000    
5.791856  20.000000    
1.658401  9.7213250    
7.003875  20.000000    
3.487859  19.454450    
5.328973  19.999870    
9.097489  20.000000    
0.01  5.3433860    
1.898067  10.506110    
5.94107  20.000000    
10.151135  20.000000    
6.701383  20.000000    
11.048239  20.000000    
3.550131  19.568500    
7.231495  20.000000    
7.556429  20.000000    
7.34705  20.000000    
1.081381  7.8585610    
0.397481  6.5289240    
5.906318  20.000000    
4.369402  19.985980    
1.007147  7.6959160    
5.024424  19.999470    
0.190157  5.8227220    
0.01  5.3433860    
2.413882  11.976720    
5.428834  20.000000    
3.015868  17.129110    
4.476897  19.991450    
7.726444  20.000000    
7.035719  20.000000    
4.295933  19.980500    
3.965546  19.917870    
11.273766  20.000000    
0.01  5.3433860    
0.01  5.3433860    
3.396731  19.235840    
9.999709  20.000000    
0.01  5.3433860    
2.44224  11.979850    
8.810886  20.000000    
7.262857  20.000000    
8.680945  20.000000    
8.668489  20.000000    
1.446986  9.2661540    
0.01  5.3433860    
7.020166  20.000000    
2.019622  11.277920    
8.003478  20.000000    
9.946819  20.000000    
4.468527  19.991190    
6.037355  20.000000    
5.596806  20.000000    
5.993056  20.000000    
0.817213  7.4527750    
1.078798  7.8584080    
2.003166  11.161610    
7.371396  20.000000    
0.708835  7.1725750    
7.249321  20.000000    
8.374877  20.000000    
4.501225  19.992390    
9.372195  20.000000    
0.01  5.3433860    
2.603344  11.997640    
8.668984  20.000000    
3.810861  19.844820    
8.936415  20.000000    
6.609321  20.000000    
5.972426  20.000000    
3.495808  19.470480    
5.883327  20.000000    
10.871793  20.000000    
3.466253  19.408650    
10.039185  20.000000    
2.154063  11.880710    
4.271563  19.978230    
2.70007  12.233490    
8.005392  20.000000    
4.46802  19.991190    
8.169191  20.000000    
12.32746  20.000000    
0.01  5.3433860    
4.349549  19.984640    
1.972258  10.943180    
2.840609  14.955480    
3.930289  19.904910    
3.230175  18.613900    
3.658059  19.715270    
6.114716  20.000000    
6.965831  20.000000    
4.336706  19.983840    
6.04661  20.000000    
4.936824  19.999070    
5.116516  19.999600    
4.903856  19.998930    
8.132424  20.000000    
0.01  5.3433860    
0.01  5.3433860    
9.402737  20.000000    
6.513212  20.000000    
5.948478  20.000000    
5.561605  20.000000    
5.129408  19.999730    
4.99367  19.999330    
2.694582  12.104480    
6.36085  20.000000    
6.153115  20.000000    
7.165807  20.000000    
1.549594  9.2814230    
2.827717  14.747810    
6.573507  20.000000    
5.757405  20.000000    
10.448186  20.000000    
4.271042  19.978230    
3.54171  19.554480    
7.112557  20.000000    
4.78107  19.998000    
3.56354  19.590010    
2.070579  11.638050    
7.485971  20.000000    
5.662368  20.000000    
4.562413  19.994390    
7.636057  20.000000    
8.350222  20.000000    
6.797981  20.000000    
1.930244  10.688460    
0.823985  7.4546140    
8.358188  20.000000    
6.745691  20.000000    
7.706  20.000000    
4.228623  19.973690    
5.141203  19.999730    
7.186403  20.000000    
4.098552  19.953390    
4.860686  19.998660    
7.989802  20.000000    
6.160813  20.000000    
2.90411  15.873890    
1.88173  10.413520    
6.141786  20.000000    
2.221453  11.919070    
6.396701  20.000000    
6.45788  20.000000    
4.884454  19.998800    
10.860325  20.000000    
1.110263  7.9507610    
2.577594  11.994790    
10.490746  20.000000    
2.856932  15.207750    
7.39455  20.000000    
6.861921  20.000000    
6.93544  20.000000    
4.259604  19.977030    
6.220211  20.000000    
4.892729  19.998930    
5.69306  20.000000    
3.562917  19.589070    
8.396306  20.000000    
0.706529  7.1682410    
3.234391  18.634200    
10.55703  20.000000    
3.406674  19.263210    
5.264999  19.999870    
2.421397  11.977550    
5.722215  20.000000    
3.253652  18.723550    
3.923215  19.902110    
2.985599  16.829160    
5.788811  20.000000    
0.348501  6.4568440    
5.413607  19.999870    
0.30174  6.1560050    
6.621037  20.000000    
2.999872  16.974060    
4.668245  19.996530    
3.23642  18.643820    
5.663624  20.000000    
5.544776  20.000000    
5.398584  19.999870    
9.14049  20.000000    
5.580632  20.000000    
6.624023  20.000000    
2.558831  11.992720    
2.317486  11.966070    
6.581892  20.000000    
0.01  5.3433860    
3.911427  19.897170    
7.212119  20.000000    
3.706582  19.764550    
8.415214  20.000000    
2.40407  11.975630    
5.181708  19.999730    
0.666413  7.1335420    
5.300884  19.999870    
3.83792  19.860980    
5.764542  20.000000    
3.23032  18.614570    
3.908263  19.895830    
7.629929  20.000000    
6.917177  20.000000    
5.403499  19.999870    
10.042664  20.000000    
4.680677  19.996800    
4.237447  19.974630    
5.489841  20.000000    
0.01  5.3433860    
4.020467  19.934960    
7.670769  20.000000    
3.594239  19.635410    
3.257552  18.740910    
3.919507  19.900510    
6.952146  20.000000    
6.714283  20.000000    
3.284217  18.854150    
1.393289  9.1048400    
12.084599  20.000000    
0.01  5.3433860    
1.997103  11.118760    
5.842384  20.000000    
5.520726  20.000000    
6.56944  20.000000    
3.831324  19.857100    
7.26351  20.000000    
3.549745  19.567970    
5.956759  20.000000    
1.980336  11.000270    
4.503472  19.992520    
2.724678  12.789320    
0.01  5.3433860    
5.321275  19.999870    
4.393315  19.987450    
9.67827  20.000000    
5.946625  20.000000    
9.127563  20.000000    
0.01  5.3433860    
5.901249  20.000000    
4.922185  19.999070    
9.199551  20.000000    
3.042408  17.370570    
0.553693  6.9475140    
4.212912  19.971690    
5.917851  20.000000    
4.725117  19.997460    
6.19249  20.000000    
7.663397  20.000000    
6.421729  20.000000    
6.387228  20.000000    
6.195505  20.000000    
0.01  5.3433860    
3.172206  18.305000    
6.383025  20.000000    
8.077312  20.000000    
0.01  5.3433860    
2.735087  13.013410    
10.152292  20.000000    
3.776153  19.821580    
2.377863  11.972740    
4.602046  19.995330    
6.420993  20.000000    
6.981443  20.000000    
3.839682  19.861910    
6.139362  20.000000    
5.722669  20.000000    
2.395903  11.974730    
5.90365  20.000000    
11.366774  20.000000    
0.954488  7.6476300    
5.960174  20.000000    
0.385636  6.5082640    
9.334843  20.000000    
0.843739  7.4861500    
6.623659  20.000000    
0.023802  5.3450090    
5.616848  20.000000    
6.715203  20.000000    
9.181739  20.000000    
8.298638  20.000000    
0.295014  6.1399920    
1.029409  7.7493320    
1.092273  7.8887090    
6.802856  20.000000    
1.596179  9.5215990    
2.947413  16.409950    
3.991365  19.926410    
14.025733  20.000000    
5.563639  20.000000    
4.400744  19.987850    
3.924606  19.902640    
2.497298  11.985930    
1.41051  9.1643440    
4.161003  19.964480    
6.294854  20.000000    
11.281153  20.000000    
5.273513  19.999870    
6.926949  20.000000    
7.245052  20.000000    
0.096058  5.6920530    
4.444997  19.990120    
5.49849  20.000000    
4.23189  19.973960    
4.026324  19.936570    
3.453183  19.379270    
6.7439  20.000000    
1.193657  8.5095550    
2.884448  15.607190    
9.099219  20.000000    
2.673602  12.005390    
1.592833  9.5043480    
8.001757  20.000000    
4.867916  19.998800    
8.781197  20.000000    
5.493909  20.000000    
5.835472  20.000000    
4.386471  19.987050    
2.890382  15.689320    
2.125671  11.864550    
2.321675  11.966540    
5.00853  19.999330    
4.339306  19.983970    
6.597311  20.000000    
3.748565  19.800750    
6.100456  20.000000    
6.02409  20.000000    
0.01  5.3433860    
6.793779  20.000000    
5.561641  20.000000    
5.979848  20.000000    
2.336465  11.968170    
7.300912  20.000000    
0.270475  6.0854580    
5.446194  20.000000    
0.01  5.3433860    
8.53018  20.000000    
4.442944  19.989980    
0.478142  6.7500010    
6.761057  20.000000    
4.881979  19.998800    
1.785315  10.192380    
2.546488  11.991360    
2.511304  11.987470    
6.432156  20.000000    
5.37893  19.999870    
9.991091  20.000000    
5.215102  19.999730    
6.898811  20.000000    
6.802805  20.000000    
7.378089  20.000000    
4.709392  19.997200    
0.263316  6.0545630    
5.466754  20.000000    
6.018164  20.000000    
5.392905  19.999870    
5.723748  20.000000    
0.685114  7.1370900    
7.464033  20.000000    
4.446805  19.990250    
5.166641  19.999730    
6.818064  20.000000    
0.683814  7.1368440    
5.349402  19.999870    
0.01  5.3433860    
4.918834  19.999070    
3.297359  18.906510    
3.00232  16.998230    
10.558987  20.000000    
5.905835  20.000000    
8.478044  20.000000    
0.194673  5.8280310    
12.127656  20.000000    
10.623581  20.000000    
9.089302  20.000000    
1.712344  9.9375820    
3.031412  17.272940    
1.904379  10.541880    
7.710577  20.000000    
2.391796  11.974280    
2.975341  16.721120    
6.821859  20.000000    
6.667567  20.000000    
3.477767  19.433490    
6.185356  20.000000    
12.207012  20.000000    
4.614462  19.995590    
10.143497  20.000000    
7.920126  20.000000    
5.85315  20.000000    
7.189263  20.000000    
4.967872  19.999200    
2.263395  11.942940    
5.304107  19.999870    
2.937062  16.287890    
0.01  5.3433860    
1.204716  8.5363950    
6.871795  20.000000    
9.17449  20.000000    
7.839288  20.000000    
6.486131  20.000000    
3.753863  19.804890    
1.116471  7.9726150    
4.173021  19.966350    
4.952382  19.999200    
3.087067  17.735290    
0.01  5.3433860    
4.603296  19.995330    
6.370809  20.000000    
6.524793  20.000000    
7.261778  20.000000    
2.346667  11.969300    
8.80789  20.000000    
3.447385  19.365780    
7.145749  20.000000    
0.01  5.3433860    
5.513433  20.000000    
6.990197  20.000000    
3.505362  19.489040    
7.935403  20.000000    
1.553733  9.3027610    
6.137351  20.000000    
4.054518  19.943640    
6.188238  20.000000    
8.059405  20.000000    
5.683029  20.000000    
6.819911  20.000000    
12.174402  20.000000    
2.74536  13.228290    
8.55807  20.000000    
10.459503  20.000000    
1.629813  9.6477470    
5.707213  20.000000    
2.362373  11.971030    
2.591152  11.996290    
0.824638  7.4547910    
8.170052  20.000000    
2.206999  11.910840    
3.08777  17.740630    
6.790964  20.000000    
5.718715  20.000000    
4.325142  19.982910    
5.444867  20.000000    
0.01  5.3433860    
0.01  5.3433860    
9.92944  20.000000    
7.150782  20.000000    
7.507209  20.000000    
2.506762  11.986970    
1.190641  8.5022350    
6.046972  20.000000    
3.854215  19.869920    
0.395337  6.5202890    
3.052805  17.460040    
6.14932  20.000000    
7.794632  20.000000    
3.075826  17.648080    
9.223235  20.000000    
3.446983  19.364840    
3.250211  18.707920    
6.533296  20.000000    
2.806059  14.381480    
5.250968  19.999870    
1.6066  9.5753260    
0.01  5.3433860    
5.030488  19.999470    
6.625237  20.000000    
7.731846  20.000000    
5.663299  20.000000    
3.400566  19.246520    
4.175805  19.966750    
5.235461  19.999870    
5.488917  20.000000    
4.08293  19.950190    
0.01  5.3433860    
1.910765  10.578070    
1.528895  9.2758040    
8.381922  20.000000    
3.627365  19.679220    
4.140645  19.961140    
2.235463  11.927050    
5.07791  19.999600    
0.01  5.3433860    
6.837995  20.000000    
6.488907  20.000000    
3.324059  19.006000    
2.061475  11.573710    
5.106442  19.999600    
5.048071  19.999470    
3.387107  19.208590    
7.169725  20.000000    
0.688514  7.1416400    
2.615716  11.999000    
2.320413  11.966400    
11.179384  20.000000    
11.768882  20.000000    
1.866586  10.327700    
9.707862  20.000000    
1.149227  8.2441640    
1.489421  9.2697230    
8.905927  20.000000    
5.624066  20.000000    
6.769344  20.000000    
10.056017  20.000000    
0.542542  6.9289460    
6.042952  20.000000    
2.424846  11.977930    
9.51149  20.000000    
3.347612  19.086660    
2.492987  11.985450    
5.946476  20.000000    
8.382072  20.000000    
4.636324  19.995990    
5.015275  19.999470    
1.440246  9.2655870    
5.905353  20.000000    
3.022324  17.189740    
6.216054  20.000000    
8.479979  20.000000    
2.398167  11.974980    
6.074261  20.000000    
7.227844  20.000000    
3.938925  19.908250    
6.191818  20.000000    
8.866543  20.000000    
8.602562  20.000000    
0.01  5.3433860    
4.82738  19.998400    
3.73318  19.788060    
2.266969  11.944980    
5.616196  20.000000    
4.377856  19.986510    
6.755444  20.000000    
3.686549  19.745320    
7.764426  20.000000    
5.26809  19.999870    
2.362649  11.971060    
4.570462  19.994520    
8.138428  20.000000    
5.867342  20.000000    
10.756902  20.000000    
7.878508  20.000000    
5.514208  20.000000    
6.720836  20.000000    
4.332012  19.983440    
5.863795  20.000000    
2.83982  14.943060    
0.840706  7.4800270    
2.235245  11.926920    
4.708849  19.997200    
3.710134  19.767890    
12.061108  20.000000    
2.674198  12.005460    
5.681743  20.000000    
1.237082  8.6172650    
1.7109  9.9303110    
0.541639  6.9274430    
2.73332  12.975750    
4.910397  19.998930    
1.960469  10.859860    
10.190682  20.000000    
3.855184  19.870460    
9.670649  20.000000    
5.534548  20.000000    
0.01  5.3433860    
6.737339  20.000000    
9.4923  20.000000    
7.94901  20.000000    
4.388454  19.987180    
2.219026  11.917690    
4.494554  19.992120    
6.975909  20.000000    
6.317685  20.000000    
6.015071  20.000000    
8.679052  20.000000    
6.559255  20.000000    
3.016509  17.135250    
2.914522  16.009040    
0.544747  6.9326180    
8.500114  20.000000    
2.682154  12.006340    
4.324071  19.982770    
7.431041  20.000000    
3.018488  17.153820    
6.641943  20.000000    
5.560229  20.000000    
9.484428  20.000000    
8.542256  20.000000    
5.853007  20.000000    
5.42487  20.000000    
4.803532  19.998260    
6.756577  20.000000    
3.10068  17.836780    
6.881951  20.000000    
0.789529  7.3898820    
9.743163  20.000000    
2.246834  11.933520    
4.080915  19.949650    
10.238628  20.000000    
3.230981  18.617770    
7.03898  20.000000    
0.080542  5.6600090    
6.969346  20.000000    
8.065776  20.000000    
5.941887  20.000000    
2.874536  15.466970    
2.565085  11.993410    
8.861593  20.000000    
5.679976  20.000000    
5.917731  20.000000    
1.666351  9.7417860    
8.162119  20.000000    
2.604469  11.997760    
8.443753  20.000000    
4.544893  19.993860    
4.662171  19.996530    
4.25903  19.977030    
3.88309  19.884350    
4.126179  19.958600    
6.021172  20.000000    
5.774687  20.000000    
5.158418  19.999730    
6.775503  20.000000    
6.706842  20.000000    
3.747587  19.799940    
5.300069  19.999870    
9.295908  20.000000    
5.198223  19.999730    
5.985273  20.000000    
8.726234  20.000000    
7.173827  20.000000    
2.624516  11.999970    
8.87991  20.000000    
3.505056  19.488510    
3.225908  18.593070    
14.467245  20.000000    
5.846998  20.000000    
3.721844  19.778310    
9.646899  20.000000    
1.871488  10.355480    
1.059661  7.8572790    
7.381114  20.000000    
7.844743  20.000000    
4.336187  19.983710    
1.340445  9.0679020    
2.941615  16.342110    
5.067511  19.999600    
6.53013  20.000000    
6.123819  20.000000    
0.01  5.3433860    
5.350198  19.999870    
4.443749  19.990120    
0.01  5.3433860    
0.23432  5.9829160    
7.473389  20.000000    
5.802522  20.000000    
5.210358  19.999730    
5.067821  19.999600    
3.198934  18.454580    
1.46954  9.2680510    
6.761331  20.000000    
0.01  5.3433860    
5.231456  19.999870    
8.14024  20.000000    
4.912802  19.998930    
7.921729  20.000000    
4.99913  19.999330    
4.452105  19.990520    
4.56392  19.994390    
9.796872  20.000000    
4.567671  19.994520    
1.150771  8.2564290    
7.186754  20.000000    
4.912984  19.998930    
3.204456  18.483960    
6.990532  20.000000    
0.01  5.3433860    
2.581047  11.995170    
8.393063  20.000000    
9.598515  20.000000    
6.495954  20.000000    
4.042374  19.940700    
2.214527  11.915130    
8.625109  20.000000    
4.50294  19.992520    
10.603176  20.000000    
9.020795  20.000000    
10.17459  20.000000    
4.596618  19.995190    
3.205331  18.488500    
6.381651  20.000000    
8.044497  20.000000    
0.914024  7.6221840    
8.572458  20.000000    
5.329838  19.999870    
1.83838  10.228770    
4.582453  19.994790    
4.008858  19.931620    
7.089496  20.000000    
7.293119  20.000000    
4.780133  19.998000    
12.488791  20.000000    
3.428648  19.320370    
0.228356  5.9739960    
6.381715  20.000000    
6.990487  20.000000    
1.657535  9.7190960    
3.404645  19.257740    
0.01  5.3433860    
6.113272  20.000000    
10.201756  20.000000    
11.21256  20.000000    
3.815189  19.847490    
1.643861  9.6839030    
0.043156  5.3474570    
8.00755  20.000000    
7.430383  20.000000    
3.163602  18.254120    
4.920416  19.999070    
0.01  5.3433860    
3.914351  19.898370    
0.556612  6.9512930    
7.629369  20.000000    
5.177346  19.999730    
0.164473  5.7758730    
8.361253  20.000000    
3.135104  18.075300    
1.573829  9.4063700    
8.849587  20.000000    
2.05743  11.545120    
6.911922  20.000000    
3.661976  19.719550    
1.771493  10.182900    
0.01  5.3433860    
5.425861  20.000000    
4.887356  19.998800    
5.732314  20.000000    
0.01  5.3433860    
3.764079  19.812630    
9.557074  20.000000    
7.624699  20.000000    
3.645445  19.700850    
6.411893  20.000000    
4.277169  19.978770    
7.040799  20.000000    
3.674059  19.732500    
8.090911  20.000000    
2.538809  11.990510    
5.555074  20.000000    
5.289183  19.999870    
8.562917  20.000000    
7.611335  20.000000    
4.450467  19.990390    
2.817912  14.584740    
2.548972  11.991630    
7.415731  20.000000    
2.66548  12.004500    
3.921974  19.901580    
1.316557  8.9834380    
6.937945  20.000000    
6.160076  20.000000    
4.402061  19.987980    
4.197238  19.969680    
8.326397  20.000000    
6.145493  20.000000    
4.26013  19.977030    
6.672671  20.000000    
3.408758  19.268820    
5.913567  20.000000    
4.891989  19.998930    
0.19756  5.8314240    
7.971469  20.000000    
0.206299  5.8416960    
8.965123  20.000000    
5.270366  19.999870    
2.683622  12.006500    
7.836997  20.000000    
10.998635  20.000000    
5.766033  20.000000    
0.563712  6.9580680    
6.250916  20.000000    
3.685099  19.743850    
2.041621  11.433390    
0.159303  5.7689170    
7.421624  20.000000    
2.946774  16.402470    
0.600919  7.0048480    
1.23244  8.6052410    
5.228616  19.999870    
4.966543  19.999200    
5.995159  20.000000    
5.61525  20.000000    
2.556358  11.992450    
2.935791  16.272660    
0.663123  7.1329170    
3.370972  19.160780    
2.632921  12.000900    
3.811177  19.844950    
8.76238  20.000000    
3.24666  18.691760    
8.360996  20.000000    
5.244593  19.999870    
1.756416  10.159460    
3.519868  19.516150    
7.130859  20.000000    
8.851043  20.000000    
4.831356  19.998530    
6.078869  20.000000    
8.372683  20.000000    
5.073905  19.999600    
1.063839  7.8575260    
3.710875  19.768560    
6.408953  20.000000    
0.078579  5.6434730    
4.798674  19.998260    
4.233674  19.974230    
1.70484  9.8998030    
9.228159  20.000000    
3.108885  17.895940    
0.01  5.3433860    
3.143008  18.126450    
7.034306  20.000000    
4.587421  19.994920    
5.611426  20.000000    
5.115833  19.999600    
4.038271  19.939640    
2.73397  12.989640    
3.754233  19.805150    
4.152134  19.963140    
3.051776  17.451230    
5.27714  19.999870    
5.45998  20.000000    
4.799486  19.998260    
6.781489  20.000000    
3.354224  19.108300    
1.613338  9.6053450    
0.01  5.3433860    
2.344298  11.969030    
2.125922  11.864700    
6.695079  20.000000    
1.998683  11.129930    
5.909966  20.000000    
3.274973  18.816090    
4.301538  19.981040    
8.420437  20.000000    
3.854095  19.869790    
7.208949  20.000000    
5.405552  19.999870    
13.113978  20.000000    
5.017114  19.999470    
7.442545  20.000000    
6.445089  20.000000    
4.110376  19.955660    
0.01  5.3433860    
8.299114  20.000000    
2.969969  16.663290    
7.802464  20.000000    
4.746155  19.997730    
9.588912  20.000000    
14.030722  20.000000    
4.698472  19.997060    
4.229648  19.973830    
5.597058  20.000000    
6.765725  20.000000    
4.847799  19.998660    
8.491584  20.000000    
7.378232  20.000000    
3.700002  19.758410    
10.057037  20.000000    
6.260797  20.000000    
4.32705  19.983040    
11.220979  20.000000    
5.997448  20.000000    
2.983513  16.807530    
7.478011  20.000000    
2.424194  11.977860    
0.930286  7.6268350    
0.965477  7.6580200    
2.465899  11.982460    
0.01  5.3433860    
3.966421  19.918270    
5.737273  20.000000    
10.371668  20.000000    
2.857399  15.214830    
6.684083  20.000000    
7.956881  20.000000    
4.181861  19.967550    
5.337585  19.999870    
5.44954  20.000000    
0.01  5.3433860    
5.642035  20.000000    
7.425983  20.000000    
4.212584  19.971690    
9.153686  20.000000    
9.217601  20.000000    
0.01  5.3433860    
9.898096  20.000000    
8.542664  20.000000    
8.638763  20.000000    
5.119692  19.999600    
4.077032  19.948850    
4.152333  19.963140    
8.675942  20.000000    
3.944375  19.910390    
6.631051  20.000000    
0.135622  5.7456590    
9.263743  20.000000    
2.059865  11.562330    
8.014312  20.000000    
6.826913  20.000000    
2.111629  11.856560    
7.833054  20.000000    
4.700233  19.997060    
6.152361  20.000000    
5.390487  19.999870    
4.218991  19.972490    
5.11606  19.999600    
5.055653  19.999470    
1.106624  7.9382090    
0.01  5.3433860    
9.375173  20.000000    
7.998977  20.000000    
4.317089  19.982240    
7.583312  20.000000    
8.354693  20.000000    
5.555219  20.000000    
6.104703  20.000000    
9.642622  20.000000    
6.771752  20.000000    
5.201808  19.999730    
2.750473  13.333130    
4.998485  19.999330    
5.410115  19.999870    
2.156428  11.882060    
7.828908  20.000000    
5.691143  20.000000    
4.972667  19.999200    
5.148453  19.999730    
6.813029  20.000000    
8.413349  20.000000    
4.794927  19.998130    
1.927577  10.673340    
7.37385  20.000000    
3.740338  19.794070    
3.651478  19.707800    
1.041728  7.8082590    
3.977662  19.922010    
4.222206  19.972890    
5.409569  19.999870    
2.570873  11.994050    
2.892867  15.723250    
9.268415  20.000000    
6.996277  20.000000    
4.39266  19.987450    
10.018063  20.000000    
7.093321  20.000000    
3.273022  18.807810    
9.456851  20.000000    
5.41095  19.999870    
4.659937  19.996400    
7.249338  20.000000    
3.73703  19.791400    
2.508814  11.987200    
6.344198  20.000000    
7.399777  20.000000    
7.74401  20.000000    
7.423047  20.000000    
5.427329  20.000000    
5.895715  20.000000    
4.144984  19.961940    
8.499522  20.000000    
6.657475  20.000000    
5.901715  20.000000    
2.368164  11.971670    
3.171576  18.301400    
3.988121  19.925350    
6.220052  20.000000    
13.235413  20.000000    
2.271666  11.947650    
4.198042  19.969820    
0.01  5.3433860    
8.178529  20.000000    
2.644134  12.002140    
8.62725  20.000000    
8.545514  20.000000    
3.864653  19.875270    
5.213886  19.999730    
2.320638  11.966420    
3.770877  19.817710    
3.407799  19.266280    
7.315415  20.000000    
7.965713  20.000000    
2.466172  11.982490    
7.521651  20.000000    
2.185035  11.898340    
7.344842  20.000000    
0.01  5.3433860    
0.501228  6.8070540    
0.01  5.3433860    
1.498238  9.2709170    
3.180694  18.353880    
4.603835  19.995330    
5.369404  19.999870    
2.909288  15.941600    
0.01  5.3433860    
0.01  5.3433860    
3.103235  17.855480    
2.36723  11.971570    
4.443663  19.990120    
3.540342  19.552210    
4.012574  19.932690    
4.301986  19.981040    
5.708969  20.000000    
4.177816  19.967010    
9.345351  20.000000    
2.692542  12.056010    
6.521778  20.000000    
5.517185  20.000000    
2.823728  14.681970    
9.777706  20.000000    
0.933393  7.6277230    
3.560917  19.585870    
1.59004  9.4899480    
6.437456  20.000000    
1.106004  7.9360700    
2.47373  11.983330    
3.62876  19.680820    
6.672036  20.000000    
7.529516  20.000000    
7.368598  20.000000    
8.082494  20.000000    
9.557596  20.000000    
7.803426  20.000000    
9.319754  20.000000    
5.071527  19.999600    
3.516277  19.509610    
4.316651  19.982240    
4.118894  19.957260    
4.084551  19.950450    
7.645767  20.000000    
0.128015  5.7426520    
5.645539  20.000000    
7.450821  20.000000    
3.101326  17.841590    
1.454878  9.2668180    
8.762037  20.000000    
8.983049  20.000000    
2.194269  11.903600    
2.176387  11.893420    
2.088358  11.763700    
5.722531  20.000000    
0.07544  5.6161590    
8.110398  20.000000    
5.753834  20.000000    
7.751416  20.000000    
7.131706  20.000000    
8.600758  20.000000    
2.570195  11.993980    
6.119262  20.000000    
3.479831  19.437760    
2.773418  13.785590    
5.690464  20.000000    
4.796007  19.998130    
7.459473  20.000000    
3.294892  18.896890    
6.937412  20.000000    
0.791685  7.3988620    
0.01  5.3433860    
0.01  5.3433860    
8.989986  20.000000    
5.008969  19.999330    
6.218501  20.000000    
3.311316  18.959660    
6.098191  20.000000    
9.889523  20.000000    
7.978385  20.000000    
5.74104  20.000000    
4.438126  19.989850    
5.467028  20.000000    
5.82106  20.000000    
6.618962  20.000000    
6.965887  20.000000    
5.855  20.000000    
5.560332  20.000000    
5.714821  20.000000    
3.775078  19.820780    
6.668698  20.000000    
9.915367  20.000000    
3.561967  19.587600    
3.789584  19.830930    
7.640745  20.000000    
6.980659  20.000000    
4.772074  19.998000    
3.600477  19.644090    
5.206898  19.999730    
6.144861  20.000000    
4.060393  19.945110    
6.113131  20.000000    
2.231847  11.924990    
5.615314  20.000000    
10.179804  20.000000    
2.993444  16.909560    
4.976478  19.999330    
4.243314  19.975290    
0.01  5.3433860    
4.788993  19.998130    
5.664332  20.000000    
6.356279  20.000000    
5.156189  19.999730    
2.446258  11.980290    
7.402772  20.000000    
7.727392  20.000000    
9.09031  20.000000    
2.991499  16.889790    
5.956289  20.000000    
5.685474  20.000000    
0.01  5.3433860    
0.659288  7.1284020    
4.656667  19.996400    
3.822417  19.851890    
3.902837  19.893430    
7.330076  20.000000    
7.201071  20.000000    
3.454042  19.381270    
2.080195  11.706010    
8.906719  20.000000    
11.348527  20.000000    
8.425262  20.000000    
0.01  5.3433860    
12.321404  20.000000    
4.971353  19.999200    
0.01  5.3433860    
0.01  5.3433860    
3.584832  19.622060    
3.053366  17.464720    
8.582259  20.000000    
2.041535  11.432780    
5.498351  20.000000    
7.091453  20.000000    
5.763897  20.000000    
7.608737  20.000000    
2.876778  15.499020    
4.198521  19.969820    
2.11797  11.860170    
8.821665  20.000000    
8.279122  20.000000    
2.589417  11.996100    
1.018825  7.7077360    
7.896272  20.000000    
4.380784  19.986780    
5.65037  20.000000    
1.351475  9.0869140    
3.814158  19.846820    
2.860079  15.255020    
8.271808  20.000000    
1.401658  9.1337590    
3.418393  19.294200    
8.347691  20.000000    
6.675613  20.000000    
7.674738  20.000000    
5.079611  19.999600    
1.268978  8.7264090    
11.307199  20.000000    
1.22686  8.5907880    
7.761826  20.000000    
9.29506  20.000000    
3.083391  17.707110    
0.01  5.3433860    
2.249518  11.935050    
0.2864  6.1338370    
7.019293  20.000000    
4.831546  19.998530    
4.986777  19.999330    
3.268403  18.788180    
7.137695  20.000000    
5.659211  20.000000    
11.132881  20.000000    
6.780089  20.000000    
4.39128  19.987310    
6.034708  20.000000    
4.643322  19.996130    
6.202661  20.000000    
2.499234  11.986140    
6.46511  20.000000    
6.013487  20.000000    
2.651398  12.002940    
0.01  5.3433860    
2.953214  16.476720    
3.775511  19.821040    
5.950428  20.000000    
7.752318  20.000000    
0.476473  6.7473710    
6.506885  20.000000    
10.339323  20.000000    
0.959908  7.6529420    
2.498119  11.986020    
0.01  5.3433860    
10.298395  20.000000    
6.280766  20.000000    
1.208264  8.5450060    
6.457868  20.000000    
8.361212  20.000000    
9.648809  20.000000    
1.490359  9.2698020    
5.351298  19.999870    
0.01  5.3433860    
0.777984  7.3448270    
7.66219  20.000000    
7.570328  20.000000    
6.365391  20.000000    
5.298185  19.999870    
3.59274  19.633280    
1.314741  8.9770160    
5.810034  20.000000    
6.368967  20.000000    
5.720501  20.000000    
9.366955  20.000000    
8.234678  20.000000    
9.380517  20.000000    
4.928379  19.999070    
5.153715  19.999730    
1.67478  9.7634800    
11.004249  20.000000    
3.399496  19.243580    
1.282136  8.8079340    
7.598312  20.000000    
1.719076  9.9714730    
3.123753  17.999440    
3.956046  19.914660    
2.50207  11.986450    
3.839239  19.861640    
8.061359  20.000000    
6.203546  20.000000    
5.517941  20.000000    
4.021461  19.935230    
1.56861  9.3794620    
6.372503  20.000000    
9.776128  20.000000    
8.431565  20.000000    
4.3734  19.986240    
9.532152  20.000000    
4.93163  19.999070    
11.288755  20.000000    
3.234216  18.633400    
7.953305  20.000000    
5.751496  20.000000    
10.153738  20.000000    
4.556234  19.994120    
2.479971  11.984010    
8.908617  20.000000    
2.301233  11.964280    
6.125327  20.000000    
2.500883  11.986320    
1.194218  8.5109170    
7.21484  20.000000    
3.510026  19.497990    
4.777471  19.998000    
10.255902  20.000000    
8.513165  20.000000    
4.960126  19.999200    
4.230871  19.973960    
2.768209  13.685300    
7.526527  20.000000    
3.571003  19.601490    
11.137933  20.000000    
5.418016  19.999870    
0.944492  7.6378330    
0.01  5.3433860    
2.792475  14.140030    
1.449403  9.2663570    
4.707808  19.997200    
0.01  5.3433860    
7.791985  20.000000    
4.638853  19.996130    
4.544982  19.993860    
4.980918  19.999330    
5.006412  19.999330    
6.099491  20.000000    
5.035101  19.999470    
5.618114  20.000000    
7.143903  20.000000    
0.01  5.3433860    
8.508241  20.000000    
1.361369  9.0894540    
1.05125  7.8538060    
8.978201  20.000000    
1.77846  10.187680    
3.17638  18.329180    
2.471481  11.983080    
5.740932  20.000000    
5.231099  19.999870    
9.123456  20.000000    
2.12198  11.862450    
5.834605  20.000000    
8.979789  20.000000    
0.805598  7.4496220    
7.828678  20.000000    
4.775476  19.998000    
4.191495  19.968880    
4.747577  19.997730    
1.012113  7.7009430    
6.732666  20.000000    
0.610555  7.0378390    
5.159797  19.999730    
1.779009  10.188060    
8.642779  20.000000    
8.019213  20.000000    
4.801083  19.998260    
2.251333  11.936080    
16.426792  20.000000    
4.783138  19.998130    
8.366585  20.000000    
5.178563  19.999730    
1.702385  9.8874440    
2.286034  11.955830    
6.806096  20.000000    
9.833679  20.000000    
6.254941  20.000000    
5.23222  19.999870    
0.691376  7.1458660    
5.883842  20.000000    
4.727529  19.997460    
3.397566  19.238240    
6.938805  20.000000    
7.590061  20.000000    
4.061699  19.945380    
9.130014  20.000000    
9.269654  20.000000    
9.134751  20.000000    
2.688424  12.007030    
0.039782  5.3470250    
3.718954  19.775770    
4.222003  19.972890    
2.654826  12.003320    
9.484028  20.000000    
0.01  5.3433860    
0.24341  5.9965110    
3.522076  19.520160    
4.394292  19.987580    
1.94614  10.778540    
0.01  5.3433860    
1.880309  10.405470    
7.219458  20.000000    
2.994626  16.921440    
6.049471  20.000000    
5.993755  20.000000    
6.322694  20.000000    
4.162363  19.964740    
3.306624  18.942030    
4.690363  19.996930    
7.056986  20.000000    
2.919311  16.069800    
9.097062  20.000000    
6.642749  20.000000    
9.338  20.000000    
4.259807  19.977030    
7.133971  20.000000    
5.237276  19.999870    
1.750248  10.128400    
7.315719  20.000000    
11.757228  20.000000    
4.980956  19.999330    
2.835053  14.866930    
4.404933  19.988110    
5.069565  19.999600    
6.987808  20.000000    
8.060443  20.000000    
2.900762  15.829550    
8.392704  20.000000    
3.054443  17.473800    
6.914455  20.000000    
2.513382  11.987700    
7.762751  20.000000    
4.190761  19.968880    
8.002226  20.000000    
9.067844  20.000000    
7.547197  20.000000    
3.587634  19.626060    
2.834052  14.850770    
1.679898  9.7766520    
11.835941  20.000000    
2.28463  11.955030    
7.91048  20.000000    
8.570694  20.000000    
3.948273  19.911720    
6.245762  20.000000    
2.238704  11.928890    
6.269666  20.000000    
2.783728  13.979640    
5.279066  19.999870    
3.310682  18.957250    
3.393773  19.227560    
4.214882  19.971950    
4.805179  19.998260    
6.422538  20.000000    
11.205735  20.000000    
6.2715  20.000000    
7.220784  20.000000    
7.231066  20.000000    
9.576606  20.000000    
4.825286  19.998400    
6.834896  20.000000    
5.554789  20.000000    
1.442016  9.2657360    
3.140648  18.111360    
2.449821  11.980690    
4.494882  19.992250    
6.75768  20.000000    
0.01  5.3433860    
0.01  5.3433860    
3.531773  19.537520    
6.49896  20.000000    
3.910436  19.896770    
1.635411  9.6621550    
7.848478  20.000000    
8.430657  20.000000    
0.504801  6.8221330    
7.880162  20.000000    
3.577224  19.610840    
1.176484  8.4279890    
6.465197  20.000000    
4.787816  19.998130    
0.01  5.3433860    
0.01  5.3433860    
5.994098  20.000000    
1.366267  9.0907120    
3.597522  19.639950    
8.148324  20.000000    
3.957798  19.915200    
3.761683  19.810900    
2.15806  11.882990    
2.60857  11.998210    
1.611266  9.5993820    
1.360765  9.0892990    
6.08086  20.000000    
1.026099  7.7334980    
8.765937  20.000000    
11.476298  20.000000    
9.146927  20.000000    
8.787916  20.000000    
1.943282  10.762350    
1.994999  11.103900    
7.78553  20.000000    
6.084586  20.000000    
7.919996  20.000000    
2.095901  11.817010    
7.578658  20.000000    
7.014285  20.000000    
6.096939  20.000000    
2.685012  12.006650    
5.516062  20.000000    
2.633216  12.000940    
4.548511  19.993990    
4.840996  19.998530    
2.451362  11.980850    
7.362366  20.000000    
5.819555  20.000000    
1.738692  10.070230    
1.318313  8.9896470    
4.145175  19.961940    
4.298786  19.980770    
6.984076  20.000000    
7.899512  20.000000    
3.962354  19.916800    
4.874667  19.998800    
9.233414  20.000000    
2.821109  14.638430    
6.604583  20.000000    
5.860017  20.000000    
0.01  5.3433860    
7.372857  20.000000    
1.519036  9.2742320    
5.397813  19.999870    
2.470667  11.982990    
5.270646  19.999870    
2.378918  11.972860    
3.332632  19.036050    
9.086092  20.000000    
5.289066  19.999870    
3.629425  19.681750    
5.515248  20.000000    
6.429676  20.000000    
3.471966  19.421070    
3.978132  19.922140    
4.584911  19.994920    
0.01  5.3433860    
2.029996  11.351230    
1.120684  8.0075410    
8.617063  20.000000    
4.924879  19.999070    
5.0115  19.999330    
1.324109  9.0101390    
5.726433  20.000000    
2.80784  14.412470    
6.174981  20.000000    
4.644607  19.996130    
3.253913  18.724610    
9.453055  20.000000    
0.341321  6.4434010    
3.214365  18.535240    
3.953318  19.913590    
3.643079  19.698180    
5.113247  19.999600    
4.522381  19.993190    
8.477154  20.000000    
7.130649  20.000000    
7.916073  20.000000    
0.01  5.3433860    
6.242709  20.000000    
5.097153  19.999600    
10.862552  20.000000    
0.871005  7.5296190    
8.342705  20.000000    
10.930195  20.000000    
1.420883  9.2001860    
0.01  5.3433860    
0.01  5.3433860    
4.625898  19.995860    
1.945422  10.774470    
6.952906  20.000000    
0.01  5.3433860    
1.838307  10.228720    
10.638487  20.000000    
3.225781  18.592400    
7.326136  20.000000    
6.916932  20.000000    
0.528665  6.9000450    
2.173019  11.891500    
0.781006  7.3543780    
5.217336  19.999730    
3.380823  19.190300    
7.274277  20.000000    
4.837032  19.998530    
6.873864  20.000000    
3.882804  19.884210    
6.290917  20.000000    
7.633147  20.000000    
3.108153  17.890740    
9.586252  20.000000    
6.853791  20.000000    
7.557584  20.000000    
5.321136  19.999870    
5.4315  20.000000    
6.261577  20.000000    
0.773648  7.3373340    
4.957127  19.999200    
10.615042  20.000000    
4.479543  19.991590    
4.351753  19.984910    
7.706054  20.000000    
8.456148  20.000000    
5.297558  19.999870    
7.471752  20.000000    
5.028176  19.999470    
0.01  5.3433860    
8.017359  20.000000    
4.919334  19.999070    
1.404919  9.1450260    
10.449292  20.000000    
4.818344  19.998400    
2.472813  11.983220    
5.52996  20.000000    
3.789487  19.830790    
5.402648  19.999870    
1.681048  9.7800250    
8.477208  20.000000    
3.660347  19.717810    
5.108269  19.999600    
5.941441  20.000000    
4.558473  19.994260    
7.004257  20.000000    
10.610841  20.000000    
6.915936  20.000000    
0.01  5.3433860    
7.86007  20.000000    
4.608635  19.995460    
5.647215  20.000000    
0.7438  7.2777240    
4.717944  19.997330    
2.933485  16.244880    
5.18197  19.999730    
10.309789  20.000000    
2.750553  13.334730    
1.906798  10.555590    
7.243433  20.000000    
3.01645  17.134720    
10.421611  20.000000    
7.695437  20.000000    
7.453887  20.000000    
3.597212  19.639550    
8.68986  20.000000    
3.851285  19.868320    
5.143925  19.999730    
4.160773  19.964480    
8.96222  20.000000    
7.222344  20.000000    
6.240634  20.000000    
6.512316  20.000000    
5.528645  20.000000    
3.688057  19.746790    
5.783125  20.000000    
3.042129  17.368160    
10.659465  20.000000    
1.138845  8.1580960    
5.86735  20.000000    
9.330182  20.000000    
5.347889  19.999870    
3.393553  19.227020    
0.589412  6.9842080    
6.427746  20.000000    
2.000561  11.143200    
1.056059  7.8570670    
12.009931  20.000000    
6.386742  20.000000    
4.215787  19.972090    
8.364771  20.000000    
2.704751  12.342070    
5.306118  19.999870    
0.01  5.3433860    
2.388955  11.973960    
3.507252  19.492650    
7.535052  20.000000    
1.51494  9.2735800    
9.445368  20.000000    
5.744908  20.000000    
4.667953  19.996530    
1.01235  7.7011820    
8.90329  20.000000    
7.293922  20.000000    
6.937073  20.000000    
8.216874  20.000000    
4.926076  19.999070    
7.339134  20.000000    
2.522877  11.988750    
1.854173  10.257350    
1.977531  10.980440    
4.020417  19.934830    
10.665079  20.000000    
1.322769  9.0054030    
11.14719  20.000000    
5.704157  20.000000    
4.004787  19.930420    
9.170127  20.000000    
3.977999  19.922140    
4.308928  19.981570    
1.509525  9.2727160    
7.356156  20.000000    
8.240601  20.000000    
4.977774  19.999330    
6.931713  20.000000    
8.305755  20.000000    
7.6734  20.000000    
1.237255  8.6177120    
6.304266  20.000000    
0.01  5.3433860    
2.012816  11.229810    
6.084808  20.000000    
5.514536  20.000000    
0.01  5.3433860    
6.212003  20.000000    
9.346048  20.000000    
0.376379  6.4990980    
0.01  5.3433860    
7.1662  20.000000    
4.198775  19.969950    
2.038615  11.412150    
2.183151  11.897270    
3.530475  19.535250    
0.812008  7.4513620    
4.869717  19.998800    
3.10699  17.882460    
2.16291  11.885750    
0.962345  7.6553300    
7.683198  20.000000    
1.297839  8.9052290    
2.843597  15.002480    
4.692719  19.996930    
7.72703  20.000000    
7.218886  20.000000    
4.012738  19.932690    
6.507324  20.000000    
1.874568  10.372930    
3.146297  18.147420    
0.979442  7.6698580    
0.719951  7.2094410    
8.398467  20.000000    
0.01  5.3433860    
1.837934  10.228470    
8.049028  20.000000    
3.477537  19.432950    
2.863667  15.308440    
6.940187  20.000000    
3.476713  19.431220    
7.705295  20.000000    
7.024728  20.000000    
2.296421  11.961740    
1.612736  9.6037960    
2.935112  16.264520    
1.524213  9.2750580    
7.685819  20.000000    
2.468286  11.982720    
0.01  5.3433860    
1.879319  10.399860    
0.993466  7.6820700    
2.372749  11.972170    
1.109392  7.9477570    
8.268843  20.000000    
1.803251  10.204680    
0.01  5.3433860    
0.01  5.3433860    
1.634568  9.6599860    
7.553653  20.000000    
7.23578  20.000000    
5.149767  19.999730    
3.17158  18.301400    
11.808895  20.000000    
3.443417  19.356430    
6.68041  20.000000    
5.596564  20.000000    
5.16093  19.999730    
8.508364  20.000000    
4.823832  19.998400    
7.861507  20.000000    
10.471517  20.000000    
2.859752  15.250220    
6.849504  20.000000    
0.01  5.3433860    
4.81065  19.998260    
7.236569  20.000000    
8.176659  20.000000    
2.374923  11.972410    
10.728132  20.000000    
5.156572  19.999730    
0.301797  6.1563210    
3.189031  18.400620    
0.102217  5.7058360    
7.618309  20.000000    
2.808755  14.428230    
6.849261  20.000000    
4.06125  19.945250    
5.807359  20.000000    
4.986044  19.999330    
6.800783  20.000000    
0.28001  6.1266060    
5.594933  20.000000    
8.17206  20.000000    
9.195271  20.000000    
1.451313  9.2665180    
6.576764  20.000000    
1.669881  9.7508720    
4.542995  19.993720    
5.530865  20.000000    
5.047112  19.999470    
6.357774  20.000000    
4.539987  19.993720    
1.060091  7.8573050    
6.919135  20.000000    
6.211168  20.000000    
5.196737  19.999730    
5.545443  20.000000    
1.859453  10.287270    
5.643314  20.000000    
0.098361  5.6968090    
5.679856  20.000000    
3.014528  17.116420    
4.511996  19.992790    
4.832613  19.998530    
0.14051  5.7497380    
5.683188  20.000000    
7.98822  20.000000    
7.117292  20.000000    
6.642851  20.000000    
0.01  5.3433860    
6.08284  20.000000    
7.604305  20.000000    
2.899041  15.806580    
4.435114  19.989720    
7.715103  20.000000    
5.281068  19.999870    
8.509208  20.000000    
3.654577  19.711270    
2.096188  11.819040    
4.745939  19.997730    
5.124742  19.999600    
9.719328  20.000000    
5.474573  20.000000    
4.16  19.964340    
1.074923  7.8581800    
5.469396  20.000000    
3.122678  17.992100    
3.260826  18.755330    
8.464921  20.000000    
6.927901  20.000000    
3.422075  19.303680    
8.238347  20.000000    
8.696705  20.000000    
4.015465  19.933490    
6.055827  20.000000    
7.181814  20.000000    
4.406871  19.988250    
1.921874  10.641020    
10.215096  20.000000    
6.32893  20.000000    
8.646551  20.000000    
10.289119  20.000000    
7.926632  20.000000    
2.167055  11.888110    
2.346207  11.969240    
3.798897  19.837070    
9.124891  20.000000    
7.995896  20.000000    
5.641787  20.000000    
1.904616  10.543220    
3.246571  18.691360    
3.819502  19.850160    
0.01  5.3433860    
7.577397  20.000000    
10.543519  20.000000    
2.706301  12.377720    
9.624449  20.000000    
3.261112  18.756660    
4.4058  19.988250    
8.111208  20.000000    
2.242273  11.930920    
2.751744  13.358900    
5.746613  20.000000    
1.312533  8.9692100    
0.626504  7.0802010    
0.105603  5.7137720    
5.249229  19.999870    
1.25048  8.6519670    
5.937345  20.000000    
7.039942  20.000000    
6.503926  20.000000    
7.755118  20.000000    
2.103462  11.851910    
6.76944  20.000000    
7.80715  20.000000    
0.07495  5.6118950    
4.461292  19.990920    
8.885122  20.000000    
5.961463  20.000000    
1.557718  9.3233070    
6.675168  20.000000    
7.901198  20.000000    
3.53419  19.541660    
5.37171  19.999870    
2.905069  15.886440    
5.839671  20.000000    
6.369115  20.000000    
12.417664  20.000000    
7.524583  20.000000    
5.252981  19.999870    
1.198365  8.5209810    
0.01  5.3433860    
8.583321  20.000000    
11.511806  20.000000    
5.834388  20.000000    
6.742495  20.000000    
4.285445  19.979570    
5.260441  19.999870    
8.983393  20.000000    
2.618244  11.999280    
1.616725  9.6140620    
0.01  5.3433860    
9.138077  20.000000    
0.01  5.3433860    
5.84134  20.000000    
7.188369  20.000000    
1.771892  10.183180    
1.23091  8.6012780    
6.551787  20.000000    
1.838843  10.229090    
6.077261  20.000000    
4.874952  19.998800    
1.656805  9.7172170    
7.349374  20.000000    
1.846743  10.234510    
6.38754  20.000000    
0.386431  6.5090510    
11.043104  20.000000    
2.880624  15.553500    
3.381197  19.191360    
2.688821  12.007080    
3.382079  19.193900    
4.018001  19.934160    
3.204644  18.484890    
8.849062  20.000000    
5.622933  20.000000    
7.143491  20.000000    
4.146255  19.962070    
6.38946  20.000000    
6.136356  20.000000    
6.106699  20.000000    
4.758237  19.997860    
2.87827  15.520250    
3.266325  18.779230    
7.100559  20.000000    
4.966606  19.999200    
4.486559  19.991850    
8.176494  20.000000    
5.389735  19.999870    
0.697006  7.1541790    
7.857488  20.000000    
3.657809  19.715010    
5.609461  20.000000    
2.096964  11.824520    
6.696558  20.000000    
4.547379  19.993860    
9.426371  20.000000    
0.01  5.3433860    
2.249359  11.934960    
7.746839  20.000000    
3.621212  19.671470    
4.323088  19.982770    
8.156399  20.000000    
2.663117  12.004240    
4.567661  19.994520    
0.757593  7.3095900    
7.618607  20.000000    
3.242875  18.674260    
4.957264  19.999200    
0.716242  7.1971410    
7.099181  20.000000    
10.813795  20.000000    
4.282277  19.979300    
6.69623  20.000000    
7.666528  20.000000    
3.848945  19.867120    
7.097417  20.000000    
3.968865  19.919070    
7.501805  20.000000    
8.248534  20.000000    
0.64861  7.1154200    
5.133423  19.999730    
5.582714  20.000000    
4.950121  19.999200    
5.605857  20.000000    
1.004568  7.6933060    
3.891118  19.888220    
1.772918  10.183880    
0.01  5.3433860    
7.132236  20.000000    
12.160121  20.000000    
4.888439  19.998800    
2.727877  12.858760    
6.334355  20.000000    
8.620741  20.000000    
3.755449  19.806090    
10.371374  20.000000    
4.572875  19.994660    
4.428959  19.989450    
4.235878  19.974490    
6.398721  20.000000    
0.01  5.3433860    
0.999852  7.6885330    
3.764677  19.813170    
2.813021  14.501680    
7.742298  20.000000    
5.78917  20.000000    
2.453467  11.981090    
3.031443  17.273210    
8.465781  20.000000    
9.901487  20.000000    
4.464316  19.991050    
5.4152  19.999870    
5.488814  20.000000    
0.01  5.3433860    
2.825481  14.711080    
6.032533  20.000000    
2.36735  11.971580    
1.907024  10.556870    
4.083916  19.950320    
7.522266  20.000000    
6.765868  20.000000    
4.428352  19.989320    
7.587089  20.000000    
2.493957  11.985560    
7.050585  20.000000    
5.923636  20.000000    
2.573277  11.994320    
5.650105  20.000000    
3.716637  19.773770    
10.372482  20.000000    
6.321543  20.000000    
5.092479  19.999600    
5.896972  20.000000    
4.027912  19.936970    
2.369602  11.971830    
0.01  5.3433860    
1.706635  9.9088400    
5.907111  20.000000    
7.767346  20.000000    
0.01  5.3433860    
0.017682  5.3442890    
8.982727  20.000000    
4.473224  19.991320    
3.466372  19.408910    
10.954748  20.000000    
3.08612  17.728080    
7.81521  20.000000    
4.374433  19.986380    
3.090205  17.759060    
0.01  5.3433860    
0.533385  6.9127500    
7.927214  20.000000    
8.371122  20.000000    
9.141328  20.000000    
6.695446  20.000000    
5.631833  20.000000    
6.112587  20.000000    
7.990251  20.000000    
10.879515  20.000000    
4.570165  19.994520    
4.616045  19.995590    
3.284781  18.856420    
3.394507  19.229690    
3.917085  19.899570    
7.814424  20.000000    
6.339858  20.000000    
2.74896  13.302280    
10.765802  20.000000    
4.226878  19.973420    
4.750586  19.997730    
3.861176  19.873530    
13.210708  20.000000    
7.349108  20.000000    
8.974861  20.000000    
0.43473  6.6697440    
7.928881  20.000000    
4.217948  19.972350    
3.985272  19.924410    
6.63686  20.000000    
3.764822  19.813170    
6.224914  20.000000    
4.346649  19.984510    
4.787907  19.998130    
2.567758  11.993710    
4.691305  19.996930    
0.663266  7.1329450    
5.634973  20.000000    
3.089489  17.753720    
3.752419  19.803680    
3.170089  18.292580    
1.581355  9.4451710    
6.178334  20.000000    
0.01  5.3433860    
6.230674  20.000000    
5.277722  19.999870    
5.857643  20.000000    
7.924682  20.000000    
7.394931  20.000000    
10.033124  20.000000    
3.778741  19.823310    
3.929243  19.904510    
4.804807  19.998260    
7.983345  20.000000    
3.868777  19.877400    
4.882174  19.998800    
1.773567  10.184330    
4.417548  19.988780    
5.248985  19.999870    
3.348359  19.089200    
4.297267  19.980630    
10.758855  20.000000    
4.879657  19.998800    
5.707981  20.000000    
2.633373  12.000950    
3.026143  17.225000    
11.72457  20.000000    
5.530771  20.000000    
6.058099  20.000000    
0.903303  7.6090490    
2.65537  12.003380    
7.537387  20.000000    
7.374286  20.000000    
6.326451  20.000000    
5.747338  20.000000    
2.708426  12.426340    
1.931775  10.697130    
6.660393  20.000000    
5.97843  20.000000    
3.831054  19.856970    
4.282738  19.979300    
5.201869  19.999730    
2.151663  11.879350    
8.043628  20.000000    
4.310324  19.981700    
5.352441  19.999870    
0.133828  5.7444620    
4.130072  19.959400    
7.12243  20.000000    
3.867298  19.876740    
4.890481  19.998930    
6.716044  20.000000    
5.458839  20.000000    
11.664222  20.000000    
7.835756  20.000000    
2.145474  11.875830    
3.767622  19.815300    
5.594572  20.000000    
6.881527  20.000000    
0.01  5.3433860    
7.145345  20.000000    
5.142509  19.999730    
3.575918  19.608970    
7.206043  20.000000    
6.826226  20.000000    
1.926974  10.669930    
8.440539  20.000000    
9.47449  20.000000    
3.62985  19.682290    
0.01  5.3433860    
5.249808  19.999870    
7.409449  20.000000    
5.112053  19.999600    
1.461206  9.2673500    
1.560248  9.3363500    
2.911646  15.972050    
8.711655  20.000000    
3.269164  18.791520    
1.442091  9.2657420    
2.389796  11.974060    
7.525006  20.000000    
5.135519  19.999730    
4.204792  19.970750    
6.318722  20.000000    
0.01  5.3433860    
10.581802  20.000000    
8.280394  20.000000    
0.01  5.3433860    
2.988487  16.858940    
9.203496  20.000000    
8.444896  20.000000    
