DSSIM Realizations with trans
1
value
      24.089
      11.674
      11.791
      12.642
       8.457
       8.369
       8.400
       8.539
       9.315
       7.856
       7.344
      14.701
      12.834
       9.932
       8.531
       3.497
       3.516
       3.521
       1.919
       2.140
       2.638
       2.659
       8.448
       1.908
       2.199
       1.775
       2.814
       1.397
       2.099
      12.916
      18.379
       1.987
       2.251
       2.542
       1.712
       1.465
      0.8791
       2.186
       2.175
      0.8789
       1.534
       2.263
       1.960
       2.139
       9.910
       2.680
       7.129
       7.133
       8.388
       6.987
       7.172
      19.612
       3.565
       2.049
       2.669
       1.954
       2.212
       2.227
       7.108
       1.714
       1.825
       1.979
       1.920
       2.596
       2.709
       9.999
       7.121
       3.539
       2.103
       2.270
       2.217
       1.951
       1.954
       1.010
       1.740
       2.235
       6.115
       1.339
       2.787
       1.547
       1.516
      0.8903
       1.219
       2.029
       1.207
       1.197
       0.909
       1.984
       2.164
       2.615
       8.109
       2.466
      0.8829
       0.992
       2.758
       1.903
       3.535
       2.134
       2.132
       2.280
       2.769
      10.833
      12.822
       9.462
      11.861
       8.377
       8.478
       3.542
       8.632
       8.759
       8.550
      12.409
      11.799
      11.174
      11.602
       9.713
       6.638
       2.206
       2.613
       2.594
       1.827
       1.912
       4.082
       2.694
       3.012
       0.959
       0.992
       0.963
       1.117
       6.997
       1.333
       2.662
       2.189
       2.249
       5.485
       2.643
       2.003
       2.190
       2.269
       1.489
       2.264
       2.265
      15.389
       2.795
       3.033
       5.503
       6.701
       7.602
       7.272
      14.863
       2.925
       8.342
       2.632
       3.402
       2.335
       2.664
       2.700
       2.113
       2.612
       1.433
       1.892
       2.214
       2.091
       2.619
       2.289
       1.961
       3.532
       2.666
       8.834
       2.137
       2.597
       2.801
       1.776
       1.150
       0.996
       1.600
       5.744
       2.636
       1.481
      0.8340
       1.699
       1.003
       2.324
       0.916
       1.032
       1.156
       2.814
      0.7141
      0.6665
       2.813
       2.275
       2.546
       2.574
       1.348
       1.057
       1.947
       3.507
       2.191
      0.8876
       2.127
       2.211
       2.734
       2.606
       8.544
       6.686
       5.445
       5.915
       8.395
       8.500
       8.573
      11.792
       6.766
      16.716
      11.132
      13.232
      10.267
       8.478
       6.794
       2.205
       2.704
       2.772
       1.552
       2.210
      12.148
       2.676
       2.511
       1.614
       1.916
       2.240
       1.448
       6.634
       2.660
       1.944
       1.933
       1.752
       2.668
       2.639
       1.965
       1.472
       2.271
       2.227
       2.261
       2.211
       2.496
       1.943
       2.607
       4.662
      12.232
       7.132
       7.464
       8.310
       8.338
       9.539
       3.645
       3.627
       2.895
       2.771
       8.496
       2.237
       2.160
       1.484
       6.819
       1.216
       2.211
       2.159
       2.636
       2.598
       3.533
       2.179
       2.190
       2.775
       1.978
       2.222
      19.102
       2.220
       1.406
      0.8555
       2.306
       8.487
       2.311
       1.863
       1.773
       2.170
       1.342
      0.7063
       1.210
       1.590
       1.591
       1.010
      0.8029
       2.071
       1.637
       2.566
       6.655
       3.285
       1.357
       1.724
       6.521
       1.952
       1.671
       1.191
       2.075
       2.623
       8.681
       2.791
       8.441
       8.560
       8.368
       6.896
       8.534
       8.471
      11.787
      11.786
      11.315
      10.873
       7.814
      11.797
       8.422
       3.490
       3.504
       2.778
       1.489
       2.347
       2.654
       1.456
       2.208
       2.552
       7.150
       2.241
       1.983
      11.770
      13.944
       5.510
       2.674
       1.191
      10.960
       2.839
       2.736
       2.640
       6.256
       2.663
       2.020
       1.883
       3.637
       3.632
       1.982
       2.794
       3.632
       9.923
       8.349
       3.634
       8.531
       7.125
       2.230
       5.509
       2.282
       3.162
       2.037
       2.639
       5.496
       1.191
       4.509
       2.145
       2.611
       1.953
       1.699
       2.215
       2.620
       2.880
      11.805
       3.906
       8.033
       3.545
       2.203
       1.315
       2.167
       1.584
       2.629
       1.982
       2.252
       1.311
       1.853
       1.988
       1.983
       1.280
       1.097
       0.990
      0.6948
      0.6204
      0.8266
      0.8696
       1.721
       2.167
      14.813
       2.145
       1.954
       0.918
       1.938
       2.202
       2.349
       1.712
       2.082
       1.092
       1.835
       3.541
       6.739
       7.397
       8.486
       8.179
      11.165
       3.539
       4.957
       3.536
      11.783
      10.027
       9.246
       8.554
      12.809
       5.472
       5.480
       7.862
       2.700
       1.714
       2.595
       7.703
       1.920
       2.697
       2.610
       2.559
       2.177
      0.8732
       2.179
       1.348
       2.897
       2.228
       1.970
       2.276
       7.137
       7.124
       1.943
       2.633
       2.288
       1.939
       9.808
       2.705
       2.271
       2.748
       7.153
       3.572
       7.278
       3.687
       8.072
      11.315
       7.118
       4.466
       3.396
      11.753
       2.452
      15.165
       2.648
       2.202
       1.234
       1.977
       1.461
       2.214
       1.695
       1.931
       2.026
       2.796
       3.391
       5.475
       3.538
       3.448
       2.660
       1.936
       2.155
       1.962
       1.219
       0.924
       1.417
       1.629
       2.003
       2.043
       1.225
       1.784
      12.005
       1.282
       1.101
      0.5789
      0.8384
      0.7733
      0.8669
       1.391
       2.219
       1.959
       2.193
       1.962
       1.417
       1.978
       1.398
      0.8691
       1.903
       1.351
       2.244
       3.539
       3.564
       4.154
       5.613
       7.157
       7.124
       8.539
       5.480
       8.544
       8.517
       6.381
      10.115
      13.149
      10.517
       9.949
       8.443
       8.362
       8.375
       2.651
       2.634
       5.472
       2.607
       2.600
       1.704
       2.613
       2.506
       2.162
       1.201
      0.8798
       1.744
       1.999
       2.611
       1.270
       2.209
       8.637
       2.854
       2.256
       6.584
       7.255
       2.132
       2.264
       3.584
       2.706
       2.275
       2.704
       3.662
       6.343
       2.803
       9.479
       9.384
       6.828
       2.236
       2.700
       3.622
       3.587
       2.648
       2.239
       1.756
       1.983
       1.940
       2.133
       2.168
       1.184
       2.206
       2.785
       2.195
       2.507
       2.593
       7.745
       3.540
       2.660
       2.236
       1.907
       2.676
       1.233
       1.963
       2.271
       2.308
       2.263
       1.995
       0.945
       1.607
       1.390
       1.231
      0.5452
       1.380
      0.8448
       1.609
      0.8587
       1.944
       1.855
       2.590
       1.259
       2.176
       1.941
       1.690
       1.198
      0.8838
       1.599
       1.177
       1.574
       2.800
       3.253
       5.465
       2.363
       8.440
       2.782
       7.179
       7.832
       3.530
       7.779
       3.533
       8.383
       9.975
       9.880
       9.015
       8.463
       7.092
       3.538
       3.004
       2.724
       2.169
       2.655
       2.360
       2.608
       1.718
       5.580
       2.646
       2.722
       1.196
       1.966
       1.665
       1.844
       2.291
       5.417
       2.212
       2.256
       2.735
       2.729
       2.743
       2.775
       8.341
       2.929
       2.898
       2.776
       2.028
       2.027
       3.657
       2.933
       8.352
       8.324
       2.369
       5.529
       2.249
       2.534
       2.732
       2.711
       2.231
       3.218
       1.270
       1.300
       1.977
       1.486
       2.102
       2.225
       7.041
       3.322
       2.591
       4.925
       5.772
       3.542
       2.762
       2.606
       2.218
       1.298
       2.197
       2.426
       2.287
      15.253
       1.178
       1.773
       2.025
       2.743
       1.834
       1.150
       1.192
       1.200
       2.824
       1.724
       1.437
       6.466
       5.485
       2.591
       2.302
       1.313
       1.882
       1.716
       1.231
       1.888
       2.174
       2.138
       2.170
       1.948
       2.716
       3.074
       7.180
       3.468
       7.033
       7.556
       8.396
       7.161
       7.067
       8.428
      10.049
       9.393
      16.092
       8.538
      10.950
       6.763
      11.788
       2.520
       2.622
       2.140
       2.150
       2.429
       2.795
       8.484
       2.625
       2.204
       1.728
       1.606
       1.752
       2.106
       2.023
       2.230
       2.506
       3.666
       2.224
       2.695
       3.620
       1.858
       8.524
      11.737
       2.792
       2.925
       2.001
       2.706
       4.323
       3.652
       5.128
       9.619
       6.624
       8.998
       3.699
       2.241
       1.973
       2.674
       2.508
       2.229
       1.957
       1.732
       1.722
       2.195
       2.090
       5.448
       1.795
       8.497
       4.324
       9.021
       5.455
       6.698
       5.450
       2.525
       2.637
       1.955
       2.223
       1.919
       2.267
       2.197
       2.715
       2.292
       1.790
       3.671
       1.128
       1.314
       1.112
       1.339
      0.8288
       1.198
       1.224
      0.8683
       2.332
       2.648
       2.622
       2.542
       2.011
       0.985
       1.185
       1.235
       1.581
       1.927
       1.894
       2.214
       2.641
       2.596
       1.931
       2.291
       6.108
       7.379
       7.620
       3.543
       7.726
       6.650
       8.477
      23.073
       8.671
       5.478
       8.583
       8.394
       2.609
       1.902
       2.542
       8.402
       2.489
       2.196
       2.221
       2.543
       3.560
       2.575
       2.362
      20.538
       1.991
       1.027
       1.981
       1.728
       1.985
       2.229
       2.704
       7.238
       2.748
       2.469
       2.837
       2.921
       9.473
       1.780
       2.884
       1.870
       2.917
       2.747
       2.030
       9.771
       8.530
       3.024
       2.801
       8.409
       2.195
       2.888
       2.232
       2.258
       1.497
       2.225
       0.940
       2.170
       2.180
       1.440
       2.189
       2.630
       2.762
       8.430
       5.447
       5.777
       5.681
       6.176
       2.383
       2.609
       2.613
       3.572
       2.572
       2.262
       2.015
       2.251
       2.279
       1.985
       0.973
       1.782
      0.7052
       0.991
       1.934
      0.8304
       1.200
       1.925
       1.897
       2.599
       7.208
       2.708
       3.532
       1.036
      0.7150
      0.8914
       1.436
       1.592
       7.232
       2.148
       2.208
       2.791
       2.594
       3.503
       2.859
       7.173
       7.197
       8.358
       3.041
       2.598
       8.355
       8.536
       8.552
       7.029
       8.557
       3.542
       8.428
       8.384
       3.142
       2.209
       2.782
       2.633
       3.666
       2.206
       2.224
       1.915
       2.242
       1.980
       1.171
       1.152
       2.235
       0.905
       1.975
       1.240
       2.100
       2.320
       2.908
       2.718
       2.790
       1.224
       2.022
       2.240
       2.077
       2.778
       2.916
       1.493
       2.066
       2.914
       3.680
       3.729
       3.018
       3.724
       9.971
       2.930
       2.274
       1.806
       3.767
       2.219
       0.928
       0.947
      0.8673
       2.220
       2.571
       2.597
       2.746
       8.299
       3.537
       4.486
       7.123
      11.727
       8.560
       3.536
       3.552
       2.631
       2.626
       1.998
       2.201
       1.465
       2.118
       2.204
       1.983
       1.259
       2.003
      0.6760
      0.6276
       1.240
       1.426
       1.407
       1.679
       1.998
       2.539
       2.693
       2.664
       1.905
       0.996
      0.8425
       1.219
       1.707
      13.246
       1.873
      0.8649
       6.204
       2.356
       1.212
       7.110
       2.441
      14.435
       9.858
       6.256
       8.358
       8.362
       8.368
       7.638
       2.809
      11.790
       8.666
       8.530
       7.662
       5.447
       2.593
       2.794
       2.784
       1.377
       2.211
       1.329
       2.553
       2.233
       2.633
       2.542
       1.611
       1.970
       1.872
       2.220
       1.947
       1.876
       1.953
       2.233
       2.661
       1.954
       2.721
       8.506
       2.757
       2.239
       2.845
       3.704
       2.671
       2.752
       2.252
       2.255
       3.706
       3.725
       2.333
       2.947
       3.695
       2.290
       1.392
       2.473
       1.732
       1.473
       2.095
       1.030
       2.126
       2.152
       1.187
       1.546
       4.193
       2.212
      35.295
       5.446
       8.504
       8.508
       6.722
       4.170
       2.311
       2.796
       1.944
       2.568
       6.676
       2.196
       2.277
       2.289
       1.961
       1.773
       2.734
      0.6862
       1.191
      0.8418
       2.689
      0.8663
       1.920
       2.143
       2.595
       2.142
       2.736
       1.575
       1.705
      0.7151
       1.857
       1.887
       1.064
       1.414
       1.186
       2.216
       2.367
       2.145
       2.402
       2.806
       2.609
       3.511
       8.254
       8.537
       8.313
       8.408
       8.452
       8.385
       9.994
       9.398
       8.551
       5.475
       6.017
       1.897
       8.391
       2.919
       2.201
       2.193
       1.792
       2.134
       1.764
       2.586
       9.247
       2.675
       2.038
       3.343
       2.008
       2.009
       2.764
       1.572
       2.696
       3.672
       2.944
       2.239
       2.642
       2.346
       3.675
       7.151
       2.744
       2.713
       2.677
       2.336
       2.915
       3.701
       3.548
       2.758
       3.498
       3.681
       2.661
       1.498
       2.281
       1.233
       2.083
       1.724
       1.455
       2.153
       2.566
       8.397
       1.958
       3.498
       7.145
      11.807
       5.459
       4.562
      11.788
       8.755
       8.343
       5.237
       3.435
       7.007
       2.784
       2.033
       2.217
       1.314
       2.274
       2.238
       1.768
       1.598
      0.8762
      0.7988
       1.262
       1.572
       0.935
       1.965
       2.202
       1.701
       1.961
       1.012
       1.709
       1.398
       1.338
       2.743
       1.717
       2.799
       1.185
       1.973
       2.211
       2.599
       1.105
       2.070
       2.138
       2.771
       3.526
       8.495
       8.464
       6.048
       5.397
       3.537
       8.401
       7.520
      11.782
       8.542
       8.521
       3.541
       2.569
       5.948
       2.781
       5.307
       2.219
       2.773
       1.121
       3.554
       2.633
       2.233
       2.614
       1.877
       2.243
       1.290
       2.570
       2.083
       2.013
       2.608
       2.710
       2.262
       2.826
       1.990
       1.249
       1.517
       2.980
       2.066
       2.329
       1.761
       2.722
       2.285
      11.672
       2.520
       3.683
       2.349
       7.694
       2.818
       2.579
       2.777
       2.183
       2.172
       2.175
       1.919
       2.231
       2.526
       2.715
       2.776
       3.622
       9.958
       7.373
       8.430
       8.474
       7.137
      12.025
       8.337
       5.492
       6.798
       7.163
       3.120
       2.627
       2.186
       2.226
       2.297
       1.161
       1.979
       1.895
       1.205
      0.8429
       2.233
      0.8772
       1.985
       2.241
       2.598
       2.133
      0.8704
      0.8295
       1.158
       1.451
       1.703
       1.889
       2.108
       2.573
       2.146
       1.063
       2.217
       2.147
       1.403
       1.913
       3.512
       3.520
       2.784
       7.361
       8.410
       8.362
       8.397
       2.818
       8.502
       8.551
      11.873
       4.512
       8.332
       3.542
       7.110
       2.800
       8.568
       2.167
       1.356
       2.158
       2.151
       2.203
       2.126
       2.201
       2.649
       2.540
       2.230
       2.284
       2.167
       1.983
       2.016
       2.310
       2.083
       8.566
       9.452
       2.863
       1.797
       2.073
       1.686
       2.759
       2.950
       2.704
       2.416
       9.521
       2.327
       3.648
       2.965
       8.339
       2.764
       2.777
       1.902
       1.211
       1.207
       2.189
       1.196
       2.223
       2.207
       4.670
       2.144
       3.529
       5.126
       3.537
       8.559
       2.670
       8.429
      13.789
       9.984
       8.562
       5.492
       3.528
       3.541
      11.768
       2.179
       1.990
       8.506
       8.545
       1.554
       1.981
       1.416
       1.603
       1.777
       2.168
       1.901
       1.910
       5.416
       2.016
       2.060
       1.192
       1.715
      0.8389
       1.555
       1.904
       2.207
       2.414
       0.999
       1.742
       2.400
       1.706
       2.168
       2.142
       1.908
       2.150
       2.754
      11.789
       8.357
       3.557
       2.784
       8.411
       8.421
       9.238
      11.790
       9.131
       8.539
      11.786
       2.701
       9.706
       6.602
       8.453
       3.498
       8.420
       2.092
       1.702
       1.719
       2.753
       2.765
       2.286
       2.219
       2.322
       7.140
       2.091
       1.339
       1.993
       1.031
       6.257
       2.687
       2.730
       2.286
       2.783
       2.408
       2.371
       2.772
       2.749
       2.752
       2.936
       2.031
       3.631
       5.512
       3.251
       2.258
       2.865
       2.820
       2.836
       1.738
       2.263
       1.741
       5.667
       2.186
       1.691
       2.627
       2.629
       3.144
       9.483
       3.523
       2.796
       2.639
       9.701
      13.776
       8.368
       8.389
      11.447
       2.534
       2.533
       2.279
       2.815
       2.019
       2.877
       2.474
       2.075
      0.8893
       2.275
       1.443
       1.914
      0.8569
       2.186
       1.986
       1.839
       1.687
       1.194
       2.327
       1.754
       0.938
       1.269
       2.033
       2.023
       1.974
       1.187
       1.717
       1.992
       1.118
       2.645
       1.974
       1.420
       5.068
       2.817
       8.533
       8.412
       4.031
       8.515
       8.522
       9.218
       9.321
       8.095
      11.789
       8.656
       8.495
       7.119
       3.540
       4.554
       3.504
       3.498
       2.600
       2.115
       2.230
       1.971
       2.633
       2.867
       1.753
       1.220
       2.289
       1.789
       1.575
       1.960
       1.774
       1.932
       1.719
       2.909
       3.710
       8.497
       2.870
       5.477
       2.370
       2.033
       2.830
       6.622
       2.719
       2.902
       2.654
       2.336
       2.723
       8.365
       2.756
       2.934
       1.220
       1.951
      10.258
       1.743
       2.664
       2.635
       2.794
       8.376
       2.774
       8.370
       2.211
       2.206
       1.880
       2.551
       8.859
      39.513
      13.526
       8.496
       5.481
       6.824
       7.111
       2.140
       2.704
       2.846
       3.606
       2.670
       2.149
       1.933
       1.960
       1.572
       1.030
       2.164
       1.897
       1.938
       1.006
       1.605
      0.7281
      0.7955
      0.7097
       1.704
       3.559
       1.934
       5.483
       1.939
       2.195
       1.141
       2.155
       3.515
       1.971
       2.664
       1.900
       2.823
      14.374
      10.705
       8.544
       9.515
       9.300
       9.846
      10.531
       9.727
      11.743
       8.793
       8.474
       8.359
       7.129
       8.408
      15.882
      11.799
       3.543
       2.571
       2.178
       2.147
       2.617
       2.866
       2.742
       2.435
       2.681
       2.327
       2.328
       2.378
       2.289
       1.218
       2.293
       2.711
      11.249
       2.958
       7.155
       2.839
       2.002
       1.602
       2.839
       5.709
       2.211
       2.045
       1.993
       3.650
       5.359
       3.683
       7.823
       2.063
       8.534
       2.920
       1.524
       2.030
       2.274
       5.474
       7.126
      10.024
       2.728
       2.762
       2.194
       8.452
       1.948
       2.499
       3.441
       8.555
       4.034
       8.542
      10.400
       2.647
       5.471
       3.517
       2.621
       2.143
       2.834
      13.108
       1.433
       1.990
       1.172
       1.904
       1.469
      0.7651
       1.847
       2.032
       2.176
       2.178
       1.508
       1.315
       1.240
       1.662
       1.439
       1.721
       2.145
       1.244
       1.902
       0.993
       2.067
       2.082
       2.276
       1.931
       1.469
       1.990
       5.476
       8.532
       6.647
       5.501
       7.121
       8.349
      11.766
       7.124
       3.560
       9.736
       9.672
       8.462
       8.382
       6.165
       2.800
       9.025
      10.783
       2.633
       1.865
       2.383
       1.894
       2.625
       3.369
       2.709
       2.034
       2.705
       1.876
       8.345
       2.231
       0.934
       1.498
       2.645
       2.651
       7.180
       2.915
       9.975
       8.242
       5.433
       2.847
       5.573
       2.788
       2.316
       2.526
       2.322
       2.893
       2.924
       5.893
       4.961
       8.546
       3.198
       2.019
       3.002
       9.583
      11.723
       2.087
       2.000
       2.647
       2.672
       2.626
       2.788
       2.135
       2.639
       2.138
       2.535
       2.975
      11.806
      10.143
      11.791
       3.537
       2.159
       2.740
       6.396
       2.622
       2.540
       2.987
       2.178
       2.241
       2.171
       1.817
       1.510
      0.8754
       2.000
       2.032
       1.225
       1.735
      0.8802
       1.470
       1.394
       1.123
       1.775
       1.782
       1.716
       2.222
       1.189
       1.551
       1.977
       1.952
       1.916
       1.290
      0.8807
       1.107
       2.571
       9.572
      11.776
      11.762
       9.990
      14.116
      12.753
      18.066
       8.395
      10.807
       8.400
       8.207
       5.459
       6.114
       8.411
       5.511
       7.891
       2.597
       2.749
       2.704
       2.151
       3.442
       3.606
       2.847
       3.078
       1.455
       2.320
       8.475
       2.682
       2.230
       2.309
       1.221
       1.753
       2.709
       1.868
       3.110
       5.604
       2.864
       2.874
       2.488
       2.788
       9.741
       2.322
       2.838
      12.870
       2.912
       8.354
       4.852
       9.742
       3.180
       2.859
       2.750
       2.889
       3.611
       2.256
       2.243
       2.826
       2.802
       2.621
       1.972
       2.590
       2.133
       2.509
       2.726
       2.843
      10.737
       8.535
       2.666
       3.534
       2.214
       2.102
       2.176
       2.581
       3.148
       3.586
       1.740
       8.512
       2.768
       1.866
       1.465
       3.935
       2.550
       1.953
       1.937
       1.112
       1.944
       0.918
       1.619
       1.129
       1.543
       1.676
       1.483
       2.011
       2.533
       1.909
       2.199
       9.934
       0.983
       1.978
       1.717
       1.885
       5.161
      13.560
      11.779
       9.203
       9.997
      13.530
      11.767
       9.646
      11.784
      10.100
       8.476
       8.484
       2.833
       5.473
       6.884
       8.498
       7.432
       3.518
       2.182
       3.125
       2.801
       5.276
       5.823
      11.753
       2.029
       1.442
       2.229
       1.756
       1.498
       3.663
       2.003
      11.723
       2.908
       2.020
       2.733
       3.083
       7.375
       1.711
       2.927
       8.442
       8.530
       6.819
       3.308
       3.659
       7.167
       8.324
       7.147
       7.126
       3.681
       2.978
       2.910
       2.241
       2.860
       2.594
       2.646
       2.677
       3.565
       2.690
       5.486
       1.542
       3.533
       2.204
       2.192
       2.490
       6.676
       8.529
      11.631
       2.592
       1.938
       2.909
      16.463
       2.632
       2.615
       2.205
       2.804
       2.552
       2.161
       2.046
       1.829
       8.353
       3.612
       2.600
       1.469
       1.738
       2.088
       1.964
       1.699
       2.636
       1.737
       1.711
       1.439
       0.925
       1.843
       1.736
       1.568
       1.435
       1.697
       1.997
       1.950
       1.338
       2.199
       5.295
      11.758
      29.336
       8.725
      10.089
       8.435
       9.766
       7.163
       9.396
      13.953
      14.332
      10.843
       9.911
       2.780
       5.517
       8.406
       7.167
       2.659
       3.539
       2.808
       8.136
       2.827
       5.913
       4.701
       2.847
       1.683
       1.874
       2.268
       1.715
       2.909
       2.725
       2.304
       1.952
       2.323
       2.423
       2.935
       3.167
       2.340
       2.836
       5.912
       2.851
       7.420
       2.742
       7.051
       5.514
       7.754
       7.300
       5.802
       5.869
       8.543
       2.858
       8.384
       3.594
       8.404
       2.646
       2.099
       2.787
       2.637
       1.770
       1.886
       2.592
       2.470
       2.774
       2.204
       2.186
       3.503
       8.854
       7.096
       2.192
       4.787
      11.782
       2.613
       2.799
       3.536
       2.831
       2.626
       8.433
       1.372
       9.863
       8.439
       2.111
       2.729
       2.787
       2.224
       2.233
       1.654
       1.762
       1.861
      0.8517
       2.223
       1.195
      0.7818
       3.035
       1.969
       1.781
       0.964
       1.490
       1.989
       2.629
       1.906
       1.393
       5.494
       6.887
      11.725
      11.751
       7.178
      11.792
       9.572
       2.835
      10.058
      13.068
      11.790
      11.791
       2.806
       3.762
       7.391
      10.536
       3.019
       6.877
       7.986
       9.329
       4.408
      11.745
       7.170
       7.417
       3.255
       2.014
       2.241
       2.263
       2.567
       2.301
       3.608
       2.304
       2.750
       2.304
       2.301
       2.851
       2.860
       2.840
       3.525
       2.932
      15.601
      11.177
       7.180
       7.138
       7.903
      10.034
       8.321
       3.607
       6.672
       3.759
       2.248
       2.266
       3.646
       3.290
       2.698
       2.630
       3.552
       2.611
       9.554
       1.559
       1.942
       1.202
       1.182
       2.187
       3.530
       5.740
       3.532
       2.161
       2.782
       2.786
       2.708
       2.811
       2.815
      10.208
       2.793
       2.651
       1.707
      10.254
      14.397
       8.333
       6.805
       2.005
       2.628
       2.177
      11.738
       2.688
       1.748
       3.602
       1.717
       1.707
       1.293
       0.956
       1.458
       1.207
      0.8713
       5.340
       2.235
       2.218
       3.578
       2.238
       2.647
      10.115
       8.608
      11.788
      10.129
       9.577
      11.783
       9.833
       8.870
      10.804
      11.765
      26.716
      11.781
       7.148
       7.880
       2.591
       6.830
       8.374
       8.933
       8.434
       7.148
       2.239
       6.930
       7.175
       6.902
       2.223
       1.373
       2.875
       1.798
       2.665
       2.768
       2.258
       2.732
       2.562
       1.754
       2.717
       2.669
       3.211
       2.692
       8.493
       3.676
       8.344
       3.955
       8.351
       2.649
       3.026
       8.366
       7.193
       6.583
       7.159
       7.066
       3.686
       3.662
       2.229
       3.621
       2.649
       2.632
       2.617
       2.218
       1.934
       1.969
       1.902
       1.891
       1.095
       2.706
       2.303
      19.290
       2.208
       5.441
       2.753
       2.177
       2.161
       1.870
       2.585
       9.687
       2.654
       1.976
      11.752
       9.983
      11.485
       7.479
       3.468
       2.754
       2.601
       2.672
       1.214
       1.502
       1.579
      0.8164
       1.718
       2.345
      0.8225
       1.197
       1.350
      0.8660
       1.438
       0.945
       2.190
       2.219
       2.629
       2.247
       2.698
       2.666
       8.245
      10.152
      10.298
       6.541
       8.377
       8.557
       9.870
       8.478
      12.232
      12.973
      11.783
       8.549
       7.585
       5.827
       8.535
       8.377
       9.705
       3.593
       7.138
       6.263
       6.793
       2.823
      13.566
       2.197
       1.905
       2.146
       1.742
       2.749
      11.764
       8.330
       5.492
       3.485
       0.944
       1.993
       2.531
       8.406
       2.831
       2.275
       3.319
       8.358
       8.348
       7.450
       2.696
       8.524
       8.553
       8.346
       7.923
       7.981
       7.149
       2.262
       3.677
       4.825
       2.817
       1.923
       2.559
       2.461
       2.628
       2.138
       1.923
       1.356
       1.455
       1.460
       0.991
       3.211
       2.653
       3.258
       2.627
       2.588
       2.772
       2.595
       2.809
       6.911
       2.150
       2.665
       8.483
       9.419
       8.545
       2.758
       2.886
       3.647
       3.635
       1.952
       7.161
       1.973
       1.747
       1.286
       1.542
       1.363
       1.334
       1.197
       1.097
       1.407
       2.608
      0.8752
      0.8028
       1.912
       2.252
       1.211
       5.871
       2.636
       2.841
      11.440
      11.150
       9.607
       7.152
       9.921
       8.512
      10.539
      11.751
      12.190
      12.099
       9.914
      11.554
       5.806
       3.295
       2.784
       8.487
      10.062
       9.821
       7.146
       7.104
       8.370
       7.498
       3.054
       2.876
       2.978
       1.564
       1.554
       1.959
       5.513
       6.604
       9.749
       2.020
       2.253
       1.757
       1.813
       2.912
       2.233
       2.884
       4.480
       7.156
       8.386
      12.035
       3.635
       2.911
       8.409
       8.479
       8.410
      11.592
       3.021
       5.534
       3.633
       2.244
       8.475
       2.793
       2.685
       2.695
       1.674
       1.934
       1.940
       1.743
       1.287
       1.919
       1.240
       2.642
       2.631
       1.932
       2.552
      11.792
       7.151
       1.886
       2.638
       2.783
       2.079
       9.585
       7.493
       8.174
      11.731
       9.501
       8.466
       2.699
       2.921
       2.716
       2.307
       2.028
       1.845
      0.8529
       0.980
      0.8505
       1.387
       1.203
       0.962
       1.199
       2.655
       1.346
       1.062
       2.848
       2.787
       1.251
       2.181
      11.770
       3.609
       6.945
       9.248
      11.763
       5.512
      11.731
      12.707
      12.453
       9.161
      13.337
      11.092
       9.724
      10.103
       7.903
       3.567
       2.657
      11.786
      11.529
       9.906
       8.264
       3.586
       6.985
       2.765
       4.904
       2.202
       2.728
       1.972
       3.578
       2.828
       7.457
       8.546
       2.762
       1.336
       2.017
       2.065
       1.869
       2.040
       2.778
       2.898
       3.623
       3.595
       2.884
       8.537
       9.818
      10.030
       8.546
       8.521
       8.549
      11.670
      13.320
       8.378
       4.580
       5.491
       2.754
       2.213
       1.791
       1.920
       2.140
       0.951
       1.896
       1.415
       1.185
      0.8690
       2.190
       1.882
      10.105
       2.169
       1.916
       2.780
       2.678
       2.636
       2.664
       3.548
       9.853
      10.347
       8.552
       7.176
       9.130
       5.523
       8.429
       8.509
       2.830
       1.775
       2.304
       2.032
       1.275
       1.291
       1.329
       1.204
       1.201
       1.236
       2.216
       1.162
       1.952
      0.8679
       1.812
       2.173
       2.237
       2.181
       2.258
       2.663
       2.596
       8.946
       2.889
      11.767
       5.483
       8.546
       9.544
       9.943
      11.750
      11.232
      13.195
      11.228
       9.459
      10.584
       3.547
       3.585
       7.026
      24.725
       9.084
      10.229
       5.491
       8.442
       5.490
       6.687
       2.886
       3.564
       2.191
       5.925
       8.474
       8.542
      10.085
       7.434
       2.507
       2.278
       2.134
       2.114
       2.611
       2.908
       2.892
       2.745
       5.527
       8.335
      10.963
       7.177
       9.360
       7.146
      11.731
       8.485
       8.327
       7.180
       6.957
       5.520
       2.684
       5.054
       7.119
       1.923
       2.781
       1.240
       1.832
       2.137
       1.230
       0.917
       1.433
       1.757
       1.189
       2.312
       2.195
       1.279
       1.705
       8.531
       2.602
       1.483
       9.175
      13.971
       8.397
       8.390
       3.575
      11.349
       5.734
       8.339
       5.280
       2.959
       2.738
       2.329
       2.041
       2.206
      0.5450
      0.7020
       1.207
       1.244
       1.034
      0.8161
       0.988
      0.8194
       1.046
      11.199
       1.223
       1.958
       1.679
       2.840
       2.668
       2.016
       9.012
       8.920
       8.685
       5.485
      12.655
      11.440
      12.746
       9.659
      13.104
      11.784
      11.327
       6.465
       8.187
       2.358
       3.841
       8.550
      10.068
       7.284
       6.777
       2.748
       6.741
       2.714
       2.868
       2.656
       3.256
       2.987
      11.771
       2.817
      15.126
       8.532
       6.583
      10.034
       3.611
       2.202
       1.963
       2.288
       2.850
       2.893
       3.447
       8.793
       9.793
      11.770
       9.811
       9.600
       4.702
       8.549
       8.465
      11.754
       8.406
       6.934
       5.508
       4.654
       2.204
       2.639
       1.985
       8.894
       1.908
       1.697
       1.883
       1.182
       1.181
       6.543
       1.892
       1.477
       2.194
       2.135
       1.345
       2.615
       2.640
       2.620
       8.543
      11.767
       6.635
       8.549
       9.528
       6.808
       9.736
      11.702
      10.389
       2.297
       2.768
       2.707
       1.867
       5.744
       1.259
       1.972
      0.7492
       2.702
       1.242
       1.984
       1.057
       1.937
      0.7182
       1.400
      0.8280
       2.859
       2.118
       2.013
       1.716
       2.294
       3.266
       6.971
       8.555
       9.479
      10.538
      10.330
       8.521
      11.772
      11.775
      11.771
      11.792
      11.764
       8.984
       8.029
       2.636
       2.590
       8.468
       8.284
       8.401
       5.524
       2.334
       6.173
       3.626
       5.482
       6.980
       2.853
       2.787
       3.545
       2.867
       8.523
       8.419
       7.110
       2.246
       2.261
       2.190
       2.195
       2.444
       2.194
       5.490
       2.270
      12.600
       9.143
      10.439
      11.746
       9.519
       8.114
       8.598
       8.941
       8.495
       5.520
       6.224
       5.281
       4.375
       2.870
       2.800
       2.079
       2.666
       2.211
       1.829
       5.448
      0.8285
       1.181
       1.850
       2.129
       2.115
       2.035
       2.456
       2.627
       2.633
       2.653
       3.129
       8.491
      11.778
      12.484
       5.517
       7.182
       8.520
      11.296
       7.397
      10.248
       5.568
       2.881
       2.780
       2.990
       2.332
      0.7634
       1.340
       1.546
      0.7644
       1.208
       1.017
      0.5759
      0.6119
      0.8226
      0.7896
       2.175
       1.254
       1.147
       7.335
       2.203
       2.687
       2.850
       9.972
      11.086
       9.759
      11.700
       8.442
      11.709
      11.729
      11.765
      12.977
      11.776
      10.505
       8.618
       5.884
       5.471
       2.382
       4.765
       5.758
       8.516
       2.610
       5.484
       7.139
       5.502
      11.752
       2.834
       3.363
       2.865
       5.451
       8.861
      11.023
       3.036
       8.499
       3.863
       2.564
       1.742
       1.264
       2.573
       7.158
       3.602
       2.710
       8.449
       8.228
      10.016
      13.463
      13.223
      11.809
       7.175
      11.751
       8.476
       7.897
       7.126
       5.500
       3.817
       2.181
       2.833
       2.731
       2.651
       2.182
       1.128
      0.8717
       1.183
       1.405
       1.894
       2.130
       2.045
       1.467
       2.578
       7.669
       2.615
       3.545
       5.795
       8.408
       7.109
       8.555
       3.570
       2.806
       9.823
      11.413
       9.684
       5.526
       6.042
       3.689
       2.652
       2.371
       1.975
       2.304
       2.227
       2.717
      0.5708
       1.205
       0.934
      0.8343
       1.530
       0.964
       1.656
       1.999
       1.996
       9.058
       3.964
       6.624
       2.742
       5.636
       9.761
       8.400
      11.705
       8.084
      11.013
      11.710
       9.563
      11.774
      17.392
      11.777
      12.734
       2.836
       2.682
       5.474
       2.689
       8.442
       2.849
       7.142
       3.563
       3.637
       5.123
       5.506
       8.433
       3.574
       3.528
       3.314
       2.608
       2.787
       9.644
       7.882
       5.206
       3.558
       5.476
       1.220
       2.228
       2.877
       2.760
       2.847
       2.893
       7.800
      21.181
      12.702
      10.933
       9.997
      10.322
       8.343
       8.505
       9.091
       7.022
       2.715
       8.074
       2.225
      10.307
       2.668
       3.530
       2.194
       2.217
       1.202
      0.6988
      0.8747
       1.889
       1.900
       2.114
       2.714
       2.527
       6.673
       1.658
       2.211
       5.484
       8.876
       8.155
       7.168
       3.218
       2.778
       6.943
       6.907
       9.819
       9.853
       3.716
       2.762
       2.877
       2.754
       2.336
       0.941
       1.227
       1.058
       1.383
       3.623
      0.7493
      0.6955
      0.7025
      0.8816
       1.158
       2.794
       2.210
       1.965
       1.042
       2.285
       2.181
       2.759
       2.007
       8.334
      10.113
      11.727
       9.536
      11.704
       8.525
      11.407
      10.210
      11.870
      14.501
       9.261
       4.135
       2.807
       9.547
       8.393
      11.767
       5.506
       7.108
       6.964
      12.637
       3.637
       5.571
       2.464
       3.867
       2.681
       3.555
       5.461
       6.829
       7.114
       3.696
       4.978
       2.835
       2.633
       2.101
       1.341
       2.614
       2.821
       1.739
       2.226
       2.245
       8.543
      12.989
      20.956
      11.777
      10.177
       7.735
       4.503
       9.138
      10.566
       3.986
       5.532
       2.889
       2.231
       2.673
       2.601
       3.669
       8.768
       2.181
      0.5807
      0.2640
      0.7944
       1.223
       2.148
       2.128
       2.247
       2.311
       1.995
       8.380
       2.911
       5.501
       8.524
       8.361
       7.503
       2.860
      11.737
       5.536
      13.656
       9.922
       8.424
       7.111
       9.673
       2.794
       2.431
       1.991
       1.054
       1.232
      0.5797
       1.324
      0.6032
      0.5606
      0.6542
      0.2016
       1.323
       3.654
       2.358
       2.082
       1.222
       2.708
       4.344
       2.790
       2.783
       5.594
      11.411
      11.673
       9.091
      11.677
       8.474
      14.151
      13.341
      11.768
      13.647
       6.181
       3.550
       7.160
       8.387
       8.340
       4.705
       8.529
       3.626
       6.905
       2.779
       2.212
       6.829
       5.267
       2.670
       3.563
       3.567
       8.371
       8.397
       6.976
       2.225
       3.561
       8.600
       2.689
       1.445
       2.223
       2.451
       2.041
       2.736
       1.904
       7.319
       4.772
      23.310
      12.499
      13.076
      11.784
       9.888
      11.719
      11.931
       5.502
       2.884
       2.909
       3.175
       2.706
       2.282
       2.410
       2.149
       1.966
       1.578
      0.8531
      0.6637
       1.621
       2.779
       1.002
       2.169
       1.449
       2.813
       1.927
       2.621
       2.160
       2.247
       4.104
       8.404
       6.725
       3.642
       3.634
       8.934
      14.307
       9.913
       9.545
       7.097
      12.057
       2.962
       2.728
       1.959
      0.8659
       1.505
       1.245
       2.279
       3.629
      0.2803
      0.2425
       0.956
       1.480
       2.029
       2.248
       1.956
       2.920
       1.596
       2.305
       2.723
       2.844
       8.458
      13.599
      11.679
      19.825
      10.350
      11.702
      10.434
      11.733
      11.750
      10.260
       8.539
       3.100
      13.342
       8.521
      15.498
       9.827
      11.718
       8.717
       6.395
       2.325
       8.490
       6.654
       4.886
       3.056
       2.616
       7.173
       5.473
       2.388
       6.433
       4.184
       3.535
       2.706
       7.798
       1.881
       2.226
       2.632
       2.824
       7.122
       2.228
       2.650
       2.990
      11.789
      11.698
       7.139
       9.238
       9.660
       9.529
       8.428
      13.283
       5.532
       2.717
       2.852
       1.485
       2.559
       2.859
       1.897
       1.472
       1.585
       1.306
       1.029
      0.8670
       1.901
       2.007
       1.816
       2.204
       1.980
       5.481
       2.630
       2.724
       2.210
       2.618
       7.956
       8.159
      10.720
       3.392
       8.551
      11.467
      11.721
       8.543
       7.182
       6.745
       1.866
       1.999
       2.164
       1.954
       1.969
       1.942
       1.998
       1.263
      0.8601
      0.8832
       1.059
       1.710
       0.940
       1.955
       1.772
       1.004
       2.364
       1.711
       6.403
       7.154
       8.347
      15.276
       5.992
      11.700
      11.215
      11.680
      11.250
      11.233
       8.516
       9.865
       9.914
       7.353
       3.612
       5.480
      10.929
      11.707
       8.698
       8.306
       9.695
       2.717
       2.902
       2.868
       5.101
       8.547
       5.482
       5.471
       5.473
       4.123
       6.754
       2.333
       8.367
       2.826
       2.660
       2.709
       2.242
       2.656
       2.835
       6.301
       2.239
       8.265
       5.710
      10.049
       8.817
       9.107
      12.869
       8.539
       8.911
       8.378
       2.865
       4.583
       3.318
       2.835
       6.562
       2.624
       2.792
       1.526
       1.912
       1.417
       1.210
       1.182
       1.695
       1.902
       1.965
       4.358
       2.549
       2.671
       1.987
       2.828
      10.296
       3.242
       9.432
       8.177
       7.552
       5.495
       8.546
       8.536
      10.345
       8.383
       9.550
      11.731
       8.303
       2.978
       2.760
       2.308
       2.185
       2.058
       1.210
       1.883
      0.8944
      0.5111
      0.8480
       1.387
       2.568
       1.768
       1.508
       1.528
      0.7046
       2.951
       2.065
       2.791
       2.971
       3.677
       8.438
      11.151
       9.352
      12.387
       8.518
       9.909
       9.465
       9.093
      11.780
       5.501
       5.590
       3.619
       5.493
      10.648
       9.111
       5.723
       2.944
       2.864
       8.379
       8.343
       4.604
       5.489
       2.629
       5.470
       2.554
       7.157
       5.984
       2.598
       8.388
       3.205
       2.969
       2.644
       2.747
      11.643
       1.728
       3.581
       2.829
       2.815
       2.677
       6.312
      10.926
       8.595
       8.541
       8.772
       8.654
       8.521
       8.437
       2.904
       3.583
       3.582
       2.863
       2.694
       2.232
       1.190
      0.8782
       1.708
       1.538
      0.8383
       1.205
       2.774
       1.939
       7.818
       6.872
       2.792
       2.076
       2.097
      11.415
       2.165
       2.831
       5.517
       7.986
       6.952
       7.135
       8.416
      11.676
       8.518
       9.987
       8.545
      11.626
       8.471
       8.505
       2.972
       2.414
       2.878
       2.237
       2.866
       1.692
       0.909
    -0.02967
       1.042
       1.251
       1.469
       0.942
       1.530
      0.7724
       1.504
       2.772
       2.306
       2.737
       2.128
       3.677
       5.158
       8.359
      14.572
      10.959
      12.160
       9.174
      12.195
      10.220
      11.742
       8.395
       6.667
       6.056
       3.604
      11.717
       5.702
       8.472
       3.753
       8.325
       3.214
       7.046
       2.885
       7.168
       6.281
       7.160
       3.548
       2.528
       3.501
       5.485
       2.604
       4.835
       2.813
       2.820
       2.199
       2.787
       2.600
       2.629
       2.745
       3.510
       3.533
       4.290
       8.392
       7.566
       8.544
       3.591
       8.526
       9.846
       6.355
       5.492
       3.611
       2.867
       8.526
       1.751
       1.947
       1.188
      0.8785
       1.184
       2.696
       1.171
       1.183
       1.917
       7.057
      10.632
       6.793
       2.821
       8.504
       2.627
       2.645
       2.189
       2.023
       9.730
       7.153
       8.430
       7.125
       8.322
       8.825
      10.427
      11.641
       8.572
       8.490
       9.968
       8.520
       3.654
       5.760
       2.697
       1.947
       2.018
       2.207
      0.8896
      0.8871
      0.7662
       1.232
       1.249
       1.702
       1.451
       1.416
       1.456
       1.509
       2.591
       3.725
       2.861
       3.756
       7.266
       8.958
       6.862
      11.673
       9.720
       8.550
       7.615
      18.244
      22.654
       9.967
       7.946
       5.507
       7.113
       7.178
       7.068
       8.369
       8.406
       8.494
       6.839
       5.542
       4.072
       8.684
       2.633
       7.149
       6.761
       6.471
      11.810
       6.486
       3.542
       2.465
       2.167
       2.771
       7.145
       2.120
       2.384
       2.493
       3.484
       3.484
       2.205
       7.112
       8.400
      13.279
       8.382
       8.366
       8.529
       8.345
       2.503
       2.712
       3.582
       3.560
       7.175
       8.354
       1.429
       2.220
      0.8157
       1.301
       1.243
      0.8192
       1.267
       8.407
       3.047
       7.170
       8.433
       5.465
       2.833
       2.737
       2.808
       2.699
       2.245
       3.648
       7.058
      10.076
       2.955
       5.864
       8.525
       7.327
       9.822
      10.127
       2.969
       3.731
       5.646
       3.689
       1.752
       1.899
       1.942
       1.736
       1.282
      0.2260
       1.019
      0.8990
       1.304
       1.291
       2.681
       1.439
      0.8130
       1.246
       1.553
       2.394
       2.331
       2.822
       2.991
       6.069
       3.036
       7.529
       8.838
       5.519
       8.485
       8.415
       7.117
      10.983
       6.674
       2.671
       3.390
       3.100
       9.525
       6.573
       8.531
       8.427
       7.189
       2.949
       8.363
       5.492
       5.514
       6.079
       5.468
       7.162
       2.799
       5.819
      11.313
      11.808
       2.595
       8.713
       2.730
       2.586
       2.310
       2.182
       2.615
       2.131
       2.199
       2.702
       6.770
       8.159
       2.827
       8.212
       2.841
       5.495
       2.672
       3.577
       8.545
       2.810
       8.371
       2.630
       2.238
       1.189
       1.699
       2.777
       1.267
       1.182
       1.408
       7.792
       7.148
       8.465
       7.143
       8.352
       2.659
       7.727
       2.252
       2.714
       2.657
       3.638
       3.019
       2.640
      12.205
       6.678
       8.504
      11.687
      12.959
       8.439
       3.037
       5.571
       6.725
       6.116
       2.738
       2.894
       2.294
       1.979
       2.901
       1.475
       0.955
      0.5602
      0.3374
       1.237
       1.290
      0.8081
       1.347
       1.106
       1.247
       0.905
       2.942
       2.075
       1.826
       2.051
       3.760
       6.989
       8.285
       8.533
       8.306
       3.839
       8.378
       8.518
       7.115
       3.584
       7.116
       3.644
       2.507
       3.690
      16.640
       8.420
       5.620
       7.476
       5.566
       6.151
       3.597
       6.597
       7.179
       8.396
      11.303
       6.499
       7.082
       6.325
       6.353
       3.515
       2.775
       2.191
       2.608
       2.574
       2.351
       2.538
       2.741
       8.559
      12.400
       7.161
       3.623
       6.894
       2.867
       2.628
       5.364
       7.125
       2.617
       2.754
       2.808
       2.334
       2.798
       3.559
       1.762
       1.437
       1.192
      0.8738
       1.183
       8.538
       7.576
       7.530
       7.159
       2.682
       7.133
       2.323
       2.832
       2.173
       2.269
       2.687
       2.755
       2.005
       6.318
       9.713
       5.528
       3.268
       8.508
      11.674
       8.520
       7.074
       3.007
       5.538
       6.727
       4.309
      10.823
       3.612
      0.8872
       1.207
       1.744
       1.269
       0.950
      0.6063
       1.705
       1.957
       1.061
       2.272
       1.245
       1.248
      0.8402
      20.449
       2.897
       2.378
       2.406
       3.028
       5.580
       3.032
       8.336
       8.365
       6.128
       7.128
       7.140
       9.513
       8.375
       3.635
      10.739
       2.960
       8.043
       8.286
       7.167
       8.494
       7.304
       6.354
       6.716
       5.051
       2.681
       8.527
       8.559
       8.542
      10.862
      11.799
       8.494
       3.517
       2.733
       2.773
       2.669
       5.457
       1.696
       2.171
       2.707
       3.482
       7.143
       3.950
       2.728
       7.132
      10.933
       7.169
       3.524
       6.959
       3.845
       2.843
       1.909
       2.633
       2.667
       2.664
       2.212
       1.564
       1.002
       1.394
       1.402
      10.389
       3.584
       2.693
       8.559
       7.136
       7.131
       6.206
       4.825
       2.684
       2.696
       6.282
       2.680
       2.652
       2.744
       3.699
       3.711
       2.729
       5.519
       8.447
       6.272
       3.439
       2.762
       2.930
       8.372
       3.633
       2.920
       2.198
       1.928
       1.942
       3.334
       1.972
      0.7194
      0.8317
       1.057
       1.681
      0.7948
       1.246
       1.306
       1.246
       1.143
       1.272
       3.012
       1.953
       2.240
       8.515
       2.627
       2.567
       6.542
       6.052
      10.287
      10.503
       2.730
       7.600
       5.509
       4.739
       2.863
       3.688
       5.940
      16.407
       9.299
      10.986
       8.774
       8.526
       6.707
       7.081
       3.625
       3.607
       3.581
       8.625
       7.220
       8.555
       7.113
       3.519
       2.748
       3.515
       2.628
       2.736
       2.185
       1.950
       3.472
       2.588
       2.197
       5.734
       6.640
       5.760
       2.631
       7.134
       8.442
       6.760
       3.458
       3.577
       2.104
       2.556
       2.620
       2.652
       2.212
       2.170
      0.8462
       1.366
       1.135
      11.765
      10.839
       8.555
       7.830
       8.425
       7.019
       3.546
       5.480
       4.414
       2.845
       3.056
       2.708
       2.032
       2.702
       2.788
       2.991
       2.657
       2.277
       2.332
       2.761
       5.739
       7.174
       7.033
       2.806
       3.687
       8.401
      12.407
       2.792
       2.284
       1.943
       2.270
       1.846
      0.8914
       2.774
      0.5209
       1.743
       1.052
       1.199
       0.904
       1.163
       1.984
       2.732
       2.909
       5.588
       1.335
       3.797
       2.845
       2.866
       2.771
       7.114
       8.548
       3.661
       4.335
       5.493
       2.710
       2.270
       3.657
       3.690
       5.561
       3.715
       8.486
       9.985
       5.595
       3.617
       7.150
       3.620
      11.739
       2.251
       7.261
      11.800
       8.382
      13.486
       6.018
       5.468
       7.174
       1.957
       2.637
       2.896
       2.574
       2.119
       1.269
       1.449
       2.643
       9.668
       6.447
       6.898
       2.597
       7.152
       8.405
       8.522
       2.640
       2.162
       2.838
       2.666
       2.614
       2.635
       5.493
       1.315
       1.560
       1.691
      27.193
       9.874
      11.781
       7.114
       8.454
       2.587
       9.495
       6.849
       9.818
       2.846
       3.552
       2.792
       2.712
       2.685
       2.026
       2.734
       2.300
       2.858
       2.945
       2.924
       8.336
      13.446
       6.501
       3.471
       3.665
       3.644
       2.697
       2.438
       2.289
       2.234
       1.942
       2.248
      13.909
       2.702
       2.303
      0.4071
      0.4157
      0.8257
      0.8552
       0.978
      0.5620
       1.101
      0.8668
      24.675
       1.920
      0.8605
       1.821
       1.539
       2.849
       2.740
       2.365
      11.762
       2.690
       2.913
       2.008
      10.305
       4.792
       3.648
       2.324
       7.288
       8.521
      11.708
       9.091
       8.533
       7.967
       6.525
      11.707
       7.166
       2.651
      12.873
       9.047
       9.720
       7.480
       2.624
       5.478
       2.688
       1.707
       2.771
      10.452
       2.552
       2.193
       2.134
       2.185
       2.583
       2.192
       2.206
       6.787
       2.630
       3.548
       8.391
       8.398
       5.484
       2.784
       2.635
       1.767
       5.453
       2.173
       2.604
       2.137
       1.075
      14.430
      15.774
      12.506
      11.655
       9.222
       8.439
       6.428
       8.415
       8.349
       2.643
       3.551
       2.412
       3.588
       2.145
       2.253
       2.020
       2.709
       1.285
       3.010
       2.654
       6.915
       7.029
       8.504
       5.557
       3.924
       2.557
       3.634
       5.044
       4.578
       2.737
       2.239
       2.206
       1.474
       2.852
       2.917
       1.489
       1.064
      0.6310
      0.8683
      0.2867
      0.7911
      0.8390
       1.812
       1.254
       2.938
       1.452
      0.8751
       0.910
       1.445
       8.451
       2.029
       2.846
       2.899
       3.651
       2.676
       2.932
       4.260
       8.001
       5.518
       2.875
       9.392
       8.322
      11.659
      11.806
       9.235
       8.355
       6.817
       8.327
       6.715
       8.406
       6.003
       9.366
      10.799
       3.531
       5.697
       3.264
       1.890
       1.934
       2.256
       2.579
       2.579
       1.893
       1.899
       2.135
       2.584
       2.783
       2.232
       7.142
       6.539
       7.408
       8.540
       6.287
       4.077
       2.230
       2.550
       2.611
       2.418
       2.229
       2.322
       2.212
      14.006
      14.943
      12.559
       9.730
      14.264
       7.061
       3.605
       2.821
       2.695
       5.935
       5.505
       3.567
       2.715
       2.622
       2.723
       2.379
      11.292
       2.033
       2.102
       2.722
       2.893
       3.032
       6.716
       7.345
       3.683
       2.255
       2.991
       2.891
       3.618
       3.611
       2.767
       2.240
       2.062
       2.458
       2.870
      14.806
       2.119
      0.4995
      0.1048
      16.106
       3.736
      0.8865
      0.7168
       0.903
      0.4104
       1.054
       1.117
      0.7814
       1.504
       0.911
       2.106
       2.359
       1.798
       8.495
       2.780
      10.705
       3.625
       9.920
       5.515
       6.845
       7.137
       3.307
       3.754
       9.684
       9.947
       9.541
       6.973
       8.329
       8.512
       6.426
       8.131
       7.652
      10.618
      11.802
       7.905
       2.189
       2.882
       5.473
       1.179
       2.283
       2.197
       1.911
       2.131
       1.932
       1.595
       2.746
       2.560
       2.133
       8.420
       2.713
       3.319
       9.442
      37.072
       2.669
       2.608
       1.984
       1.911
       1.890
       2.459
       2.286
      14.091
      14.156
      15.699
      17.577
       9.942
      11.732
       9.039
       9.630
       8.477
       8.522
       6.077
       2.180
       2.855
       3.909
       3.615
       2.227
       1.706
       2.348
       1.907
       2.114
       2.386
       2.835
       3.695
       9.383
       2.860
       2.933
       3.665
       8.517
       1.953
       9.882
       2.876
       2.618
       2.646
       1.716
       2.692
       2.883
       2.295
       2.133
       1.272
       9.954
     0.02231
      0.7767
      0.8540
      0.6548
       1.238
       0.955
       0.908
       1.005
      0.4896
       1.558
      0.8911
       1.997
       1.184
       2.693
       2.755
       2.672
       2.855
       3.068
       3.614
      10.012
       7.036
       8.348
       7.249
       3.056
       6.852
       9.700
       6.939
       3.728
       9.256
       8.409
       7.063
       5.196
       9.628
      10.035
       6.633
       7.160
       6.406
       2.775
       2.298
       1.851
       1.314
      11.212
       2.126
       8.482
       1.281
       2.132
       2.163
       2.104
       2.788
       7.166
       5.663
      10.916
       9.793
       6.715
       7.146
       2.605
       8.385
       2.603
       2.371
       2.598
      14.286
      14.128
      14.683
      12.984
      18.116
      12.347
      11.169
       8.787
       3.619
       6.909
       2.827
       4.161
       2.185
       3.606
       1.976
       3.584
       1.004
       2.247
       2.257
       2.836
       2.757
       1.569
       2.959
       3.590
       7.117
       6.675
       2.701
       2.884
       2.160
       2.234
       2.675
       2.684
       1.723
       2.185
       1.770
       8.528
       2.471
       2.688
       1.782
       2.973
      0.7638
       2.338
       1.266
       1.882
      0.2988
      0.8698
       3.022
      0.5574
       1.264
      0.7150
      0.5940
       2.109
       1.050
       1.795
       2.157
       2.902
       1.968
       2.043
       5.513
       8.403
       9.866
       8.324
       3.741
       8.615
       6.699
       9.511
       8.342
       8.541
       5.525
       7.679
       7.461
       7.115
       2.842
      11.842
      12.574
       3.109
       2.782
       5.442
       2.655
       2.674
       1.696
       1.732
       1.585
       2.172
       1.386
       1.179
       2.131
       3.487
       1.462
       2.624
       5.461
       5.468
       7.009
       2.716
       6.335
       3.544
       2.026
       2.608
       2.614
       2.471
      14.079
      14.017
      15.572
      13.409
      13.848
      14.469
      14.013
      11.719
       8.551
       8.531
       6.366
       2.883
       2.869
       3.564
       2.681
      19.800
       2.695
       2.273
       2.764
       1.928
       1.454
       2.267
       2.798
       2.251
       2.955
       2.716
      10.678
       2.692
       2.280
       3.037
       2.266
       2.708
       2.654
       2.184
       2.176
       1.538
       2.689
       2.867
       5.418
       1.837
       1.019
     0.04710
      0.7364
      0.8929
      0.8257
       0.956
       2.002
       2.271
       2.403
       4.456
       1.266
       1.227
       1.315
       1.285
       1.824
       2.954
       2.231
       1.930
       2.735
       5.485
      15.430
       2.634
       7.158
      11.667
       8.458
      40.524
       7.110
       9.351
       7.789
       7.135
       3.670
       7.173
       7.296
       8.552
       8.899
       7.155
      11.793
       6.777
       3.469
       2.652
       2.149
       1.688
       1.902
       1.704
       1.950
       1.179
       1.066
       1.104
       9.369
      10.665
       3.507
       6.304
       2.756
       7.021
      14.564
       9.937
       5.022
       1.185
       2.248
       2.614
      13.687
      17.806
      14.236
      13.465
      13.389
      12.825
      31.951
      11.755
      11.716
       9.444
       8.449
      11.016
      11.757
       7.109
       2.501
       8.552
       7.127
       8.405
       1.771
       1.498
       2.350
       2.668
       2.060
       2.743
       2.902
       3.264
       8.480
       7.131
       4.692
       5.508
       3.404
       8.436
       1.936
       2.252
       2.160
       1.467
       8.521
       2.317
       2.369
       2.237
       1.320
      0.8870
       1.489
      0.5084
       1.025
       1.075
       1.119
      0.6974
      0.6263
       1.513
       1.261
       1.114
       1.253
       2.414
       0.971
       1.040
      10.904
       2.326
       2.765
       2.859
       5.492
       3.650
       5.504
       8.513
       9.059
       8.405
       8.344
      11.640
      11.998
      14.542
       9.158
       3.082
       8.394
       3.588
       7.145
       3.553
       8.542
       8.404
       2.597
       4.605
       2.620
       2.610
       1.894
       1.879
       1.877
       2.570
       1.934
       2.008
       1.510
       6.917
       2.920
       2.717
       6.275
       3.528
       5.461
      11.791
      10.159
       5.463
       2.742
       1.506
      12.348
      14.048
      13.582
      14.463
      14.358
      17.159
      13.949
      11.762
       8.400
      10.590
       8.550
       8.533
       3.624
       9.683
       8.531
       5.127
       7.016
       2.848
       1.935
       2.302
       2.731
       2.571
       1.711
       2.608
       2.958
       8.545
       2.933
       2.892
       8.340
       8.524
       3.622
       5.565
       2.642
       2.629
       2.206
      0.8826
       1.992
       1.227
       2.326
       2.251
       1.364
      0.4933
    -0.03837
      0.5948
      0.8693
      0.8761
       1.243
       1.545
      0.8872
      0.8221
       1.492
       1.802
       2.734
      0.5358
       0.959
      0.7749
      0.8630
       2.348
       2.230
       2.293
       3.179
       2.889
       7.041
       8.433
      12.287
      11.361
       8.535
       8.418
       7.522
      12.473
      13.222
       8.497
       7.110
       8.712
       2.703
       8.070
       5.325
       8.970
       5.479
       5.760
       2.132
       2.614
       2.563
       1.986
       2.634
       0.993
       2.121
       5.194
       2.150
       2.036
       3.583
       3.496
       3.026
       8.452
      13.282
       5.456
       8.997
      14.664
       2.608
       2.796
      11.776
      11.574
      13.805
      13.814
      11.771
      14.125
      13.878
      14.084
      12.435
      10.179
      11.127
       7.895
      11.754
       8.032
      10.647
       8.937
       7.152
       2.578
       3.635
       2.002
       2.650
       2.458
       2.075
       1.569
       2.426
       3.651
       3.415
       3.459
       3.657
       5.577
       3.752
       2.629
       8.975
       3.567
       2.822
       2.217
       1.934
       2.061
       1.786
       2.311
       1.803
       1.688
       0.971
     -0.1157
      0.1511
      0.3502
      0.3101
       1.119
       1.931
       1.107
       0.901
       1.463
       1.974
       1.343
       1.152
       1.093
       2.414
       1.808
       1.771
       6.812
       2.696
       6.849
       2.741
       8.526
       8.353
       8.546
       8.909
       9.415
       8.521
       7.166
      11.231
      11.693
       8.515
       6.860
       8.409
       2.574
       2.645
       3.558
      11.382
       8.271
       2.581
       2.198
       2.539
       2.169
       1.888
       1.179
       2.138
       1.976
       9.724
       1.709
       2.745
       2.177
       3.482
       3.042
       3.524
       8.220
       2.717
       5.469
       3.522
       2.757
      11.501
      10.356
      13.006
      13.291
      13.548
      15.202
      13.753
      12.546
      33.094
      11.008
       8.340
      11.304
       8.505
       8.407
       9.599
      18.864
       8.754
       7.156
       7.141
       2.837
       2.878
       2.323
       2.640
       1.981
       2.981
       2.956
       8.524
       2.044
       2.930
       3.244
       2.684
       3.541
       4.712
       3.383
      10.953
       2.225
       2.645
       0.963
      0.8911
       1.983
       1.898
       2.254
       2.183
      0.7127
      0.2699
      0.8779
       0.902
       0.997
      0.5747
       2.071
       2.238
       1.737
       1.804
       1.984
      0.7660
       1.031
       1.084
      0.3367
       9.942
       2.039
       1.292
       2.525
       8.451
       3.514
       8.809
      10.142
       8.477
       8.297
       4.605
      10.105
      10.215
      13.003
      11.037
       8.356
       2.689
       2.747
       3.598
       6.645
       8.523
       8.384
      11.794
       2.582
       7.125
       2.576
       1.193
       2.319
       1.830
       1.913
       1.316
       0.971
       3.496
       2.587
       2.714
       2.124
       3.336
       8.445
       5.473
       2.197
       8.371
       7.141
      10.050
      11.372
      11.782
      12.313
      12.284
      11.743
      13.507
      12.857
      13.556
      11.879
      14.164
      11.314
      21.463
       9.183
       8.552
       9.326
      10.993
      11.546
       7.084
       5.524
       2.240
       3.639
       2.719
      28.172
       8.667
       2.990
       3.712
       5.507
       9.828
       2.939
       4.039
       7.131
       6.968
       4.834
       2.244
      31.165
       8.384
       2.049
       1.477
       2.285
       2.020
       2.940
       2.014
      0.7348
       1.394
      0.5330
       2.330
       0.982
       1.475
       1.771
       3.686
      12.333
      0.8920
       2.111
       1.324
      0.8207
       1.006
       0.939
      0.7167
       3.763
       2.341
       3.694
       2.799
       3.683
       2.878
       2.855
       7.154
       9.856
       6.978
       5.744
       8.496
      10.587
      11.679
      11.666
       5.104
       3.647
       2.652
       8.537
       6.369
       7.596
       2.780
      11.798
       6.748
       2.577
       2.705
       2.118
       1.177
       0.979
       1.946
      0.8719
       1.518
       2.118
       2.570
       7.517
       2.677
       2.607
      18.861
       4.815
       8.562
       8.367
       9.264
      10.728
       9.480
      11.973
      21.830
      11.466
      15.035
      12.393
      11.702
      10.645
      12.100
       9.551
      10.824
       8.515
       6.874
       8.506
      11.711
      10.616
       8.993
       8.538
       5.489
       2.922
       3.636
       4.795
       2.319
       7.439
       9.498
       7.965
       4.578
       5.502
       3.507
       2.263
       8.400
       6.818
       3.573
       2.216
       7.119
       2.222
       1.138
       1.379
      0.7829
       1.776
       2.937
       0.916
       1.998
       1.284
       2.246
       0.962
      0.7448
       2.349
       2.006
       2.347
       2.324
       2.000
       6.479
       1.311
       1.795
       1.131
       0.913
       1.804
       2.344
       2.540
       1.546
       2.633
       2.115
       2.714
       2.719
       2.951
       8.370
       8.336
      11.716
       9.135
      14.149
       8.426
       9.691
       3.637
      10.924
       2.945
       6.143
       5.508
       8.553
      11.790
       3.995
       8.533
       7.445
       1.805
       2.184
       1.951
       2.076
       1.698
       1.040
       1.963
       1.178
       1.771
       3.517
       2.611
       2.195
       4.268
       2.570
       5.962
      11.768
       8.895
       9.933
      26.020
      11.766
      15.891
      20.123
      11.770
      11.759
      11.729
       8.523
       9.577
      13.693
      64.749
      11.710
      13.215
       8.372
       9.045
       8.799
      11.740
       2.731
       3.495
       2.280
       3.680
       6.734
       2.817
      10.394
       2.820
       7.157
       2.896
       4.081
       2.591
       1.944
      11.780
       6.691
       2.552
       2.164
       1.948
       2.237
       1.923
       1.496
       0.931
       1.833
      0.8845
      0.8989
       2.678
       1.948
      0.7078
      0.7128
       1.122
       1.751
       2.049
       1.918
       2.113
      0.8744
       1.252
       9.907
       1.070
       1.084
     0.06596
       1.205
       1.519
       2.281
       2.354
       2.312
       2.822
       2.271
       2.284
       3.549
      11.361
       2.963
       8.524
       6.457
       9.748
       9.863
       8.508
       8.365
       8.381
       6.883
       9.628
       3.572
       2.812
      11.797
      10.621
       8.556
       3.478
       2.121
       1.914
       7.115
       1.165
       1.178
      0.8424
       1.701
       2.156
       3.134
       2.575
       2.588
       2.576
       5.463
       2.721
       8.370
       8.362
       9.618
      10.456
      11.615
      14.211
      13.818
      18.461
      11.881
       9.939
      13.331
      10.583
       9.646
      11.679
      12.566
      11.669
       3.705
       6.081
      11.727
      10.045
       5.498
       8.272
      11.732
       8.491
       6.094
       2.680
       2.766
       2.781
       7.119
       7.665
       6.922
       3.592
       2.666
       7.049
      14.390
       2.645
       2.673
       1.950
       2.235
       1.531
       1.947
       1.677
       1.687
       1.078
       1.450
       1.230
       2.601
       1.771
       1.199
       1.053
       1.485
       1.317
       2.002
       1.107
      0.8683
       1.818
       1.996
       3.431
       3.047
      0.8990
       0.991
      0.4849
       1.270
       2.022
       2.277
       2.956
       2.065
       1.284
       2.741
       2.915
       7.140
       8.482
      11.672
       9.515
       9.051
       9.586
       7.043
       8.375
       3.348
      11.139
       2.706
       4.698
       4.147
      11.803
       9.393
      17.567
       8.516
       3.518
       2.559
       3.517
       2.124
       1.926
       0.968
       1.905
       2.583
       2.014
       1.828
       1.882
       3.177
       2.192
       7.165
       2.786
       8.379
      11.729
       9.790
       9.556
      12.798
      13.122
      14.976
      11.786
      10.047
       8.371
       8.493
       7.148
       9.746
      11.713
      10.342
       6.465
       2.925
       3.671
      11.726
       3.638
       8.345
       8.521
       9.565
       5.619
       2.360
       6.755
       6.226
       7.696
       5.523
      13.154
       3.100
       7.203
       8.405
       8.128
       7.113
       3.559
       2.366
       2.229
       2.842
       1.967
       1.740
       1.496
       1.250
       1.257
       1.560
       1.475
       2.661
      0.8157
       1.274
       1.496
      0.8696
       5.542
       7.917
       1.176
       2.043
       0.909
       2.815
       1.276
      0.7889
      0.5706
       1.253
       1.817
       1.812
       2.936
       1.243
       2.728
       8.542
       2.343
       2.922
       3.666
       8.401
       7.145
       2.842
       6.793
       9.842
       8.551
       7.969
       3.841
       6.314
       2.529
       8.537
      10.065
      11.801
      10.706
       8.543
       8.792
       5.458
       2.576
       2.621
       2.179
       1.911
       3.432
       1.541
       2.728
       2.191
       2.621
       2.577
       8.554
       6.237
       7.087
       5.965
       8.048
       8.533
       9.727
      11.712
      12.054
      12.244
      52.363
      12.079
       8.851
       8.312
       9.141
       8.368
      10.135
       8.486
       9.231
       5.710
       2.253
       2.935
       9.920
       9.044
       9.662
       7.892
       8.449
      12.123
       2.856
       2.949
       7.163
       7.183
       8.489
      11.708
       7.124
      14.452
       3.537
       2.613
       3.557
       2.226
       2.212
       1.422
       3.587
       1.960
       1.922
      0.8468
       1.137
       1.470
       1.491
       1.747
       1.527
       1.104
       2.100
       1.583
       1.857
       2.756
       2.409
       1.011
       1.732
      0.7882
      0.5451
       2.241
       0.919
      0.0937
      0.3663
       3.775
      0.8400
       2.369
      25.337
       2.826
       1.703
       7.114
       2.950
      14.408
       5.526
       7.179
       8.510
       3.313
       7.013
       8.522
      11.011
       8.342
       5.620
       4.452
       8.468
       9.843
      10.460
      12.016
       9.626
      12.336
       3.619
       1.513
       2.236
       2.187
       1.931
       1.202
       2.119
       2.192
       2.172
       2.109
       2.578
       2.601
       8.387
       2.798
       3.643
       6.924
       7.963
       9.196
      11.618
      17.636
      11.769
      12.805
       9.682
       3.689
       3.698
       3.022
       4.243
       5.565
       9.729
       3.744
       3.475
       2.867
       8.867
       8.290
       3.616
       5.503
       5.873
       8.981
       7.122
       3.727
       3.631
       7.143
       2.942
       2.939
       8.329
       5.507
      11.557
       8.373
       7.572
       1.766
       1.361
       2.551
       5.114
       2.577
       1.977
       1.944
      0.8890
       1.251
       0.913
       1.284
       1.760
       1.363
       2.709
      0.8887
       1.713
       1.195
       2.165
       3.039
       1.416
       2.817
      0.8504
       2.998
      0.7048
      0.8683
       0.909
       1.297
       2.399
       5.568
       2.686
       5.856
       1.166
       2.019
       2.231
       3.437
       5.228
       7.906
       6.752
       3.727
       7.139
       8.326
      14.289
       8.361
       7.171
       2.773
       6.737
      11.653
      10.580
      10.894
       8.914
       9.201
      13.410
       2.989
       2.330
       1.952
       2.443
       1.966
       0.910
       1.178
       2.191
       2.178
       2.163
       2.278
      11.324
       8.553
       2.675
       3.632
       2.899
       8.373
       7.125
       9.692
      11.690
      11.712
      13.401
       8.528
       7.626
       8.436
      12.465
       8.344
       8.361
      13.809
       9.556
       3.016
       2.800
       8.724
       8.491
       8.515
       2.723
       8.415
       8.526
       9.745
      13.601
       8.353
       3.685
       2.821
       3.635
       3.611
       3.605
       5.490
      12.604
       3.563
       2.214
       1.189
       2.629
       1.963
       2.069
      0.8768
       1.966
       2.217
      0.8518
       1.124
       1.232
      0.8280
       2.129
       2.311
       1.241
       5.926
       1.368
       1.790
       0.901
       1.060
       1.422
       0.929
       1.200
      0.6171
       1.158
      0.8906
      0.5655
       2.760
       1.265
       3.704
       3.664
       2.732
       2.169
       2.134
       2.610
       8.956
      10.467
       6.777
       2.944
       5.478
       8.524
       8.765
       8.446
       7.167
       6.811
       3.850
       8.556
      16.630
       7.763
       6.702
      11.655
       3.453
       2.291
       2.589
       2.542
       2.142
       1.178
       2.031
       1.344
       1.717
       1.696
       2.632
       3.017
      10.354
       2.680
       4.538
       2.878
       5.351
       7.916
      11.726
       9.336
      11.733
      16.222
      12.615
      11.711
       5.327
       3.700
       7.129
       8.436
       8.301
       7.142
       8.293
       2.833
       8.366
       8.711
       9.292
       8.478
       8.336
       8.415
      10.884
       8.450
       9.939
      11.815
       8.453
       2.978
       8.520
       8.879
       9.642
      11.247
       1.988
       7.074
       2.145
       1.280
       1.130
      0.8714
       1.194
       2.946
       2.756
      0.8799
       2.734
       1.286
       1.160
      0.7989
       2.226
       1.384
       1.290
       0.951
       1.003
       1.413
       1.819
       0.946
       2.583
      0.8523
       1.265
       1.154
      0.4922
       3.771
       1.165
       1.287
      0.6663
       8.497
       4.464
       2.256
       2.109
      11.661
       2.514
       2.605
      10.026
       2.396
       3.331
       8.077
       7.128
       9.302
       8.529
       8.393
       6.705
       6.839
       3.565
       8.514
       3.539
       4.117
       7.136
       2.582
       2.077
       2.298
       4.980
       8.454
       1.178
       2.020
       2.098
       6.859
       2.278
       2.264
       9.706
       2.895
       8.642
       5.492
       3.390
       2.720
       3.099
       2.730
       3.635
       8.414
      11.744
      11.734
       5.521
       2.837
       8.325
       9.206
       8.386
       7.404
       7.580
       9.041
       2.820
       8.429
       7.136
       7.620
       6.172
       2.906
       8.351
      11.725
       8.516
       8.343
       9.181
       8.378
       4.334
       2.871
      14.178
       3.579
       8.383
       2.239
       1.356
       1.958
       2.590
       1.130
       1.388
       1.976
       1.454
       1.624
       1.418
       1.455
      0.8648
       2.228
       1.256
       1.256
       2.623
      0.4167
      0.6752
      0.4871
       1.269
       2.803
       1.267
       3.759
       1.285
       2.762
      0.7663
      0.5180
       1.008
       1.242
       6.308
       2.391
       3.702
       6.650
       2.243
       1.858
       2.880
       2.026
       5.563
       3.338
       2.291
       3.547
       8.721
       9.076
       9.435
       5.530
       7.176
       8.482
       2.679
       8.553
      11.804
       3.492
       6.121
       3.508
       2.577
       2.710
       9.908
       2.598
       3.488
       2.159
       1.924
       2.123
       2.263
       2.260
       2.419
       2.326
       7.131
       5.829
       4.196
       3.314
       2.306
      11.035
       2.844
       5.522
       9.651
      11.452
      10.429
       7.148
       3.687
      12.984
       8.535
       7.754
       5.578
       2.988
       5.499
       5.540
       8.366
       8.457
       9.748
       3.639
       6.891
       8.369
       8.036
       8.509
       8.530
       8.461
       8.455
       9.645
       7.581
       4.312
       8.534
       7.167
       2.653
       1.702
       1.932
       1.197
       1.795
       1.065
       1.310
       1.454
       1.237
       1.466
       1.229
       1.988
       1.844
      0.7736
       1.672
       1.654
      0.8944
      0.8364
       1.060
       2.742
       1.818
       1.695
       1.837
      0.8755
       2.356
       1.305
       1.157
       1.189
      0.5549
       1.428
       2.008
       1.991
       2.427
       2.726
       2.073
       2.322
       2.958
       1.395
       2.948
       2.981
       3.020
       3.264
      16.917
       8.477
       6.508
       2.855
       2.787
       2.718
       8.972
       8.455
       2.587
       4.430
       2.802
       5.470
       2.140
       2.743
       2.737
       2.194
       1.908
       1.874
       2.216
       3.657
       2.907
       2.598
       3.503
       3.332
       7.664
       5.546
       2.794
       5.352
       2.690
       3.747
       7.126
       6.790
      11.760
       8.544
       2.881
       4.023
       9.310
      10.495
       6.784
       2.668
       2.331
       3.727
       6.702
       8.353
      11.727
      16.810
       8.412
       6.867
       8.447
      11.740
       5.540
       5.527
       3.700
       8.603
       2.698
       8.549
       8.362
      10.871
       9.863
       1.984
       2.204
       1.947
       1.072
       1.212
      0.8717
      0.8466
       1.636
       0.912
       2.692
       1.189
      0.1125
      0.6148
      0.8897
      0.8908
      0.8448
       1.659
      0.8304
       1.039
       1.296
       2.784
       0.960
       2.093
       2.359
       2.207
       2.039
       1.718
       1.307
       1.417
       1.312
       1.065
       2.058
       2.935
       2.041
       2.003
       1.082
       2.322
       2.445
       6.284
       2.789
       2.705
       7.664
       8.625
       8.523
       7.227
       8.335
       2.852
       2.829
       4.158
      10.607
       7.539
       3.529
       2.755
       2.607
      11.229
       2.165
       2.577
       1.941
       1.160
       1.952
       2.031
       2.023
       1.283
       2.038
       2.217
       2.890
       8.758
       5.052
       4.436
       2.307
       3.460
       5.547
       4.998
       2.779
      10.762
       8.016
       2.779
      10.960
       9.417
      11.724
       9.364
       3.683
       2.643
       3.708
       2.753
       6.941
       8.546
       9.597
       6.881
       3.638
       8.366
       8.466
       8.404
       8.423
       9.620
      11.702
       3.653
       8.430
       2.836
       5.925
      11.437
       2.219
       1.332
       1.847
       2.013
      0.7298
      12.958
      0.6447
      0.8097
      0.8636
       1.234
      0.2575
       1.190
       1.048
      0.2752
      0.8791
      0.8175
      0.8354
      0.2401
       1.003
       2.247
      11.448
       2.025
      0.8131
       1.786
       1.783
       3.253
       1.954
       1.479
       1.604
       1.249
       1.048
       1.819
       2.009
      0.7898
       1.991
       1.939
       1.981
       1.783
       1.807
       2.080
       2.324
       7.310
       6.533
       8.471
       5.518
       7.113
      10.083
       8.531
       8.919
       5.483
       9.685
       3.523
       2.581
       1.946
       1.009
       2.190
       3.421
       2.176
       1.806
       2.718
      0.8873
       2.027
       1.968
       2.315
       2.820
       6.472
       3.674
       7.817
       3.719
       2.227
       3.511
       8.296
       2.981
       9.618
       7.097
       2.800
       8.541
       3.290
      11.760
       5.237
       2.790
       8.203
       2.728
       7.174
       2.942
       2.907
       2.825
       9.530
       8.347
       2.867
       8.524
       4.973
       7.165
       3.687
       7.133
       6.667
       2.866
       3.626
       7.757
       8.534
       9.305
       2.593
       1.956
       2.014
       0.932
      0.8696
      0.6658
       1.067
      0.8412
       1.910
       0.952
       1.177
      0.5903
       2.217
      0.2520
       0.934
      0.8582
      0.5149
       1.171
      0.8940
       1.433
       2.288
       9.688
      0.8936
       2.947
       2.553
       8.819
       1.687
       1.470
       1.294
      0.8867
      0.3902
       1.368
       1.458
       1.744
      0.6311
       0.973
       1.509
       1.236
       2.955
       2.080
       2.987
       8.171
       8.479
       5.540
       2.905
       6.631
       7.731
       8.450
       6.927
       8.529
      11.793
       2.086
       2.653
       2.138
       1.921
       2.339
       1.912
       1.463
       1.856
       1.480
       1.541
       1.758
       1.288
       1.426
       2.764
      13.960
      11.646
       3.690
       2.993
       7.854
       2.406
       2.404
       2.807
       7.118
       2.563
       2.317
       3.669
       6.735
       6.992
       5.542
       8.511
       2.648
       2.847
       9.616
       8.242
       7.162
      11.209
       8.363
       5.503
       2.881
       2.815
       9.072
       3.463
       6.754
       3.667
       2.857
       5.479
       2.589
       3.418
      11.972
       2.832
       2.616
       2.018
       1.913
      0.7822
      0.8507
       1.130
       1.323
      0.8424
       2.300
       1.227
      0.8784
      0.3078
       1.188
      0.8921
    0.008324
      0.7348
      0.7559
      0.8758
       1.228
       1.018
       2.019
       1.865
       1.234
       2.247
       1.690
       1.515
       1.795
       1.732
       3.697
       1.157
      0.5223
      0.6693
       1.243
       1.202
       1.136
       1.110
       1.160
       1.795
       1.253
       4.120
       3.709
       8.566
       8.171
       7.095
       5.519
       6.398
       3.541
      11.613
      18.693
      11.789
       9.164
       1.756
       1.683
       1.890
       2.003
       1.378
       1.239
       1.366
       1.856
       2.039
       1.118
       1.280
       1.923
       2.749
       2.772
       2.771
       3.774
       3.702
       2.922
       2.323
       3.605
       0.917
       2.365
       6.008
       2.943
       2.950
       2.705
       8.484
       8.495
       6.805
       3.655
       5.521
       2.302
      24.192
       3.779
       5.758
       2.888
       8.464
       2.567
       8.133
       7.175
       5.536
       6.999
       5.534
       2.759
      10.041
       6.870
       5.520
       4.938
       8.358
       2.622
       2.581
       0.972
       1.890
       1.898
       1.727
       1.262
       1.239
       1.764
       1.109
      0.8819
       0.972
      0.1822
     0.04329
      0.8429
      0.6724
      0.7714
      0.8381
       0.912
      0.4998
       1.232
       1.241
      0.7162
       2.072
       2.133
       2.317
       2.722
      0.8847
      0.8640
       1.759
       1.209
      0.5042
      0.1024
      0.7579
       1.519
       1.800
      0.7602
       1.356
       1.903
       2.115
       2.996
       2.779
       6.948
       8.353
       7.143
       6.365
       2.658
       8.379
       2.640
       9.297
      46.809
       2.201
       2.734
       1.748
       1.208
       1.950
       1.088
      0.6226
       1.575
       1.832
       0.923
       1.367
      0.7210
       1.356
       1.061
       2.251
       2.790
       2.801
       2.978
       2.812
       6.437
       2.311
       1.104
       1.442
       2.936
       2.000
       2.427
       2.722
       3.146
       8.539
       2.256
       1.775
       2.919
       7.091
       8.520
       3.645
       9.056
       2.870
       2.887
       3.579
       6.983
       7.075
       6.926
       8.800
      13.843
       5.545
       5.479
       5.499
       4.338
       7.325
       5.772
       5.744
       2.611
       2.142
       1.178
       1.900
       2.235
      0.7596
      0.8461
       2.686
       2.232
       1.130
      0.5718
      0.8837
      0.5067
      0.5252
      0.6180
      0.6883
       1.318
      0.5146
       0.959
       1.005
      0.3632
       1.237
       1.791
       8.520
      13.688
       8.542
       2.785
       1.948
       1.675
       1.380
      0.8810
       0.927
      0.8909
       0.997
      0.5481
       1.163
       1.343
      0.7868
       8.322
       8.308
       9.156
       5.536
       6.895
       6.950
       5.424
       2.695
      11.757
       7.153
       7.117
      11.787
       7.940
       2.589
       2.175
       1.240
       1.574
       2.055
       1.270
       1.363
       1.988
       1.997
       1.999
       1.042
       1.229
       1.767
       1.973
       1.866
       2.011
      11.704
       2.773
       2.287
       2.039
       1.161
       2.096
       2.579
       2.366
       2.233
       2.319
       2.241
       2.876
       2.898
       2.294
       3.006
       2.897
       3.332
       3.630
       3.619
       7.180
       2.191
       3.611
       8.067
       2.759
       7.772
       4.079
       5.518
       4.991
       7.738
       5.530
       5.515
       2.717
       7.113
       8.673
       1.923
       5.467
       1.772
      0.8346
       0.950
       1.502
       2.590
      0.8988
       1.264
       1.026
       1.490
      0.1618
      0.8859
      0.1556
      0.5666
      0.7227
      0.8557
      0.8845
      0.8796
      0.8850
      0.8878
       2.666
       1.950
       3.664
       8.499
       1.972
       0.901
       0.922
       2.561
       1.058
      0.8813
      0.7697
      0.8683
      0.2445
       0.917
       1.176
       1.298
       1.824
       2.386
       3.760
       2.862
      10.798
       9.027
       6.693
       5.928
       6.592
       7.970
       8.364
       8.376
       6.852
       3.222
       2.580
       1.206
      0.8875
      0.6948
       1.133
       1.959
       1.007
      0.8841
       1.972
       2.324
      0.7644
       2.001
       2.762
       1.224
      0.8376
       1.865
       1.656
       1.971
       1.249
       2.063
       1.996
       0.987
       2.317
       2.230
       2.060
       2.287
       3.283
       2.895
       2.725
       2.750
       8.330
       3.629
       3.197
       6.162
       6.570
       2.690
       2.566
      14.290
      12.157
       6.994
       5.538
       2.762
       4.790
       3.647
       2.031
       2.630
       6.072
       7.011
      10.161
       3.553
       5.974
       2.199
       1.717
      0.8455
       5.994
       1.215
       1.474
       1.704
       1.084
      0.8806
      0.8619
      0.7693
       1.948
      0.7314
      0.7416
       1.753
      0.7009
      0.3449
       0.929
      0.8485
      0.4681
       1.132
       1.950
       2.696
       2.276
       2.316
       1.871
      0.8415
       1.347
      0.6506
      0.8920
      0.7718
      0.7438
      0.8841
      0.8849
      0.8767
       2.063
       1.640
       2.338
       3.758
       4.479
       6.741
       5.915
       9.247
       5.499
       2.648
       5.563
       5.483
       8.468
       4.445
       2.775
       2.547
      0.7709
       0.967
      0.6463
       0.986
       1.319
      0.6844
       3.405
       2.905
       1.603
       1.787
      0.7439
       1.504
      0.8816
       2.958
       1.247
       2.755
       2.319
       3.514
      0.8372
       1.812
       2.010
       2.266
       2.073
       1.165
       2.237
       2.697
       2.715
       1.989
       3.594
       3.584
       2.869
      11.754
       3.595
      12.275
       5.638
       5.481
       8.434
       2.884
       8.145
       6.757
       6.188
       2.738
       2.032
       2.715
       8.465
       7.111
       9.969
       7.643
       6.954
       2.688
       1.812
       1.098
      0.8859
      0.7383
      0.8467
       1.349
      0.8606
       0.911
       1.974
      0.8195
      0.6603
      0.6589
      0.6607
     0.01046
      0.8003
      0.8561
      0.8856
       1.740
      0.2578
       1.114
      0.7740
       1.799
       2.217
       1.278
       2.165
       2.033
       1.609
       0.948
       0.924
       0.968
     0.02515
      0.6871
      0.7854
      0.6497
       2.070
       2.708
      0.5682
       2.371
       9.739
       8.525
       2.919
       4.078
       5.192
       3.630
       5.210
       2.428
       2.978
       4.538
       7.368
       3.495
      0.8547
       0.991
      0.1496
       0.952
       1.027
      0.8824
      0.7976
       1.310
       0.937
      0.8796
       1.693
       1.462
       7.155
      0.7007
       2.636
       2.228
       3.581
       2.082
      0.8191
       1.788
       1.068
       2.153
       2.287
       2.048
       2.026
       2.109
       1.749
       2.193
       2.623
       3.624
       3.615
       2.855
       2.266
       2.786
      10.010
       3.595
       5.705
       6.935
       7.855
       3.415
       6.044
       7.692
       3.659
       3.189
       5.518
       2.681
       2.285
       6.097
       3.042
      11.764
       2.252
       1.230
       1.964
       2.203
      0.7410
      0.8867
       0.986
       0.958
      0.7119
      0.8567
      0.7652
    -0.01163
      13.705
      0.6896
    -0.02118
      0.8370
      0.8375
      0.7564
       0.941
      0.7969
      0.8779
      0.8830
       1.244
       1.126
       2.302
       2.226
       2.001
       1.557
      0.1646
      0.3612
      0.7523
      0.5633
      0.5849
       2.148
       2.014
       1.049
       1.136
       1.046
       2.284
       2.595
       7.170
       2.772
       2.635
       4.456
       3.612
      10.732
       4.793
       2.662
       6.483
       2.640
      0.6384
       0.949
       1.066
      0.4427
      0.7587
       2.321
       1.339
       1.908
       2.365
       2.004
       1.561
       1.246
       1.322
      0.8309
      0.8816
      0.8462
       2.235
       1.906
       1.995
      0.7082
      0.6868
       2.772
       2.042
       2.177
       2.038
       1.942
       5.566
       2.256
       2.651
       2.250
       2.730
       8.031
       2.756
       7.171
       3.559
       3.547
       8.386
       2.696
       3.458
       6.215
       7.182
       2.620
       3.657
       2.932
       7.164
       3.647
       5.519
       8.370
       5.151
       3.440
       7.523
       4.764
       6.837
       1.208
       1.486
       0.985
      0.5643
      0.5449
       2.030
      0.8571
       1.564
      0.7214
     0.03499
      0.8591
    -0.01290
      0.6486
      0.6018
       1.951
       1.039
      0.7457
      0.8739
      0.8058
       1.028
       1.219
       1.756
       0.908
       9.310
       2.283
       1.563
       1.227
      0.3826
       0.992
    -0.04947
    -0.03092
      0.8845
      0.6733
      0.5408
       1.135
       0.997
       2.750
       8.548
      13.564
       5.532
       2.833
       2.906
       3.609
       5.638
       3.555
       6.966
       2.228
      0.7649
       1.225
       1.484
       0.963
      0.8964
       1.229
       1.231
      0.7169
       1.920
      15.897
       1.738
       1.339
       2.632
       1.294
       1.245
       0.922
       1.310
       2.057
       7.121
       1.579
       0.994
      0.4220
      0.8156
       2.044
       1.879
       1.998
       1.988
       2.147
       2.032
       1.495
       1.321
       1.769
       2.829
       1.997
       7.156
       2.173
       5.477
       3.864
       7.004
       6.876
       7.662
       3.590
       2.305
       2.929
       2.927
       2.705
       2.813
       8.696
       3.588
       3.580
       2.821
       2.823
       1.729
       1.378
       2.830
      0.8788
      0.8729
       1.623
       1.029
      0.3920
      0.4439
    -0.01996
    -0.03640
      0.6241
      0.5593
     0.07133
       1.467
      0.8779
       2.004
       2.183
      0.5250
      0.8276
      0.2280
      0.7928
       8.513
      0.8500
      0.8824
       2.015
       2.114
       1.232
      0.5056
      0.8687
      0.7765
     -0.1154
       1.566
      0.7426
      0.0911
      0.8213
       0.969
       1.182
       1.286
       5.205
       2.946
       3.682
       2.205
       3.607
       6.118
       3.563
       2.608
       3.523
      0.4472
    -0.01429
       1.743
      0.8725
      0.8868
       2.229
      0.8921
      0.6524
       2.258
       1.796
       2.940
       2.578
       1.248
      0.7241
       1.263
       2.314
      0.8485
       3.134
       1.962
       1.963
       1.128
      0.7863
       1.248
       2.834
       1.789
       2.169
       2.918
       1.979
       2.254
       1.762
       2.178
       1.720
       2.591
       2.567
       1.495
       2.195
       1.487
       1.839
       2.650
       2.732
       7.128
       2.747
       3.616
       2.704
       6.168
       2.911
       3.166
       9.526
       3.140
       2.859
       3.579
       2.841
       2.683
       2.214
       2.765
       2.073
       1.214
      0.3011
      0.8775
      0.8894
      0.8464
      0.7163
      0.5709
      0.1950
      0.6484
      0.5670
      0.5530
      0.6160
      0.8800
       1.021
       1.014
      0.8177
      0.8643
       0.982
      0.8512
      0.8398
       1.746
      0.8928
       1.851
      0.8876
       1.249
       0.905
      0.8599
      0.6944
      0.3512
     -0.1549
      0.4168
       1.900
      0.8829
       0.903
       2.381
       1.659
       4.906
       4.682
       2.739
       3.441
       8.446
       2.627
       7.002
       5.495
      0.7558
    -0.08865
      0.4607
      0.6635
       1.955
      0.8870
      0.8874
       1.783
       1.054
       1.407
       1.974
       2.004
       1.304
       1.222
      0.7578
       0.979
       1.320
       1.994
       1.621
       0.971
       2.234
       1.539
       1.470
       1.241
       1.833
       2.763
       4.948
       1.985
       1.748
       1.204
       2.644
       4.870
       2.229
       5.492
       2.476
       1.990
       1.336
       2.681
       1.789
       3.578
       2.255
      14.726
      11.619
       2.695
       2.022
       2.928
       1.980
       8.457
       8.538
       3.518
       3.593
       2.850
       1.938
       1.932
       2.195
       1.260
       1.112
       2.335
      0.5711
       1.112
      0.8630
      0.7797
      0.4092
    -0.01123
    -0.05801
    -0.05417
     0.02033
      0.5543
      0.4476
       0.932
       0.961
      0.8894
       0.920
       0.972
      0.5308
      0.8664
       1.446
       1.749
       1.741
       1.412
      0.8105
       2.332
      0.8914
      0.5039
      0.2228
      0.4880
    -0.03021
    -0.07053
       2.086
      0.7685
      0.8348
       1.274
       2.115
      11.903
       2.896
       2.697
       2.765
       6.048
      11.791
       7.172
      0.7443
     0.08816
      0.2643
    -0.04515
      0.6893
       1.901
      0.7526
      0.5171
      0.8987
       1.809
       1.277
       2.757
       2.038
       1.274
      0.8791
      0.8819
       1.275
       8.516
       2.085
       1.936
       1.613
       1.482
       2.728
      0.4484
       1.081
       0.901
       1.759
       2.013
       1.210
       1.905
       2.260
       2.700
       5.479
       1.718
       2.151
       1.269
       2.083
       1.966
       2.687
       2.711
       2.217
       3.303
       5.665
       3.244
       2.000
       1.973
       2.781
       2.911
       3.987
       2.885
      16.923
       6.759
       3.590
       2.840
       2.247
       1.560
       4.455
       1.755
       1.153
      0.8565
      0.5431
      0.8358
      0.6507
    -0.03473
      0.2016
      0.1837
      0.8053
      0.5555
      0.6152
      0.6659
      0.8349
      0.2702
      0.8738
      0.8974
       1.992
       1.488
       0.954
       1.465
       1.793
       1.834
       1.564
      0.8452
       1.207
      0.5216
      0.8744
      0.5645
      0.5678
      0.5599
      0.8240
      0.8891
      0.8549
       1.939
      0.8295
       2.030
       4.063
       1.928
       2.607
       2.778
       1.964
       9.324
      0.8648
      0.0939
      0.5948
      0.3183
      0.6451
      0.2181
      0.8376
      0.3322
      0.8870
      0.8905
      0.6652
       5.527
       1.668
       1.773
       1.391
       0.950
      0.8865
       1.176
       1.991
       2.030
       1.244
       1.378
       2.628
      23.450
       1.223
       1.238
       1.767
       1.950
       1.954
       1.851
       1.831
      17.111
       8.374
       2.632
       1.953
       1.876
       2.170
       2.164
       5.946
       1.479
       1.599
       2.502
       2.388
       2.272
       2.310
       2.261
       1.971
       3.619
       2.376
       2.213
       6.916
       8.416
       7.244
       2.047
       2.844
       2.254
       2.092
       2.184
       2.673
       1.274
      0.8996
       1.780
      0.7672
      0.5846
      0.3327
      0.1463
      0.8189
      0.0927
     0.07685
      0.5720
       1.176
      0.7767
      0.7600
      0.6729
      0.8859
       1.740
       1.434
       1.014
      0.8551
       1.946
       2.873
      0.5867
       1.231
       0.978
      0.8645
      0.4817
      0.6621
      0.6065
       1.431
      0.4856
       2.219
       1.924
       0.902
      0.1180
       0.919
       1.994
       2.313
       2.211
       2.687
       3.317
      0.8443
       1.500
      0.8737
      0.6927
      0.1509
      0.6088
       1.861
     0.08824
      0.8851
      0.8858
      0.5222
       1.176
      0.7562
       1.854
       2.345
       1.253
       1.028
      0.4923
       1.081
       2.283
       2.684
       1.339
      0.6565
       1.767
       1.525
      0.6858
       2.224
       1.373
       0.951
       1.763
      0.7910
       1.203
       7.133
      13.623
       1.990
       1.186
       2.173
       2.174
       1.733
       2.277
       2.285
       2.716
       2.259
       2.898
       2.300
       2.733
       2.057
       2.232
       2.298
       2.767
       2.111
       6.237
      11.753
       9.027
       2.505
       2.385
       2.260
       2.128
       1.964
       2.657
       0.980
      0.8164
      0.7971
      0.8402
      0.4719
      0.3709
     -0.1587
     -0.1556
     0.05491
      0.7994
    -0.04171
     0.02678
      0.7684
       1.091
      0.7462
      0.8500
       1.324
       1.755
       2.709
       2.106
       1.201
       2.279
       1.236
       2.248
      0.5220
      0.8959
    -0.03614
      0.5885
      0.6415
      0.8254
       0.901
       1.125
       0.903
       0.944
      0.7111
      0.5799
      0.7998
      0.8594
       2.123
       1.408
      0.8758
      0.5217
      0.8888
      0.8752
      0.6922
      0.5876
      0.7472
      0.8639
       0.977
       1.787
      0.8664
      0.8199
      0.5204
      0.8656
       1.502
       1.501
       1.222
      0.8807
      0.4990
       1.073
       0.909
       1.746
       1.146
       1.463
       1.737
       1.530
       1.239
       1.262
       2.727
       1.470
       1.461
      0.8833
       1.435
       2.428
       2.182
       3.817
       2.674
       2.177
       2.190
       2.607
       2.670
       1.752
       2.889
       2.538
       2.297
       2.704
       3.868
       2.740
       2.302
       2.249
       2.844
       2.750
       2.565
      11.009
       7.054
       3.465
       8.360
       2.038
       1.722
       1.809
       1.946
       0.963
    -0.02436
      0.2479
      0.6052
      0.6064
    -0.08038
    -0.05840
      0.1109
     -0.1711
      0.2457
      0.5316
      0.5841
      0.6153
    -0.01989
      0.5704
       1.226
       1.393
       5.496
       2.700
       1.141
       5.399
       2.231
      0.5516
      0.3632
       1.239
       0.936
       2.396
     0.05028
      0.6627
      0.5283
       1.082
      0.8032
      0.8853
      0.1822
      0.7608
      0.8794
      0.8839
       1.463
       2.284
      0.5378
      0.6776
      0.8888
      0.6591
       1.892
      0.5673
       1.215
      0.7898
      0.8763
       0.987
       1.010
       1.128
    0.005607
       1.562
       0.985
       1.762
       1.305
       1.147
      0.8059
       1.010
      0.7059
       0.928
       1.009
       1.210
      0.6637
       1.211
       2.294
       1.224
      0.8529
      0.7903
       1.500
       1.209
       1.594
       1.922
       2.251
       2.141
       1.908
       2.262
       2.220
       2.277
       1.860
       2.727
       2.305
       2.306
       2.256
       2.216
       2.446
       2.254
       1.241
       1.469
       1.228
       2.783
       2.797
       2.883
       6.107
       5.964
       8.694
       7.215
       2.262
       2.005
       8.485
       1.760
      0.8788
      0.7779
      0.6416
      0.6161
      0.4583
      0.5129
     -0.1236
     -0.1477
     -0.1017
    -0.05212
      0.5135
     -0.1081
      0.6209
      0.8082
      0.8368
      0.5238
       1.217
       1.993
       1.098
       1.914
       1.973
      0.8683
       1.095
      0.5626
      0.6482
      0.8484
      0.7414
      0.5317
      0.6887
       1.484
       2.692
      0.8837
       0.955
      0.8026
      0.8585
       0.926
       1.051
       1.447
      0.8055
      0.6426
      0.5675
      0.2564
       1.613
       1.203
      0.6089
      0.8916
       0.966
       1.008
      0.8933
       0.957
       1.057
      0.7122
       1.252
      0.1236
       1.226
       1.253
       0.912
       0.995
       2.442
      0.1926
       2.199
       0.962
       1.243
       1.178
       1.078
       1.523
       0.915
       1.301
       0.925
       1.209
       1.131
      0.8427
       8.347
       1.201
       1.912
       1.913
       1.932
       1.581
       2.353
       2.260
       2.646
       5.421
       2.316
       2.534
       2.266
       3.724
       1.087
       1.263
       1.996
       2.254
       2.778
       2.764
       3.606
       4.099
       3.579
       2.232
       2.332
       1.497
       1.726
       1.971
       2.148
      0.8470
    -0.02200
       1.389
      0.5872
      0.2755
      0.6373
     -0.2156
     -0.1285
    -0.01640
      0.4185
    -0.03672
      0.5099
      0.5306
      0.6340
      0.8197
      0.4919
      0.5816
       2.016
       1.278
       2.928
       6.549
       1.546
      0.5374
      0.3849
      0.8759
      0.8590
      0.7304
      0.6645
     -0.1191
      0.8322
      0.8044
       0.903
      0.8498
      0.3653
      0.7723
      0.5842
      0.8861
       1.082
      0.2011
       0.959
      0.4311
       1.186
       1.265
      0.6889
       1.275
       1.062
       1.136
       0.929
       2.666
      0.5757
      0.8458
      0.8869
      0.3400
      0.8860
       1.247
       1.222
      0.8949
      0.8108
       1.215
       3.363
       6.003
       0.930
       1.134
       0.946
       1.225
       1.499
       2.271
      0.8115
       1.214
       1.207
      0.7930
       0.973
      0.8850
       1.919
       1.918
       1.957
       1.949
       2.007
       2.474
       8.436
       2.697
       2.239
       6.866
       2.329
       2.310
       2.962
       2.072
       3.703
       1.292
       3.682
       2.778
       2.806
       1.988
       2.876
       2.721
       1.789
       2.183
       2.174
       1.772
       1.567
       0.934
      0.8375
      0.1073
      0.2317
      0.5593
     -0.0918
     -0.1974
     -0.2464
    -0.04865
     0.08470
      0.5279
      0.5198
      0.6657
      0.5802
      0.5839
      0.5116
      0.7387
       1.222
       8.496
       1.786
       0.930
      0.5839
       2.015
      0.7050
       1.607
      0.7143
       2.183
      0.7414
     0.07173
      0.8372
      0.8254
       1.014
      0.7959
       0.935
       1.471
      0.7673
      0.2142
       1.236
      0.4783
       2.832
       1.290
       1.056
      0.5974
       1.458
       2.299
       1.758
       1.071
       0.944
       2.255
       0.923
      0.3677
     0.06617
      0.5110
       1.032
      0.7501
       2.295
      0.8463
      0.8358
       1.997
       1.182
       2.026
       6.961
       1.998
       1.062
       1.044
       1.208
       1.922
       1.119
      0.5372
       1.165
       1.672
       1.024
      0.8849
       0.996
       1.058
       1.912
       1.029
       2.191
       2.740
      21.311
       2.012
       2.219
       1.950
       1.537
       1.602
       1.227
       1.346
       2.150
       2.028
       1.155
       2.298
       2.798
      11.692
       9.715
       2.746
       2.647
       2.633
       2.205
       2.075
       1.947
       1.255
       1.267
      0.5481
      0.7000
       1.568
      0.5008
      0.3730
   -0.002981
     0.02170
     0.01240
      0.6502
       1.222
      0.2801
      0.5917
      0.5163
      0.3172
      0.1529
      0.7004
      0.6753
       1.965
       2.240
       1.192
       2.016
       1.191
       1.026
       0.971
       1.066
      0.8849
      0.8947
      0.8326
      0.8353
      0.8019
      0.8790
      0.7703
      0.8111
      0.5460
       1.094
       1.387
       1.321
      0.6097
       2.010
       1.510
       1.060
       1.409
       1.795
       2.023
       2.643
       1.773
       1.827
       1.025
      0.5981
      0.6768
       2.058
      0.5961
       2.111
       0.924
       0.927
      0.8633
      0.5405
      22.046
       1.942
       8.538
      14.508
       1.999
      0.6128
       1.200
       1.746
      0.8874
       1.210
       1.300
       1.952
      0.8481
       1.200
      14.260
       1.737
       1.702
       1.723
       1.076
       2.345
       2.735
       2.217
       2.706
       2.033
       2.291
       1.540
       1.332
       2.154
       3.703
       2.088
       2.191
       0.995
       3.467
       2.059
       2.911
       3.690
       2.748
       1.872
       1.543
       1.205
       1.923
       1.431
      0.7935
       2.879
       2.026
      0.5031
      0.1652
      0.2479
      0.5041
     0.03321
     -0.1384
    0.002835
    -0.04946
      0.6492
      0.2020
    -0.04738
      0.3346
    -0.08306
     -0.1524
      0.7188
       1.089
       1.293
      0.6106
       9.373
       3.043
       1.261
       2.959
       2.486
       1.779
      0.3286
      0.4455
      0.7990
       1.992
     -0.1102
     -0.1377
     0.02523
       1.957
      0.1107
       1.053
      0.7175
       1.499
       2.350
       1.032
       1.235
      0.7262
       1.063
       2.207
       1.976
       2.691
      11.862
       1.409
      0.7909
       1.822
       1.363
       2.314
       8.456
      0.8399
       1.125
       0.985
      0.8049
      0.5816
       2.276
       2.668
       1.995
       3.570
       2.182
      0.7523
      0.7653
       1.042
       1.197
       1.741
       1.255
       1.199
      0.8965
       1.055
       2.845
       1.555
       1.722
       1.727
       2.045
       2.233
       2.843
       2.283
       1.399
       2.109
       2.743
      13.797
       2.305
       1.548
       2.068
       2.263
       1.229
       2.034
       2.182
       2.748
       2.494
       6.661
       2.618
       2.622
       2.193
       1.976
       1.206
       1.282
       1.193
       1.214
       1.421
       5.670
      13.728
      0.7620
      0.5226
      0.8597
     -0.1601
      0.2868
      0.5041
       1.042
      0.6341
      0.5495
      0.5478
      0.1504
      0.6498
      0.1688
      0.8978
       2.900
       1.939
       3.732
       2.243
       1.576
       1.568
       2.795
       1.195
      0.8800
      0.7031
       2.088
      0.3256
      0.6235
     -0.0990
    -0.01549
      0.8412
      0.8956
       1.218
       2.361
       1.252
       2.125
       0.902
       2.744
      0.8233
       1.748
       2.204
       2.091
       2.364
       2.230
       1.274
       1.043
       1.203
      0.5797
      0.8231
      0.8287
       1.030
       1.763
      0.2019
      0.7710
       1.212
      0.6785
      11.739
       1.725
       1.924
       2.664
       1.046
       1.063
      0.6836
      0.7698
       9.650
       1.198
       1.186
      0.6511
       1.154
       1.170
       1.596
       1.915
       1.973
       2.017
       2.838
       2.736
       2.061
       1.507
      0.8836
      0.8600
       1.478
       9.759
       1.548
       2.254
       2.231
       2.016
       2.046
       1.739
       2.804
       2.118
       1.979
       2.325
       2.216
       1.646
       1.918
       1.668
       1.207
       5.490
       0.915
       0.954
      0.7532
      0.3889
      0.7103
      0.6084
      0.4771
     0.07290
      0.2237
    -0.03515
      0.7759
      0.8883
      0.8134
     0.04521
    -0.04884
      0.6975
      0.7576
      0.6593
      0.7355
       2.234
       2.408
       2.571
       1.277
       1.108
       1.376
      0.7288
      0.8314
      0.8331
      0.8611
      0.8377
      0.5737
      0.2618
      0.7735
      0.8620
      0.8960
       1.788
       1.975
      10.665
       3.071
       2.611
       1.058
       1.696
       1.633
       2.279
       2.783
       2.717
       2.715
       2.033
       1.284
       1.129
      0.4762
      0.8014
       0.969
      0.8394
       1.921
      0.4697
      0.8149
      0.8795
       1.207
       1.998
       7.856
       2.615
       2.172
       2.684
      0.5723
       1.237
       1.058
       1.218
      0.7704
       1.021
       1.984
      0.5324
       1.235
       1.653
       1.906
       2.850
       2.181
       2.287
       1.987
       2.964
       1.006
       1.240
       1.870
       2.273
       1.079
       1.240
       1.902
       1.814
       2.292
       2.274
       2.371
       2.762
       8.919
       2.860
       1.770
       2.528
       3.559
       2.043
       1.440
       2.487
      0.8707
      0.8677
       1.011
      0.7716
     -0.1078
      0.1986
      0.6574
      0.5007
      0.5916
      0.2507
      0.4826
    -0.04242
      0.5634
    -0.07377
     -0.1422
     -0.2297
      0.4247
       1.071
      0.8561
       1.575
       2.270
       2.014
       1.617
       1.264
       1.277
       1.289
       1.061
      0.5411
      0.7406
      0.2377
      0.8702
      0.5665
       0.967
       1.005
       1.589
       1.198
       1.159
       1.823
       1.700
       2.028
       1.282
       1.270
       1.025
       1.969
       2.324
       9.356
       2.897
       2.269
       2.053
       1.536
       1.869
       2.485
       2.633
       1.083
    -0.02701
    0.002814
      0.7807
      0.2072
       2.221
       0.995
       2.701
       3.595
       2.655
       2.194
      0.8835
       8.539
      0.8492
       1.193
       1.069
      0.6844
       1.073
      0.6364
      0.8780
       1.771
       1.748
       1.912
       1.943
       0.993
       1.223
       6.632
       1.784
       1.283
       1.161
      0.8419
       1.093
       2.091
       3.022
       2.289
       2.340
       2.160
       2.259
       2.322
       2.791
       8.309
       2.152
       2.280
       2.235
       2.140
       1.725
      0.6762
       1.204
      22.333
      0.8918
       1.047
      0.8700
       1.048
      0.8518
      0.8467
      0.6435
      0.4201
      0.4722
      0.3037
       0.906
     -0.1031
       0.925
     -0.1900
    -0.06864
    -0.08110
      0.7798
       1.028
       1.298
       5.062
       1.304
      0.5848
       1.229
      0.6688
       2.191
       1.080
       2.934
      0.8580
      0.8948
      0.5414
      0.0911
      0.6628
       1.209
       2.722
      0.7573
       1.085
       2.809
       2.007
       1.860
       1.268
       1.530
       2.006
       1.290
       2.873
       2.906
       2.218
       8.337
       1.664
       1.263
       1.324
      0.5934
      0.7141
       2.357
      0.5362
    -0.01822
      0.8538
    0.005536
      0.8863
      0.8790
       2.701
       2.587
       3.571
       2.613
       1.437
      0.8713
       1.189
      0.8727
      0.8475
      0.6521
       1.192
       0.949
      0.6536
      0.8528
       2.682
       2.846
       1.201
       2.243
       2.890
       5.925
       1.728
       1.202
       1.000
       1.206
       1.535
       2.325
       2.110
       2.317
       8.477
       2.843
       2.270
       2.738
       2.729
       7.158
       2.669
       3.611
       2.265
       1.970
       1.202
      0.7258
       1.208
       1.026
      0.7590
      0.8806
       1.896
      0.8916
       1.002
      0.8673
    -0.05345
      0.6023
      0.3504
      0.6379
      0.2699
      0.5645
     -0.1833
     -0.2664
     0.01897
      0.8014
       0.900
       1.098
      0.8618
       3.024
       1.817
      0.7460
      0.8762
       2.814
       1.050
       0.973
      0.2782
       1.013
       0.977
      0.7983
      0.8803
      0.7375
       0.988
       1.171
      0.8470
       1.356
       1.893
       1.846
       1.579
       1.243
       1.892
       1.778
       2.204
       2.880
      14.510
       2.917
       1.445
       1.007
       0.924
       1.316
      0.4459
       1.262
      0.4451
      0.5851
      0.8852
       0.926
       0.910
       1.147
       1.067
      11.777
       5.846
      11.939
       3.544
       1.165
      0.6285
       1.245
       2.148
       1.191
      0.7007
       1.240
       1.193
      0.8006
       1.208
       1.613
       1.837
       2.007
       2.257
       1.943
       2.184
       1.621
       0.998
       0.944
       1.021
       1.254
       1.652
       1.254
       2.373
       2.773
       2.428
      11.981
       2.725
       1.758
       2.726
       2.765
       2.766
       1.965
       2.076
       1.614
      0.8605
       1.204
       0.975
      0.8747
      0.8858
      0.8795
       1.034
      0.6372
       0.992
      0.7974
     0.07679
      0.6031
     -0.1139
     -0.1365
      0.5032
     -0.1978
     0.06986
       1.176
     0.07756
      0.2300
       2.007
       1.790
       2.036
       1.119
       1.285
       0.915
       1.067
      0.4877
      0.5812
       2.017
       0.950
       2.057
       1.005
      0.2273
       0.901
      0.5271
       1.180
       1.187
       2.036
      0.8137
       1.549
       1.237
      0.5160
      0.8864
       2.756
       1.674
       3.262
       6.233
       2.912
       2.277
       2.005
      0.8135
       1.293
       1.259
       0.937
      0.8517
     -0.1375
      0.5545
      0.7813
       1.653
       1.325
       1.205
       2.778
       2.736
       8.519
       1.425
       1.373
       1.070
       1.193
       1.188
      0.8843
       3.146
       1.231
       1.183
      0.6516
      0.8434
      0.8711
       1.963
       1.978
       2.285
      12.652
       8.312
      0.7617
       1.126
      0.4119
       1.812
      0.5507
       1.801
       2.026
       1.881
       9.823
       2.327
       2.257
       2.365
       2.695
       2.676
      17.902
       2.850
       2.194
       2.792
       1.578
       1.093
      0.3781
      0.8267
      0.3268
      0.7897
      0.8755
      0.4779
       3.879
       1.025
      0.6987
      0.7526
      0.6045
      0.3857
       1.283
    -0.07884
     0.02762
     -0.1582
      0.1252
       1.021
       1.081
       1.436
       1.987
       1.803
       2.702
       1.293
       1.276
      0.7907
       1.012
       1.113
       0.994
       0.990
      0.7051
      0.8506
       0.938
      0.8991
       1.209
      0.8171
       2.208
       1.025
       2.381
      0.3915
       0.953
      0.7202
       1.271
      0.7024
       1.940
       3.633
       4.672
       8.324
       5.660
       1.262
       1.255
       1.533
       1.195
       2.725
      0.8815
     0.06502
    -0.04328
       1.954
       1.757
      0.8863
       1.121
      17.332
       5.473
       2.195
       1.185
       1.224
      0.8128
      0.7716
       0.905
       1.422
       1.894
       1.593
       1.184
       1.186
       1.241
       1.814
       2.009
       1.206
       3.650
       2.228
       1.987
      0.7702
       0.902
       1.176
      0.8753
       0.919
       1.165
       3.511
       2.184
       2.975
       2.600
       8.244
       2.280
       1.426
       2.417
       2.405
       2.860
       2.384
       1.839
       2.246
      0.7045
      0.8637
      0.5787
      0.8749
      0.1621
      0.3934
      0.7865
       1.240
       1.060
      0.2549
      0.7337
    -0.08657
      0.8788
      0.5919
       1.526
    -0.07594
     -0.0909
     -0.1861
      0.8915
      0.7417
       1.478
       1.466
       1.093
       1.824
       1.320
      0.8899
       1.152
       1.171
       0.966
       0.924
      0.5645
       1.460
       0.963
      0.8580
       1.445
       1.207
      0.8380
      12.885
      0.6901
       1.242
       1.130
      0.8246
      0.7627
       2.138
      0.7834
       2.269
       3.617
       5.487
       1.960
       2.231
       1.971
       1.741
       1.295
       1.105
      0.2797
      0.8536
      0.5415
       1.050
       1.505
      0.8069
       1.088
       2.232
       2.217
       2.801
       2.208
       1.626
       1.656
       2.264
       2.556
       1.800
       1.078
       1.966
       1.692
       1.526
       1.407
      0.7900
       1.977
       1.984
       2.001
       2.554
       2.289
       2.024
      0.8406
       3.464
       1.588
      0.8934
       1.089
       2.033
       1.568
       1.282
       2.359
       8.186
       2.254
       2.718
       1.316
       2.272
       3.605
      12.771
       2.259
       1.200
       1.534
      0.1172
      0.7135
       0.908
    0.007101
      0.6615
      0.7118
      0.0995
      0.5873
       0.962
      0.8881
      0.6757
    -0.04136
      0.8370
      0.6135
      0.8090
     0.05054
     0.05156
     -0.1609
       2.903
       1.208
      0.6404
      0.7412
       1.783
       1.763
       1.316
       2.092
       1.086
      0.6187
       1.040
      0.6054
      16.165
       0.926
      0.7980
      0.6479
      0.8261
       1.230
       1.163
       1.096
       0.966
       2.307
      0.8721
      0.3565
      0.8628
      0.8857
       1.309
       8.040
       3.620
       3.518
       1.365
       2.029
       1.753
      0.8764
       2.359
      0.5984
       1.134
      0.7130
     0.07663
      0.3534
      0.5766
       1.201
       2.687
       2.785
       2.699
       1.525
       2.138
      0.8470
       1.390
       0.953
       1.409
       1.317
       1.447
       2.004
       9.840
       1.402
       1.215
       2.152
       2.554
       2.539
       1.940
       2.604
       2.241
       3.152
       1.704
      0.6031
      0.8651
      0.6977
       0.952
       1.208
      0.8396
       2.254
       7.171
       8.504
      11.560
       2.059
       1.244
       2.885
       1.629
       2.062
       3.549
       2.124
       1.520
       1.030
       1.011
      0.6572
      0.8762
      0.6132
      0.7801
      0.8512
       1.001
       2.604
       1.760
      0.6779
      0.5402
      19.236
      0.7065
      0.5474
      0.8288
      0.6239
      0.1902
      0.6552
       1.984
       1.050
      0.8832
       1.919
       1.535
      0.8370
       1.245
      0.6876
       2.031
     0.02917
      0.7835
      0.4955
      0.6976
       0.911
      0.8810
       5.488
       1.435
       1.217
      0.8305
      0.6475
      0.8839
       1.241
      0.7815
       1.275
       1.726
       1.984
       2.770
       2.665
       5.522
       2.301
       1.428
       2.307
       1.748
       1.248
       1.008
      0.8485
      0.5277
     -0.1211
     -0.1010
      0.7956
       2.012
       1.102
       2.212
       1.478
       1.044
       2.202
       1.849
       1.456
       2.756
       1.302
       1.536
       2.763
       1.891
       2.137
       0.979
       1.200
       1.365
       1.937
       1.870
       1.451
       2.409
       1.393
       1.999
       1.814
       1.257
      0.3900
      0.8725
       0.946
      0.7600
       1.535
       2.085
       8.362
      29.852
       6.786
       8.900
       1.750
      14.060
       1.854
       3.571
       7.137
       2.083
       1.711
      0.8268
       2.223
       1.512
       1.212
      0.3047
      0.1660
      0.8440
       1.001
       1.001
      0.8834
      0.2671
      0.5900
       1.254
       0.902
       1.536
      0.3134
      0.1750
    -0.03122
      0.7193
       2.788
       1.234
       1.201
       3.196
       2.280
       1.273
       2.007
       0.972
   -0.003843
     0.03997
     0.06830
      0.7757
      0.7957
      0.5861
       1.304
       0.924
       1.493
      0.6708
       1.185
       0.942
      0.8615
      0.5830
       1.298
       1.279
       1.906
       1.446
       2.664
       7.107
       2.670
       1.971
       1.294
       2.046
       1.533
       1.263
       0.935
      0.6546
      0.6281
     0.05060
      0.5406
       1.207
      0.8399
       2.226
       2.167
       2.199
       1.478
       2.129
       1.713
       1.370
      0.7857
       1.423
       1.180
       1.840
       2.508
       2.049
       1.714
      0.8727
       1.627
       1.935
       1.958
       1.960
       2.037
       6.423
       1.321
      0.7799
       2.079
      0.4515
      0.2645
       1.031
      0.3137
       1.785
       9.752
       6.854
       8.820
      11.774
       2.971
       2.855
       1.929
       2.248
       7.122
       2.688
       1.194
       1.456
      0.7653
      0.3832
      0.8730
      0.7452
      0.8615
    -0.07993
      0.4426
      0.5822
      0.8887
      0.8685
      0.7758
      0.7463
      0.1052
      0.6879
       2.254
   -0.006041
      0.8951
      0.8909
      20.218
      0.6855
       1.239
       2.794
       2.025
       1.514
       2.522
       1.240
      0.2188
      0.4045
      0.5514
      0.6893
      0.6733
       2.614
      0.7736
       1.195
       2.741
      0.8791
       1.435
       0.955
       1.127
       1.069
       1.867
      0.7324
       8.390
       1.941
      27.761
       5.610
       5.478
       2.645
       1.989
       1.846
       1.267
       8.433
       1.168
       0.914
      0.8022
      0.7291
     -0.0969
      0.4550
      0.7047
       1.155
       1.893
       1.190
       2.210
       2.115
       1.919
       1.704
       1.440
       1.211
      0.7967
       1.703
       4.056
       2.189
       1.933
       1.698
       1.266
       1.668
       1.796
       1.953
       1.980
       1.062
       2.233
       1.017
       2.082
      0.4235
      0.7891
       1.210
       1.416
       1.283
       1.766
       2.915
       8.360
      11.752
       8.537
       4.002
       2.852
       1.952
       1.326
       2.736
       2.832
       2.800
       1.731
       1.034
       1.039
      0.4261
      0.6500
     -0.1266
     0.04726
      0.8503
      0.8447
      0.8926
      0.8427
      0.7268
      0.6379
      0.6186
       0.913
       1.274
      19.396
       2.141
      0.3038
      0.5837
       5.022
       1.792
       2.087
       1.568
       2.164
       1.700
