KT3D ESTIMATES WITH:   Conditioning data                                        
2
Estimate
EstimationVariance
    5.156     1.154
    5.701     1.147
    5.701     1.147
    5.701     1.147
    5.701     1.147
    5.701     1.147
    5.701     1.147
    5.701     1.147
    5.701     1.147
    5.701     1.147
    5.701     1.147
    5.701     1.147
    5.701     1.147
    6.306     1.159
    6.306     1.159
    6.306     1.159
    6.306     1.159
    6.306     1.159
    6.306     1.159
    6.287     1.157
    6.240     1.153
    6.170     1.147
    6.078     1.137
    5.970     1.125
    5.848     1.109
    5.717     1.090
    5.584     1.068
    5.454     1.044
    5.337     1.021
    5.057     1.004
    4.994     0.988
    4.968     0.979
    4.983     0.979
    5.034     0.984
    4.483     0.990
    4.582     0.998
    4.696     1.002
    4.823     1.001
    4.955     0.998
    5.087     0.992
    5.215     0.986
    5.332     0.980
    5.741     0.969
    5.822     0.959
    5.882     0.945
    5.930     0.925
    6.508     0.904
    6.545     0.881
    6.580     0.867
    6.610     0.870
    6.634     0.892
    6.651     0.925
    6.660     0.963
    6.660     0.999
    6.657     1.032
    6.652     1.061
    6.645     1.085
    6.638     1.105
    6.631     1.120
    6.623     1.132
    6.617     1.141
    6.612     1.147
    6.609     1.149
    6.609     1.149
    6.609     1.149
    6.609     1.149
    6.603     1.149
    6.557     1.146
    5.676     1.155
    5.564     1.146
    5.422     1.132
    5.251     1.113
    5.056     1.089
    4.840     1.059
    4.607     1.022
    4.362     0.979
    4.112     0.930
    3.866     0.876
    3.649     0.825
    3.518     0.793
    3.552     0.802
    3.726     0.844
    3.959     0.897
    4.208     0.949
    4.457     0.996
    4.698     1.037
    4.925     1.071
    5.134     1.099
    5.320     1.121
    5.480     1.138
    5.611     1.150
    5.710     1.158
    5.773     1.163
    5.797     1.165
    5.797     1.165
    5.797     1.165
    5.797     1.165
    5.797     1.165
    5.797     1.165
    6.153     1.182
    5.156     1.154
    5.156     1.154
    5.156     1.154
    5.701     1.147
    5.701     1.147
    5.701     1.147
    5.701     1.147
    5.701     1.147
    5.704     1.147
    5.707     1.147
    5.707     1.147
    5.705     1.147
    5.702     1.147
    5.701     1.147
    6.306     1.159
    6.306     1.159
    6.306     1.159
    6.306     1.159
    6.306     1.159
    6.304     1.159
    6.279     1.157
    6.226     1.152
    6.149     1.145
    6.050     1.134
    5.935     1.121
    5.805     1.103
    5.667     1.082
    5.526     1.058
    5.388     1.032
    5.078     1.010
    4.981     0.986
    4.914     0.968
    4.888     0.959
    4.908     0.959
    4.359     0.964
    4.452     0.974
    4.560     0.982
    4.683     0.985
    4.818     0.984
    4.958     0.980
    5.097     0.973
    5.229     0.967
    5.862     0.960
    5.748     0.951
    5.833     0.942
    5.897     0.927
    5.948     0.906
    6.503     0.883
    6.543     0.856
    6.580     0.840
    6.613     0.844
    6.639     0.872
    6.657     0.911
    6.667     0.952
    6.667     0.991
    6.664     1.025
    6.658     1.055
    6.651     1.081
    6.643     1.101
    6.635     1.118
    6.627     1.131
    6.619     1.140
    6.614     1.146
    6.610     1.149
    6.609     1.149
    6.609     1.149
    6.609     1.149
    6.600     1.149
    5.746     1.161
    5.664     1.154
    5.548     1.144
    5.400     1.130
    5.225     1.110
    5.025     1.085
    4.803     1.054
    4.564     1.015
    4.312     0.969
    4.051     0.917
    3.791     0.859
    3.552     0.802
    3.402     0.763
    3.464     0.779
    3.676     0.832
    3.930     0.891
    4.192     0.946
    4.449     0.995
    4.695     1.037
    4.925     1.071
    5.135     1.099
    5.323     1.121
    5.483     1.138
    5.614     1.150
    5.713     1.158
    5.775     1.163
    5.797     1.165
    5.797     1.165
    5.797     1.165
    5.797     1.165
    6.153     1.182
    6.153     1.182
    5.156     1.154
    5.156     1.154
    5.156     1.154
    5.156     1.154
    5.156     1.154
    5.701     1.147
    5.701     1.147
    5.704     1.147
    5.712     1.147
    5.720     1.146
    5.725     1.146
    5.726     1.146
    5.722     1.146
    5.714     1.147
    5.706     1.147
    6.307     1.159
    6.306     1.159
    6.306     1.159
    6.306     1.159
    6.306     1.159
    6.302     1.158
    6.270     1.156
    6.211     1.151
    6.127     1.143
    6.022     1.131
    5.900     1.116
    5.763     1.097
    5.617     1.074
    5.468     1.047
    5.134     1.022
    5.008     0.993
    4.902     0.966
    4.831     0.946
    4.807     0.937
    4.242     0.937
    4.320     0.946
    4.423     0.957
    4.540     0.966
    4.673     0.969
    4.816     0.967
    4.963     0.961
    5.107     0.953
    5.736     0.946
    5.854     0.941
    5.754     0.933
    5.843     0.924
    5.911     0.910
    6.455     0.890
    6.498     0.861
    6.541     0.831
    6.581     0.811
    6.616     0.819
    6.644     0.853
    6.664     0.897
    6.675     0.942
    6.675     0.983
    6.671     1.019
    6.665     1.050
    6.657     1.077
    6.648     1.098
    6.639     1.115
    6.630     1.129
    6.622     1.139
    6.615     1.145
    6.611     1.148
    6.609     1.149
    6.609     1.149
    5.797     1.165
    5.787     1.164
    5.739     1.160
    5.653     1.153
    5.533     1.143
    5.381     1.128
    5.202     1.108
    4.997     1.081
    4.772     1.049
    4.528     1.009
    4.269     0.961
    4.000     0.906
    3.726     0.844
    3.464     0.779
    3.286     0.732
    3.393     0.760
    3.643     0.824
    3.916     0.888
    4.187     0.945
    4.449     0.995
    4.698     1.037
    4.930     1.072
    5.141     1.100
    5.329     1.122
    5.489     1.139
    5.619     1.151
    5.716     1.158
    5.777     1.163
    5.797     1.165
    5.797     1.165
    6.153     1.182
    6.153     1.182
    6.153     1.182
    5.156     1.154
    5.156     1.154
    5.156     1.154
    5.156     1.154
    5.156     1.154
    5.156     1.154
    5.701     1.147
    5.707     1.147
    5.720     1.146
    5.735     1.146
    5.748     1.145
    5.755     1.145
    5.756     1.145
    5.749     1.145
    5.736     1.146
    5.721     1.146
    6.313     1.159
    6.307     1.159
    6.306     1.159
    6.306     1.159
    6.306     1.159
    6.298     1.158
    6.260     1.155
    6.195     1.149
    6.105     1.140
    5.994     1.128
    5.865     1.111
    5.722     1.090
    5.568     1.065
    5.217     1.040
    5.071     1.008
    4.936     0.975
    4.823     0.945
    4.141     0.921
    4.145     0.913
    4.196     0.916
    4.284     0.928
    4.396     0.941
    4.523     0.950
    4.665     0.952
    4.816     0.948
    4.969     0.941
    5.592     0.932
    5.724     0.925
    5.651     0.918
    5.761     0.914
    5.853     0.907
    6.403     0.895
    6.447     0.872
    6.494     0.841
    6.540     0.805
    6.584     0.782
    6.621     0.793
    6.650     0.835
    6.671     0.885
    6.682     0.933
    6.684     0.976
    6.679     1.013
    6.672     1.045
    6.664     1.072
    6.654     1.095
    6.644     1.113
    6.634     1.127
    6.625     1.137
    6.617     1.144
    6.612     1.148
    6.609     1.149
    5.797     1.165
    5.797     1.165
    5.784     1.164
    5.732     1.160
    5.643     1.152
    5.519     1.141
    5.364     1.126
    5.182     1.105
    4.974     1.078
    4.745     1.045
    4.497     1.003
    4.234     0.954
    3.959     0.897
    3.676     0.832
    3.393     0.760
    3.170     0.700
    3.350     0.749
    3.632     0.821
    3.916     0.888
    4.192     0.946
    4.457     0.996
    4.708     1.039
    4.940     1.073
    5.151     1.101
    5.338     1.123
    5.497     1.139
    5.626     1.151
    5.721     1.159
    6.133     1.180
    6.153     1.182
    6.153     1.182
    6.153     1.182
    6.153     1.182
    5.156     1.154
    5.156     1.154
    5.156     1.154
    5.156     1.154
    5.156     1.154
    5.156     1.154
    5.156     1.154
    5.163     1.154
    5.725     1.146
    5.748     1.145
    5.770     1.145
    5.788     1.144
    5.797     1.144
    5.797     1.144
    5.787     1.144
    5.769     1.145
    6.349     1.157
    6.328     1.158
    6.312     1.159
    6.306     1.159
    6.306     1.159
    6.306     1.159
    6.293     1.158
    6.250     1.154
    6.179     1.148
    6.084     1.138
    5.967     1.125
    5.831     1.107
    5.681     1.084
    5.520     1.057
    5.164     1.029
    5.010     0.993
    4.865     0.957
    4.124     0.921
    4.082     0.897
    4.091     0.889
    4.150     0.895
    4.250     0.910
    4.373     0.924
    4.509     0.933
    4.660     0.935
    5.285     0.929
    5.433     0.920
    5.577     0.910
    5.714     0.902
    5.655     0.897
    5.768     0.895
    5.862     0.889
    6.392     0.878
    6.441     0.855
    6.491     0.821
    6.541     0.780
    6.587     0.751
    6.626     0.769
    6.656     0.820
    6.678     0.875
    6.691     0.925
    6.692     0.970
    6.687     1.008
    6.680     1.041
    6.670     1.068
    6.660     1.091
    6.649     1.110
    6.638     1.125
    6.628     1.136
    6.619     1.143
    6.613     1.147
    5.799     1.164
    5.797     1.165
    5.797     1.165
    5.782     1.163
    5.726     1.159
    5.634     1.152
    5.507     1.140
    5.350     1.124
    5.165     1.103
    4.955     1.076
    4.723     1.041
    4.473     0.999
    4.208     0.949
    3.930     0.891
    3.643     0.824
    3.350     0.749
    1.225     0.000
    3.350     0.749
    3.643     0.824
    3.930     0.891
    4.208     0.949
    4.473     0.999
    4.723     1.041
    4.955     1.076
    5.165     1.103
    5.350     1.124
    5.507     1.140
    5.976     1.168
    6.076     1.176
    6.136     1.180
    6.153     1.182
    6.153     1.182
    6.153     1.182
    5.424     1.154
    5.003     1.158
    5.003     1.158
    5.003     1.158
    5.003     1.158
    5.001     1.158
    4.999     1.158
    5.157     1.154
    5.182     1.153
    5.219     1.152
    5.788     1.144
    5.817     1.143
    5.839     1.142
    5.850     1.142
    5.848     1.142
    5.835     1.142
    5.811     1.143
    6.381     1.156
    6.351     1.157
    6.325     1.158
    6.309     1.159
    6.306     1.159
    6.306     1.159
    6.288     1.157
    6.240     1.153
    6.164     1.146
    6.063     1.136
    5.940     1.121
    5.799     1.102
    5.642     1.078
    5.277     1.053
    5.113     1.018
    4.950     0.979
    4.153     0.936
    4.068     0.898
    4.023     0.872
    4.036     0.864
    4.107     0.874
    4.218     0.892
    4.352     0.908
    4.498     0.917
    5.109     0.918
    5.264     0.910
    5.417     0.898
    5.564     0.886
    5.704     0.879
    5.659     0.875
    5.774     0.876
    6.313     0.875
    6.383     0.863
    6.435     0.840
    6.489     0.803
    6.542     0.756
    6.591     0.719
    6.631     0.748
    6.663     0.809
    6.686     0.867
    6.699     0.919
    6.701     0.964
    6.696     1.003
    6.688     1.036
    6.677     1.064
    6.666     1.088
    6.654     1.107
    6.642     1.122
    6.631     1.134
    5.829     1.156
    5.810     1.162
    5.800     1.164
    5.797     1.165
    5.797     1.165
    5.779     1.163
    5.721     1.159
    5.626     1.151
    5.497     1.139
    5.338     1.123
    5.151     1.101
    4.940     1.073
    4.708     1.039
    4.457     0.996
    4.192     0.946
    3.916     0.888
    3.632     0.821
    3.350     0.749
    3.170     0.700
    3.393     0.760
    3.676     0.832
    3.959     0.897
    4.234     0.954
    4.497     1.003
    4.745     1.045
    4.974     1.078
    5.489     1.118
    5.686     1.140
    5.853     1.157
    5.986     1.169
    6.083     1.176
    6.139     1.181
    6.153     1.182
    6.153     1.182
    5.413     1.153
    5.422     1.154
    5.002     1.158
    5.002     1.158
    5.000     1.158
    4.996     1.158
    4.990     1.157
    4.989     1.157
    5.012     1.157
    5.056     1.156
    5.110     1.154
    5.839     1.142
    5.875     1.141
    5.901     1.140
    5.913     1.140
    5.910     1.140
    5.892     1.140
    5.862     1.141
    6.421     1.154
    6.381     1.156
    6.344     1.157
    6.317     1.158
    6.306     1.159
    6.306     1.159
    6.283     1.157
    6.229     1.152
    6.148     1.145
    6.042     1.133
    5.914     1.118
    5.767     1.097
    5.399     1.076
    5.235     1.044
    5.064     1.006
    4.220     0.962
    4.104     0.917
    4.011     0.874
    3.963     0.845
    3.982     0.839
    4.066     0.853
    4.191     0.875
    4.335     0.893
    4.927     0.902
    5.087     0.900
    5.247     0.890
    5.403     0.875
    5.553     0.861
    5.910     0.855
    6.036     0.856
    5.780     0.857
    6.301     0.859
    6.374     0.849
    6.431     0.826
    6.488     0.788
    6.544     0.735
    6.596     0.685
    6.638     0.734
    6.671     0.801
    6.695     0.861
    6.708     0.914
    6.711     0.959
    6.705     0.997
    6.696     1.031
    6.685     1.060
    6.672     1.084
    6.659     1.104
    6.646     1.120
    5.865     1.146
    5.834     1.155
    5.814     1.161
    5.802     1.164
    5.797     1.165
    5.797     1.165
    5.777     1.163
    5.716     1.158
    5.619     1.151
    5.489     1.139
    5.329     1.122
    5.141     1.100
    4.930     1.072
    4.698     1.037
    4.449     0.995
    4.187     0.945
    3.916     0.888
    3.643     0.824
    3.393     0.760
    3.286     0.732
    3.464     0.779
    3.726     0.844
    4.000     0.906
    4.269     0.961
    4.528     1.009
    5.047     1.059
    5.291     1.093
    5.511     1.121
    5.704     1.142
    5.868     1.158
    5.997     1.169
    6.090     1.177
    6.142     1.181
    6.153     1.182
    5.365     1.151
    5.401     1.153
    5.417     1.153
    4.998     1.157
    4.995     1.157
    4.988     1.157
    4.980     1.157
    4.972     1.157
    4.984     1.156
    5.025     1.155
    5.087     1.154
    5.159     1.152
    5.230     1.151
    5.944     1.138
    5.973     1.137
    5.987     1.137
    5.982     1.137
    5.959     1.138
    5.922     1.139
    6.468     1.152
    6.419     1.154
    6.371     1.156
    6.332     1.158
    6.309     1.159
    6.304     1.159
    6.277     1.156
    6.219     1.151
    6.133     1.143
    6.023     1.131
    5.890     1.115
    5.525     1.098
    5.366     1.070
    5.196     1.036
    4.312     0.993
    4.179     0.947
    4.056     0.897
    3.956     0.850
    3.903     0.817
    3.930     0.813
    4.029     0.834
    4.168     0.859
    4.741     0.879
    4.904     0.887
    5.069     0.883
    5.232     0.869
    5.391     0.851
    5.544     0.835
    5.888     0.830
    6.018     0.834
    6.187     0.840
    6.290     0.844
    6.367     0.837
    6.427     0.815
    6.488     0.777
    6.547     0.721
    6.624     0.000
    6.644     0.730
    6.679     0.799
    6.704     0.858
    6.718     0.909
    6.720     0.954
    6.714     0.992
    6.704     1.026
    6.692     1.055
    6.678     1.080
    6.664     1.101
    5.913     1.130
    5.872     1.144
    5.839     1.154
    5.817     1.160
    5.804     1.163
    5.798     1.165
    5.797     1.165
    5.775     1.163
    5.713     1.158
    5.614     1.150
    5.483     1.138
    5.323     1.121
    5.135     1.099
    4.925     1.071
    4.695     1.037
    4.449     0.995
    4.192     0.946
    3.930     0.891
    3.676     0.832
    3.464     0.779
    3.402     0.763
    3.552     0.802
    3.791     0.859
    4.271     0.924
    4.552     0.977
    4.824     1.024
    5.082     1.064
    5.320     1.097
    5.536     1.123
    5.725     1.144
    5.884     1.159
    6.009     1.170
    6.097     1.178
    6.145     1.181
    5.284     1.147
    5.342     1.149
    5.385     1.151
    5.407     1.152
    4.987     1.156
    4.977     1.156
    4.965     1.156
    4.954     1.156
    4.952     1.155
    4.984     1.154
    5.044     1.153
    5.125     1.151
    5.214     1.149
    5.301     1.147
    5.375     1.146
    5.427     1.145
    6.070     1.133
    6.063     1.134
    6.035     1.135
    6.072     1.145
    6.523     1.150
    6.463     1.153
    6.404     1.155
    6.353     1.157
    6.318     1.158
    6.303     1.158
    6.271     1.156
    6.209     1.150
    6.119     1.142
    6.004     1.129
    5.646     1.117
    5.499     1.094
    4.548     1.061
    4.418     1.026
    4.281     0.983
    4.142     0.933
    4.012     0.879
    3.901     0.825
    3.842     0.788
    3.880     0.788
    3.998     0.816
    4.549     0.846
    4.716     0.866
    4.886     0.873
    5.056     0.866
    5.222     0.849
    5.382     0.826
    5.729     0.808
    5.868     0.803
    6.002     0.812
    6.173     0.823
    6.280     0.831
    6.361     0.827
    6.425     0.807
    6.489     0.770
    6.550     0.718
    6.606     0.678
    6.651     0.736
    6.687     0.800
    6.713     0.856
    6.728     0.906
    6.730     0.949
    6.723     0.987
    6.712     1.021
    6.699     1.051
    6.026     1.086
    5.972     1.109
    5.922     1.128
    5.879     1.142
    5.844     1.153
    5.821     1.159
    5.806     1.163
    5.798     1.164
    5.797     1.165
    5.773     1.163
    5.710     1.158
    5.611     1.150
    5.480     1.138
    5.320     1.121
    5.134     1.099
    4.925     1.071
    4.698     1.037
    4.457     0.996
    4.208     0.949
    3.959     0.897
    3.726     0.844
    3.552     0.802
    3.518     0.793
    3.837     0.830
    4.071     0.882
    4.336     0.936
    4.606     0.987
    4.870     1.032
    5.121     1.070
    5.354     1.101
    5.564     1.127
    5.748     1.146
    5.902     1.161
    6.022     1.172
    6.105     1.178
    5.175     1.140
    5.250     1.144
    5.314     1.148
    5.363     1.150
    5.390     1.151
    4.966     1.154
    4.949     1.154
    4.932     1.154
    4.918     1.154
    4.934     1.153
    4.987     1.152
    5.069     1.150
    5.168     1.148
    5.275     1.146
    5.379     1.144
    5.467     1.142
    5.529     1.141
    5.557     1.141
    6.153     1.130
    6.217     1.140
    6.157     1.142
    6.081     1.145
    6.513     1.150
    6.442     1.153
    6.379     1.156
    6.331     1.158
    6.302     1.158
    6.265     1.155
    6.199     1.150
    6.106     1.140
    5.987     1.127
    5.626     1.114
    4.652     1.087
    4.528     1.056
    4.394     1.018
    4.253     0.973
    4.109     0.921
    3.971     0.861
    3.849     0.801
    3.781     0.758
    3.834     0.765
    4.352     0.801
    4.523     0.835
    4.699     0.855
    4.874     0.861
    5.047     0.850
    5.214     0.828
    5.566     0.800
    5.708     0.780
    5.849     0.776
    5.988     0.790
    6.161     0.807
    6.273     0.820
    6.357     0.819
    6.424     0.802
    6.491     0.769
    6.554     0.724
    6.612     0.704
    6.659     0.747
    6.696     0.804
    6.723     0.856
    6.738     0.903
    6.740     0.944
    6.732     0.982
    6.721     1.016
    6.097     1.054
    6.038     1.082
    5.982     1.106
    5.930     1.125
    5.885     1.140
    5.850     1.151
    5.825     1.158
    5.808     1.162
    5.799     1.164
    5.797     1.165
    5.772     1.163
    5.708     1.158
    5.609     1.150
    5.479     1.138
    5.320     1.121
    5.135     1.099
    4.930     1.072
    4.708     1.039
    4.473     0.999
    4.234     0.954
    4.000     0.906
    3.991     0.865
    3.837     0.830
    3.819     0.826
    3.947     0.855
    4.160     0.901
    4.409     0.951
    4.667     0.998
    4.921     1.040
    5.164     1.076
    5.390     1.106
    5.595     1.130
    5.773     1.149
    5.921     1.163
    6.036     1.173
    5.054     1.131
    5.130     1.137
    5.211     1.142
    5.282     1.145
    5.337     1.147
    5.360     1.148
    4.936     1.152
    4.912     1.151
    4.890     1.151
    4.882     1.151
    4.918     1.150
    4.994     1.148
    5.097     1.146
    5.217     1.144
    5.342     1.141
    5.462     1.139
    5.565     1.137
    5.638     1.136
    5.674     1.136
    5.664     1.137
    6.321     1.136
    6.251     1.139
    6.162     1.142
    6.569     1.148
    6.485     1.152
    6.409     1.155
    6.349     1.157
    6.305     1.158
    6.259     1.155
    6.190     1.149
    6.094     1.139
    5.744     1.131
    4.751     1.108
    4.637     1.083
    4.510     1.051
    4.373     1.012
    4.229     0.965
    4.081     0.910
    3.937     0.846
    3.802     0.778
    4.093     0.726
    4.154     0.745
    4.324     0.790
    4.508     0.826
    4.691     0.846
    4.869     0.849
    5.043     0.835
    5.211     0.807
    5.550     0.774
    5.690     0.749
    5.833     0.749
    5.976     0.769
    6.153     0.793
    6.268     0.811
    6.355     0.814
    6.425     0.800
    6.494     0.772
    6.559     0.737
    6.618     0.727
    6.667     0.761
    6.706     0.809
    6.734     0.856
    6.749     0.900
    6.751     0.940
    6.227     0.982
    6.171     1.017
    6.111     1.049
    6.050     1.078
    5.992     1.102
    5.938     1.122
    5.892     1.138
    5.855     1.150
    5.828     1.157
    5.810     1.162
    5.799     1.164
    5.797     1.165
    5.771     1.163
    5.708     1.158
    5.609     1.150
    5.480     1.138
    5.323     1.121
    5.141     1.100
    4.940     1.073
    4.723     1.041
    4.751     1.012
    4.506     0.969
    4.271     0.924
    4.071     0.882
    3.947     0.855
    3.942     0.854
    4.059     0.879
    4.254     0.920
    4.487     0.965
    4.732     1.009
    4.977     1.048
    5.212     1.082
    5.430     1.111
    5.627     1.134
    5.799     1.151
    5.941     1.165
    4.960     1.119
    5.010     1.126
    5.082     1.133
    5.169     1.138
    5.246     1.142
    5.300     1.145
    5.319     1.145
    4.896     1.149
    4.866     1.148
    4.839     1.148
    4.847     1.147
    4.905     1.146
    5.003     1.144
    5.130     1.142
    5.271     1.139
    5.415     1.136
    5.552     1.134
    5.669     1.132
    5.754     1.131
    5.796     1.131
    5.791     1.132
    6.434     1.132
    6.352     1.135
    6.250     1.139
    6.629     1.145
    6.533     1.149
    6.444     1.153
    6.371     1.156
    6.312     1.157
    6.254     1.154
    6.182     1.148
    5.848     1.144
    4.842     1.126
    4.740     1.106
    4.623     1.080
    4.495     1.047
    4.356     1.007
    4.209     0.958
    4.059     0.900
    3.910     0.834
    4.199     0.758
    4.008     0.693
    4.120     0.732
    4.313     0.784
    4.505     0.821
    4.690     0.839
    4.870     0.839
    5.044     0.820
    5.395     0.787
    5.537     0.747
    5.675     0.718
    5.819     0.721
    6.006     0.749
    6.147     0.782
    6.265     0.804
    6.354     0.811
    6.427     0.801
    6.498     0.778
    6.565     0.753
    6.625     0.748
    6.676     0.775
    6.716     0.815
    6.745     0.857
    6.760     0.896
    6.296     0.939
    6.245     0.976
    6.187     1.011
    6.125     1.044
    6.062     1.073
    6.001     1.099
    5.946     1.120
    5.898     1.136
    5.859     1.148
    5.832     1.156
    5.812     1.161
    5.800     1.164
    5.797     1.165
    5.771     1.163
    5.708     1.158
    5.611     1.150
    5.483     1.138
    5.329     1.122
    5.151     1.101
    5.245     1.087
    5.019     1.055
    4.784     1.018
    4.552     0.977
    4.336     0.936
    4.160     0.901
    4.059     0.879
    4.063     0.880
    4.171     0.903
    4.352     0.940
    4.570     0.980
    4.802     1.021
    5.036     1.057
    5.262     1.089
    5.472     1.116
    5.662     1.137
    5.826     1.154
    4.896     1.103
    4.922     1.113
    4.968     1.121
    5.035     1.129
    5.123     1.135
    5.204     1.139
    5.252     1.141
    5.268     1.142
    4.847     1.145
    4.811     1.144
    4.786     1.144
    4.815     1.143
    4.895     1.141
    5.015     1.139
    5.165     1.136
    5.329     1.133
    5.494     1.130
    5.648     1.127
    5.780     1.125
    5.875     1.124
    5.925     1.125
    5.922     1.127
    6.554     1.127
    6.461     1.131
    6.344     1.136
    6.214     1.140
    6.585     1.147
    6.483     1.152
    6.396     1.155
    6.322     1.157
    6.250     1.154
    5.935     1.154
    4.922     1.139
    4.834     1.124
    4.730     1.104
    4.613     1.077
    4.483     1.044
    4.343     1.003
    4.195     0.953
    4.044     0.894
    4.425     0.821
    4.175     0.746
    2.570     0.000
    4.119     0.730
    4.318     0.783
    4.512     0.819
    4.697     0.835
    4.877     0.830
    5.002     0.809
    5.390     0.768
    5.527     0.720
    5.661     0.685
    5.808     0.694
    5.999     0.733
    6.144     0.773
    6.265     0.800
    6.354     0.811
    6.430     0.805
    6.503     0.787
    6.572     0.769
    6.634     0.767
    6.686     0.788
    6.727     0.821
    6.756     0.857
    6.355     0.896
    6.315     0.933
    6.263     0.969
    6.202     1.005
    6.138     1.039
    6.073     1.069
    6.010     1.095
    5.953     1.117
    5.904     1.134
    5.864     1.147
    5.835     1.155
    5.814     1.161
    5.801     1.164
    5.797     1.165
    5.772     1.163
    5.710     1.158
    5.614     1.150
    5.489     1.139
    5.658     1.137
    5.471     1.116
    5.266     1.090
    5.047     1.059
    4.824     1.024
    4.606     0.987
    4.409     0.951
    4.254     0.920
    4.171     0.903
    4.183     0.906
    4.284     0.926
    4.451     0.959
    4.655     0.996
    4.876     1.033
    5.099     1.067
    5.314     1.096
    5.516     1.121
    5.698     1.141
    4.862     1.085
    4.864     1.095
    4.885     1.106
    4.925     1.116
    4.988     1.124
    5.074     1.130
    5.151     1.134
    5.195     1.137
    5.207     1.138
    4.788     1.141
    4.747     1.140
    4.735     1.139
    4.784     1.137
    4.885     1.135
    5.030     1.133
    5.203     1.130
    5.391     1.127
    5.578     1.123
    5.750     1.120
    5.897     1.118
    6.003     1.117
    6.060     1.118
    6.059     1.120
    6.680     1.122
    6.575     1.126
    6.444     1.132
    6.298     1.137
    6.640     1.145
    6.524     1.150
    6.425     1.154
    6.336     1.156
    5.047     1.156
    4.988     1.149
    4.916     1.138
    4.827     1.123
    4.723     1.102
    4.604     1.075
    4.474     1.042
    4.334     1.000
    4.186     0.950
    4.675     0.882
    4.430     0.817
    4.184     0.744
    4.016     0.691
    4.151     0.738
    4.339     0.788
    4.529     0.819
    4.713     0.832
    4.840     0.826
    5.248     0.795
    5.391     0.750
    5.521     0.694
    5.649     0.650
    5.801     0.670
    5.997     0.721
    6.145     0.767
    6.267     0.799
    6.357     0.813
    6.435     0.811
    6.510     0.798
    6.580     0.785
    6.643     0.784
    6.696     0.800
    6.407     0.828
    6.399     0.859
    6.374     0.892
    6.333     0.926
    6.280     0.962
    6.217     0.998
    6.150     1.033
    6.083     1.065
    6.018     1.092
    5.960     1.115
    5.909     1.133
    5.869     1.146
    5.839     1.154
    5.816     1.160
    5.802     1.164
    5.797     1.165
    5.773     1.163
    6.062     1.175
    5.961     1.166
    5.829     1.154
    5.671     1.138
    5.489     1.118
    5.291     1.093
    5.082     1.064
    4.870     1.032
    4.667     0.998
    4.487     0.965
    4.352     0.940
    4.284     0.926
    4.301     0.930
    4.397     0.948
    4.552     0.977
    4.743     1.011
    4.951     1.044
    5.163     1.076
    5.369     1.103
    5.561     1.126
    4.858     1.065
    4.837     1.075
    4.833     1.087
    4.848     1.099
    4.884     1.109
    4.942     1.118
    5.020     1.125
    5.090     1.129
    5.128     1.132
    5.136     1.132
    4.720     1.136
    4.678     1.135
    4.684     1.133
    4.754     1.131
    4.878     1.129
    5.046     1.126
    5.244     1.123
    5.457     1.119
    5.667     1.116
    5.858     1.112
    6.020     1.110
    6.137     1.109
    6.200     1.110
    6.201     1.113
    6.810     1.116
    6.695     1.121
    6.548     1.127
    6.386     1.134
    6.699     1.142
    6.569     1.148
    6.456     1.153
    5.153     1.158
    5.053     1.156
    4.985     1.149
    4.912     1.138
    4.822     1.122
    4.717     1.101
    4.599     1.074
    4.469     1.040
    4.329     0.999
    4.931     0.933
    4.694     0.880
    4.452     0.818
    4.226     0.754
    4.108     0.720
    4.206     0.754
    4.374     0.796
    4.557     0.823
    4.685     0.833
    4.860     0.821
    5.260     0.786
    5.397     0.735
    5.520     0.671
    5.639     0.614
    5.799     0.651
    5.999     0.713
    6.150     0.765
    6.272     0.801
    6.361     0.818
    6.441     0.819
    6.518     0.809
    6.589     0.799
    6.653     0.799
    6.408     0.812
    6.421     0.831
    6.416     0.856
    6.393     0.885
    6.352     0.919
    6.296     0.954
    6.231     0.992
    6.162     1.027
    6.092     1.060
    6.026     1.089
    5.966     1.112
    5.914     1.131
    5.873     1.144
    5.841     1.153
    5.818     1.160
    5.803     1.163
    6.153     1.182
    6.128     1.180
    6.066     1.175
    5.968     1.167
    5.840     1.155
    5.686     1.140
    5.511     1.121
    5.320     1.097
    5.121     1.070
    4.921     1.040
    4.732     1.009
    4.570     0.980
    4.451     0.959
    4.397     0.948
    4.417     0.952
    4.508     0.969
    4.653     0.995
    4.832     1.026
    5.028     1.056
    5.229     1.085
    5.425     1.110
    4.885     1.045
    4.840     1.053
    4.811     1.065
    4.802     1.078
    4.812     1.091
    4.843     1.102
    4.896     1.112
    4.959     1.119
    5.020     1.124
    5.053     1.126
    5.057     1.127
    4.644     1.130
    4.609     1.128
    4.634     1.126
    4.725     1.124
    4.872     1.121
    5.064     1.118
    5.288     1.114
    5.526     1.111
    5.760     1.107
    5.972     1.103
    6.149     1.101
    6.277     1.100
    6.346     1.102
    6.347     1.105
    6.943     1.109
    6.689     1.128
    6.524     1.136
    6.341     1.144
    6.155     1.151
    6.615     1.146
    5.317     1.155
    5.177     1.157
    5.062     1.155
    4.982     1.148
    4.909     1.137
    4.819     1.121
    4.714     1.100
    4.596     1.073
    4.467     1.040
    5.183     0.974
    4.959     0.931
    4.725     0.880
    4.492     0.824
    4.290     0.770
    4.201     0.749
    4.274     0.773
    4.369     0.809
    4.541     0.831
    4.714     0.835
    5.131     0.816
    5.278     0.780
    5.410     0.724
    5.525     0.652
    5.477     0.000
    5.804     0.641
    6.008     0.711
    6.158     0.767
    6.279     0.805
    6.368     0.824
    6.449     0.827
    6.526     0.821
    6.599     0.813
    6.381     0.813
    6.418     0.819
    6.436     0.833
    6.434     0.852
    6.412     0.878
    6.369     0.910
    6.312     0.946
    6.244     0.984
    6.173     1.022
    6.101     1.056
    6.033     1.086
    5.971     1.110
    5.918     1.129
    5.877     1.143
    6.188     1.169
    6.169     1.176
    6.157     1.180
    6.153     1.182
    6.131     1.180
    6.070     1.175
    5.976     1.168
    5.853     1.157
    5.704     1.142
    5.536     1.123
    5.354     1.101
    5.164     1.076
    4.977     1.048
    4.802     1.021
    4.655     0.996
    4.552     0.977
    4.508     0.969
    4.532     0.974
    4.618     0.989
    4.754     1.013
    4.921     1.040
    5.106     1.068
    5.296     1.094
    4.945     1.027
    4.873     1.031
    4.821     1.041
    4.786     1.053
    4.771     1.068
    4.776     1.082
    4.802     1.095
    4.848     1.106
    4.894     1.113
    4.943     1.117
    4.971     1.119
    4.969     1.120
    4.560     1.123
    4.541     1.121
    4.585     1.118
    4.697     1.115
    4.867     1.112
    5.084     1.109
    5.333     1.105
    5.598     1.101
    5.857     1.097
    6.091     1.093
    6.284     1.091
    6.423     1.090
    6.497     1.092
    6.498     1.097
    6.951     1.113
    6.819     1.121
    6.636     1.130
    6.435     1.140
    6.231     1.148
    6.037     1.156
    5.361     1.153
    5.204     1.156
    5.073     1.154
    4.981     1.148
    4.907     1.137
    4.817     1.121
    4.713     1.100
    4.520     1.088
    5.427     1.004
    5.219     0.970
    4.997     0.930
    4.767     0.884
    4.546     0.834
    4.367     0.791
    4.294     0.776
    4.297     0.796
    4.424     0.822
    4.583     0.839
    4.748     0.838
    5.161     0.816
    5.302     0.777
    5.428     0.718
    5.538     0.643
    5.645     0.580
    6.204     0.643
    6.439     0.717
    6.171     0.773
    6.288     0.811
    6.376     0.832
    6.458     0.837
    6.260     0.834
    6.331     0.827
    6.389     0.823
    6.429     0.824
    6.451     0.832
    6.452     0.846
    6.431     0.869
    6.387     0.900
    6.327     0.937
    6.256     0.977
    6.182     1.016
    6.108     1.052
    6.039     1.083
    6.286     1.121
    6.247     1.142
    6.215     1.157
    6.190     1.168
    6.170     1.176
    6.158     1.180
    6.153     1.182
    6.133     1.180
    6.076     1.176
    5.986     1.169
    5.868     1.158
    5.725     1.144
    5.564     1.127
    5.390     1.106
    5.212     1.082
    5.036     1.057
    4.876     1.033
    4.743     1.011
    4.653     0.995
    4.618     0.989
    4.644     0.994
    4.726     1.008
    4.853     1.029
    5.010     1.053
    5.184     1.079
    5.039     1.013
    4.940     1.011
    4.862     1.016
    4.801     1.027
    4.761     1.042
    4.741     1.058
    4.741     1.074
    4.763     1.088
    4.795     1.098
    4.824     1.106
    4.859     1.110
    4.881     1.112
    4.874     1.112
    4.845     1.112
    4.473     1.112
    4.536     1.109
    4.669     1.106
    4.863     1.102
    5.105     1.099
    5.382     1.095
    5.673     1.090
    5.959     1.086
    6.216     1.082
    6.425     1.080
    6.575     1.079
    6.653     1.082
    6.653     1.087
    7.091     1.104
    6.951     1.114
    6.751     1.125
    6.531     1.135
    6.308     1.145
    5.602     1.145
    5.406     1.152
    5.233     1.155
    5.087     1.154
    4.982     1.148
    4.906     1.137
    4.817     1.121
    4.634     1.117
    4.523     1.089
    5.468     0.999
    5.261     0.968
    5.042     0.931
    4.819     0.889
    4.611     0.846
    4.452     0.812
    4.332     0.804
    4.375     0.817
    4.484     0.837
    4.630     0.848
    4.787     0.844
    5.198     0.818
    5.332     0.777
    5.454     0.718
    5.560     0.644
    5.433     0.000
    6.246     0.654
    6.473     0.727
    6.186     0.782
    6.300     0.820
    6.386     0.841
    6.183     0.849
    6.264     0.846
    6.336     0.838
    6.396     0.831
    6.441     0.827
    6.467     0.829
    6.471     0.838
    6.450     0.858
    6.404     0.889
    6.341     0.928
    6.267     0.970
    6.190     1.011
    6.387     1.058
    6.336     1.092
    6.289     1.119
    6.249     1.141
    6.217     1.156
    6.191     1.168
    6.171     1.175
    6.158     1.180
    6.153     1.182
    6.136     1.180
    6.083     1.176
    5.997     1.169
    5.884     1.159
    5.748     1.146
    5.595     1.130
    5.430     1.111
    5.262     1.089
    5.099     1.067
    4.951     1.044
    4.832     1.026
    4.754     1.013
    4.726     1.008
    4.754     1.013
    4.832     1.026
    4.951     1.044
    5.099     1.067
    5.143     1.003
    5.039     0.994
    4.937     0.993
    4.850     0.999
    4.782     1.012
    4.737     1.029
    4.712     1.047
    4.708     1.065
    4.723     1.079
    4.738     1.091
    4.750     1.098
    4.769     1.102
    4.785     1.104
    4.772     1.104
    4.750     1.103
    4.405     1.103
    4.487     1.099
    4.641     1.096
    4.859     1.092
    5.128     1.088
    5.432     1.083
    5.751     1.079
    6.064     1.074
    6.346     1.070
    6.573     1.067
    6.733     1.067
    6.815     1.070
    7.309     1.085
    7.233     1.095
    7.082     1.107
    6.868     1.119
    6.628     1.131
    6.386     1.142
    5.664     1.143
    5.451     1.151
    5.262     1.154
    5.103     1.153
    4.985     1.148
    4.820     1.156
    4.735     1.139
    4.637     1.118
    5.703     1.019
    5.516     0.995
    5.311     0.967
    5.095     0.933
    4.880     0.897
    4.685     0.860
    4.480     0.836
    4.423     0.829
    4.455     0.838
    4.549     0.853
    4.681     0.859
    5.102     0.848
    5.240     0.823
    5.369     0.781
    5.486     0.723
    6.016     0.657
    6.092     0.618
    6.306     0.675
    6.518     0.742
    6.691     0.795
    6.018     0.833
    6.102     0.853
    6.186     0.860
    6.268     0.856
    6.341     0.847
    6.404     0.837
    6.452     0.828
    6.482     0.824
    6.489     0.828
    6.469     0.846
    6.420     0.878
    6.353     0.919
    6.505     0.971
    6.448     1.015
    6.392     1.055
    6.339     1.090
    6.292     1.118
    6.251     1.140
    6.219     1.156
    6.192     1.167
    6.172     1.175
    6.158     1.180
    6.153     1.182
    6.139     1.181
    6.090     1.177
    6.009     1.170
    5.902     1.161
    5.773     1.149
    5.627     1.134
    5.472     1.116
    5.314     1.096
    5.163     1.076
    5.028     1.056
    4.921     1.040
    4.853     1.029
    4.832     1.026
    4.861     1.030
    4.935     1.042
    5.047     1.059
    4.516     1.003
    5.147     0.984
    5.039     0.974
    4.934     0.974
    4.837     0.982
    4.763     0.997
    4.713     1.016
    4.684     1.036
    4.676     1.055
    4.680     1.071
    4.677     1.082
    4.672     1.090
    4.675     1.093
    4.682     1.095
    4.664     1.094
    4.654     1.093
    4.337     1.092
    4.438     1.088
    4.613     1.084
    4.855     1.080
    5.151     1.076
    5.483     1.071
    5.833     1.066
    6.174     1.061
    6.480     1.057
    6.726     1.054
    6.896     1.054
    6.981     1.058
    7.460     1.074
    7.376     1.085
    7.214     1.099
    6.985     1.113
    6.725     1.126
    6.463     1.138
    5.727     1.141
    5.496     1.149
    5.293     1.153
    5.120     1.153
    4.904     1.168
    4.822     1.156
    4.739     1.140
    4.642     1.119
    5.754     1.012
    5.568     0.991
    5.366     0.966
    5.155     0.937
    4.877     0.909
    4.698     0.879
    4.569     0.858
    4.514     0.852
    4.537     0.859
    4.617     0.869
    4.736     0.871
    5.157     0.857
    5.287     0.830
    5.980     0.789
    6.039     0.735
    6.092     0.678
    6.191     0.656
    6.379     0.701
    6.573     0.760
    6.733     0.810
    6.021     0.845
    6.105     0.865
    6.189     0.871
    6.271     0.866
    6.346     0.855
    6.412     0.841
    6.464     0.827
    6.499     0.816
    6.509     0.815
    6.655     0.835
    6.620     0.870
    6.569     0.916
    6.512     0.964
    6.452     1.011
    6.395     1.052
    6.341     1.088
    6.293     1.117
    6.253     1.139
    6.220     1.155
    6.193     1.167
    6.172     1.175
    6.159     1.180
    6.153     1.182
    6.142     1.181
    6.097     1.178
    6.022     1.172
    5.921     1.163
    5.799     1.151
    5.662     1.137
    5.516     1.121
    5.369     1.103
    5.229     1.085
    5.106     1.068
    5.010     1.053
    4.951     1.044
    4.935     1.042
    4.986     1.054
    5.058     1.065
    4.622     1.004
    4.558     0.983
    5.151     0.963
    5.037     0.953
    4.927     0.953
    4.824     0.963
    4.745     0.981
    4.691     1.003
    4.658     1.025
    4.645     1.045
    4.634     1.062
    4.613     1.073
    4.591     1.080
    4.578     1.084
    4.575     1.085
    4.552     1.084
    4.557     1.082
    4.269     1.080
    4.388     1.076
    4.585     1.072
    4.851     1.067
    5.174     1.063
    5.537     1.057
    5.916     1.052
    6.287     1.047
    6.620     1.042
    6.885     1.039
    7.066     1.040
    7.151     1.045
    7.614     1.062
    7.520     1.075
    7.345     1.091
    7.101     1.106
    6.820     1.121
    6.539     1.135
    5.787     1.139
    5.541     1.148
    5.323     1.153
    5.064     1.174
    4.913     1.168
    4.825     1.157
    4.743     1.141
    5.970     1.022
    5.810     1.005
    5.626     0.986
    5.426     0.965
    5.146     0.945
    4.950     0.918
    4.780     0.894
    4.659     0.878
    4.605     0.874
    4.619     0.879
    4.687     0.885
    5.094     0.880
    5.215     0.867
    5.977     0.841
    6.052     0.800
    6.114     0.751
    6.180     0.705
    6.290     0.693
    6.459     0.730
    6.634     0.781
    6.780     0.826
    6.023     0.859
    6.107     0.877
    6.191     0.881
    6.274     0.876
    6.350     0.862
    6.419     0.844
    6.476     0.824
    6.653     0.809
    6.679     0.803
    6.671     0.819
    6.632     0.857
    6.577     0.907
    6.517     0.959
    6.455     1.007
    6.397     1.050
    6.343     1.087
    6.295     1.116
    6.254     1.138
    6.221     1.155
    6.193     1.167
    6.172     1.175
    6.159     1.180
    6.153     1.182
    6.145     1.181
    6.105     1.178
    6.036     1.173
    5.941     1.165
    5.826     1.154
    5.698     1.141
    5.561     1.126
    5.425     1.110
    5.319     1.103
    5.207     1.087
    5.121     1.075
    5.069     1.067
    5.058     1.065
    5.088     1.070
    4.700     1.010
    4.672     0.986
    4.603     0.962
    5.156     0.941
    5.034     0.930
    4.917     0.931
    4.811     0.943
    4.727     0.964
    4.670     0.989
    4.634     1.014
    4.614     1.036
    4.585     1.052
    4.546     1.064
    4.506     1.070
    4.477     1.073
    4.463     1.074
    4.440     1.072
    3.785     1.085
    3.845     1.080
    3.962     1.075
    4.555     1.058
    4.846     1.053
    5.198     1.048
    5.591     1.043
    6.003     1.037
    6.405     1.032
    6.764     1.027
    7.050     1.024
    7.240     1.025
    7.326     1.031
    7.770     1.049
    7.664     1.064
    7.474     1.082
    7.215     1.100
    6.913     1.117
    6.613     1.131
    5.846     1.136
    5.572     1.168
    5.306     1.174
    5.085     1.174
    4.923     1.168
    4.830     1.158
    4.750     1.142
    6.028     1.013
    5.870     0.998
    5.688     0.982
    5.415     0.970
    5.216     0.950
    5.027     0.928
    4.864     0.910
    4.749     0.898
    4.694     0.895
    4.701     0.898
    4.758     0.902
    5.165     0.894
    5.975     0.880
    6.059     0.853
    6.133     0.814
    6.200     0.770
    6.276     0.734
    6.389     0.729
    6.543     0.759
    6.701     0.804
    6.832     0.844
    6.025     0.873
    6.108     0.889
    6.193     0.892
    6.276     0.884
    6.460     0.870
    6.543     0.847
    6.614     0.821
    6.669     0.797
    6.696     0.785
    6.686     0.802
    6.642     0.845
    6.583     0.900
    6.520     0.955
    6.457     1.005
    6.398     1.049
    6.343     1.086
    6.295     1.115
    6.255     1.138
    6.221     1.155
    6.193     1.167
    6.172     1.175
    6.158     1.180
    6.153     1.182
    6.148     1.181
    6.113     1.179
    6.050     1.174
    5.988     1.179
    5.881     1.168
    5.760     1.156
    5.633     1.142
    5.505     1.127
    5.387     1.112
    5.285     1.098
    5.208     1.087
    5.164     1.081
    5.156     1.080
    4.740     1.019
    4.753     0.993
    4.725     0.966
    4.651     0.940
    5.160     0.917
    5.029     0.906
    4.904     0.908
    4.797     0.923
    4.711     0.948
    4.651     0.976
    4.611     1.003
    4.581     1.026
    4.534     1.042
    4.477     1.054
    4.420     1.060
    4.374     1.062
    4.347     1.062
    4.328     1.060
    3.708     1.071
    3.779     1.065
    3.909     1.059
    4.118     1.053
    4.403     1.047
    5.221     1.033
    5.646     1.028
    6.092     1.021
    6.526     1.015
    6.914     1.010
    7.221     1.007
    7.421     1.008
    7.505     1.016
    7.927     1.036
    7.807     1.053
    7.601     1.073
    7.325     1.093
    7.004     1.112
    6.684     1.128
    5.943     1.156
    5.620     1.167
    5.339     1.173
    5.106     1.173
    4.934     1.169
    4.835     1.159
    6.216     1.016
    6.090     1.002
    5.933     0.990
    5.676     0.983
    5.484     0.969
    5.290     0.954
    5.106     0.938
    4.950     0.925
    4.838     0.916
    4.782     0.915
    4.782     0.917
    5.146     0.914
    5.988     0.910
    6.069     0.893
    6.149     0.867
    6.222     0.831
    6.293     0.793
    6.376     0.765
    6.489     0.763
    6.629     0.789
    6.770     0.827
    6.237     0.867
    6.026     0.888
    6.178     0.902
    6.278     0.904
    6.376     0.894
    6.468     0.875
    6.553     0.848
    6.626     0.816
    6.684     0.783
    6.714     0.765
    6.700     0.785
    6.650     0.835
    6.587     0.894
    6.521     0.952
    6.457     1.004
    6.397     1.049
    6.343     1.086
    6.295     1.115
    6.255     1.138
    6.221     1.155
    6.193     1.167
    6.172     1.175
    6.186     1.193
    6.181     1.195
    6.178     1.195
    6.149     1.192
    6.091     1.188
    6.010     1.181
    5.910     1.171
    5.798     1.160
    5.680     1.147
    5.562     1.134
    5.454     1.120
    5.362     1.109
    5.294     1.099
    5.256     1.094
    4.735     1.029
    4.791     1.002
    4.811     0.974
    4.783     0.945
    4.702     0.917
    5.166     0.892
    5.021     0.880
    4.888     0.884
    4.782     0.903
    4.697     0.931
    4.635     0.963
    4.592     0.992
    4.547     1.016
    4.482     1.032
    4.406     1.043
    4.331     1.048
    4.268     1.050
    4.228     1.049
    3.596     1.060
    3.628     1.055
    3.709     1.049
    3.851     1.043
    4.076     1.036
    4.381     1.030
    4.756     1.023
    5.188     1.016
    5.655     1.009
    6.651     0.998
    7.069     0.992
    7.398     0.989
    7.606     0.991
    8.113     1.006
    8.085     1.021
    7.948     1.042
    7.724     1.064
    7.431     1.087
    6.180     1.116
    6.373     1.139
    6.005     1.154
    5.665     1.165
    5.371     1.172
    5.127     1.173
    4.946     1.169
    6.367     1.018
    6.279     1.003
    6.074     0.997
    5.922     0.987
    5.746     0.978
    5.556     0.969
    5.365     0.959
    5.187     0.948
    5.036     0.939
    4.927     0.934
    4.869     0.933
    4.863     0.935
    6.021     0.932
    6.093     0.924
    6.168     0.908
    6.244     0.882
    6.317     0.849
    6.391     0.817
    6.478     0.795
    6.588     0.796
    6.715     0.818
    6.162     0.855
    6.257     0.886
    6.090     0.903
    6.188     0.915
    6.288     0.914
    6.384     0.902
    6.476     0.880
    6.562     0.849
    6.637     0.810
    6.699     0.769
    6.733     0.743
    6.712     0.767
    6.655     0.826
    6.588     0.890
    6.521     0.951
    6.456     1.004
    6.396     1.049
    6.342     1.086
    6.326     1.122
    6.285     1.146
    6.250     1.164
    6.221     1.178
    6.200     1.188
    6.186     1.193
    6.181     1.195
    6.180     1.195
    6.156     1.193
    6.105     1.189
    6.031     1.182
    5.939     1.174
    5.836     1.164
    5.727     1.153
    5.619     1.140
    5.520     1.129
    5.438     1.118
    5.377     1.111
    4.689     1.038
    6.036     1.016
    4.847     0.985
    4.873     0.955
    4.846     0.923
    4.758     0.893
    5.172     0.866
    5.010     0.853
    4.870     0.858
    4.767     0.882
    4.685     0.915
    4.622     0.950
    4.574     0.981
    4.512     1.006
    4.428     1.022
    4.334     1.032
    4.240     1.036
    4.161     1.037
    4.107     1.034
    3.507     1.044
    3.546     1.039
    3.636     1.032
    3.789     1.025
    4.029     1.018
    4.353     1.011
    4.754     1.004
    5.217     0.997
    5.718     0.989
    6.225     0.982
    6.695     0.976
    7.078     0.974
    7.795     0.977
    7.924     0.989
    7.917     1.008
    8.087     1.030
    7.842     1.055
    7.729     1.087
    7.398     1.110
    6.441     1.136
    6.062     1.152
    5.706     1.164
    5.399     1.172
    6.191     1.049
    6.070     1.030
    6.000     1.011
    6.262     0.995
    6.144     0.985
    5.993     0.978
    5.818     0.974
    5.631     0.969
    5.443     0.964
    5.268     0.958
    5.121     0.953
    5.014     0.951
    4.954     0.951
    5.477     0.953
    6.134     0.948
    6.201     0.939
    6.271     0.922
    6.343     0.898
    6.416     0.869
    6.492     0.841
    6.581     0.825
    6.686     0.827
    6.087     0.851
    6.190     0.879
    6.526     0.906
    6.103     0.919
    6.199     0.927
    6.297     0.924
    6.392     0.910
    6.484     0.885
    6.569     0.849
    6.646     0.805
    6.713     0.754
    6.752     0.718
    6.721     0.753
    6.656     0.821
    6.586     0.890
    6.533     0.958
    6.476     1.010
    6.421     1.055
    6.371     1.092
    6.324     1.123
    6.283     1.147
    6.248     1.165
    6.220     1.179
    6.199     1.188
    6.186     1.193
    6.181     1.195
    6.181     1.195
    6.163     1.194
    6.119     1.190
    6.052     1.184
    5.968     1.177
    5.873     1.168
    5.774     1.158
    5.676     1.147
    5.586     1.137
    5.798     1.118
    4.705     1.048
    4.814     1.025
    6.028     1.000
    6.030     0.970
    5.996     0.937
    5.912     0.903
    5.773     0.869
    5.596     0.842
    4.995     0.824
    4.849     0.832
    4.753     0.861
    4.678     0.900
    4.614     0.938
    4.557     0.971
    4.476     0.996
    4.374     1.012
    4.260     1.020
    4.149     1.023
    4.052     1.022
    3.426     1.032
    3.416     1.027
    3.461     1.021
    3.558     1.014
    3.721     1.006
    3.975     0.999
    4.319     0.992
    4.746     0.984
    5.240     0.977
    5.779     0.969
    6.326     0.961
    6.832     0.954
    7.244     0.952
    7.954     0.956
    8.080     0.970
    8.057     0.993
    7.912     1.020
    8.099     1.052
    7.811     1.081
    6.511     1.132
    7.179     1.081
    6.903     1.078
    6.646     1.069
    6.437     1.054
    6.269     1.035
    6.147     1.014
    6.076     0.995
    6.015     0.982
    6.217     0.972
    6.066     0.969
    5.892     0.969
    5.706     0.969
    5.521     0.969
    5.349     0.967
    5.205     0.966
    5.677     0.967
    5.599     0.969
    6.223     0.967
    6.250     0.964
    6.311     0.954
    6.377     0.938
    6.446     0.915
    6.518     0.889
    7.144     0.880
    7.063     0.861
    7.033     0.859
    6.432     0.881
    6.494     0.904
    6.572     0.926
    6.658     0.941
    6.747     0.947
    6.305     0.935
    6.399     0.918
    6.490     0.890
    6.575     0.851
    6.653     0.801
    6.695     0.764
    6.753     0.705
    6.716     0.756
    6.655     0.830
    6.593     0.898
    6.532     0.959
    6.474     1.012
    6.419     1.056
    6.369     1.094
    6.322     1.124
    6.282     1.148
    6.247     1.166
    6.219     1.179
    6.198     1.188
    6.185     1.193
    6.181     1.195
    6.181     1.195
    6.169     1.194
    6.132     1.191
    6.072     1.186
    5.997     1.179
    5.910     1.171
    6.127     1.151
    6.032     1.142
    5.946     1.134
    4.603     1.056
    4.723     1.034
    4.846     1.009
    6.022     0.983
    6.037     0.951
    6.011     0.916
    5.927     0.879
    5.777     0.843
    5.575     0.813
    5.366     0.797
    4.826     0.806
    4.742     0.842
    4.676     0.886
    4.610     0.928
    4.541     0.962
    4.441     0.986
    4.319     1.001
    4.186     1.008
    4.056     1.010
    3.942     1.007
    3.331     1.015
    3.324     1.009
    3.373     1.002
    3.476     0.995
    3.648     0.987
    3.916     0.979
    4.279     0.971
    4.731     0.964
    5.259     0.956
    5.836     0.947
    6.425     0.938
    6.973     0.931
    7.414     0.929
    8.116     0.934
    8.235     0.951
    8.194     0.977
    8.421     1.011
    8.186     1.043
    7.000     1.099
    6.583     1.128
    7.266     1.072
    6.987     1.069
    6.726     1.058
    6.514     1.041
    6.346     1.020
    6.226     0.998
    6.156     0.978
    6.097     0.965
    6.291     0.958
    6.141     0.959
    5.966     0.964
    5.781     0.969
    5.598     0.973
    5.430     0.976
    5.923     0.978
    5.789     0.982
    5.707     0.985
    6.347     0.982
    6.366     0.979
    6.422     0.969
    6.925     1.004
    7.469     0.969
    7.334     0.933
    7.226     0.904
    6.455     0.897
    6.455     0.896
    6.488     0.908
    6.545     0.927
    6.618     0.945
    6.700     0.957
    6.784     0.960
    6.868     0.952
    6.366     0.963
    6.455     0.931
    6.543     0.885
    6.627     0.825
    6.707     0.753
    7.180     0.000
    6.716     0.756
    6.652     0.833
    6.589     0.902
    6.529     0.962
    6.471     1.015
    6.416     1.059
    6.365     1.096
    6.319     1.126
    6.279     1.149
    6.244     1.167
    6.217     1.180
    6.197     1.189
    6.184     1.194
    6.181     1.195
    6.181     1.195
    6.174     1.195
    6.144     1.192
    6.417     1.175
    6.345     1.170
    6.262     1.163
    6.175     1.156
    6.089     1.148
    4.490     1.064
    4.608     1.043
    4.740     1.019
    4.879     0.993
    6.020     0.965
    6.049     0.932
    6.034     0.894
    5.951     0.856
    5.789     0.817
    5.556     0.783
    5.315     0.765
    5.183     0.782
    4.737     0.824
    4.679     0.874
    4.611     0.918
    4.526     0.953
    4.407     0.977
    4.265     0.991
    4.112     0.996
    3.963     0.995
    3.330     1.002
    3.235     0.996
    3.230     0.989
    3.282     0.982
    3.389     0.974
    3.569     0.966
    3.849     0.958
    4.230     0.950
    4.709     0.942
    5.270     0.934
    5.889     0.925
    6.524     0.915
    7.116     0.907
    7.589     0.905
    8.282     0.911
    8.388     0.931
    8.682     0.964
    8.517     0.999
    7.455     1.056
    7.074     1.092
    7.635     1.059
    7.344     1.064
    7.064     1.059
    6.801     1.047
    6.589     1.028
    6.423     1.004
    6.305     0.980
    6.237     0.960
    6.181     0.948
    6.149     0.952
    5.999     0.957
    5.823     0.966
    5.856     0.969
    6.089     0.979
    5.878     0.987
    6.036     0.990
    5.900     0.995
    7.372     1.106
    7.251     1.095
    7.143     1.074
    7.801     1.052
    7.660     1.018
    7.524     0.984
    7.403     0.952
    6.537     0.938
    6.509     0.924
    6.512     0.924
    6.543     0.934
    6.597     0.949
    6.665     0.964
    6.742     0.973
    6.822     0.973
    6.290     0.986
    6.378     0.966
    6.466     0.931
    6.552     0.884
    6.634     0.824
    6.709     0.754
    6.755     0.705
    6.707     0.767
    6.645     0.841
    6.583     0.908
    6.523     0.968
    6.466     1.019
    6.411     1.063
    6.361     1.099
    6.316     1.128
    6.276     1.151
    6.242     1.168
    6.215     1.181
    6.195     1.189
    6.184     1.194
    6.181     1.195
    6.512     1.182
    6.510     1.182
    6.484     1.180
    6.437     1.177
    6.374     1.172
    6.299     1.166
    6.221     1.160
    4.376     1.071
    4.483     1.050
    4.611     1.028
    4.758     1.004
    4.913     0.977
    6.021     0.947
    6.067     0.912
    6.066     0.873
    5.987     0.832
    5.811     0.791
    5.541     0.754
    5.258     0.732
    5.141     0.757
    5.134     0.812
    4.690     0.864
    4.617     0.910
    4.513     0.945
    4.373     0.968
    4.211     0.980
    4.038     0.983
    3.394     0.990
    3.242     0.984
    3.140     0.976
    3.135     0.969
    3.188     0.961
    3.297     0.953
    3.484     0.944
    3.775     0.935
    4.174     0.927
    4.678     0.919
    5.274     0.911
    5.936     0.902
    6.620     0.891
    7.261     0.882
    8.021     0.885
    8.341     0.896
    8.822     0.916
    8.754     0.952
    7.870     1.006
    7.533     1.048
    7.136     1.087
    7.707     1.051
    7.414     1.056
    7.134     1.050
    6.871     1.035
    6.659     1.013
    6.497     0.987
    6.384     0.961
    6.398     0.947
    6.340     0.935
    6.231     0.936
    6.078     0.946
    6.652     0.949
    6.424     0.966
    6.197     0.982
    5.985     0.995
    6.965     1.124
    7.521     1.107
    7.393     1.107
    7.165     1.103
    7.038     1.083
    7.837     1.060
    7.706     1.029
    7.666     0.999
    6.632     0.983
    6.586     0.962
    6.563     0.950
    6.567     0.950
    6.597     0.958
    6.648     0.971
    6.712     0.982
    6.784     0.989
    6.219     1.001
    6.303     0.992
    6.389     0.969
    6.474     0.934
    6.557     0.886
    6.635     0.828
    6.702     0.766
    6.730     0.738
    6.692     0.787
    6.634     0.853
    6.574     0.917
    6.515     0.975
    6.459     1.025
    6.405     1.067
    6.356     1.102
    6.311     1.131
    6.272     1.153
    6.239     1.170
    6.213     1.182
    6.194     1.190
    6.514     1.181
    6.512     1.182
    6.512     1.182
    6.512     1.182
    6.494     1.181
    6.455     1.178
    6.400     1.174
    6.335     1.169
    4.271     1.079
    4.359     1.058
    4.473     1.036
    4.613     1.013
    4.774     0.988
    4.948     0.960
    6.026     0.929
    6.093     0.892
    6.109     0.851
    6.037     0.809
    5.849     0.766
    5.535     0.725
    5.196     0.699
    5.112     0.735
    5.135     0.800
    5.130     0.860
    4.627     0.904
    4.502     0.938
    4.341     0.959
    4.158     0.969
    3.965     0.969
    3.329     0.973
    3.152     0.965
    3.046     0.956
    3.039     0.947
    3.091     0.940
    3.202     0.931
    3.393     0.922
    3.693     0.912
    4.109     0.904
    4.638     0.896
    5.270     0.888
    5.977     0.879
    6.714     0.867
    7.613     0.861
    8.186     0.858
    8.512     0.870
    8.952     0.896
    8.236     0.948
    7.955     0.995
    7.596     1.041
    7.184     1.082
    7.769     1.044
    7.473     1.048
    7.195     1.040
    6.934     1.023
    6.725     0.999
    6.569     0.970
    6.543     0.948
    6.480     0.925
    6.425     0.915
    7.738     0.933
    7.654     0.962
    7.547     0.998
    7.425     1.036
    7.290     1.072
    7.145     1.101
    7.331     1.102
    7.473     1.116
    7.330     1.116
    7.189     1.107
    7.062     1.089
    7.995     1.071
    7.860     1.043
    5.900     1.015
    5.879     0.990
    5.866     0.973
    5.866     0.965
    5.885     0.968
    5.922     0.978
    5.973     0.992
    6.036     1.004
    6.108     1.012
    6.233     1.010
    6.315     0.998
    6.398     0.974
    6.480     0.938
    6.559     0.891
    6.631     0.837
    6.688     0.786
    6.705     0.770
    6.672     0.810
    6.620     0.869
    6.563     0.929
    6.506     0.983
    6.451     1.031
    6.398     1.072
    6.350     1.106
    6.306     1.134
    6.268     1.155
    6.549     1.160
    6.532     1.171
    6.520     1.178
    6.514     1.182
    6.512     1.182
    6.512     1.182
    6.512     1.182
    6.502     1.181
    6.471     1.179
    5.606     1.180
    4.180     1.089
    4.246     1.068
    4.339     1.045
    4.461     1.021
    4.612     0.997
    4.789     0.971
    5.925     0.943
    6.035     0.910
    6.126     0.872
    6.163     0.829
    6.103     0.786
    5.904     0.743
    5.546     0.700
    5.127     0.664
    5.113     0.720
    5.155     0.793
    5.147     0.855
    5.085     0.903
    4.493     0.932
    4.311     0.951
    4.106     0.958
    3.454     0.964
    3.261     0.955
    3.063     0.944
    2.952     0.934
    2.943     0.925
    2.993     0.917
    3.101     0.909
    3.296     0.899
    3.603     0.888
    4.034     0.879
    4.588     0.872
    5.255     0.865
    6.008     0.855
    6.959     0.845
    7.737     0.833
    8.357     0.829
    9.257     0.840
    9.349     0.874
    8.794     0.920
    8.587     0.963
    8.333     0.999
    8.041     1.026
    7.734     1.041
    7.783     1.053
    7.486     1.043
    7.216     1.023
    7.000     0.995
    6.858     0.963
    6.785     0.932
    7.908     0.891
    7.882     0.891
    7.820     0.910
    7.727     0.944
    7.610     0.984
    7.477     1.026
    7.334     1.065
    7.003     1.096
    7.636     1.104
    7.495     1.116
    7.353     1.118
    7.213     1.111
    8.173     1.103
    5.963     1.081
    5.937     1.055
    5.913     1.030
    5.895     1.008
    5.883     0.994
    5.884     0.988
    5.904     0.990
    5.940     0.998
    5.990     1.009
    6.052     1.019
    6.122     1.024
    6.245     1.019
    6.324     1.005
    6.405     0.980
    6.483     0.944
    6.558     0.900
    6.623     0.850
    6.670     0.809
    6.680     0.801
    6.651     0.834
    6.604     0.887
    6.550     0.942
    6.495     0.993
    6.441     1.039
    6.390     1.078
    5.598     1.097
    6.593     1.127
    6.568     1.147
    6.547     1.161
    6.530     1.172
    6.519     1.179
    6.513     1.182
    6.512     1.182
    5.680     1.186
    5.680     1.186
    5.676     1.186
    5.657     1.184
    4.108     1.099
    4.150     1.078
    4.219     1.055
    4.316     1.030
    4.446     1.005
    4.609     0.980
    4.802     0.953
    5.912     0.925
    6.047     0.891
    6.167     0.852
    6.231     0.808
    6.188     0.763
    5.981     0.722
    5.588     0.680
    2.754     0.000
    5.157     0.715
    5.194     0.790
    5.175     0.853
    5.093     0.900
    4.946     0.931
    4.755     0.948
    4.193     0.955
    3.409     0.949
    3.192     0.937
    2.975     0.923
    2.858     0.911
    2.845     0.902
    2.892     0.895
    2.997     0.886
    3.192     0.875
    3.504     0.864
    3.948     0.854
    4.527     0.848
    5.229     0.841
    6.139     0.833
    7.012     0.819
    7.861     0.805
    9.028     0.796
    9.395     0.814
    9.027     0.857
    8.865     0.907
    8.635     0.954
    8.370     0.992
    8.081     1.020
    8.135     1.044
    7.819     1.045
    7.525     1.034
    7.260     1.011
    7.048     0.979
    6.912     0.943
    8.054     0.882
    8.005     0.862
    7.974     0.863
    7.904     0.887
    7.800     0.926
    7.672     0.972
    7.374     1.017
    7.210     1.058
    7.204     1.095
    7.658     1.102
    7.517     1.116
    8.515     1.130
    6.113     1.125
    6.020     1.110
    5.972     1.090
    5.948     1.067
    5.926     1.044
    5.910     1.026
    5.899     1.014
    5.902     1.009
    5.922     1.011
    5.958     1.017
    6.007     1.026
    6.067     1.033
    6.135     1.035
    6.208     1.029
    6.333     1.013
    6.410     0.988
    6.484     0.953
    6.554     0.910
    6.612     0.867
    6.650     0.834
    6.655     0.830
    6.629     0.859
    6.586     0.906
    5.960     0.948
    5.861     0.994
    5.763     1.036
    5.670     1.072
    6.616     1.106
    6.588     1.130
    6.564     1.149
    5.750     1.167
    5.715     1.177
    5.692     1.183
    5.680     1.186
    5.680     1.186
    5.680     1.186
    5.680     1.186
    5.679     1.186
    4.085     1.101
    4.079     1.089
    4.118     1.067
    4.189     1.042
    4.290     1.015
    4.427     0.988
    4.602     0.962
    4.813     0.935
    5.050     0.906
    6.062     0.873
    6.215     0.832
    6.313     0.787
    6.294     0.742
    6.085     0.704
    5.678     0.669
    5.254     0.651
    5.245     0.719
    5.251     0.793
    5.212     0.853
    5.106     0.898
    4.933     0.927
    4.348     0.943
    4.158     0.944
    3.938     0.933
    3.122     0.917
    2.888     0.900
    2.765     0.887
    2.850     0.887
    2.865     0.878
    2.939     0.868
    3.109     0.854
    3.406     0.840
    3.849     0.830
    4.445     0.824
    5.185     0.819
    6.116     0.809
    7.054     0.794
    8.411     0.774
    9.178     0.765
    9.528     0.789
    9.114     0.840
    8.918     0.896
    8.669     0.946
    8.395     0.987
    8.456     1.024
    8.156     1.039
    7.845     1.039
    7.555     1.025
    7.296     0.999
    7.090     0.964
    8.250     0.891
    8.154     0.853
    8.104     0.831
    8.067     0.835
    7.987     0.865
    7.873     0.910
    7.594     0.959
    7.426     1.009
    7.392     1.055
    7.231     1.091
    7.679     1.101
    6.382     1.129
    6.245     1.134
    6.126     1.129
    6.032     1.117
    5.982     1.099
    5.959     1.078
    5.940     1.059
    5.925     1.042
    5.916     1.032
    5.920     1.029
    5.940     1.030
    5.975     1.035
    6.022     1.042
    6.080     1.047
    6.146     1.046
    6.217     1.039
    6.291     1.022
    5.839     0.989
    5.930     0.954
    6.017     0.915
    6.092     0.878
    6.137     0.853
    6.139     0.852
    6.094     0.877
    6.019     0.918
    5.930     0.962
    5.836     1.006
    6.038     1.051
    5.966     1.085
    5.900     1.114
    5.840     1.137
    5.787     1.155
    5.744     1.169
    5.711     1.178
    5.689     1.184
    5.680     1.186
    5.680     1.186
    5.680     1.186
    5.680     1.186
    4.158     1.108
    4.062     1.093
    4.052     1.080
    4.085     1.055
    4.156     1.027
    4.261     0.999
    4.405     0.970
    4.592     0.944
    4.820     0.917
    5.081     0.888
    6.080     0.855
    6.269     0.813
    6.408     0.766
    6.421     0.721
    6.215     0.689
    5.810     0.667
    5.447     0.671
    5.358     0.731
    5.321     0.799
    5.256     0.856
    5.123     0.898
    4.923     0.923
    4.333     0.936
    4.122     0.932
    3.873     0.917
    3.210     0.906
    2.941     0.885
    2.786     0.870
    2.734     0.862
    2.739     0.854
    2.803     0.843
    2.967     0.828
    3.261     0.812
    3.712     0.802
    4.330     0.798
    5.103     0.795
    6.058     0.784
    7.455     0.767
    8.490     0.746
    9.336     0.734
    9.645     0.765
    9.176     0.826
    8.943     0.888
    8.286     0.934
    8.026     0.977
    7.776     1.007
    7.530     1.024
    7.290     1.025
    7.078     1.012
    8.412     0.951
    8.171     0.913
    8.081     0.866
    8.000     0.824
    7.955     0.799
    7.905     0.806
    7.795     0.843
    7.705     0.893
    7.543     0.949
    7.366     1.003
    7.496     1.056
    7.341     1.096
    6.185     1.108
    6.011     1.127
    6.258     1.137
    6.138     1.134
    6.043     1.124
    5.991     1.108
    5.971     1.090
    5.953     1.072
    5.940     1.058
    5.932     1.050
    5.937     1.047
    5.957     1.048
    5.991     1.052
    6.037     1.057
    6.092     1.060
    6.156     1.058
    5.880     1.051
    5.739     1.023
    5.825     0.997
    5.911     0.965
    5.990     0.930
    6.056     0.898
    6.094     0.877
    6.092     0.878
    6.051     0.901
    5.982     0.937
    6.162     0.983
    6.091     1.023
    6.020     1.060
    5.951     1.092
    5.887     1.119
    5.829     1.141
    5.779     1.158
    5.738     1.171
    5.707     1.179
    5.687     1.184
    5.680     1.186
    5.680     1.186
    5.830     1.201
    4.316     1.113
    4.146     1.101
    4.041     1.084
    4.026     1.069
    4.052     1.042
    4.120     1.012
    4.227     0.981
    4.378     0.952
    4.576     0.924
    4.823     0.898
    5.108     0.871
    6.099     0.837
    6.328     0.795
    6.516     0.746
    6.572     0.701
    6.366     0.677
    5.966     0.671
    5.625     0.690
    5.479     0.745
    5.398     0.807
    5.305     0.861
    5.144     0.899
    4.542     0.923
    4.320     0.929
    4.086     0.921
    3.436     0.911
    3.129     0.884
    2.843     0.859
    2.679     0.844
    2.617     0.837
    2.612     0.831
    2.665     0.819
    2.817     0.801
    3.105     0.783
    3.562     0.774
    4.199     0.772
    5.004     0.771
    6.317     0.762
    7.426     0.745
    8.555     0.720
    8.782     0.699
    8.841     0.739
    8.526     0.807
    8.483     0.871
    8.210     0.927
    7.959     0.971
    7.723     1.002
    8.430     1.008
    8.320     1.001
    8.225     0.979
    8.144     0.943
    8.260     0.892
    8.189     0.841
    8.121     0.793
    8.076     0.765
    8.015     0.777
    7.915     0.820
    7.766     0.879
    7.590     0.939
    7.680     1.001
    7.521     1.052
    6.409     1.078
    6.202     1.108
    6.023     1.128
    5.876     1.137
    5.756     1.138
    5.667     1.132
    6.001     1.117
    5.982     1.101
    5.966     1.085
    5.954     1.073
    5.948     1.067
    5.582     1.076
    5.604     1.076
    5.639     1.078
    5.686     1.079
    5.742     1.078
    5.806     1.072
    5.860     1.059
    5.934     1.040
    6.010     1.014
    5.888     0.977
    5.961     0.945
    5.705     0.924
    5.745     0.907
    6.279     0.907
    6.249     0.928
    6.198     0.961
    6.136     0.998
    6.068     1.035
    6.001     1.069
    5.935     1.099
    5.874     1.124
    5.818     1.145
    5.770     1.161
    5.731     1.172
    5.703     1.180
    5.685     1.185
    5.680     1.186
    5.041     1.184
    4.509     1.113
    4.320     1.106
    4.138     1.094
    4.024     1.076
    4.000     1.058
    4.018     1.029
    4.082     0.996
    4.190     0.963
    4.346     0.932
    4.556     0.905
    4.821     0.880
    5.131     0.853
    6.118     0.821
    6.390     0.778
    6.633     0.727
    6.743     0.682
    6.529     0.669
    6.123     0.679
    5.785     0.709
    5.598     0.761
    5.477     0.818
    5.356     0.867
    5.167     0.901
    4.549     0.921
    4.309     0.923
    3.686     0.920
    3.381     0.894
    3.048     0.861
    2.746     0.832
    2.573     0.817
    2.503     0.813
    2.486     0.809
    2.524     0.796
    2.662     0.775
    2.938     0.754
    3.398     0.745
    4.364     0.745
    5.201     0.746
    6.204     0.740
    7.190     0.723
    8.332     0.693
    8.943     0.664
    9.010     0.722
    9.032     0.801
    8.839     0.869
    8.697     0.924
    8.591     0.965
    8.504     0.991
    8.420     1.000
    8.336     0.991
    8.268     0.966
    8.213     0.926
    8.347     0.872
    8.298     0.816
    8.090     0.759
    8.076     0.728
    8.020     0.750
    8.125     0.811
    7.973     0.880
    7.802     0.949
    7.625     1.013
    6.470     1.051
    6.430     1.076
    6.217     1.108
    6.033     1.129
    5.882     1.140
    5.761     1.142
    5.671     1.138
    5.626     1.128
    5.584     1.118
    5.581     1.106
    5.578     1.097
    5.577     1.092
    5.585     1.090
    5.607     1.090
    5.641     1.090
    5.686     1.090
    5.510     1.172
    5.578     1.149
    5.653     1.121
    5.731     1.089
    5.811     1.054
    5.887     1.018
    5.592     0.970
    5.657     0.944
    6.249     0.928
    6.243     0.931
    6.214     0.950
    6.167     0.979
    6.109     1.013
    6.045     1.047
    5.981     1.079
    5.918     1.106
    5.860     1.130
    5.807     1.149
    5.762     1.163
    5.725     1.174
    5.698     1.181
    5.046     1.183
    5.041     1.184
    4.720     1.110
    4.533     1.107
    4.328     1.099
    4.132     1.086
    4.008     1.066
    3.975     1.047
    3.985     1.015
    4.040     0.980
    4.148     0.944
    4.308     0.912
    4.530     0.885
    4.813     0.861
    5.148     0.837
    6.135     0.806
    6.450     0.764
    6.753     0.710
    6.933     0.661
    6.687     0.664
    6.266     0.690
    5.925     0.727
    5.709     0.778
    5.556     0.830
    5.406     0.874
    5.191     0.904
    4.558     0.920
    3.942     0.928
    3.656     0.909
    3.326     0.877
    2.969     0.838
    2.652     0.804
    2.471     0.790
    2.391     0.790
    2.361     0.788
    2.383     0.774
    2.501     0.749
    2.760     0.724
    3.500     0.716
    4.170     0.721
    5.031     0.725
    5.941     0.719
    7.021     0.704
    7.828     0.675
   14.572     0.000
    9.111     0.717
    8.866     0.796
    8.698     0.864
    8.586     0.919
    8.510     0.960
    8.453     0.985
    8.398     0.992
    8.343     0.982
    8.302     0.954
    8.238     0.897
    8.207     0.842
    8.202     0.783
    8.195     0.725
    8.387     0.688
    8.316     0.724
    8.188     0.795
    8.021     0.870
    7.837     0.942
    6.776     0.993
    6.496     1.049
    6.236     1.096
    6.004     1.135
    6.040     1.130
    5.887     1.143
    5.765     1.146
    5.637     1.145
    5.592     1.137
    5.586     1.126
    5.583     1.116
    5.581     1.108
    5.580     1.104
    5.338     1.220
    5.362     1.214
    5.398     1.205
    5.446     1.191
    5.504     1.173
    5.570     1.151
    5.641     1.125
    5.716     1.095
    5.791     1.063
    6.369     1.022
    6.407     0.992
    6.434     0.969
    6.214     0.950
    6.208     0.954
    6.180     0.971
    6.136     0.997
    6.082     1.028
    6.022     1.059
    5.961     1.088
    5.901     1.113
    5.846     1.135
    5.796     1.153
    5.753     1.166
    5.096     1.174
    5.062     1.180
    5.043     1.184
    4.938     1.102
    4.763     1.103
    4.560     1.099
    4.338     1.091
    4.130     1.077
    3.995     1.057
    3.951     1.035
    3.951     1.001
    3.997     0.962
    4.102     0.924
    4.265     0.890
    4.497     0.864
    4.799     0.843
    5.157     0.822
    6.148     0.794
    6.503     0.752
    6.864     0.696
    7.141     0.640
    6.818     0.664
    6.386     0.703
    6.045     0.746
    5.809     0.795
    5.631     0.843
    5.456     0.883
    4.834     0.911
    4.567     0.920
    3.936     0.923
    3.627     0.899
    3.274     0.861
    2.891     0.814
    2.560     0.775
    2.372     0.764
    2.284     0.770
    2.240     0.769
    2.244     0.753
    2.338     0.723
    2.829     0.691
    3.281     0.688
    3.967     0.699
    4.766     0.704
    5.396     0.701
    6.469     0.688
    7.635     0.664
    8.918     0.648
    8.832     0.718
    8.650     0.794
    8.527     0.861
    8.455     0.916
    8.414     0.956
    8.389     0.980
    8.364     0.986
    8.340     0.973
    8.289     0.927
    8.262     0.878
    8.259     0.820
    8.284     0.756
    8.519     0.689
    8.477     0.648
    8.393     0.703
    8.246     0.783
    8.062     0.862
    7.866     0.938
    6.805     0.991
    6.516     1.047
    6.249     1.096
    6.011     1.135
    5.684     1.163
    5.517     1.186
    5.388     1.201
    5.639     1.150
    5.331     1.221
    5.329     1.223
    5.329     1.223
    5.329     1.223
    5.329     1.223
    5.337     1.221
    5.360     1.215
    5.395     1.206
    5.441     1.193
    5.497     1.176
    5.560     1.155
    5.629     1.130
    5.700     1.102
    6.313     1.063
    6.353     1.034
    6.387     1.008
    6.411     0.989
    6.421     0.980
    6.173     0.976
    6.147     0.991
    6.106     1.015
    6.055     1.042
    5.998     1.070
    5.941     1.097
    5.884     1.120
    5.257     1.138
    5.190     1.154
    5.133     1.167
    5.088     1.176
    5.057     1.181
    5.149     1.091
    4.999     1.094
    4.810     1.095
    4.590     1.092
    4.351     1.084
    4.131     1.069
    3.995     1.053
    3.927     1.023
    3.916     0.986
    3.952     0.945
    4.051     0.903
    4.215     0.868
    4.457     0.843
    4.778     0.825
    5.159     0.808
    6.155     0.783
    6.542     0.744
    6.947     0.689
   10.127     0.000
    6.898     0.674
    6.478     0.720
    6.145     0.766
    5.897     0.813
    5.701     0.857
    5.504     0.892
    4.966     0.916
    4.218     0.931
    3.929     0.919
    3.599     0.890
    3.224     0.845
    2.818     0.791
    2.471     0.745
    2.280     0.739
    2.184     0.752
    2.124     0.754
    2.110     0.736
    2.436     0.698
    2.600     0.660
    3.063     0.663
    3.737     0.678
    4.247     0.684
    5.168     0.683
    6.228     0.676
    7.324     0.661
    8.408     0.665
    8.481     0.724
    8.392     0.795
    8.330     0.860
    8.305     0.914
    8.304     0.953
    8.314     0.976
    8.321     0.980
    8.297     0.950
    8.276     0.912
    8.277     0.860
    8.305     0.798
    8.620     0.719
    8.614     0.662
    8.427     0.000
    8.467     0.690
    8.297     0.775
    8.097     0.858
    7.142     0.924
    6.826     0.990
    6.529     1.047
    6.256     1.096
    5.896     1.133
    5.684     1.164
    5.515     1.186
    5.463     1.208
    5.373     1.217
    5.331     1.222
    5.329     1.223
    5.329     1.223
    5.329     1.223
    5.329     1.223
    5.336     1.221
    5.358     1.215
    5.391     1.207
    5.436     1.194
    5.489     1.178
    5.550     1.158
    6.217     1.124
    6.259     1.099
    6.299     1.072
    6.336     1.046
    6.367     1.023
    6.388     1.007
    6.396     1.001
    6.390     1.006
    6.371     1.020
    6.075     1.031
    6.027     1.056
    5.975     1.082
    5.384     1.104
    5.308     1.125
    5.237     1.143
    5.173     1.158
    5.120     1.169
    5.079     1.177
    5.341     1.075
    5.228     1.081
    5.064     1.085
    4.858     1.086
    4.622     1.084
    4.366     1.076
    4.134     1.060
    3.985     1.042
    3.904     1.010
    3.881     0.971
    3.905     0.926
    3.994     0.882
    4.159     0.845
    4.410     0.821
    4.750     0.809
    5.152     0.797
    6.154     0.776
    6.564     0.741
    6.980     0.690
    7.250     0.650
    6.923     0.692
    6.543     0.740
    6.225     0.786
    5.974     0.831
    5.764     0.871
    5.256     0.904
    4.992     0.921
    4.225     0.932
    3.922     0.917
    3.573     0.883
    3.178     0.832
    2.751     0.770
    2.385     0.715
    2.196     0.719
    2.094     0.739
    1.966     0.739
    1.970     0.720
    2.034     0.678
    2.467     0.628
    2.667     0.644
    3.268     0.660
    4.000     0.665
    4.905     0.667
    5.935     0.667
    6.938     0.663
    7.912     0.679
    8.095     0.732
    8.106     0.798
    8.112     0.861
    8.140     0.913
    8.182     0.951
    8.228     0.973
    8.256     0.962
    8.248     0.939
    8.254     0.898
    8.627     0.810
    8.646     0.754
    8.690     0.695
    8.712     0.641
    8.668     0.617
    7.910     0.686
    7.529     0.772
    7.119     0.856
    6.655     0.936
    6.839     0.990
    6.435     1.046
    6.148     1.095
    5.806     1.130
    5.748     1.170
    5.583     1.193
    5.460     1.208
    5.372     1.218
    5.330     1.222
    5.329     1.223
    5.329     1.223
    5.329     1.223
    5.329     1.223
    5.335     1.221
    5.355     1.216
    5.387     1.208
    5.430     1.196
    5.481     1.181
    6.170     1.150
    6.208     1.129
    6.247     1.106
    6.285     1.082
    6.319     1.059
    6.346     1.039
    6.364     1.025
    6.371     1.020
    6.364     1.025
    6.250     1.041
    6.219     1.061
    6.181     1.084
    6.139     1.109
    5.355     1.112
    5.283     1.132
    5.217     1.148
    5.157     1.162
    5.108     1.172
    5.501     1.058
    5.436     1.064
    5.310     1.070
    5.131     1.075
    4.910     1.078
    4.657     1.076
    4.384     1.067
    4.139     1.051
    3.977     1.032
    3.881     0.998
    3.846     0.956
    3.857     0.908
    3.934     0.859
    4.095     0.820
    4.357     0.800
    4.715     0.793
    5.653     0.787
    6.038     0.772
    6.567     0.742
    6.962     0.702
    7.148     0.681
    6.914     0.716
    6.585     0.761
    6.288     0.806
    6.039     0.849
    5.822     0.886
    5.293     0.914
    4.531     0.938
    4.232     0.935
    3.915     0.915
    3.550     0.877
    3.138     0.822
    2.692     0.752
    2.305     0.683
    2.738     0.704
    1.906     0.726
    1.846     0.730
    1.836     0.709
    1.646     0.663
    0.840     0.000
    2.465     0.629
    3.035     0.643
    3.733     0.646
    4.613     0.652
    5.603     0.660
    6.516     0.666
    7.432     0.690
    7.697     0.740
    7.802     0.802
    7.881     0.862
    7.963     0.914
    8.269     0.961
    8.143     0.960
    8.170     0.955
    8.190     0.929
    8.595     0.841
    8.627     0.789
    8.675     0.731
    8.163     0.674
    8.371     0.626
    8.304     0.622
    7.985     0.687
    7.574     0.773
    7.101     0.858
    6.669     0.937
    6.689     0.989
    6.359     1.045
    6.062     1.093
    5.952     1.140
    5.743     1.171
    5.578     1.194
    5.457     1.209
    5.370     1.218
    5.330     1.222
    5.329     1.223
    5.329     1.223
    5.329     1.223
    5.329     1.223
    5.334     1.221
    5.352     1.217
    5.383     1.209
    6.099     1.183
    6.129     1.170
    6.162     1.153
    6.198     1.134
    6.235     1.113
    6.270     1.092
    6.301     1.071
    6.326     1.054
    6.341     1.042
    6.250     1.041
    6.242     1.046
    6.223     1.058
    6.194     1.076
    6.158     1.097
    6.119     1.119
    6.078     1.140
    5.259     1.138
    5.197     1.153
    5.142     1.165
    5.622     1.040
    5.610     1.044
    5.534     1.051
    5.395     1.059
    5.201     1.065
    4.963     1.069
    4.694     1.067
    4.404     1.059
    4.146     1.043
    5.452     1.008
    5.317     0.971
    3.812     0.941
    3.809     0.889
    3.869     0.837
    4.024     0.795
    4.296     0.778
    5.317     0.777
    5.686     0.779
    6.076     0.770
    6.459     0.748
    6.913     0.719
    7.056     0.712
    6.886     0.742
    6.609     0.785
    6.337     0.828
    6.095     0.867
    5.574     0.902
    5.562     0.927
    4.545     0.945
    4.237     0.939
    3.908     0.916
    3.530     0.875
    4.301     0.825
    3.585     0.744
    1.681     0.000
    1.920     0.692
    1.804     0.721
    1.737     0.725
    1.469     0.703
    1.772     0.656
    1.874     0.608
    2.278     0.620
    2.799     0.627
    3.446     0.627
    4.301     0.638
    5.249     0.655
    6.084     0.669
    6.969     0.698
    7.301     0.747
    7.491     0.806
    7.831     0.872
    7.993     0.924
    8.130     0.961
    8.022     0.956
    8.428     0.901
    8.506     0.869
    8.562     0.823
    7.489     0.774
    7.920     0.712
    8.295     0.654
    8.521     0.613
    8.404     0.624
    8.010     0.691
    7.564     0.776
    7.059     0.859
    6.609     0.938
    6.684     0.991
    6.352     1.048
    6.195     1.103
    5.944     1.142
    5.735     1.173
    5.571     1.195
    5.451     1.210
    5.367     1.219
    5.329     1.222
    5.329     1.223
    5.329     1.223
    5.329     1.223
    5.329     1.223
    5.333     1.222
    6.054     1.202
    6.071     1.195
    6.095     1.185
    6.123     1.173
    6.154     1.157
    6.188     1.140
    6.222     1.121
    6.254     1.101
    6.283     1.083
    6.305     1.068
    6.219     1.061
    6.223     1.058
    6.215     1.063
    6.197     1.075
    6.170     1.091
    6.136     1.110
    5.576     1.124
    5.829     1.148
    5.785     1.165
    5.743     1.179
    5.712     1.024
    5.740     1.025
    5.722     1.030
    5.635     1.038
    5.481     1.047
    5.272     1.055
    5.018     1.059
    4.733     1.059
    4.427     1.051
    5.697     1.024
    5.521     0.994
    5.377     0.956
    5.238     0.909
    3.760     0.872
    3.801     0.814
    3.945     0.769
    5.008     0.753
    5.336     0.764
    5.722     0.774
    6.110     0.772
    6.472     0.757
    6.750     0.740
    6.974     0.741
    6.852     0.769
    6.621     0.809
    6.374     0.849
    6.500     0.885
    5.827     0.919
    5.596     0.939
    4.556     0.953
    6.028     0.979
    5.507     0.942
    4.906     0.889
    4.240     0.822
    3.526     0.743
    2.032     0.664
    1.837     0.697
    1.715     0.722
    1.378     0.725
    1.658     0.700
    1.652     0.656
    1.766     0.617
    2.102     0.615
    2.561     0.613
    3.144     0.607
    3.982     0.627
    4.887     0.652
    5.746     0.673
    6.525     0.704
    7.007     0.754
    7.329     0.815
    7.588     0.875
    7.805     0.926
    7.987     0.962
    7.877     0.951
    6.043     0.921
    6.579     0.873
    7.091     0.815
    7.571     0.752
    8.011     0.690
    8.409     0.634
    8.668     0.598
    8.439     0.625
    8.002     0.696
    7.525     0.781
    7.052     0.865
    6.566     0.942
    6.792     1.001
    6.471     1.058
    6.183     1.106
    5.932     1.145
    5.724     1.175
    5.562     1.197
    5.445     1.211
    5.363     1.219
    5.329     1.222
    5.329     1.223
    5.329     1.223
    5.329     1.223
    5.329     1.223
    6.043     1.206
    6.052     1.202
    6.068     1.196
    6.090     1.187
    6.116     1.176
    6.146     1.162
    6.178     1.146
    6.209     1.128
    6.239     1.111
    6.159     1.097
    6.181     1.084
    5.717     1.072
    5.721     1.070
    5.709     1.075
    5.683     1.085
    5.646     1.099
    5.894     1.121
    5.853     1.138
    5.810     1.155
    5.768     1.171
    5.758     1.011
    5.834     1.007
    5.862     1.008
    5.836     1.014
    5.738     1.024
    5.570     1.034
    5.345     1.044
    5.075     1.050
    4.773     1.050
    5.993     1.032
    5.781     1.011
    5.601     0.981
    5.448     0.941
    5.297     0.892
    5.121     0.835
    4.946     0.777
    3.859     0.742
    5.003     0.732
    5.368     0.755
    5.764     0.772
    6.143     0.777
    6.477     0.770
    6.712     0.763
    6.759     0.770
    6.816     0.797
    6.624     0.833
    6.717     0.870
    6.554     0.903
    5.862     0.935
    6.839     1.009
    6.451     1.002
    5.984     0.980
    5.461     0.942
    4.861     0.890
    4.198     0.825
    3.503     0.753
    1.972     0.687
    1.844     0.707
    1.362     0.729
    1.617     0.727
    1.560     0.702
    1.551     0.660
    1.657     0.624
    1.934     0.610
    2.332     0.600
    2.831     0.587
    3.674     0.619
    4.583     0.650
    5.323     0.674
    6.133     0.708
    6.631     0.758
    7.024     0.819
    7.347     0.879
    7.411     0.913
    4.963     0.958
    5.532     0.941
    6.092     0.906
    6.636     0.855
    7.154     0.795
    7.637     0.731
    8.080     0.670
    8.493     0.616
    8.782     0.581
    8.470     0.626
    7.991     0.704
    7.497     0.790
    7.008     0.872
    6.541     0.949
    6.101     1.017
    6.452     1.063
    6.165     1.109
    5.916     1.148
    5.710     1.177
    5.552     1.198
    5.437     1.212
    5.359     1.220
    5.329     1.222
    5.329     1.223
    5.329     1.223
    6.041     1.207
    6.041     1.207
    6.042     1.206
    6.050     1.203
    6.065     1.198
    6.085     1.189
    6.110     1.179
    6.138     1.166
    6.167     1.151
    5.550     1.133
    5.596     1.117
    5.635     1.103
    5.664     1.092
    5.681     1.086
    5.683     1.085
    5.672     1.089
    5.933     1.103
    5.904     1.116
    5.869     1.131
    5.830     1.147
    5.791     1.163
    5.971     1.008
    6.094     0.998
    5.960     0.988
    5.987     0.990
    5.954     0.998
    5.843     1.009
    5.661     1.021
    5.420     1.032
    5.133     1.040
    4.815     1.042
    6.086     1.021
    5.874     0.999
    5.692     0.967
    5.532     0.926
    5.370     0.875
    5.174     0.816
    4.958     0.752
    4.778     0.703
    5.015     0.714
    5.417     0.749
    5.814     0.773
    6.177     0.784
    6.479     0.785
    6.678     0.785
    6.709     0.798
    6.576     0.824
    6.930     0.857
    6.760     0.891
    7.694     0.974
    7.086     1.007
    6.792     1.014
    6.407     1.006
    5.944     0.983
    5.424     0.945
    4.828     0.894
    2.710     0.777
    2.325     0.730
    2.001     0.708
    1.960     0.723
    1.821     0.736
    1.252     0.717
    1.218     0.690
    1.244     0.652
    1.552     0.629
    1.775     0.604
    2.123     0.591
    0.875     0.000
    3.408     0.616
    4.156     0.648
    5.092     0.673
    5.726     0.709
    6.273     0.761
    6.731     0.824
    6.939     0.872
    4.406     0.947
    4.990     0.948
    5.568     0.930
    6.134     0.892
    6.683     0.839
    7.205     0.775
    7.686     0.710
    8.092     0.650
    8.503     0.600
   11.806     0.000
    8.435     0.633
    7.954     0.715
    7.455     0.800
    6.968     0.882
    6.503     0.957
    6.067     1.023
    6.427     1.068
    6.143     1.114
    5.897     1.151
    5.694     1.180
    5.539     1.200
    5.429     1.213
    5.355     1.220
    5.329     1.223
    5.329     1.223
    6.041     1.207
    6.041     1.207
    6.041     1.207
    6.042     1.206
    6.048     1.204
    6.062     1.199
    6.080     1.191
    6.103     1.182
    5.439     1.167
    5.484     1.154
    5.529     1.140
    5.570     1.126
    5.605     1.114
    5.631     1.105
    5.646     1.099
    5.647     1.099
    5.924     1.107
    5.905     1.116
    5.878     1.128
    5.845     1.142
    5.809     1.156
    5.910     1.003
    6.078     0.988
    6.209     0.977
    6.088     0.968
    6.114     0.971
    6.073     0.980
    5.949     0.993
    5.752     1.007
    5.495     1.021
    5.192     1.031
    6.408     1.021
    6.187     1.009
    5.977     0.987
    5.794     0.954
    5.630     0.912
    5.460     0.860
    5.247     0.799
    4.992     0.731
    4.738     0.671
    5.063     0.703
    5.487     0.747
    5.874     0.778
    6.213     0.794
    6.483     0.801
    6.650     0.808
    6.669     0.824
    8.190     0.878
    8.191     0.917
    7.779     0.957
    7.643     0.985
    7.034     1.016
    6.746     1.020
    6.365     1.011
    5.909     0.987
    5.395     0.950
    2.987     0.821
    2.646     0.778
    2.275     0.741
    2.119     0.729
    1.917     0.738
    1.273     0.730
    1.184     0.719
    1.142     0.692
    1.160     0.654
    1.264     0.617
    1.473     0.587
    1.812     0.581
    2.356     0.580
    3.107     0.619
    3.823     0.648
    4.705     0.671
    5.341     0.708
    5.936     0.764
    3.272     0.878
    3.837     0.917
    4.424     0.938
    5.016     0.939
    5.600     0.919
    6.169     0.879
    6.721     0.823
    7.156     0.755
    7.668     0.689
    8.100     0.632
    8.467     0.588
    8.717     0.577
    8.356     0.645
    7.879     0.728
    7.391     0.812
    6.913     0.892
    6.453     0.966
    6.023     1.031
    6.396     1.074
    6.116     1.119
    5.874     1.155
    5.676     1.182
    5.526     1.202
    5.420     1.214
    5.350     1.221
    6.041     1.207
    6.041     1.207
    6.041     1.207
    6.041     1.207
    6.041     1.207
    6.041     1.206
    6.047     1.204
    6.058     1.200
    5.350     1.190
    5.385     1.181
    5.425     1.171
    5.466     1.159
    5.507     1.147
    5.545     1.135
    5.576     1.124
    5.599     1.116
    5.904     1.116
    5.905     1.116
    5.895     1.120
    5.877     1.128
    5.852     1.139
    5.822     1.151
    5.803     1.004
    6.008     0.984
    6.188     0.966
    6.326     0.955
    6.413     0.952
    6.244     0.951
    6.194     0.961
    6.056     0.976
    5.844     0.993
    5.570     1.009
    6.704     1.011
    6.514     1.009
    6.296     0.998
    6.089     0.975
    5.908     0.942
    5.742     0.898
    5.568     0.846
    5.345     0.784
    5.066     0.715
    2.114     0.000
    5.164     0.701
    5.580     0.751
    5.945     0.785
    6.254     0.806
    6.490     0.819
    6.629     0.831
    8.047     0.866
    8.142     0.899
    7.813     0.937
    7.725     0.971
    7.182     1.009
    6.983     1.025
    6.703     1.028
    6.326     1.017
    3.461     0.898
    3.214     0.856
    2.921     0.816
    2.591     0.781
    2.372     0.756
    2.093     0.747
    1.360     0.738
    1.221     0.737
    1.126     0.722
    1.077     0.693
    1.086     0.656
    1.167     0.615
    1.331     0.575
    1.769     0.583
    2.233     0.595
    2.882     0.626
    3.511     0.648
    1.619     0.706
    4.811     0.703
    2.732     0.814
    3.272     0.869
    3.849     0.910
    4.443     0.932
    5.040     0.932
    5.627     0.910
    6.021     0.862
    6.613     0.805
    7.177     0.737
    7.680     0.669
    8.029     0.615
    8.350     0.578
    8.497     0.591
    8.217     0.661
    7.779     0.743
    7.310     0.826
    6.843     0.904
    6.393     0.976
    5.970     1.039
    5.582     1.094
    6.085     1.124
    5.849     1.158
    5.656     1.185
    5.511     1.204
    5.410     1.215
    6.055     1.205
    6.041     1.207
    6.041     1.207
    6.041     1.207
    6.041     1.207
    6.041     1.207
    5.293     1.203
    5.300     1.201
    5.317     1.198
    5.342     1.192
    5.374     1.184
    5.410     1.174
    5.448     1.164
    5.486     1.153
    5.520     1.143
    5.853     1.138
    5.869     1.131
    5.878     1.128
    5.877     1.128
    5.868     1.132
    5.851     1.139
    5.827     1.148
    5.656     1.007
    5.888     0.985
    6.108     0.963
    6.299     0.944
    6.447     0.932
    6.537     0.929
    6.376     0.930
    6.315     0.942
    6.164     0.959
    5.935     0.979
    5.644     0.998
    6.812     0.999
    6.625     0.998
    6.413     0.986
    6.211     0.963
    6.034     0.929
    5.870     0.886
    5.697     0.833
    5.474     0.773
    5.199     0.708
    4.975     0.663
    5.318     0.709
    5.694     0.758
    6.025     0.794
    6.299     0.819
    6.502     0.837
    7.818     0.862
    8.013     0.888
    8.101     0.919
    7.760     0.955
    7.264     0.997
    7.125     1.021
    6.934     1.034
    3.790     0.973
    3.607     0.928
    3.392     0.885
    3.146     0.845
    2.861     0.811
    2.646     0.786
    2.349     0.768
    1.515     0.751
    1.323     0.749
    1.178     0.743
    1.077     0.725
    1.022     0.695
    1.023     0.657
    1.084     0.614
    0.557     0.000
    1.666     0.591
    2.119     0.610
    1.273     0.648
    1.415     0.670
    1.620     0.690
    1.886     0.738
    2.726     0.805
    3.280     0.864
    3.865     0.906
    4.464     0.927
    4.792     0.912
    5.416     0.893
    6.027     0.852
    6.620     0.792
    7.184     0.720
    7.580     0.647
    7.968     0.602
    8.185     0.570
    8.285     0.607
    8.057     0.679
    7.659     0.761
    7.213     0.842
    6.761     0.918
    6.323     0.987
    5.919     1.048
    5.541     1.101
    5.203     1.145
    5.821     1.163
    5.634     1.188
    6.188     1.190
    6.103     1.201
    6.051     1.206
    6.041     1.207
    6.041     1.207
    6.041     1.207
    5.293     1.203
    5.293     1.203
    5.293     1.203
    5.298     1.202
    5.312     1.199
    5.335     1.193
    5.363     1.187
    5.396     1.178
    5.431     1.169
    5.465     1.159
    5.810     1.155
    5.830     1.147
    5.845     1.142
    5.852     1.139
    5.851     1.139
    5.842     1.143
    5.826     1.149
    5.481     1.012
    5.727     0.990
    5.974     0.965
    6.209     0.941
    6.413     0.920
    6.569     0.907
    6.662     0.904
    7.317     0.911
    7.331     0.924
    7.293     0.942
    7.207     0.960
    7.078     0.977
    6.923     0.986
    6.742     0.986
    6.537     0.975
    6.341     0.952
    6.171     0.917
    6.012     0.874
    5.846     0.822
    5.634     0.766
    5.389     0.711
    5.250     0.686
    5.505     0.722
    5.825     0.769
    6.112     0.806
    6.348     0.834
    7.540     0.859
    7.807     0.882
    7.061     0.911
    7.738     0.941
    7.712     0.972
    7.205     1.012
    7.070     1.033
    3.867     1.003
    3.732     0.959
    3.541     0.913
    3.325     0.871
    3.137     0.837
    2.880     0.809
    2.615     0.790
    2.337     0.780
    1.491     0.763
    1.295     0.759
    1.145     0.749
    1.038     0.729
    0.978     0.697
    0.971     0.658
    1.022     0.616
    1.279     0.584
    1.595     0.604
    1.170     0.630
    1.279     0.653
    1.444     0.665
    1.587     0.671
    2.216     0.727
    2.732     0.800
    3.296     0.861
    3.538     0.881
    4.157     0.904
    4.788     0.906
    5.413     0.885
    6.024     0.843
    6.366     0.766
    7.005     0.697
    7.560     0.628
    7.884     0.594
    7.110     0.000
    8.086     0.626
    7.888     0.700
    7.526     0.780
    7.103     0.859
    6.676     0.932
    6.253     0.999
    5.852     1.058
    5.484     1.109
    5.156     1.151
    5.924     1.173
    5.462     1.189
    6.178     1.191
    6.094     1.202
    5.474     1.194
    5.467     1.194
    5.293     1.203
    5.293     1.203
    5.293     1.203
    5.293     1.203
    5.293     1.203
    5.296     1.202
    5.307     1.200
    5.327     1.195
    5.353     1.189
    5.383     1.182
    5.743     1.179
    5.768     1.171
    5.791     1.163
    5.809     1.156
    5.822     1.151
    5.827     1.148
    5.826     1.149
    5.817     1.152
    5.290     1.014
    5.536     0.996
    5.798     0.972
    6.061     0.945
    6.311     0.917
    6.528     0.894
    6.692     0.881
    6.789     0.879
    7.417     0.887
    7.437     0.903
    7.400     0.923
    7.315     0.944
    7.188     0.963
    7.037     0.974
    6.862     0.975
    6.666     0.964
    6.480     0.940
    6.319     0.906
    6.171     0.862
    6.017     0.813
    5.823     0.762
    5.619     0.718
    5.518     0.706
    5.708     0.738
    5.966     0.781
    6.206     0.819
    6.575     0.851
    6.790     0.878
    6.940     0.903
    7.004     0.931
    6.796     0.964
    6.690     0.993
    4.008     1.060
    3.918     1.030
    3.820     0.991
    3.676     0.945
    3.476     0.898
    3.314     0.858
    3.079     0.826
    2.838     0.805
    2.595     0.793
    1.723     0.779
    1.474     0.773
    1.275     0.768
    1.121     0.755
    1.010     0.732
    0.945     0.698
    0.933     0.659
    1.148     0.626
    1.260     0.604
    1.116     0.622
    1.007     0.632
    1.034     0.640
    1.105     0.635
    1.230     0.626
    1.738     0.688
    2.368     0.773
    2.924     0.833
    3.524     0.876
    4.148     0.899
    4.780     0.901
    5.012     0.844
    5.672     0.810
    6.332     0.757
    6.972     0.685
    7.531     0.610
    7.782     0.595
    7.870     0.592
    7.901     0.650
    7.717     0.724
    7.388     0.801
    6.990     0.876
    6.575     0.947
    6.167     1.011
    5.779     1.068
    5.423     1.117
    5.638     1.143
    5.662     1.164
    5.445     1.191
    5.607     1.184
    5.516     1.192
    5.471     1.194
    5.293     1.203
    5.293     1.203
    5.293     1.203
    5.293     1.203
    5.293     1.203
    5.293     1.203
    5.294     1.203
    5.303     1.201
    5.320     1.197
    5.686     1.198
    5.707     1.191
    5.730     1.184
    5.752     1.176
    5.772     1.169
    5.788     1.163
    5.799     1.159
    5.804     1.157
    5.802     1.158
    5.096     1.013
    5.330     0.999
    5.591     0.980
    5.868     0.954
    6.148     0.924
    6.413     0.893
    6.644     0.868
    6.817     0.854
    6.916     0.853
    7.519     0.863
    7.544     0.881
    7.508     0.904
    7.424     0.929
    7.298     0.950
    7.152     0.963
    6.986     0.964
    6.801     0.953
    6.626     0.929
    6.479     0.894
    6.344     0.851
    6.206     0.805
    6.036     0.760
    5.767     0.725
    5.738     0.722
    5.899     0.752
    6.137     0.794
    6.387     0.834
    6.607     0.867
    6.784     0.895
    6.905     0.922
    6.775     0.953
    3.728     1.070
    3.592     1.064
    3.990     1.053
    3.884     1.021
    3.776     0.979
    3.621     0.930
    3.479     0.884
    3.251     0.842
    3.026     0.814
    2.803     0.800
    1.944     0.790
    1.716     0.786
    1.467     0.783
    1.264     0.776
    1.106     0.761
    0.992     0.734
    0.924     0.698
    1.133     0.670
    1.161     0.633
    1.071     0.624
    1.004     0.631
    0.985     0.640
    0.995     0.641
    1.078     0.628
    0.775     0.000
    1.713     0.683
    2.342     0.768
    2.908     0.829
    3.513     0.873
    4.139     0.897
    4.312     0.848
    4.969     0.836
    5.628     0.804
    6.284     0.751
    6.916     0.679
    8.535     0.000
    7.567     0.611
    7.622     0.628
    7.575     0.687
    7.549     0.749
    7.240     0.823
    6.863     0.895
    6.468     0.963
    6.076     1.025
    6.285     1.058
    5.933     1.105
    5.615     1.144
    5.342     1.176
    5.122     1.199
    4.499     1.210
    4.382     1.218
    4.335     1.220
    5.293     1.203
    5.293     1.203
    5.293     1.203
    5.293     1.203
    5.293     1.203
    5.293     1.203
    5.293     1.203
    5.651     1.208
    5.662     1.205
    5.678     1.200
    5.697     1.194
    5.717     1.188
    5.737     1.182
    5.755     1.175
    5.769     1.170
    4.972     1.156
    4.978     1.154
    4.909     1.008
    5.120     0.998
    5.369     0.984
    5.644     0.963
    5.937     0.936
    6.233     0.903
    6.516     0.868
    6.761     0.840
    6.942     0.825
    7.536     0.826
    7.622     0.838
    7.652     0.859
    7.616     0.885
    7.532     0.913
    7.408     0.937
    7.268     0.952
    7.111     0.954
    6.941     0.943
    6.779     0.919
    6.648     0.883
    6.531     0.841
    6.351     0.795
    6.173     0.757
    6.019     0.734
    5.983     0.738
    6.091     0.768
    6.269     0.808
    6.385     0.847
    6.641     0.882
    6.781     0.912
    4.355     1.039
    3.908     1.062
    3.747     1.068
    3.595     1.060
    3.974     1.047
    3.854     1.011
    3.733     0.966
    3.946     0.922
    3.670     0.869
    3.388     0.826
    2.255     0.800
    2.145     0.789
    2.045     0.788
    1.716     0.792
    1.468     0.791
    1.263     0.784
    1.102     0.766
    0.985     0.736
    0.884     0.717
    1.172     0.666
    1.197     0.647
    1.065     0.635
    0.995     0.641
    0.962     0.647
    0.972     0.642
    1.098     0.626
    1.298     0.618
    1.819     0.693
    2.328     0.766
    2.898     0.828
    3.006     0.807
    3.582     0.832
    4.219     0.842
    4.864     0.832
    5.509     0.802
    6.148     0.752
    6.758     0.684
    7.255     0.624
    7.429     0.634
    7.472     0.660
    7.403     0.716
    7.192     0.787
    6.869     0.861
    6.485     0.932
    7.000     0.948
    6.621     1.007
    6.251     1.061
    5.903     1.107
    5.589     1.146
    4.948     1.175
    4.680     1.197
    4.490     1.211
    4.375     1.218
    4.334     1.220
    4.334     1.220
    5.293     1.203
    5.293     1.203
    5.293     1.203
    5.293     1.203
    5.293     1.203
    5.645     1.209
    5.648     1.209
    5.657     1.206
    5.671     1.202
    5.687     1.197
    5.705     1.192
    5.722     1.186
    4.908     1.169
    4.928     1.165
    4.941     1.162
    4.734     1.000
    4.919     0.992
    5.144     0.983
    5.406     0.968
    5.696     0.947
    6.004     0.918
    6.317     0.881
    6.617     0.843
    6.878     0.811
    7.067     0.796
    7.630     0.799
    7.726     0.813
    7.759     0.836
    7.722     0.866
    7.637     0.898
    7.517     0.925
    7.383     0.941
    7.237     0.944
    7.083     0.933
    6.937     0.908
    6.826     0.872
    6.715     0.829
    6.577     0.788
    6.418     0.756
    6.273     0.742
    6.219     0.752
    6.278     0.783
    6.344     0.823
    6.454     0.861
    6.521     0.893
    4.575     1.010
    4.123     1.044
    3.942     1.062
    3.765     1.066
    3.600     1.056
    3.960     1.040
    3.827     1.002
    4.140     0.964
    3.883     0.907
    2.483     0.852
    2.345     0.808
    2.225     0.785
    2.126     0.783
    2.038     0.789
    1.946     0.794
    1.479     0.799
    1.272     0.791
    1.114     0.820
    1.542     0.765
    1.350     0.709
    1.383     0.675
    1.197     0.647
    1.071     0.644
    0.996     0.651
    0.956     0.653
    1.051     0.664
    1.115     0.641
    1.289     0.640
    1.742     0.698
    1.873     0.717
    2.360     0.761
    2.921     0.798
    3.535     0.824
    4.174     0.836
    4.817     0.829
    5.453     0.801
    6.076     0.755
    6.654     0.697
    7.088     0.655
    7.272     0.663
    7.311     0.693
    7.229     0.746
    7.025     0.812
    7.633     0.825
    7.310     0.890
    6.950     0.953
    6.578     1.011
    6.213     1.064
    5.643     1.111
    5.265     1.148
    4.932     1.177
    4.667     1.198
    4.482     1.211
    4.369     1.218
    4.334     1.220
    4.334     1.220
    4.334     1.220
    4.604     1.233
    4.604     1.233
    4.604     1.233
    4.604     1.233
    5.645     1.209
    5.646     1.209
    5.653     1.207
    5.664     1.204
    4.814     1.187
    4.838     1.182
    4.862     1.178
    4.884     1.174
    4.901     1.170
    4.580     0.989
    4.729     0.982
    4.928     0.976
    5.166     0.967
    5.441     0.953
    5.745     0.931
    6.068     0.900
    6.398     0.860
    6.717     0.817
    6.994     0.781
    7.190     0.767
    7.868     0.772
    7.977     0.789
    8.021     0.814
    7.825     0.848
    7.928     0.885
    7.794     0.915
    7.669     0.933
    7.536     0.936
    7.398     0.925
    7.264     0.899
    7.151     0.862
    7.043     0.820
    6.816     0.780
    6.672     0.753
    6.526     0.748
    6.446     0.764
    6.403     0.797
    6.464     0.837
    6.520     0.875
    4.839     0.975
    4.377     1.018
    4.173     1.047
    3.975     1.063
    3.784     1.065
    3.607     1.052
    4.599     1.054
    4.333     1.007
    2.726     0.953
    2.595     0.892
    2.450     0.833
    2.311     0.788
    2.198     0.771
    2.112     0.777
    2.037     0.790
    1.953     0.800
    1.224     0.807
    1.161     0.798
    1.727     0.811
    1.544     0.761
    1.376     0.701
    1.364     0.664
    1.193     0.646
    1.080     0.652
    1.006     0.660
    1.044     0.677
    1.031     0.662
    1.099     0.642
    1.337     0.650
    1.423     0.666
    1.814     0.709
    2.303     0.751
    2.870     0.789
    3.487     0.818
    4.127     0.832
    4.764     0.828
    5.388     0.804
    5.990     0.764
    6.529     0.716
    6.920     0.687
    7.104     0.695
    7.141     0.726
    7.053     0.776
    7.801     0.775
    7.565     0.835
    7.250     0.897
    6.897     0.958
    6.532     1.015
    5.996     1.069
    5.612     1.114
    5.244     1.150
    4.915     1.178
    4.655     1.199
    4.474     1.212
    4.364     1.219
    4.334     1.220
    4.334     1.220
    4.604     1.233
    4.604     1.233
    4.604     1.233
    4.604     1.233
    4.604     1.233
    4.604     1.233
    4.909     1.229
    4.769     1.194
    4.783     1.192
    4.801     1.189
    4.822     1.185
    4.843     1.182
    4.861     1.178
    4.457     0.980
    4.562     0.970
    4.723     0.963
    4.935     0.959
    5.186     0.952
    5.473     0.939
    5.791     0.916
    6.128     0.883
    6.475     0.840
    7.400     0.790
    7.639     0.750
    7.813     0.738
    7.950     0.746
    8.068     0.764
    8.115     0.792
    8.103     0.832
    8.126     0.874
    7.890     0.905
    7.774     0.924
    7.656     0.928
    7.537     0.916
    7.426     0.889
    7.340     0.851
    7.263     0.808
    7.165     0.771
    6.931     0.750
    6.773     0.752
    6.660     0.774
    6.568     0.810
    5.374     0.883
    5.150     0.935
    4.930     0.982
    4.443     1.023
    4.220     1.050
    4.007     1.064
    3.803     1.063
    4.224     1.074
    2.991     1.049
    2.829     1.000
    2.706     0.941
    2.570     0.877
    2.420     0.813
    2.278     0.766
    2.175     0.755
    2.104     0.772
    2.041     0.792
    2.129     0.867
    2.028     0.865
    1.021     0.833
    0.975     0.792
    1.557     0.750
    1.206     0.686
    1.047     0.631
    0.922     0.626
    0.830     0.641
    0.843     0.666
    0.800     0.667
    1.138     0.672
    1.013     0.635
    1.115     0.633
    1.372     0.663
    1.760     0.702
    2.251     0.742
    2.821     0.781
    3.440     0.812
    4.077     0.830
    4.706     0.829
    5.314     0.810
    5.891     0.776
    6.393     0.739
    6.751     0.720
    6.931     0.729
    6.965     0.760
    7.850     0.738
    7.729     0.787
    7.498     0.844
    7.188     0.903
    6.695     0.964
    6.328     1.021
    5.951     1.072
    5.578     1.116
    5.220     1.153
    4.896     1.180
    4.642     1.200
    4.466     1.212
    4.361     1.219
    4.604     1.233
    4.604     1.233
    4.604     1.233
    4.604     1.233
    4.604     1.233
    4.604     1.233
    3.716     1.217
    3.716     1.217
    3.716     1.217
    3.716     1.217
    4.775     1.193
    4.790     1.191
    4.807     1.188
    4.825     1.185
    4.364     0.975
    4.428     0.960
    4.542     0.949
    4.831     0.938
    5.035     0.934
    5.285     0.929
    5.576     0.917
    5.904     0.896
    6.260     0.863
    6.630     0.817
    7.449     0.765
    7.702     0.719
    7.881     0.710
    8.028     0.722
    8.157     0.740
    8.235     0.772
    8.286     0.818
    8.207     0.863
    8.112     0.898
    7.875     0.917
    7.772     0.921
    7.674     0.908
    7.588     0.880
    7.532     0.840
    7.490     0.796
    7.421     0.760
    7.284     0.745
    7.010     0.755
    6.104     0.791
    5.783     0.840
    5.517     0.893
    5.262     0.945
    4.760     0.993
    4.505     1.029
    4.265     1.054
    4.037     1.065
    4.517     1.096
    3.202     1.083
    2.978     1.043
    2.814     0.991
    2.688     0.930
    2.548     0.862
    2.392     0.793
    2.245     0.742
    2.156     0.741
    2.214     0.813
    2.189     0.846
    2.130     0.864
    1.067     0.853
    1.648     0.838
    1.512     0.797
    1.357     0.740
    1.193     0.673
    1.034     0.611
    0.919     0.623
    0.900     0.652
    0.840     0.667
    0.871     0.687
    0.972     0.656
    0.954     0.627
    1.068     0.630
    1.328     0.659
    1.712     0.694
    2.203     0.732
    2.776     0.774
    3.395     0.809
    4.027     0.830
    4.643     0.833
    5.234     0.819
    5.784     0.792
    6.252     0.764
    6.583     0.752
    7.654     0.704
    7.786     0.720
    7.782     0.752
    7.660     0.797
    7.228     0.850
    6.953     0.909
    6.626     0.968
    6.269     1.025
    5.903     1.075
    5.540     1.119
    5.193     1.155
    4.877     1.182
    4.629     1.201
    4.458     1.213
    4.629     1.232
    4.604     1.233
    4.604     1.233
    4.604     1.233
    3.716     1.217
    3.716     1.217
    3.716     1.217
    3.716     1.217
    3.716     1.217
    3.716     1.217
    3.968     1.212
    3.968     1.212
    3.968     1.212
    3.968     1.212
    4.465     0.973
    4.493     0.952
    4.535     0.933
    4.631     0.921
    4.790     0.916
    5.006     0.915
    5.269     0.912
    5.573     0.902
    5.914     0.881
    6.284     0.847
    6.671     0.799
    7.062     0.739
    7.763     0.687
    7.944     0.685
    8.101     0.700
    8.267     0.717
    8.404     0.753
    8.360     0.804
    8.282     0.854
    8.192     0.891
    7.969     0.911
    7.883     0.915
    7.808     0.901
    7.749     0.871
    7.725     0.830
    7.721     0.783
    7.683     0.747
    7.099     0.739
    6.757     0.760
    6.253     0.799
    5.945     0.851
    5.647     0.904
    5.365     0.954
    4.836     1.000
    4.562     1.034
    4.306     1.057
    4.840     1.108
    4.502     1.093
    3.192     1.078
    2.966     1.037
    2.803     0.984
    2.674     0.921
    2.530     0.850
    2.368     0.775
    2.214     0.717
    2.211     0.758
    2.208     0.805
    2.207     0.841
    2.142     0.858
    1.752     0.855
    1.640     0.832
    1.504     0.790
    1.350     0.733
    1.187     0.663
    0.868     0.000
    0.981     0.627
    0.904     0.654
    0.952     0.693
    0.835     0.680
    0.924     0.648
    0.901     0.615
    1.031     0.625
    1.293     0.655
    1.670     0.685
    2.159     0.723
    2.735     0.768
    3.353     0.807
    3.976     0.832
    4.578     0.839
    5.149     0.830
    5.671     0.810
    6.108     0.791
    7.297     0.725
    7.593     0.721
    7.723     0.734
    7.373     0.757
    7.316     0.802
    7.139     0.855
    6.872     0.914
    6.553     0.972
    6.207     1.028
    5.851     1.078
    5.499     1.122
    5.163     1.157
    3.912     1.186
    3.719     1.201
    3.594     1.210
    3.519     1.214
    3.493     1.215
    3.716     1.217
    3.716     1.217
    3.716     1.217
    3.716     1.217
    3.716     1.217
    3.716     1.217
    3.968     1.212
    3.968     1.212
    3.968     1.212
    3.968     1.212
    3.968     1.212
    4.379     0.975
    4.399     0.952
    4.428     0.928
    4.474     0.908
    4.578     0.896
    4.746     0.894
    4.973     0.895
    5.249     0.895
    5.565     0.887
    5.919     0.868
    6.302     0.834
    6.704     0.784
    7.133     0.719
    7.500     0.654
    7.687     0.667
    7.858     0.683
    8.009     0.695
    8.475     0.734
    8.425     0.794
    8.347     0.847
    8.266     0.886
    8.188     0.908
    7.988     0.910
    7.936     0.895
    7.905     0.864
    7.914     0.819
    7.613     0.768
    7.589     0.731
    7.358     0.730
    6.972     0.762
    6.427     0.807
    6.089     0.861
    5.763     0.914
    5.213     0.966
    4.904     1.008
    5.562     1.102
    5.185     1.110
    4.827     1.106
    3.460     1.104
    3.181     1.074
    2.956     1.032
    2.794     0.978
    2.664     0.913
    2.518     0.840
    2.346     0.774
    2.207     0.706
    2.215     0.746
    2.220     0.801
    2.199     0.839
    1.833     0.856
    1.748     0.852
    1.636     0.828
    1.501     0.785
    1.348     0.727
    1.195     0.661
    1.040     0.608
    1.130     0.653
    1.034     0.679
    0.928     0.689
    0.810     0.676
    0.891     0.642
    0.854     0.601
    1.010     0.623
    1.269     0.650
    1.634     0.675
    2.122     0.714
    2.700     0.764
    3.314     0.808
    3.926     0.837
    4.512     0.848
    5.060     0.844
    6.344     0.789
    6.843     0.760
    7.236     0.741
    7.503     0.735
    7.190     0.735
    7.272     0.764
    7.221     0.806
    7.049     0.860
    6.788     0.918
    6.478     0.976
    6.142     1.031
    5.796     1.081
    4.464     1.134
    4.173     1.164
    3.916     1.187
    3.725     1.202
    3.599     1.210
    3.522     1.214
    3.716     1.217
    3.716     1.217
    3.716     1.217
    3.716     1.217
    3.716     1.217
    3.968     1.212
    3.968     1.212
    3.968     1.212
    3.968     1.212
    3.968     1.212
    3.801     1.217
    4.298     0.977
    4.310     0.956
    4.331     0.930
    4.361     0.904
    4.412     0.882
    4.521     0.871
    4.699     0.871
    4.938     0.876
    5.225     0.879
    5.553     0.874
    5.974     0.857
    6.355     0.823
    6.754     0.773
    7.163     0.705
    8.368     0.000
    7.726     0.658
    7.920     0.669
    8.101     0.672
    8.100     0.720
    8.477     0.787
    8.402     0.844
    8.330     0.884
    8.267     0.905
    7.627     0.904
    7.639     0.888
    7.645     0.854
    7.735     0.807
    7.842     0.754
    7.865     0.714
    7.601     0.722
    7.161     0.764
    6.536     0.814
    6.213     0.872
    5.865     0.925
    5.289     0.976
    5.949     1.082
    5.552     1.101
    5.171     1.108
    3.772     1.119
    3.448     1.102
    3.170     1.072
    2.948     1.029
    2.789     0.974
    2.595     0.915
    2.473     0.843
    2.347     0.762
    1.470     0.000
    2.210     0.745
    2.220     0.802
    2.200     0.839
    1.833     0.856
    1.749     0.851
    1.637     0.826
    1.496     0.783
    1.354     0.726
    1.199     0.662
    1.228     0.637
    1.117     0.652
    1.019     0.677
    0.913     0.687
    0.797     0.675
    0.878     0.640
    0.094     0.000
    1.012     0.625
    1.257     0.647
    1.604     0.664
    2.091     0.705
    2.673     0.762
    3.280     0.811
    3.879     0.843
    4.445     0.859
    5.740     0.823
    6.302     0.799
    6.791     0.774
    6.493     0.732
    6.853     0.729
    7.084     0.740
    7.176     0.767
    7.129     0.809
    6.959     0.862
    6.703     0.921
    6.400     0.979
    5.100     1.051
    4.770     1.097
    4.457     1.135
    4.171     1.165
    3.918     1.187
    3.730     1.202
    3.823     1.212
    3.746     1.216
    3.716     1.217
    3.716     1.217
    3.716     1.217
    3.968     1.212
    3.968     1.212
    3.968     1.212
    3.968     1.212
    3.801     1.217
    3.801     1.217
    3.801     1.217
    4.214     0.975
    4.228     0.960
    4.241     0.937
    4.262     0.908
    4.292     0.878
    4.347     0.854
    4.463     0.844
    4.650     0.848
    4.977     0.858
    5.269     0.865
    5.598     0.863
    5.961     0.847
    6.351     0.815
    6.757     0.766
    7.169     0.700
    7.537     0.643
    7.739     0.658
    7.962     0.660
    8.185     0.648
    8.145     0.713
    8.032     0.786
    8.446     0.843
    8.385     0.883
    7.713     0.901
    7.705     0.902
    7.738     0.884
    7.769     0.849
    7.895     0.799
    8.056     0.740
    8.142     0.694
    7.815     0.715
    7.135     0.767
    6.658     0.824
    6.242     0.879
    6.630     0.999
    6.346     1.052
    5.936     1.082
    5.537     1.101
    5.155     1.108
    3.757     1.118
    3.435     1.100
    3.160     1.070
    2.942     1.027
    2.699     0.974
    2.614     0.912
    2.488     0.841
    2.344     0.762
    2.217     0.705
    2.223     0.756
    2.230     0.808
    1.151     0.850
    1.113     0.865
    1.072     0.859
    1.619     0.826
    1.501     0.782
    1.360     0.725
    1.383     0.677
    1.227     0.643
    1.112     0.653
    1.013     0.676
    0.910     0.688
    0.796     0.677
    0.891     0.644
    0.873     0.609
    1.036     0.632
    1.259     0.645
    1.579     0.651
    2.072     0.699
    2.656     0.764
    3.252     0.817
    4.484     0.838
    5.114     0.843
    5.710     0.831
    6.261     0.810
    5.897     0.753
    6.363     0.737
    6.737     0.733
    6.983     0.741
    7.084     0.767
    7.039     0.810
    6.868     0.864
    5.734     0.939
    5.410     0.998
    5.079     1.052
    4.754     1.098
    4.446     1.136
    4.165     1.166
    4.129     1.189
    3.950     1.203
    3.825     1.212
    3.748     1.215
    3.716     1.217
    3.968     1.212
    3.968     1.212
    3.968     1.212
    3.968     1.212
    3.801     1.217
    3.801     1.217
    3.801     1.217
    3.801     1.217
    3.408     0.965
    4.143     0.959
    4.158     0.942
    4.172     0.917
    4.193     0.885
    4.223     0.851
    4.365     0.826
    4.482     0.817
    4.675     0.826
    4.930     0.841
    5.233     0.852
    5.572     0.852
    5.943     0.839
    6.338     0.810
    6.747     0.764
    7.152     0.706
    7.494     0.664
    7.726     0.666
    7.975     0.658
    9.556     0.000
    8.154     0.715
    8.046     0.790
    7.957     0.847
    7.791     0.883
    7.760     0.902
    7.769     0.902
    7.804     0.882
    7.873     0.846
    8.030     0.794
    8.243     0.730
    8.419     0.672
    7.978     0.713
    7.246     0.775
    6.751     0.834
    7.261     0.947
    6.571     0.999
    6.329     1.053
    5.917     1.083
    5.371     1.095
    4.989     1.102
    3.739     1.117
    3.420     1.100
    3.034     1.068
    2.858     1.027
    2.722     0.974
    2.613     0.912
    2.490     0.843
    2.357     0.773
    2.258     0.737
    2.248     0.774
    1.180     0.826
    1.149     0.858
    1.112     0.870
    1.718     0.854
    1.628     0.828
    1.511     0.783
    1.551     0.735
    1.383     0.678
    1.231     0.646
    1.115     0.654
    1.018     0.678
    0.918     0.691
    1.003     0.683
    0.929     0.656
    0.939     0.634
    1.081     0.645
    1.277     0.646
    1.559     0.636
    2.070     0.699
    2.650     0.771
    3.820     0.818
    4.477     0.844
    5.097     0.850
    4.697     0.796
    5.239     0.776
    5.761     0.755
    6.235     0.740
    6.626     0.733
    6.888     0.739
    6.373     0.772
    6.243     0.819
    6.002     0.877
    5.701     0.939
    5.379     0.999
    5.052     1.053
    4.733     1.100
    4.620     1.137
    4.358     1.168
    4.128     1.189
    3.953     1.203
    4.076     1.207
    4.000     1.211
    3.969     1.212
    3.968     1.212
    3.801     1.217
    3.801     1.217
    3.801     1.217
    3.801     1.217
    3.801     1.217
    3.801     1.217
    3.333     0.950
    3.374     0.948
    3.409     0.939
    3.438     0.922
    4.105     0.897
    4.209     0.863
    4.234     0.825
    4.289     0.796
    4.412     0.789
    4.614     0.804
    4.880     0.824
    5.194     0.839
    5.541     0.844
    5.918     0.834
    6.317     0.808
    6.724     0.767
    7.117     0.718
    7.442     0.686
    7.692     0.679
    7.951     0.667
    8.170     0.657
    8.126     0.728
    8.038     0.798
    7.964     0.853
    7.794     0.887
    7.777     0.904
    7.801     0.903
    7.869     0.882
    7.955     0.845
    8.134     0.791
    8.378     0.725
   11.815     0.000
    7.894     0.720
    7.313     0.786
    7.656     0.892
    6.974     0.952
    6.545     1.001
    6.118     1.040
    5.748     1.079
    5.347     1.096
    4.077     1.123
    3.719     1.118
    3.311     1.099
    3.051     1.069
    2.853     1.027
    2.725     0.975
    2.618     0.916
    2.501     0.851
    2.383     0.792
    2.301     0.769
    1.198     0.803
    1.174     0.841
    1.842     0.858
    1.796     0.868
    1.730     0.859
    1.641     0.831
    1.708     0.792
    1.555     0.736
    1.390     0.679
    1.237     0.644
    1.124     0.654
    1.032     0.682
    0.936     0.698
    1.044     0.693
    0.987     0.672
    1.015     0.658
    1.142     0.660
    1.316     0.652
    0.666     0.000
    2.256     0.703
    3.167     0.779
    3.832     0.825
    3.385     0.811
    3.890     0.810
    4.574     0.796
    5.104     0.776
    5.623     0.755
    6.107     0.739
    6.109     0.731
    6.314     0.737
    6.346     0.765
    6.210     0.814
    5.963     0.875
    5.661     0.939
    5.341     1.000
    5.019     1.055
    4.832     1.092
    4.547     1.129
    4.288     1.157
    4.366     1.186
    4.199     1.199
    4.077     1.207
    3.833     1.216
    3.801     1.217
    3.801     1.217
    3.801     1.217
    3.801     1.217
    3.801     1.217
    2.653     1.210
    2.653     1.210
    3.254     0.930
    3.298     0.933
    3.340     0.932
    3.377     0.923
    3.407     0.905
    3.443     0.876
    4.136     0.840
    4.157     0.797
    4.212     0.764
    4.341     0.761
    4.553     0.783
    4.829     0.809
    5.152     0.828
    5.507     0.836
    5.888     0.830
    6.287     0.808
    6.689     0.773
    7.068     0.734
    7.382     0.707
    7.640     0.697
    7.893     0.685
    8.072     0.689
    8.072     0.747
    8.011     0.811
    7.834     0.859
    7.797     0.893
    7.795     0.908
    7.832     0.905
    7.914     0.884
    8.045     0.846
    8.200     0.794
    8.441     0.730
    8.573     0.683
    7.897     0.737
    8.043     0.833
    7.365     0.900
    6.934     0.957
    6.507     1.005
    6.053     1.044
    5.717     1.081
    5.319     1.098
    3.962     1.125
    3.603     1.119
    3.294     1.100
    3.041     1.070
    2.851     1.029
    2.731     0.979
    2.629     0.922
    2.519     0.864
    2.415     0.815
    1.199     0.807
    1.188     0.827
    1.884     0.847
    1.857     0.869
    1.811     0.876
    1.746     0.865
    1.842     0.839
    1.717     0.795
    1.566     0.738
    1.402     0.679
    1.248     0.639
    1.142     0.655
    1.056     0.689
    0.965     0.707
    1.103     0.706
    1.061     0.692
    1.099     0.681
    1.218     0.678
    1.395     0.665
    1.733     0.654
    2.321     0.720
    2.338     0.765
    2.824     0.799
    3.312     0.813
    3.797     0.810
    4.448     0.795
    4.965     0.775
    5.216     0.749
    5.666     0.733
    6.043     0.723
    6.280     0.726
    6.319     0.755
    6.172     0.809
    5.915     0.874
    5.428     0.955
    5.110     1.013
    4.796     1.063
    4.803     1.094
    4.804     1.138
    4.568     1.167
    4.363     1.187
    4.036     1.204
    3.912     1.212
    3.832     1.216
    3.801     1.217
    3.801     1.217
    2.653     1.210
    2.653     1.210
    2.653     1.210
    2.653     1.210
    3.172     0.904
    3.218     0.911
    3.265     0.915
    3.308     0.915
    3.346     0.907
    3.377     0.888
    3.414     0.858
    4.065     0.818
    4.081     0.769
    4.133     0.730
    4.268     0.734
    4.491     0.764
    4.776     0.795
    5.108     0.819
    5.469     0.831
    5.852     0.829
    6.250     0.812
    6.644     0.783
    7.010     0.751
    7.313     0.729
    7.570     0.718
    7.810     0.709
    7.969     0.721
    8.000     0.770
    7.968     0.826
    7.806     0.870
    7.786     0.901
    7.797     0.914
    7.847     0.910
    7.939     0.888
    8.076     0.851
    8.227     0.801
    8.307     0.743
    8.330     0.717
    8.392     0.780
    7.984     0.847
    7.301     0.909
    6.879     0.964
    6.434     1.012
    6.010     1.048
    5.593     1.074
    4.324     1.123
    3.931     1.127
    3.579     1.120
    3.277     1.102
    3.032     1.072
    2.852     1.032
    2.741     0.984
    2.644     0.932
    2.473     0.877
    2.386     0.837
    1.187     0.837
    1.923     0.841
    1.903     0.865
    1.875     0.882
    1.829     0.886
    1.948     0.874
    1.856     0.844
    1.733     0.799
    1.584     0.743
    1.421     0.680
    1.262     0.629
    1.170     0.660
    1.090     0.699
    1.004     0.720
    1.176     0.722
    1.147     0.713
    1.131     0.704
    1.258     0.698
    1.485     0.686
    1.479     0.684
    1.867     0.729
    2.312     0.775
    2.773     0.804
    3.238     0.815
    3.700     0.809
    4.114     0.781
    4.601     0.762
    5.091     0.743
    5.564     0.726
    5.979     0.712
    6.253     0.712
    6.291     0.743
    5.966     0.820
    5.689     0.888
    5.381     0.953
    5.067     1.012
    4.869     1.058
    4.583     1.099
    4.317     1.131
    4.391     1.176
    4.197     1.193
    4.033     1.204
    3.910     1.212
    2.692     1.209
    2.653     1.210
    2.653     1.210
    2.653     1.210
    2.653     1.210
    2.653     1.210
    3.088     0.875
    3.136     0.884
    3.184     0.892
    3.233     0.897
    3.278     0.898
    3.317     0.891
    3.348     0.873
    3.385     0.841
    3.998     0.798
    4.008     0.742
    4.052     0.696
    4.197     0.709
    4.430     0.748
    4.723     0.784
    5.062     0.812
    5.428     0.827
    5.812     0.829
    6.206     0.817
    6.592     0.795
    6.945     0.770
    7.236     0.751
    7.488     0.741
    7.713     0.737
    7.862     0.752
    7.916     0.795
    7.788     0.841
    7.764     0.882
    7.759     0.910
    7.784     0.921
    7.844     0.916
    7.943     0.894
    8.081     0.858
    8.076     0.811
    8.601     0.774
    8.606     0.762
    8.272     0.803
    7.886     0.862
    7.199     0.921
    6.789     0.974
    6.375     1.018
    5.959     1.053
    4.702     1.110
    4.282     1.126
    3.896     1.130
    3.553     1.123
    3.260     1.104
    3.025     1.075
    2.856     1.037
    2.754     0.992
    2.586     0.940
    2.499     0.895
    2.422     0.862
    1.970     0.854
    1.946     0.865
    1.925     0.884
    1.895     0.896
    2.030     0.896
    1.967     0.882
    1.876     0.852
    1.754     0.806
    1.609     0.750
    1.448     0.685
    0.960     0.000
    1.209     0.672
    1.133     0.713
    1.014     0.733
    0.941     0.738
    1.182     0.734
    1.228     0.728
    1.301     0.724
    1.281     0.711
    1.517     0.715
    1.874     0.750
    2.289     0.787
    2.618     0.807
    3.069     0.814
    3.529     0.791
    3.987     0.775
    4.464     0.755
    4.960     0.735
    5.457     0.716
    5.807     0.711
    6.116     0.706
    6.127     0.744
    5.919     0.812
    5.632     0.885
    5.418     0.949
    5.119     1.008
    4.828     1.059
    4.835     1.117
    4.595     1.151
    3.388     1.166
    3.152     1.184
    2.944     1.196
    2.788     1.204
    2.689     1.209
    2.653     1.210
    2.653     1.210
    2.653     1.210
    2.653     1.210
    3.004     0.842
    3.052     0.854
    3.102     0.864
    3.152     0.872
    3.202     0.879
    3.249     0.882
    3.289     0.877
    3.321     0.859
    3.357     0.826
    3.935     0.780
    3.937     0.718
    3.970     0.660
    4.129     0.690
    4.370     0.735
    4.671     0.774
    5.015     0.806
    5.385     0.826
    5.769     0.832
    6.158     0.825
    6.534     0.808
    6.873     0.789
    7.153     0.774
    7.396     0.766
    7.607     0.765
    7.752     0.783
    7.704     0.818
    7.713     0.860
    7.708     0.896
    7.719     0.920
    7.756     0.929
    7.824     0.923
    7.927     0.902
    8.059     0.868
    8.319     0.832
    8.458     0.797
    8.427     0.792
    8.122     0.827
    7.494     0.880
    7.104     0.934
    6.710     0.983
    6.308     1.025
    5.109     1.068
    4.646     1.115
    4.235     1.130
    3.859     1.133
    3.526     1.126
    3.244     1.108
    3.020     1.080
    2.772     1.038
    2.686     0.996
    2.607     0.953
    2.527     0.914
    2.026     0.889
    1.994     0.881
    1.969     0.889
    1.947     0.903
    2.094     0.909
    2.052     0.907
    1.989     0.892
    1.900     0.860
    1.781     0.816
    1.641     0.760
    1.486     0.698
    1.335     0.653
    1.233     0.691
    1.147     0.728
    1.069     0.751
    1.244     0.760
    1.222     0.758
    1.264     0.753
    1.384     0.747
    1.240     0.735
    1.454     0.741
    1.774     0.768
    2.156     0.797
    2.567     0.814
    2.997     0.797
    3.417     0.786
    3.854     0.766
    4.319     0.745
    4.740     0.731
    5.256     0.713
    5.752     0.694
    6.120     0.682
    5.329     0.749
    5.110     0.824
    5.645     0.882
    4.671     0.964
    4.403     1.021
    4.137     1.070
    3.882     1.111
    3.625     1.143
    3.377     1.167
    3.143     1.185
    2.936     1.197
    2.782     1.205
    2.686     1.209
    2.653     1.210
    2.653     1.210
    2.653     1.210
    2.996     0.810
    3.042     0.825
    3.018     0.834
    3.070     0.843
    3.122     0.852
    3.174     0.862
    3.222     0.867
    3.264     0.863
    3.296     0.846
    3.331     0.813
    3.877     0.765
    3.874     0.700
    3.511     0.000
    4.068     0.678
    4.313     0.725
    4.619     0.767
    4.968     0.801
    5.340     0.825
    5.722     0.836
    6.105     0.834
    6.470     0.823
    6.797     0.809
    7.064     0.798
    7.296     0.792
    7.497     0.794
    7.522     0.810
    7.596     0.843
    7.627     0.880
    7.641     0.911
    7.666     0.932
    7.713     0.939
    7.788     0.932
    7.891     0.912
    8.068     0.881
    8.203     0.848
    8.302     0.822
    8.250     0.821
    7.705     0.853
    7.362     0.899
    6.998     0.948
    6.556     0.992
    5.408     1.042
    5.009     1.096
    4.584     1.120
    4.185     1.134
    3.783     1.114
    3.465     1.109
    3.196     1.092
    2.920     1.079
    2.781     1.045
    2.704     1.006
    1.455     0.967
    1.455     0.933
    1.453     0.911
    2.158     0.895
    1.841     0.877
    1.844     0.895
    1.840     0.908
    1.820     0.909
    1.782     0.895
    1.718     0.866
    1.625     0.824
    1.510     0.771
    1.552     0.723
    1.394     0.690
    1.289     0.716
    1.435     0.749
    1.372     0.770
    1.324     0.779
    1.307     0.780
    1.183     0.776
    1.183     0.768
    1.281     0.762
    1.484     0.768
    1.780     0.789
    2.134     0.810
    2.401     0.798
    2.788     0.794
    3.237     0.777
    3.650     0.757
    4.099     0.736
    4.599     0.717
    5.141     0.701
    4.904     0.699
    5.456     0.671
    5.366     0.736
    5.186     0.820
    4.919     0.897
    4.650     0.964
    4.390     1.023
    4.125     1.072
    3.863     1.112
    3.608     1.144
    3.362     1.168
    3.130     1.185
    2.926     1.197
    2.775     1.205
    2.682     1.209
    2.653     1.210
    2.653     1.210
    2.921     0.772
    2.954     0.788
    3.006     0.806
    3.058     0.817
    3.109     0.826
    3.162     0.835
    3.148     0.844
    3.199     0.853
    3.241     0.851
    3.862     0.836
    3.867     0.803
    3.862     0.753
    3.821     0.691
    3.852     0.640
    4.013     0.674
    4.257     0.717
    4.568     0.761
    4.922     0.799
    5.295     0.827
    5.673     0.842
    6.049     0.844
    6.403     0.838
    6.717     0.829
    6.972     0.821
    7.193     0.818
    7.383     0.823
    7.400     0.838
    7.483     0.867
    7.532     0.899
    7.562     0.927
    7.600     0.944
    7.657     0.950
    7.686     0.939
    7.818     0.920
    7.963     0.893
    8.071     0.867
    8.140     0.846
    8.015     0.849
    7.481     0.876
    7.167     0.916
    6.822     0.960
    5.744     1.012
    5.312     1.050
    4.869     1.066
    4.465     1.093
    4.086     1.110
    3.740     1.117
    3.436     1.112
    3.181     1.097
    2.964     1.069
    2.838     1.039
    1.453     1.017
    1.463     0.891
    1.461     0.875
    1.456     0.870
    1.448     0.877
    1.439     0.893
    1.427     0.909
    1.852     0.921
    1.835     0.920
    1.800     0.906
    1.739     0.878
    1.652     0.837
    1.770     0.804
    1.600     0.748
    1.456     0.725
    1.591     0.742
    1.514     0.771
    1.453     0.791
    1.245     0.801
    1.178     0.802
    1.238     0.799
    1.234     0.793
    1.326     0.789
    1.515     0.795
    1.687     0.789
    2.002     0.799
    2.346     0.800
    2.016     0.799
    2.310     0.787
    2.653     0.766
    3.129     0.745
    3.650     0.726
    4.261     0.709
    4.923     0.682
    8.566     0.000
    5.406     0.734
    5.156     0.822
    4.890     0.899
    4.624     0.967
    4.359     1.025
    4.096     1.074
    3.838     1.114
    3.586     1.146
    3.343     1.169
    3.114     1.186
    2.913     1.198
    2.766     1.205
    2.678     1.209
    2.653     1.210
    2.887     0.748
    2.872     0.746
    2.918     0.769
    2.975     0.788
    3.028     0.798
    3.079     0.805
    3.134     0.815
    3.190     0.830
    3.242     0.843
    3.800     0.841
    3.821     0.827
    3.825     0.795
    3.819     0.747
    3.808     0.689
    3.871     0.653
    4.017     0.672
    4.262     0.711
    4.581     0.756
    4.981     0.798
    5.250     0.830
    5.624     0.849
    5.991     0.856
    6.334     0.854
    6.635     0.849
    6.878     0.844
    7.087     0.844
    7.145     0.848
    7.275     0.865
    7.365     0.891
    7.429     0.919
    7.473     0.942
    7.523     0.957
    7.489     0.956
    7.592     0.949
    7.715     0.932
    7.844     0.908
    7.929     0.886
    7.479     0.820
    7.318     0.825
    7.109     0.850
    6.842     0.889
    6.002     0.935
    5.611     0.980
    5.181     1.033
    4.780     1.069
    4.392     1.096
    4.028     1.113
    3.697     1.120
    3.407     1.116
    3.145     1.098
    2.964     1.076
    1.460     0.937
    1.461     0.912
    1.461     0.894
    1.459     0.884
    1.455     0.883
    1.448     0.893
    1.439     0.908
    1.428     0.923
    1.410     0.932
    1.382     0.931
    1.820     0.918
    1.763     0.891
    1.681     0.853
    1.810     0.823
    1.949     0.773
    1.788     0.756
    1.678     0.771
    1.424     0.795
    1.374     0.813
    1.314     0.823
    1.363     0.827
    1.297     0.823
    1.200     0.809
    1.281     0.801
    1.448     0.800
    1.687     0.805
    1.548     0.790
    1.764     0.794
    2.009     0.788
    2.286     0.771
    2.664     0.747
    3.071     0.722
    3.596     0.706
    4.242     0.695
    4.916     0.675
    5.446     0.664
    5.326     0.742
    5.090     0.827
    4.835     0.904
    4.576     0.971
    4.318     1.029
    4.061     1.078
    3.808     1.117
    3.560     1.148
    3.321     1.171
    3.095     1.188
    2.899     1.199
    2.756     1.206
    2.985     1.231
    2.942     0.772
    2.829     0.715
    2.831     0.723
    2.890     0.753
    2.950     0.772
    3.002     0.779
    3.053     0.783
    3.108     0.795
    3.176     0.815
    3.223     0.831
    3.257     0.835
    3.787     0.820
    3.791     0.790
    3.784     0.745
    3.809     0.694
    3.836     0.662
    3.968     0.671
    4.210     0.706
    4.571     0.753
    4.941     0.798
    5.321     0.834
    5.696     0.857
    6.061     0.868
    6.400     0.870
    6.697     0.869
    6.937     0.867
    6.965     0.866
    7.121     0.873
    7.232     0.888
    7.301     0.910
    7.345     0.933
    7.385     0.953
    7.443     0.965
    7.389     0.968
    7.488     0.961
    7.601     0.945
    7.690     0.926
    7.267     0.846
    7.199     0.834
    7.097     0.839
    6.908     0.863
    6.188     0.900
    5.813     0.943
    5.452     0.996
    5.070     1.038
    4.687     1.073
    4.316     1.100
    3.968     1.116
    3.630     1.120
    3.356     1.116
    1.461     0.987
    1.458     0.956
    1.458     0.929
    1.459     0.909
    1.460     0.896
    1.458     0.891
    1.454     0.895
    1.447     0.907
    1.439     0.923
    1.429     0.937
    1.412     0.945
    1.974     0.936
    1.942     0.922
    1.886     0.897
    1.959     0.888
    2.165     0.833
    1.984     0.797
    1.647     0.788
    1.559     0.800
    1.496     0.820
    1.448     0.836
    1.387     0.845
    1.342     0.846
    1.265     0.840
    1.249     0.831
    1.180     0.775
    1.264     0.776
    1.396     0.784
    1.567     0.790
    1.770     0.789
    2.068     0.778
    2.301     0.754
    2.587     0.724
    2.966     0.696
    3.540     0.687
    4.176     0.685
    4.822     0.678
    5.242     0.688
    5.199     0.757
    5.000     0.837
    4.764     0.912
    4.518     0.978
    4.269     1.034
    4.019     1.082
    3.771     1.120
    3.529     1.150
    3.295     1.173
    3.373     1.209
    3.188     1.220
    3.055     1.227
    3.060     0.831
    2.905     0.752
    2.772     0.682
    2.802     0.707
    2.871     0.741
    2.931     0.758
    2.981     0.761
    3.030     0.761
    3.092     0.775
    3.157     0.800
    3.208     0.821
    3.243     0.828
    3.263     0.818
    3.766     0.788
    3.804     0.746
    3.782     0.699
    3.803     0.668
    3.920     0.669
    4.195     0.701
    4.532     0.752
    4.905     0.801
    5.283     0.840
    5.652     0.866
    6.008     0.881
    6.336     0.887
    6.667     0.890
    6.896     0.891
    7.086     0.895
    7.003     0.898
    7.112     0.913
    7.184     0.932
    7.233     0.952
    7.278     0.968
    7.339     0.978
    7.280     0.980
    7.374     0.973
    6.978     0.901
    7.024     0.876
    7.001     0.855
    6.980     0.844
    6.879     0.851
    6.709     0.873
    5.976     0.909
    5.674     0.950
    5.315     1.002
    4.954     1.042
    4.590     1.077
    3.850     1.033
    3.459     1.030
    3.105     1.016
    1.477     1.008
    1.460     0.976
    1.456     0.946
    1.456     0.921
    1.457     0.905
    1.458     0.897
    1.456     0.897
    1.453     0.906
    1.447     0.920
    1.439     0.936
    1.430     0.951
    2.012     0.951
    1.999     0.948
    1.971     0.935
    2.555     0.941
    2.401     0.897
    2.228     0.855
    1.828     0.829
    1.716     0.819
    1.632     0.828
    1.572     0.845
    1.591     0.863
    1.506     0.868
    1.408     0.867
    1.240     0.801
    1.205     0.791
    1.229     0.784
    1.306     0.784
    1.428     0.788
    1.706     0.793
    1.863     0.785
    2.046     0.766
    2.260     0.737
    2.517     0.702
    2.908     0.673
    3.447     0.670
    4.089     0.681
    4.689     0.688
    5.047     0.712
    5.052     0.775
    4.893     0.850
    4.681     0.922
    4.450     0.986
    4.212     1.040
    3.971     1.087
    3.730     1.124
    3.774     1.171
    3.558     1.194
    3.350     1.210
    3.171     1.221
    3.194     0.894
    3.041     0.822
    2.880     0.740
    1.959     0.000
    2.792     0.702
    2.863     0.735
    2.920     0.747
    2.966     0.744
    2.999     0.739
    3.071     0.755
    3.142     0.787
    3.197     0.814
    3.232     0.824
    3.252     0.816
    3.379     0.793
    3.786     0.750
    3.762     0.705
    3.772     0.672
    3.904     0.663
    4.152     0.696
    4.500     0.753
    4.875     0.806
    5.249     0.848
    5.664     0.878
    6.007     0.896
    6.322     0.905
    6.594     0.909
    6.812     0.913
    6.992     0.919
    6.887     0.922
    6.992     0.936
    7.065     0.953
    7.118     0.970
    7.167     0.984
    7.229     0.992
    6.677     0.947
    6.742     0.929
    6.806     0.905
    6.769     0.881
    6.792     0.861
    6.761     0.853
    6.617     0.859
    6.035     0.883
    5.811     0.916
    5.513     0.956
    4.953     0.981
    4.553     1.007
    4.146     1.024
    3.747     1.029
    3.336     1.022
    2.996     1.006
    1.479     0.995
    1.459     0.963
    1.454     0.934
    1.454     0.912
    1.455     0.900
    1.456     0.897
    1.455     0.902
    1.452     0.915
    1.447     0.931
    1.439     0.949
    2.029     0.957
    2.035     0.963
    2.025     0.961
    2.706     0.989
    2.594     0.953
    2.453     0.914
    1.705     0.879
    1.616     0.853
    1.542     0.845
    1.708     0.856
    1.726     0.875
    1.465     0.842
    1.420     0.834
    1.362     0.823
    1.294     0.810
    1.258     0.798
    1.278     0.791
    1.529     0.796
    1.603     0.795
    1.715     0.790
    1.857     0.777
    2.024     0.753
    2.235     0.721
    2.473     0.681
    2.797     0.647
    3.350     0.657
    3.988     0.681
    4.541     0.701
    4.861     0.735
    4.898     0.795
    4.774     0.866
    4.588     0.933
    4.375     0.995
    4.149     1.048
    4.162     1.105
    3.951     1.144
    3.737     1.174
    3.527     1.196
    3.324     1.212
    3.319     0.952
    3.182     0.890
    3.030     0.818
    2.873     0.738
    2.755     0.676
    2.800     0.706
    2.865     0.733
    2.916     0.739
    2.955     0.727
    2.976     0.715
    3.053     0.737
    3.131     0.778
    3.190     0.809
    3.226     0.822
    3.365     0.820
    3.369     0.796
    3.372     0.758
    3.750     0.712
    3.780     0.674
    3.856     0.654
    4.119     0.693
    4.477     0.756
    4.907     0.814
    5.275     0.859
    5.626     0.890
    5.959     0.910
    6.262     0.922
    6.523     0.929
    6.729     0.935
    6.898     0.942
    6.771     0.945
    6.873     0.957
    6.946     0.972
    7.000     0.987
    6.546     0.971
    6.587     0.965
    6.524     0.952
    6.577     0.931
    6.542     0.907
    6.429     0.879
    6.490     0.863
    6.493     0.857
    5.941     0.867
    5.803     0.889
    5.505     0.914
    5.098     0.951
    4.724     0.981
    4.331     1.004
    3.931     1.018
    3.609     1.023
    3.247     1.014
    1.470     1.007
    1.437     0.975
    1.418     0.944
    1.451     0.921
    1.452     0.901
    1.453     0.893
    1.557     0.893
    1.557     0.904
    1.557     0.920
    1.555     0.939
    1.553     0.957
    2.050     0.969
    2.059     0.975
    2.810     1.025
    2.737     0.998
    1.910     0.968
    1.831     0.933
    1.745     0.901
    1.663     0.880
    1.662     0.882
    1.576     0.863
    1.547     0.860
    1.521     0.855
    1.477     0.845
    1.419     0.831
    1.350     0.817
    1.557     0.808
    1.534     0.800
    1.557     0.796
    1.623     0.793
    1.712     0.785
    1.828     0.768
    2.013     0.741
    2.193     0.704
    2.400     0.661
    2.671     0.621
    3.259     0.650
    3.882     0.687
    4.391     0.717
    4.685     0.758
    4.743     0.816
    4.650     0.882
    4.654     0.941
    4.486     1.012
    4.302     1.066
    4.106     1.112
    3.904     1.149
    3.698     1.178
    3.493     1.199
    3.428     1.000
    3.311     0.950
    3.177     0.889
    3.030     0.819
    2.885     0.746
    2.797     0.702
    2.822     0.718
    2.875     0.735
    2.919     0.733
    2.897     0.711
    2.957     0.691
    3.041     0.723
    3.125     0.772
    3.187     0.807
    3.348     0.827
    3.362     0.823
    3.363     0.800
    3.363     0.764
    3.361     0.722
    3.763     0.675
    3.809     0.641
    4.135     0.696
    4.514     0.765
    4.891     0.824
    5.251     0.870
    5.591     0.903
    5.913     0.925
    6.204     0.939
    6.453     0.948
    6.649     0.955
    6.807     0.964
    6.233     0.988
    6.373     0.993
    6.540     1.000
    6.635     1.008
    6.404     0.980
    6.214     0.968
    6.262     0.952
    6.016     0.920
    6.124     0.899
    6.214     0.879
    6.269     0.864
    5.758     0.863
    5.744     0.869
    5.602     0.890
    5.247     0.922
    4.929     0.953
    4.572     0.982
    4.197     1.004
    3.814     1.015
    1.578     1.045
    1.521     1.024
    1.474     0.995
    1.439     0.962
    1.418     0.929
    1.560     0.903
    1.554     0.886
    1.553     0.883
    1.555     0.891
    1.557     0.906
    1.558     0.927
    1.558     0.948
    1.557     0.968
    1.554     0.983
    2.440     1.048
    2.042     1.034
    1.996     1.010
    1.937     0.982
    1.865     0.951
    1.786     0.924
    1.780     0.914
    1.667     0.890
    1.628     0.882
    1.603     0.875
    1.578     0.867
    1.822     0.834
    1.756     0.826
    1.664     0.816
    1.594     0.806
    1.568     0.798
    1.632     0.796
    1.654     0.790
    1.721     0.779
    1.857     0.759
    1.993     0.728
    2.156     0.688
    2.339     0.645
    1.046     0.000
    3.185     0.652
    3.779     0.697
    4.247     0.736
    4.597     0.777
    4.693     0.833
    4.660     0.895
    4.549     0.965
    4.403     1.023
    4.232     1.075
    4.047     1.118
    3.854     1.154
    3.655     1.182
    2.733     0.968
    2.668     0.929
    2.600     0.885
    2.534     0.835
    3.039     0.825
    2.910     0.762
    2.839     0.727
    2.852     0.733
    2.894     0.740
    2.826     0.726
    2.887     0.699
    2.940     0.665
    3.036     0.715
    3.125     0.771
    3.312     0.813
    3.351     0.831
    3.365     0.828
    3.363     0.807
    3.359     0.773
    3.353     0.731
    3.754     0.680
    2.772     0.000
    4.142     0.706
    4.516     0.777
    4.884     0.836
    5.231     0.882
    5.560     0.916
    5.498     0.978
    5.766     0.996
    6.005     1.005
    6.205     1.010
    6.376     1.013
    6.186     1.005
    6.317     1.010
    6.157     0.996
    6.200     0.994
    6.230     0.988
    6.104     0.975
    5.696     0.932
    5.813     0.918
    5.914     0.897
    5.408     0.887
    5.580     0.869
    5.566     0.861
    5.541     0.870
    5.481     0.896
    5.064     0.924
    4.762     0.955
    4.422     0.983
    1.805     1.061
    1.737     1.056
    1.680     1.041
    1.627     1.017
    1.478     0.982
    1.441     0.947
    1.418     0.913
    1.555     0.887
    1.550     0.873
    1.550     0.874
    1.554     0.887
    1.504     0.995
    1.504     1.023
    1.503     1.045
    1.499     1.060
    2.462     1.056
    2.452     1.052
    2.057     1.041
    2.017     1.020
    1.964     0.995
    2.026     0.970
    1.951     0.941
    1.762     0.926
    1.714     0.910
    1.680     0.899
    1.913     0.843
    1.904     0.838
    1.864     0.831
    1.797     0.822
    1.705     0.811
    1.759     0.813
    1.687     0.799
    1.657     0.792
    1.673     0.785
    1.759     0.772
    1.852     0.749
    1.976     0.715
    2.126     0.674
    2.302     0.635
    2.665     0.614
    3.208     0.661
    3.747     0.709
    4.176     0.752
    4.444     0.799
    4.546     0.860
    4.533     0.920
    4.447     0.980
    4.317     1.035
    4.160     1.084
    3.986     1.126
    3.802     1.159
    2.759     0.988
    2.704     0.956
    2.642     0.919
    2.576     0.876
    2.515     0.830
    2.463     0.782
    2.430     0.742
    2.437     0.724
    2.489     0.730
    2.309     0.732
    2.379     0.724
    2.808     0.692
    2.632     0.000
    2.976     0.717
    3.070     0.776
    3.142     0.814
    3.359     0.837
    3.372     0.835
    3.368     0.816
    3.361     0.784
    3.730     0.739
    3.780     0.693
    3.856     0.663
    4.018     0.730
    4.321     0.803
    4.625     0.867
    4.916     0.920
    5.200     0.960
    5.474     0.989
    5.730     1.007
    5.957     1.018
    6.146     1.025
    6.303     1.029
    6.028     1.022
    6.152     1.027
    6.025     1.008
    6.060     1.004
    5.463     0.950
    5.396     0.942
    5.493     0.930
    4.730     0.935
    5.004     0.907
    5.230     0.881
    5.389     0.864
    5.375     0.861
    5.432     0.871
    5.292     0.896
    5.066     0.928
    2.134     1.035
    2.044     1.049
    1.816     1.052
    1.744     1.047
    1.683     1.032
    1.628     1.006
    1.581     0.973
    1.526     0.957
    1.502     0.927
    1.492     0.907
    1.492     0.904
    1.494     0.921
    1.499     0.951
    1.503     0.985
    1.504     1.017
    1.503     1.042
    1.500     1.059
    2.470     1.058
    2.259     1.060
    2.243     1.051
    2.211     1.035
    2.115     1.010
    2.056     0.984
    1.989     0.958
    1.803     0.945
    1.964     0.868
    1.958     0.853
    1.960     0.843
    1.949     0.834
    1.908     0.825
    2.029     0.846
    1.901     0.822
    1.788     0.803
    1.716     0.791
    2.097     0.846
    2.072     0.831
    2.075     0.806
    2.103     0.768
    2.226     0.720
    2.298     0.670
    2.420     0.635
    2.678     0.632
    3.160     0.676
    3.653     0.726
    4.048     0.772
    4.297     0.825
    4.410     0.881
    4.413     0.939
    4.345     0.995
    4.230     1.047
    4.086     1.094
    3.923     1.133
    2.253     0.996
    2.240     0.969
    2.227     0.934
    2.214     0.894
    2.202     0.851
    2.194     0.808
    2.191     0.769
    2.197     0.739
    2.218     0.729
    2.259     0.735
    2.317     0.739
    2.385     0.728
    2.459     0.698
    2.882     0.670
    2.986     0.729
    3.078     0.785
    3.148     0.823
    3.195     0.840
    3.221     0.839
    3.342     0.826
    3.332     0.796
    3.778     0.753
    3.758     0.714
    3.833     0.701
    4.066     0.754
    4.350     0.820
    4.639     0.881
    4.917     0.932
    5.189     0.971
    5.452     1.000
    5.696     1.019
    5.911     1.031
    6.088     1.039
    5.805     1.033
    5.931     1.037
    5.929     1.028
    5.977     1.025
    5.202     0.953
    5.262     0.949
    4.039     0.973
    4.326     0.950
    4.799     0.913
    4.842     0.899
    5.233     0.865
    5.281     0.852
    5.330     0.853
    5.285     0.868
    2.337     0.980
    2.252     1.004
    2.154     1.025
    2.058     1.040
    1.968     1.046
    1.888     1.041
    1.819     1.025
    1.630     0.995
    1.562     0.973
    1.524     0.937
    1.499     0.903
    1.488     0.881
    1.488     0.880
    1.491     0.902
    1.497     0.937
    1.501     0.976
    1.504     1.011
    1.504     1.039
    2.376     1.050
    2.259     1.062
    2.265     1.064
    2.255     1.057
    2.177     1.042
    2.139     1.021
    2.087     0.997
    2.048     0.927
    2.023     0.897
    2.009     0.873
    2.005     0.855
    2.237     0.911
    2.212     0.884
    2.150     0.858
    2.054     0.832
    2.320     0.861
    2.214     0.844
    2.134     0.833
    2.077     0.824
    2.048     0.812
    2.131     0.791
    2.146     0.754
    2.185     0.704
    2.258     0.654
    2.402     0.635
    2.684     0.650
    3.120     0.694
    3.567     0.745
    3.925     0.797
    4.165     0.848
    4.281     0.902
    4.297     0.957
    4.243     1.010
    4.142     1.060
    4.011     1.104
    2.258     1.000
    2.246     0.982
    2.234     0.955
    2.222     0.919
    2.211     0.880
    2.201     0.839
    2.196     0.801
    2.196     0.769
    2.206     0.748
    2.229     0.742
    2.269     0.746
    2.325     0.748
    2.390     0.737
    2.460     0.712
    2.526     0.703
    3.001     0.748
    3.089     0.798
    3.158     0.833
    3.321     0.855
    3.346     0.854
    3.352     0.838
    3.854     0.806
    3.825     0.771
    3.821     0.739
    3.911     0.737
    4.122     0.781
    4.385     0.841
    4.658     0.897
    4.922     0.945
    5.181     0.983
    5.431     1.012
    5.663     1.031
    5.866     1.044
    5.797     1.042
    3.862     1.140
    3.935     1.141
    5.813     1.040
    3.476     1.030
    3.595     0.999
    3.820     0.984
    4.251     0.948
    4.401     0.926
    4.689     0.900
    4.914     0.875
    4.987     0.854
    5.102     0.842
    5.145     0.844
    2.441     0.939
    2.370     0.964
    2.278     0.991
    2.174     1.015
    2.071     1.031
    1.975     1.038
    1.891     1.033
    1.720     1.012
    1.645     0.992
    1.595     0.957
    1.554     0.917
    1.526     0.879
    1.513     0.855
    1.513     0.856
    1.519     0.883
    1.527     0.924
    1.534     0.967
    1.540     1.006
    2.347     1.027
    1.472     1.051
    2.263     1.063
    2.273     1.067
    2.268     1.063
    2.195     1.050
    2.215     1.031
    2.107     0.968
    2.084     0.934
    2.064     0.902
    2.229     0.943
    2.242     0.919
    2.249     0.893
    2.230     0.867
    2.555     0.882
    2.417     0.852
    2.307     0.832
    2.200     0.816
    2.119     0.807
    2.153     0.804
    2.114     0.796
    2.103     0.777
    2.115     0.741
    2.151     0.690
    2.227     0.640
    2.393     0.638
    2.684     0.668
    3.083     0.714
    3.484     0.768
    3.817     0.819
    4.043     0.870
    4.160     0.922
    4.185     0.975
    4.144     1.026
    4.055     1.072
    2.260     0.993
    2.251     0.987
    2.240     0.968
    2.229     0.939
    2.218     0.904
    2.209     0.865
    2.201     0.827
    2.199     0.794
    2.203     0.769
    2.215     0.755
    2.240     0.753
    2.278     0.757
    2.332     0.759
    2.394     0.749
    2.459     0.732
    2.521     0.733
    2.572     0.772
    2.663     0.817
    2.702     0.850
    3.337     0.867
    3.360     0.867
    3.365     0.852
    3.901     0.822
    3.882     0.792
    3.893     0.768
    3.990     0.771
    4.183     0.809
    4.426     0.862
    4.681     0.915
    4.929     0.960
    5.176     0.996
    5.413     1.024
    5.632     1.043
    5.596     1.047
    3.829     1.131
    3.858     1.141
    3.197     1.046
    3.269     1.032
    3.314     0.997
    3.661     0.971
    3.885     0.953
    4.132     0.933
    4.307     0.911
    4.549     0.887
    4.657     0.862
    4.822     0.840
    4.927     0.829
    2.529     0.897
    2.480     0.919
    2.401     0.948
    2.303     0.979
    2.192     1.005
    2.083     1.023
    1.880     1.027
    1.793     1.022
    1.705     1.009
    1.645     0.981
    1.593     0.942
    1.551     0.898
    1.521     0.855
    1.507     0.827
    1.508     0.831
    1.515     0.866
    1.525     0.913
    1.533     0.960
    1.540     1.002
    1.473     1.027
    2.248     1.051
    2.269     1.066
    2.350     1.062
    1.843     0.953
    2.283     1.024
    2.150     1.007
    2.137     0.974
    2.185     0.964
    2.207     0.946
    2.474     0.938
    2.521     0.917
    2.562     0.896
    2.575     0.876
    2.478     0.846
    2.405     0.825
    2.296     0.804
    2.284     0.788
    2.197     0.782
    2.132     0.784
    2.092     0.782
    2.079     0.766
    2.090     0.732
    2.126     0.679
    2.202     0.624
    2.390     0.645
    2.681     0.687
    3.044     0.738
    3.412     0.790
    3.717     0.841
    3.929     0.892
    4.045     0.943
    4.078     0.993
    4.047     1.041
    2.258     0.975
    2.253     0.980
    2.244     0.973
    2.234     0.954
    2.224     0.924
    2.214     0.887
    2.207     0.849
    2.202     0.813
    2.202     0.786
    2.209     0.768
    2.225     0.760
    2.250     0.763
    2.287     0.769
    2.338     0.771
    2.397     0.764
    2.458     0.755
    2.516     0.763
    2.617     0.794
    2.658     0.835
    2.695     0.865
    2.724     0.881
    3.276     0.875
    3.975     0.862
    3.955     0.839
    3.947     0.814
    3.970     0.797
    4.069     0.804
    4.247     0.838
    4.470     0.885
    4.706     0.933
    4.940     0.975
    5.173     1.009
    5.191     1.030
    5.381     1.047
    3.799     1.118
    3.361     1.059
    3.130     1.046
    3.135     1.033
    3.099     0.992
    3.380     0.970
    3.559     0.953
    3.776     0.936
    3.935     0.918
    4.181     0.896
    4.309     0.872
    4.509     0.847
    4.661     0.825
    2.592     0.864
    2.574     0.872
    2.517     0.898
    2.431     0.933
    2.325     0.968
    2.208     0.997
    1.993     1.012
    1.887     1.020
    1.778     1.019
    1.705     1.001
    1.644     0.970
    1.591     0.928
    1.547     0.879
    1.517     0.830
    1.502     0.798
    1.503     0.807
    1.512     0.850
    1.523     0.904
    1.532     0.955
    1.540     1.000
    1.752     0.985
    2.383     1.012
    2.397     1.031
    2.352     1.042
    1.832     0.944
    1.769     0.922
    2.309     0.974
    2.335     0.964
    2.367     0.951
    2.406     0.935
    2.454     0.916
    2.505     0.894
    2.549     0.871
    2.564     0.851
    2.466     0.818
    2.492     0.797
    2.379     0.775
    2.266     0.758
    2.179     0.757
    2.115     0.766
    2.074     0.769
    2.060     0.758
    2.071     0.726
    2.109     0.675
    1.924     0.000
    2.392     0.660
    2.673     0.711
    3.010     0.762
    3.345     0.813
    3.625     0.864
    3.824     0.914
    3.937     0.963
    3.975     1.011
    2.251     0.945
    2.250     0.962
    2.246     0.968
    2.238     0.960
    2.229     0.940
    2.219     0.908
    2.211     0.870
    2.205     0.832
    2.203     0.799
    2.206     0.776
    2.216     0.765
    2.234     0.765
    2.260     0.772
    2.296     0.780
    2.344     0.784
    2.399     0.782
    2.582     0.795
    2.611     0.799
    2.640     0.825
    2.666     0.856
    2.689     0.881
    2.707     0.894
    2.722     0.893
    3.289     0.878
    4.017     0.858
    4.018     0.838
    4.051     0.826
    4.147     0.835
    4.312     0.865
    4.516     0.908
    4.735     0.951
    4.953     0.990
    4.972     1.018
    3.448     1.042
    3.412     1.052
    3.370     1.055
    3.210     1.018
    3.158     1.007
    3.147     0.995
    3.162     0.967
    3.287     0.950
    3.457     0.934
    3.586     0.918
    3.822     0.900
    4.057     0.879
    4.178     0.856
    4.365     0.830
    4.504     0.807
    2.642     0.835
    2.619     0.847
    2.553     0.879
    2.458     0.919
    2.345     0.958
    2.126     0.986
    2.003     1.007
    1.875     1.019
    1.780     1.013
    1.705     0.993
    1.642     0.960
    1.588     0.915
    1.544     0.862
    1.512     0.806
    1.496     0.767
    1.499     0.784
    1.510     0.838
    1.781     0.857
    1.812     0.904
    1.769     0.942
    1.771     0.978
    1.668     0.946
    1.628     0.946
    1.629     0.939
    1.898     0.926
    2.258     0.964
    2.277     0.953
    2.305     0.943
    2.340     0.930
    2.382     0.914
    2.436     0.894
    2.490     0.870
    2.538     0.846
    2.592     0.814
    2.552     0.792
    2.474     0.769
    2.364     0.745
    2.251     0.728
    2.165     0.732
    2.101     0.750
    2.061     0.760
    2.047     0.753
    2.060     0.726
    2.102     0.680
    2.199     0.643
    2.397     0.684
    2.666     0.735
    2.978     0.786
    3.283     0.837
    3.541     0.887
    3.727     0.935
    3.836     0.983
    2.239     0.902
    2.243     0.930
    2.243     0.949
    2.240     0.955
    2.233     0.947
    2.224     0.925
    2.215     0.892
    2.208     0.852
    2.204     0.813
    2.205     0.783
    2.211     0.766
    2.224     0.762
    2.243     0.768
    2.270     0.780
    2.304     0.792
    2.526     0.834
    2.552     0.822
    2.580     0.815
    2.608     0.823
    2.634     0.847
    2.658     0.876
    2.679     0.898
    2.694     0.910
    2.706     0.909
    3.497     0.894
    4.083     0.878
    4.094     0.862
    4.134     0.854
    4.226     0.865
    4.377     0.892
    4.564     0.930
    4.592     0.969
    3.485     1.002
    3.462     1.027
    3.429     1.043
    3.276     1.019
    3.217     1.014
    3.154     1.003
    3.092     0.990
    3.207     0.969
    3.254     0.951
    3.192     0.929
    3.350     0.914
    3.483     0.899
    3.711     0.882
    3.841     0.862
    4.052     0.839
    4.225     0.813
    2.670     0.818
    2.692     0.806
    2.663     0.821
    2.587     0.860
    2.396     0.904
    2.271     0.947
    2.139     0.980
    1.994     1.006
    1.879     1.014
    1.782     1.007
    1.704     0.986
    1.641     0.952
    1.586     0.904
    1.541     0.847
    1.507     0.783
    1.665     0.720
    1.701     0.740
    1.752     0.793
    1.798     0.846
    1.830     0.895
    1.713     0.905
    1.711     0.924
    1.754     0.934
    1.904     0.956
    2.302     0.954
    2.218     0.954
    2.226     0.943
    2.244     0.931
    2.274     0.921
    2.312     0.909
    2.360     0.893
    2.418     0.872
    2.477     0.846
    2.570     0.811
    2.574     0.786
    2.535     0.765
    2.459     0.742
    2.352     0.716
    2.239     0.697
    2.154     0.709
    2.092     0.737
    2.052     0.754
    2.040     0.752
    2.055     0.730
    2.111     0.696
    2.215     0.677
    2.405     0.712
    2.660     0.761
    2.947     0.811
    3.226     0.861
    3.463     0.910
    3.636     0.957
    2.223     0.850
    2.231     0.885
    2.236     0.917
    2.237     0.938
    2.234     0.944
    2.228     0.935
    2.219     0.911
    2.211     0.875
    2.205     0.833
    2.203     0.794
    2.207     0.765
    2.216     0.754
    2.232     0.757
    2.304     0.752
    2.336     0.768
    2.503     0.838
    2.527     0.838
    2.552     0.834
    2.578     0.835
    2.604     0.847
    2.628     0.870
    2.650     0.895
    2.669     0.916
    2.682     0.926
    2.691     0.926
    3.526     0.911
    3.529     0.897
    3.539     0.884
    4.218     0.882
    4.305     0.893
    3.774     0.919
    3.846     0.956
    3.499     0.983
    3.481     1.011
    3.451     1.031
    3.301     1.014
    3.236     1.012
    3.168     1.002
    3.096     0.988
    3.151     0.968
    3.125     0.948
    2.985     0.923
    3.092     0.907
    2.300     0.897
    2.422     0.885
    2.430     0.873
    3.731     0.844
    3.930     0.821
    2.658     0.816
    2.719     0.790
    2.742     0.776
    2.705     0.796
    2.539     0.841
    2.418     0.894
    2.270     0.945
    2.133     0.980
    2.000     1.002
    1.882     1.010
    1.782     1.003
    1.703     0.981
    1.639     0.945
    1.753     0.885
    1.712     0.821
    1.680     0.748
    1.665     0.684
    1.713     0.723
    1.770     0.782
    1.801     0.826
    1.810     0.866
    1.829     0.898
    1.920     0.923
    1.908     0.937
    1.896     0.941
    2.191     0.944
    2.187     0.933
    2.192     0.920
    2.211     0.909
    2.243     0.899
    2.286     0.888
    1.869     0.872
    1.949     0.846
    2.515     0.815
    2.552     0.783
    2.557     0.758
    2.519     0.739
    2.445     0.717
    2.342     0.688
    2.230     0.666
    2.147     0.690
    2.087     0.729
    2.048     0.752
    2.038     0.755
    2.065     0.742
    2.120     0.717
    2.231     0.711
    2.414     0.743
    2.652     0.789
    2.917     0.837
    3.173     0.886
    3.391     0.932
    2.204     0.793
    2.213     0.829
    2.223     0.870
    2.229     0.905
    2.231     0.927
    2.229     0.933
    2.223     0.923
    2.216     0.896
    2.208     0.858
    2.202     0.813
    2.202     0.767
    2.225     0.738
    2.255     0.727
    2.288     0.733
    2.321     0.750
    2.351     0.771
    2.506     0.837
    2.528     0.843
    2.552     0.847
    2.576     0.854
    2.600     0.869
    2.622     0.891
    2.642     0.915
    2.658     0.934
    2.669     0.943
    2.676     0.943
    3.557     0.929
    3.563     0.918
    3.576     0.908
    3.600     0.906
    3.754     0.919
    3.504     0.943
    3.513     0.969
    3.503     0.996
    3.394     1.000
    3.338     1.009
    3.271     1.011
    3.197     1.003
    2.196     1.001
    2.167     0.979
    3.082     0.947
    2.104     0.923
    2.901     0.899
    2.999     0.883
    2.302     0.873
    2.320     0.863
    2.457     0.850
    2.585     0.835
    2.694     0.816
    2.703     0.793
    2.767     0.763
    2.792     0.745
    2.677     0.770
    2.566     0.828
    2.421     0.891
    2.282     0.940
    2.140     0.977
    2.004     1.000
    1.884     1.007
    1.936     0.995
    1.864     0.970
    1.807     0.930
    1.760     0.876
    1.720     0.810
    1.689     0.733
    1.389     0.000
    1.746     0.714
    1.790     0.770
    1.818     0.817
    1.930     0.858
    1.930     0.888
    1.920     0.911
    1.904     0.924
    1.832     0.928
    2.165     0.925
    2.157     0.912
    2.159     0.897
    1.696     0.889
    1.740     0.879
    1.799     0.869
    1.873     0.851
    1.957     0.824
    2.496     0.789
    2.536     0.754
    2.542     0.731
    2.506     0.714
    2.434     0.693
    2.335     0.663
    2.225     0.634
    2.145     0.677
    2.087     0.725
    2.049     0.753
    2.048     0.765
    2.071     0.756
    2.132     0.741
    2.247     0.744
    2.423     0.774
    2.645     0.817
    2.889     0.863
    3.124     0.910
    2.186     0.748
    2.193     0.766
    2.204     0.810
    2.216     0.858
    2.223     0.895
    2.226     0.918
    2.225     0.924
    2.220     0.912
    2.180     0.883
    2.183     0.839
    2.191     0.789
    2.207     0.743
    2.234     0.715
    2.269     0.710
    2.305     0.723
    2.337     0.747
    2.367     0.773
    2.509     0.836
    2.530     0.850
    2.552     0.860
    2.574     0.872
    2.596     0.890
    2.616     0.912
    2.634     0.934
    2.648     0.952
    2.656     0.961
    2.661     0.961
    3.528     0.960
    3.598     0.938
    3.613     0.931
    3.481     0.936
    3.509     0.945
    3.525     0.963
    3.525     0.986
    3.436     0.993
    3.383     1.005
    2.342     1.023
    2.277     1.019
    2.218     1.006
    2.170     0.986
    2.140     0.960
    2.057     0.923
    2.082     0.898
    2.140     0.878
    2.179     0.860
    2.303     0.849
    2.339     0.839
    2.485     0.828
    2.617     0.813
    2.729     0.795
    2.744     0.771
    2.812     0.737
    2.786     0.711
    2.736     0.750
    2.574     0.822
    2.434     0.886
    2.290     0.938
    2.281     0.974
    2.148     0.996
    2.034     1.002
    1.940     0.992
    1.868     0.966
    1.814     0.925
    1.808     0.872
    1.770     0.805
    1.739     0.729
    1.725     0.673
    1.770     0.715
    1.909     0.767
    1.935     0.811
    1.940     0.848
    1.936     0.877
    1.921     0.899
    1.853     0.913
    1.831     0.913
    1.670     0.911
    1.658     0.894
    1.662     0.877
    1.688     0.864
    1.734     0.857
    1.797     0.848
    1.876     0.831
    1.965     0.802
    2.479     0.764
    2.522     0.725
    2.530     0.704
    2.495     0.691
    2.425     0.672
    2.331     0.643
    2.183     0.000
    2.111     0.673
    2.055     0.726
    1.996     0.758
    1.941     0.771
    1.892     0.769
    1.848     0.764
    1.809     0.775
    2.431     0.805
    2.638     0.846
    2.863     0.890
    2.174     0.734
    2.174     0.715
    2.183     0.741
    2.196     0.795
    2.209     0.847
    2.170     0.890
    2.176     0.913
    2.179     0.917
    2.181     0.902
    2.182     0.869
    2.185     0.821
    2.193     0.766
    2.211     0.717
    2.244     0.689
    2.285     0.690
    2.322     0.712
    2.354     0.743
    2.494     0.810
    2.513     0.836
    2.533     0.857
    2.552     0.874
    2.572     0.890
    2.592     0.910
    2.610     0.933
    2.626     0.954
    2.637     0.970
    2.644     0.978
    2.647     0.979
    3.560     0.976
    3.517     0.962
    3.490     0.958
    3.512     0.958
    2.549     0.969
    2.524     0.981
    2.486     0.995
    2.464     1.015
    2.392     1.023
    2.321     1.023
    2.255     1.014
    2.194     0.996
    2.145     0.970
    2.035     0.931
    2.033     0.900
    2.059     0.872
    2.121     0.851
    2.171     0.833
    2.204     0.824
    2.359     0.815
    2.513     0.805
    2.650     0.792
    2.762     0.775
    2.782     0.752
    2.802     0.714
    2.857     0.678
    2.761     0.737
    2.704     0.816
    2.568     0.883
    2.425     0.936
    2.283     0.974
    2.150     0.996
    2.036     1.001
    1.984     0.992
    1.914     0.965
    1.862     0.924
    1.819     0.869
    1.786     0.803
    1.761     0.733
    1.859     0.695
    1.893     0.722
    1.930     0.764
    1.948     0.803
    1.955     0.837
    1.944     0.867
    1.880     0.890
    1.853     0.900
    1.691     0.905
    1.666     0.892
    1.650     0.871
    1.652     0.851
    1.678     0.840
    1.728     0.835
    1.795     0.829
    1.878     0.813
    2.408     0.783
    2.465     0.739
    2.510     0.696
    2.520     0.679
    2.240     0.668
    2.224     0.652
    2.199     0.630
    2.164     0.619
    2.116     0.677
    2.061     0.731
    2.003     0.766
    1.949     0.783
    1.900     0.788
    1.858     0.791
    1.820     0.805
    1.792     0.837
    1.777     0.880
    2.169     0.749
    2.161     0.704
    2.163     0.681
    2.139     0.720
    2.148     0.785
    2.159     0.842
    2.168     0.884
    2.175     0.907
    2.180     0.910
    2.182     0.893
    2.184     0.856
    2.188     0.804
    2.196     0.743
    2.216     0.688
    2.255     0.662
    2.302     0.671
    2.341     0.701
    2.372     0.739
    2.500     0.805
    2.518     0.838
    2.535     0.865
    2.553     0.887
    2.571     0.908
    2.588     0.930
    2.604     0.952
    2.617     0.972
    2.627     0.988
    2.631     0.996
    3.584     0.995
    2.637     0.992
    2.505     0.980
    2.554     0.983
    2.551     0.983
    2.539     0.988
    2.563     1.006
    2.512     1.016
    2.446     1.024
    2.372     1.027
    2.300     1.022
    2.233     1.008
    2.171     0.985
    2.039     0.944
    2.012     0.910
    2.008     0.875
    2.035     0.845
    2.100     0.822
    2.128     0.806
    2.213     0.799
    2.380     0.792
    2.542     0.783
    2.682     0.772
    2.793     0.758
    2.784     0.735
    2.942     0.699
    3.467     0.000
    2.840     0.736
    2.709     0.817
    2.569     0.885
    2.425     0.938
    2.283     0.976
    2.190     0.998
    2.079     1.003
    1.988     0.991
    1.920     0.964
    1.872     0.922
    1.833     0.868
    1.937     0.806
    1.902     0.744
    1.896     0.713
    1.924     0.729
    1.951     0.761
    1.968     0.796
    1.970     0.828
    1.953     0.857
    1.885     0.879
    1.727     0.893
    1.692     0.889
    1.661     0.872
    1.642     0.848
    1.641     0.825
    1.668     0.815
    1.721     0.815
    1.793     0.812
    1.881     0.797
    2.393     0.766
    2.137     0.707
    2.221     0.659
    2.251     0.651
    2.247     0.650
    2.228     0.636
    2.202     0.624
    2.166     0.635
    2.120     0.688
    2.066     0.741
    2.009     0.778
    1.956     0.798
    1.908     0.808
    1.867     0.817
    1.831     0.835
    1.805     0.866
    2.197     0.785
    2.177     0.724
    2.123     0.676
    2.126     0.647
    2.133     0.705
    2.144     0.778
    2.157     0.838
    2.167     0.880
    2.176     0.902
    2.182     0.904
    2.185     0.884
    2.188     0.844
    2.192     0.788
    2.199     0.720
    2.219     0.659
    2.268     0.634
    2.320     0.651
    2.360     0.690
    2.482     0.757
    2.506     0.802
    2.523     0.841
    2.538     0.873
    2.553     0.900
    2.569     0.924
    2.584     0.948
    2.598     0.971
    2.609     0.990
    2.617     1.005
    2.369     1.008
    2.363     1.010
    2.494     1.001
    2.546     1.005
    2.547     1.002
    2.543     1.002
    2.587     1.016
    2.551     1.021
    2.497     1.028
    2.428     1.032
    2.353     1.031
    2.281     1.020
    2.211     1.001
    2.148     0.973
    2.016     0.927
    1.988     0.888
    1.983     0.849
    2.010     0.816
    1.963     0.793
    2.060     0.779
    2.223     0.774
    2.401     0.768
    2.571     0.760
    2.713     0.752
    2.815     0.743
    2.896     0.725
    2.919     0.694
    2.939     0.673
    2.837     0.745
    2.706     0.823
    2.599     0.890
    2.457     0.943
    2.319     0.980
    2.190     1.000
    2.080     1.004
    1.991     0.992
    1.927     0.964
    2.044     0.925
    1.996     0.871
    1.959     0.811
    1.933     0.756
    1.933     0.729
    1.957     0.736
    1.979     0.759
    1.991     0.789
    2.036     0.819
    1.925     0.848
    1.774     0.873
    1.732     0.881
    1.692     0.874
    1.657     0.854
    1.632     0.824
    1.628     0.798
    1.656     0.790
    1.714     0.796
    1.791     0.797
    1.944     0.771
    2.044     0.737
    2.148     0.684
    2.241     0.627
    2.259     0.634
    2.250     0.635
    2.230     0.622
    2.203     0.623
    2.168     0.650
    2.123     0.702
    2.070     0.754
    2.014     0.792
    1.962     0.815
    1.916     0.830
    1.875     0.843
    1.842     0.863
    2.215     0.836
    2.131     0.763
    2.117     0.699
    2.113     0.653
    2.125     0.000
    2.128     0.700
    2.141     0.776
    2.155     0.837
    2.167     0.878
    2.177     0.900
    2.184     0.899
    2.189     0.877
    2.192     0.834
    2.196     0.773
    2.202     0.698
    2.222     0.628
    2.283     0.605
    2.341     0.633
    2.379     0.681
    2.491     0.749
    2.513     0.800
    2.528     0.845
    2.541     0.882
    2.554     0.913
    2.568     0.941
    2.581     0.966
    2.592     0.989
    2.601     1.008
    2.367     1.015
    2.357     1.023
    2.485     1.019
    2.537     1.025
    2.539     1.022
    2.539     1.020
    2.598     1.034
    2.578     1.033
    2.539     1.036
    2.482     1.039
    2.411     1.040
    2.335     1.033
    2.262     1.018
    2.191     0.994
    1.922     0.984
    1.893     0.932
    1.964     0.865
    1.958     0.822
    1.984     0.786
    1.949     0.763
    2.056     0.752
    2.232     0.749
    2.423     0.745
    2.645     0.739
    2.788     0.734
    2.892     0.730
    2.876     0.720
    2.922     0.699
    2.938     0.700
    2.850     0.761
    2.727     0.834
    2.591     0.898
    2.452     0.949
    2.315     0.984
    2.188     1.003
    2.080     1.006
    2.179     0.996
    2.109     0.968
    2.056     0.926
    2.013     0.874
    1.982     0.818
    1.965     0.768
    1.970     0.741
    1.989     0.740
    2.009     0.755
    2.078     0.781
    2.009     0.811
    1.981     0.840
    1.784     0.863
    1.738     0.870
    1.692     0.861
    1.652     0.836
    1.622     0.801
    1.614     0.770
    1.644     0.766
    1.765     0.771
    1.850     0.773
    1.946     0.757
    2.049     0.722
    2.156     0.667
    2.571     0.000
    2.261     0.623
    2.250     0.624
    2.229     0.609
    2.203     0.625
    2.169     0.665
    2.125     0.718
    2.073     0.769
    2.019     0.808
    1.968     0.834
    1.923     0.852
    1.884     0.869
    2.168     0.894
    2.143     0.821
    2.121     0.743
    2.105     0.676
    2.103     0.639
    2.112     0.632
    2.124     0.705
    2.139     0.780
    2.154     0.839
    2.168     0.879
    2.179     0.899
    2.188     0.896
    2.193     0.872
    2.198     0.826
    2.202     0.761
    2.207     0.680
    2.222     0.597
    2.304     0.577
    2.363     0.619
    2.472     0.684
    2.500     0.744
    2.520     0.801
    2.534     0.850
    2.544     0.892
    2.555     0.926
    2.566     0.956
    2.577     0.983
    2.377     0.997
    2.367     1.016
    2.348     1.029
    2.336     1.037
    2.530     1.042
    2.531     1.040
    2.596     1.066
    2.597     1.056
    2.591     1.050
    2.569     1.049
    2.527     1.050
    2.468     1.050
    2.394     1.046
    2.318     1.035
    1.998     1.065
    1.951     1.019
    1.909     0.967
    1.878     0.911
    1.864     0.853
    1.871     0.800
    1.845     0.756
    1.932     0.732
    2.075     0.725
    2.283     0.726
    2.486     0.724
    2.673     0.717
    2.815     0.717
    2.843     0.721
    2.901     0.719
    2.933     0.712
    2.916     0.725
    2.832     0.780
    2.713     0.847
    2.580     0.908
    2.443     0.956
    2.309     0.990
    2.376     1.011
    2.270     1.013
    2.183     0.999
    2.117     0.971
    2.068     0.930
    2.031     0.880
    2.008     0.826
    1.997     0.779
    2.004     0.750
    2.024     0.742
    2.101     0.751
    2.048     0.772
    2.029     0.802
    1.845     0.834
    1.795     0.854
    1.743     0.860
    1.693     0.848
    1.647     0.819
    1.611     0.778
    1.598     0.742
    1.685     0.739
    1.759     0.755
    1.849     0.760
    1.948     0.745
    2.052     0.710
    2.158     0.658
    2.244     0.609
    2.257     0.621
    2.247     0.617
    2.226     0.596
    2.202     0.632
    2.169     0.682
    2.126     0.736
    2.075     0.786
    2.022     0.825
    1.973     0.853
    1.929     0.874
    2.188     0.952
    2.163     0.885
    2.137     0.808
    2.113     0.726
    2.093     0.654
    2.095     0.634
    2.107     0.652
    2.122     0.717
    2.138     0.788
    2.155     0.844
    2.170     0.882
    2.182     0.899
    2.192     0.895
    2.199     0.868
    2.205     0.821
    2.210     0.753
    2.215     0.668
    1.869     0.000
    2.485     0.000
    2.386     0.610
    2.485     0.675
    2.510     0.741
    2.527     0.803
    2.539     0.857
    2.548     0.902
    2.556     0.940
    2.388     0.963
    2.378     0.989
    2.367     1.012
    2.347     1.030
    2.335     1.044
    2.529     1.054
    2.524     1.056
    2.588     1.093
    2.592     1.080
    2.592     1.071
    2.585     1.066
    2.559     1.063
    2.515     1.062
    2.454     1.059
    2.379     1.052
    2.041     1.096
    1.988     1.055
    1.940     1.007
    1.896     0.951
    1.864     0.890
    1.847     0.827
    1.851     0.770
    1.827     0.725
    1.913     0.701
    2.085     0.698
    2.289     0.705
    2.507     0.703
    2.703     0.696
    2.781     0.701
    2.857     0.715
    2.902     0.723
    2.919     0.727
    2.891     0.750
    2.810     0.801
    2.696     0.863
    2.566     0.920
    2.432     0.965
    2.492     1.000
    2.373     1.016
    2.271     1.017
    2.187     1.003
    2.125     0.974
    2.082     0.934
    2.051     0.886
    2.034     0.835
    2.030     0.789
    2.040     0.757
    2.122     0.743
    2.081     0.743
    2.076     0.761
    2.049     0.792
    1.861     0.825
    1.805     0.846
    1.748     0.851
    1.694     0.838
    1.643     0.805
    1.661     0.758
    1.632     0.710
    1.673     0.718
    1.755     0.743
    1.849     0.751
    1.950     0.736
    2.053     0.702
    2.155     0.656
    2.228     0.622
    2.248     0.624
    2.242     0.615
    2.191     0.000
    2.200     0.644
    2.168     0.701
    2.126     0.756
    2.077     0.805
    2.025     0.844
    1.978     0.874
    2.209     1.006
    2.184     0.946
    2.159     0.877
    2.132     0.799
    2.106     0.713
    2.082     0.634
    2.090     0.639
    2.105     0.672
    2.121     0.734
    2.138     0.799
    2.156     0.852
    2.172     0.887
    2.186     0.902
    2.197     0.895
    2.206     0.867
    2.213     0.818
    2.220     0.749
    2.229     0.665
    2.256     0.585
    2.349     0.569
    2.459     0.609
    2.498     0.669
    2.519     0.741
    2.533     0.808
    2.544     0.865
    2.403     0.906
    2.391     0.945
    2.380     0.977
    2.368     1.004
    2.348     1.027
    2.336     1.045
    2.531     1.060
    2.584     1.129
    2.582     1.117
    2.584     1.104
    2.588     1.093
    2.587     1.085
    2.578     1.080
    2.551     1.076
    2.504     1.073
    2.441     1.067
    2.089     1.125
    2.032     1.089
    1.979     1.046
    1.930     0.994
    1.885     0.935
    1.851     0.870
    1.832     0.802
    1.769     0.737
    1.807     0.694
    1.910     0.670
    2.074     0.674
    2.296     0.686
    2.529     0.684
    2.683     0.675
    2.806     0.688
    2.865     0.712
    2.896     0.730
    2.900     0.745
    2.865     0.774
    2.785     0.823
    2.675     0.880
    2.724     0.935
    2.606     0.978
    2.485     1.008
    2.369     1.022
    2.270     1.022
    2.191     1.007
    2.134     0.979
    2.096     0.940
    2.071     0.893
    2.061     0.843
    2.059     0.797
    2.144     0.763
    2.158     0.741
    2.115     0.734
    2.105     0.750
    2.070     0.783
    1.877     0.819
    1.815     0.840
    1.754     0.845
    1.751     0.831
    1.710     0.798
    1.648     0.739
    1.609     0.678
    1.667     0.705
    1.755     0.736
    1.851     0.744
    1.951     0.730
    2.053     0.698
    2.148     0.657
    2.213     0.632
    2.237     0.630
    2.235     0.621
    2.219     0.611
    2.197     0.664
    2.166     0.722
    2.126     0.776
    2.077     0.825
    2.027     0.864
    2.230     1.053
    2.207     1.002
    2.182     0.942
    2.156     0.873
    2.129     0.794
    2.102     0.707
    1.893     0.000
    2.089     0.653
    2.105     0.695
    2.122     0.753
    2.140     0.812
    2.158     0.862
    2.175     0.894
    2.190     0.906
    2.203     0.898
    2.213     0.868
    2.222     0.818
    2.233     0.750
    2.248     0.671
    2.288     0.604
    2.369     0.585
    2.479     0.605
    2.512     0.667
    2.528     0.745
    2.539     0.815
    2.411     0.869
    2.397     0.918
    2.384     0.957
    2.371     0.991
    2.351     1.018
    2.409     1.111
    2.406     1.119
    2.586     1.142
    2.581     1.136
    2.579     1.126
    2.581     1.115
    2.583     1.105
    2.582     1.098
    2.572     1.093
    2.542     1.088
    2.494     1.083
    2.141     1.149
    2.082     1.120
    2.024     1.083
    1.971     1.037
    1.921     0.983
    1.876     0.921
    1.840     0.851
    1.819     0.777
    1.756     0.708
    1.810     0.664
    1.883     0.640
    2.065     0.654
    2.305     0.672
    2.503     0.668
    2.720     0.654
    2.824     0.678
    2.865     0.714
    2.883     0.741
    2.877     0.764
    2.836     0.797
    2.903     0.846
    2.816     0.900
    2.709     0.949
    2.594     0.989
    2.476     1.016
    2.365     1.029
    2.270     1.027
    2.196     1.012
    2.144     0.984
    2.111     0.946
    2.092     0.900
    2.083     0.850
    2.091     0.804
    2.180     0.766
    2.140     0.735
    2.151     0.721
    2.134     0.738
    1.957     0.778
    1.938     0.816
    1.875     0.839
    1.813     0.843
    1.754     0.825
    1.705     0.790
    1.641     0.727
    1.176     0.000
    1.668     0.702
    1.758     0.734
    1.854     0.741
    1.953     0.726
    2.051     0.695
    2.140     0.660
    2.200     0.640
    2.226     0.638
    2.228     0.634
    2.215     0.640
    2.194     0.688
    2.163     0.744
    2.124     0.798
    2.077     0.845
    2.250     1.093
    2.229     1.051
    2.205     1.000
    2.180     0.940
    2.154     0.872
    2.128     0.794
    2.101     0.712
    2.080     0.648
    2.092     0.675
    2.108     0.719
    2.125     0.773
    2.143     0.828
    2.161     0.873
    2.180     0.902
    2.196     0.912
    2.210     0.902
    2.222     0.871
    2.233     0.822
    2.247     0.756
    2.269     0.684
    2.316     0.626
    2.390     0.600
    2.501     0.600
    2.524     0.671
    2.431     0.750
    2.420     0.820
    2.407     0.880
    2.392     0.929
    2.377     0.970
    2.355     1.004
    2.412     1.096
    2.406     1.114
    2.587     1.146
    2.584     1.148
    2.577     1.143
    2.575     1.134
    2.577     1.125
    2.579     1.116
    2.577     1.110
    2.565     1.104
    2.534     1.099
    2.188     1.168
    2.135     1.145
    2.075     1.115
    2.018     1.077
    1.964     1.029
    1.914     0.973
    1.868     0.908
    1.831     0.833
    1.864     0.751
    1.772     0.679
    1.793     0.638
    1.852     0.611
    2.062     0.641
    2.316     0.663
    2.525     0.656
    2.759     0.632
    2.832     0.674
    2.856     0.721
    2.864     0.755
    2.962     0.785
    2.937     0.822
    2.880     0.868
    2.796     0.918
    2.693     0.964
    2.581     1.000
    2.466     1.025
    2.359     1.036
    2.270     1.034
    2.200     1.018
    2.154     0.990
    2.126     0.952
    2.009     0.911
    2.032     0.861
    2.061     0.813
    2.152     0.768
    2.176     0.728
    2.187     0.706
    2.081     0.729
    2.020     0.774
    1.951     0.813
    1.884     0.837
    1.819     0.841
    1.774     0.828
    1.703     0.786
    1.641     0.726
    1.610     0.674
    1.677     0.709
    1.764     0.736
    1.858     0.741
    1.954     0.724
    2.049     0.693
    2.131     0.662
    2.187     0.647
    2.215     0.647
    2.219     0.651
    2.209     0.668
    2.189     0.713
    2.160     0.768
    2.122     0.820
    2.269     1.126
    2.249     1.092
    2.228     1.050
    2.204     0.999
    2.180     0.941
    2.154     0.874
    2.129     0.800
    2.105     0.726
    2.091     0.683
    2.099     0.703
    2.112     0.745
    2.129     0.795
    2.147     0.845
    2.165     0.886
    2.184     0.912
    2.202     0.919
    2.217     0.908
    2.231     0.877
    2.245     0.828
    2.262     0.766
    2.290     0.701
    2.339     0.649
    2.451     0.618
    2.725     0.000
    2.441     0.681
    2.429     0.762
    2.416     0.832
    2.401     0.892
    2.385     0.942
    2.362     0.983
    2.417     1.072
    2.410     1.100
    2.587     1.140
    2.585     1.151
    2.581     1.154
    2.574     1.150
    2.572     1.143
    2.574     1.134
    2.575     1.127
    2.572     1.121
    2.249     1.194
    2.224     1.182
    2.183     1.166
    2.130     1.142
    2.070     1.111
    2.012     1.071
    1.959     1.023
    1.908     0.964
    1.862     0.896
    1.893     0.814
    1.854     0.730
    1.764     0.653
    1.783     0.619
    1.176     0.000
    2.069     0.637
    2.278     0.660
    2.539     0.651
    3.511     0.000
    2.823     0.680
    2.925     0.733
    2.941     0.772
    2.938     0.806
    2.911     0.845
    2.856     0.889
    2.774     0.936
    2.675     0.979
    2.567     1.012
    2.456     1.034
    2.354     1.044
    2.269     1.040
    2.204     1.024
    2.164     0.996
    2.141     0.959
    2.031     0.918
    2.060     0.869
    2.160     0.818
    2.184     0.769
    2.210     0.721
    2.146     0.690
    2.108     0.719
    2.037     0.772
    1.963     0.813
    1.893     0.838
    1.826     0.841
    1.774     0.828
    1.706     0.788
    1.650     0.735
    1.635     0.702
    1.691     0.723
    1.773     0.743
    1.863     0.743
    1.956     0.724
    2.046     0.692
    2.124     0.662
    2.176     0.651
    2.203     0.658
    2.210     0.670
    2.202     0.695
    2.184     0.740
    2.156     0.792
    2.286     1.152
    2.269     1.125
    2.249     1.091
    2.227     1.050
    2.204     1.000
    2.180     0.943
    2.156     0.879
    2.132     0.811
    2.112     0.748
    2.102     0.717
    2.106     0.734
    2.118     0.772
    2.134     0.818
    2.152     0.864
    2.170     0.900
    2.190     0.923
    2.208     0.928
    2.225     0.915
    2.241     0.884
    2.257     0.838
    2.277     0.780
    2.309     0.721
    2.359     0.673
    2.402     0.639
    2.461     0.630
    2.464     0.701
    2.459     0.778
    2.451     0.847
    2.318     0.939
    2.290     0.998
    2.424     1.039
    2.415     1.077
    2.586     1.125
    2.586     1.145
    2.583     1.156
    2.578     1.160
    2.571     1.157
    2.569     1.150
    2.570     1.143
    2.571     1.137
    2.258     1.200
    2.248     1.193
    2.221     1.181
    2.180     1.164
    2.125     1.140
    2.065     1.108
    2.008     1.067
    1.955     1.017
    1.905     0.957
    1.938     0.882
    1.888     0.803
    1.762     0.711
    1.760     0.627
    1.795     0.612
    1.869     0.603
    2.036     0.643
    2.287     0.664
    2.540     0.655
    2.812     0.641
    2.875     0.696
    2.905     0.749
    2.919     0.790
    2.913     0.827
    2.885     0.867
    2.831     0.910
    2.752     0.954
    2.656     0.993
    2.552     1.024
    2.445     1.044
    2.347     1.052
    2.268     1.047
    2.209     1.031
    2.174     1.003
    2.027     0.973
    2.102     0.926
    2.126     0.876
    2.188     0.824
    2.214     0.771
    2.154     0.718
    2.184     0.669
    2.129     0.715
    2.050     0.774
    1.973     0.817
    1.901     0.841
    1.850     0.851
    1.776     0.832
    1.711     0.795
    1.664     0.751
    1.658     0.728
    1.707     0.740
    1.783     0.752
    1.868     0.747
    1.957     0.724
    2.044     0.690
    2.117     0.660
    2.166     0.654
    2.192     0.669
    2.201     0.691
    2.195     0.722
    2.177     0.766
    2.301     1.172
    2.286     1.152
    2.268     1.125
    2.249     1.092
    2.228     1.051
    2.205     1.003
    2.182     0.948
    2.158     0.887
    2.136     0.825
    2.120     0.773
    2.112     0.750
    2.115     0.765
    2.126     0.800
    2.140     0.842
    2.158     0.882
    2.176     0.915
    2.196     0.935
    2.215     0.938
    2.233     0.924
    2.251     0.894
    2.269     0.850
    2.292     0.796
    2.293     0.738
    2.345     0.695
    2.405     0.666
    2.451     0.668
    2.459     0.727
    2.454     0.797
    2.343     0.883
    2.315     0.949
    2.435     0.999
    2.423     1.045
    2.585     1.101
    2.586     1.130
    2.584     1.150
    2.581     1.161
    2.574     1.165
    2.567     1.163
    2.566     1.157
    2.567     1.151
    2.260     1.203
    2.258     1.199
    2.246     1.192
    2.219     1.180
    2.177     1.162
    2.122     1.137
    2.062     1.105
    2.005     1.063
    1.952     1.013
    1.992     0.945
    1.936     0.876
    1.887     0.796
    1.779     0.703
    1.704     0.000
    1.811     0.618
    1.909     0.625
    2.054     0.656
    2.354     0.674
    2.591     0.670
    2.773     0.672
    2.848     0.718
    2.880     0.768
    2.893     0.810
    2.885     0.849
    2.857     0.889
    2.804     0.931
    2.728     0.972
    2.635     1.008
    2.535     1.036
    2.433     1.054
    2.341     1.060
    2.266     1.054
    2.213     1.038
    2.026     1.023
    2.101     0.980
    2.123     0.933
    2.213     0.887
    2.234     0.834
    2.258     0.778
    2.179     0.717
    2.604     0.000
    2.143     0.720
    2.060     0.780
    1.982     0.823
    1.909     0.847
    1.851     0.856
    1.779     0.838
    1.719     0.807
    1.680     0.771
    1.680     0.753
    1.724     0.758
    1.793     0.763
    1.874     0.753
    1.959     0.726
    2.042     0.687
    2.111     0.655
    2.157     0.657
    2.181     0.682
    2.191     0.711
    2.186     0.748
    2.313     1.186
    2.301     1.172
    2.286     1.152
    2.269     1.126
    2.249     1.093
    2.228     1.053
    2.206     1.007
    2.184     0.954
    2.162     0.898
    2.143     0.843
    2.129     0.800
    2.123     0.783
    2.125     0.796
    2.134     0.828
    2.148     0.865
    2.164     0.902
    2.183     0.931
    2.202     0.947
    2.222     0.949
    2.242     0.935
    2.261     0.905
    2.282     0.863
    2.266     0.808
    2.304     0.760
    2.352     0.722
    2.404     0.698
    2.442     0.705
    2.384     0.760
    2.363     0.829
    2.338     0.898
    2.445     0.954
    2.434     1.007
    2.584     1.069
    2.585     1.107
    2.585     1.136
    2.583     1.155
    2.578     1.167
    2.571     1.171
    2.564     1.169
    2.563     1.164
    2.261     1.204
    2.260     1.203
    2.258     1.199
    2.245     1.191
    2.217     1.179
    2.175     1.161
    2.119     1.136
    2.060     1.103
    2.004     1.061
    2.051     1.001
    1.992     0.943
    1.937     0.874
    1.801     0.791
    1.785     0.705
    1.789     0.633
    1.835     0.636
    1.946     0.649
    2.136     0.674
    2.359     0.690
    2.575     0.692
    2.737     0.703
    2.816     0.743
    2.852     0.790
    2.864     0.832
    2.856     0.871
    2.828     0.910
    2.777     0.950
    2.704     0.989
    2.615     1.023
    2.518     1.048
    2.420     1.063
    2.334     1.068
    2.265     1.062
    2.029     1.065
    2.102     1.028
    2.118     0.987
    2.215     0.945
    2.236     0.896
    2.258     0.843
    2.154     0.788
    2.195     0.725
    2.214     0.682
    2.148     0.735
    2.067     0.792
    1.988     0.833
    1.930     0.862
    1.852     0.863
    1.784     0.848
    1.729     0.821
    1.697     0.793
    1.700     0.778
    1.740     0.777
    1.805     0.775
    1.881     0.760
    1.961     0.729
    2.041     0.685
    2.106     0.646
    2.148     0.660
    2.170     0.696
    2.180     0.733
    2.323     1.195
    2.313     1.186
    2.301     1.172
    2.286     1.153
    2.269     1.127
    2.250     1.095
    2.230     1.057
    2.209     1.012
    2.187     0.963
    2.167     0.911
    2.150     0.863
    2.139     0.827
    2.134     0.815
    2.135     0.827
    2.142     0.855
    2.155     0.889
    2.171     0.921
    2.190     0.947
    2.209     0.961
    2.230     0.961
    2.250     0.946
    2.223     0.909
    2.246     0.871
    2.275     0.827
    2.313     0.784
    2.357     0.750
    2.402     0.731
    2.376     0.743
    2.373     0.789
    2.355     0.851
    2.454     0.909
    2.444     0.966
    2.583     1.031
    2.585     1.077
    2.585     1.114
    2.584     1.141
    2.581     1.160
    2.576     1.171
    2.567     1.176
    2.561     1.174
    2.262     1.203
    2.261     1.204
    2.260     1.202
    2.257     1.199
    2.244     1.191
    2.216     1.178
    2.173     1.160
    2.117     1.134
    2.059     1.101
    2.112     1.049
    2.052     1.000
    1.994     0.942
    1.835     0.870
    1.807     0.795
    1.795     0.716
    1.808     0.662
    1.863     0.660
    1.978     0.675
    2.156     0.696
    2.362     0.710
    2.557     0.717
    2.702     0.733
    2.782     0.770
    2.821     0.813
    2.834     0.854
    2.826     0.893
    2.798     0.931
    2.749     0.970
    2.679     1.006
    2.593     1.037
    2.501     1.060
    2.407     1.073
    2.326     1.076
    2.046     1.098
    2.107     1.069
    2.117     1.034
    2.216     0.999
    2.235     0.954
    2.257     0.905
    2.280     0.853
    2.168     0.799
    2.203     0.743
    2.206     0.717
    2.148     0.757
    2.071     0.807
    1.994     0.845
    1.929     0.871
    1.855     0.873
    1.790     0.861
    1.740     0.838
    1.714     0.815
    1.719     0.801
    1.756     0.796
    1.815     0.789
    1.887     0.769
    1.963     0.734
    2.039     0.684
    2.103     0.635
    2.139     0.667
    2.159     0.713
    2.329     1.199
    2.323     1.195
    2.314     1.186
    2.301     1.173
    2.287     1.154
    2.270     1.129
    2.252     1.098
    2.232     1.061
    2.211     1.019
    2.191     0.973
    2.172     0.926
    2.157     0.884
    2.149     0.854
    2.145     0.845
    2.145     0.857
    2.152     0.882
    2.164     0.912
    2.179     0.941
    2.197     0.963
    2.216     0.974
    2.237     0.973
    2.209     0.949
    2.230     0.923
    2.255     0.887
    2.284     0.847
    2.320     0.808
    2.309     0.777
    2.345     0.764
    2.364     0.777
    2.361     0.818
    2.458     0.869
    2.471     0.936
    2.464     0.992
    2.584     1.042
    2.586     1.085
    2.585     1.120
    2.583     1.147
    2.579     1.165
    2.573     1.176
    2.278     1.197
    2.266     1.202
    2.261     1.204
    2.261     1.204
    2.260     1.202
    2.257     1.198
    2.244     1.190
    2.215     1.178
    2.172     1.159
    2.240     1.121
    2.175     1.089
    2.113     1.049
    2.054     1.001
    1.878     0.937
    1.842     0.874
    1.816     0.803
    1.810     0.735
    1.830     0.693
    1.891     0.689
    2.007     0.702
    2.173     0.720
    2.361     0.734
    2.537     0.744
    2.670     0.763
    2.749     0.798
    2.789     0.838
    2.803     0.877
    2.795     0.915
    2.767     0.952
    2.721     0.988
    2.653     1.022
    2.571     1.050
    2.482     1.071
    2.394     1.083
    2.077     1.122
    2.122     1.101
    2.118     1.074
    2.219     1.046
    2.232     1.007
    2.253     0.963
    2.277     0.916
    2.142     0.868
    2.178     0.815
    2.204     0.767
    2.197     0.751
    2.145     0.783
    2.072     0.825
    2.008     0.865
    1.928     0.882
    1.857     0.885
    1.797     0.875
    1.752     0.856
    1.730     0.837
    1.736     0.824
    1.771     0.816
    1.826     0.804
    1.893     0.780
    1.965     0.742
    2.037     0.688
    2.164     0.000
    2.130     0.682
