Smooth Results
    3  100  100    1
X-value
Y-value
P-value
     .1099      .1099   .000114
     .3099      .1099   .000112
     .5098      .1099   .000135
     .7096      .1099   .000164
     .9096      .1099   .000179
    1.1094      .1099   .000189
    1.3094      .1099   .000178
    1.5093      .1099   .000168
    1.7091      .1099   .000162
    1.9090      .1099   .000180
    2.1089      .1099   .000220
    2.3089      .1099   .000274
    2.5087      .1099   .000246
    2.7087      .1099   .000236
    2.9086      .1099   .000227
    3.1084      .1099   .000238
    3.3084      .1099   .000238
    3.5082      .1099   .000191
    3.7081      .1099   .000128
    3.9081      .1099   .000075
    4.1080      .1099   .000000
    4.3078      .1099   .000000
    4.5078      .1099   .000000
    4.7077      .1099   .000000
    4.9075      .1099   .000000
    5.1075      .1099   .000000
    5.3074      .1099   .000000
    5.5072      .1099   .000000
    5.7071      .1099   .000000
    5.9071      .1099   .000000
    6.1069      .1099   .000000
    6.3068      .1099   .000003
    6.5068      .1099   .000008
    6.7067      .1099   .000014
    6.9065      .1099   .000007
    7.1065      .1099   .000004
    7.3064      .1099   .000014
    7.5062      .1099   .000019
    7.7062      .1099   .000017
    7.9061      .1099   .000014
    8.1060      .1099   .000025
    8.3059      .1099   .000051
    8.5057      .1099   .000048
    8.7057      .1099   .000045
    8.9056      .1099   .000047
    9.1054      .1099   .000045
    9.3054      .1099   .000042
    9.5052      .1099   .000044
    9.7051      .1099   .000040
    9.9051      .1099   .000039
   10.1049      .1099   .000053
   10.3048      .1099   .000073
   10.5048      .1099   .000077
   10.7046      .1099   .000077
   10.9045      .1099   .000078
   11.1045      .1099   .000074
   11.3043      .1099   .000075
   11.5043      .1099   .000071
   11.7042      .1099   .000070
   11.9040      .1099   .000075
   12.1040      .1099   .000079
   12.3039      .1099   .000097
   12.5037      .1099   .000101
   12.7037      .1099   .000105
   12.9036      .1099   .000107
   13.1034      .1099   .000108
   13.3034      .1099   .000103
   13.5033      .1099   .000108
   13.7031      .1099   .000107
   13.9031      .1099   .000106
   14.1030      .1099   .000106
   14.3028      .1099   .000104
   14.5028      .1099   .000093
   14.7027      .1099   .000093
   14.9025      .1099   .000100
   15.1025      .1099   .000105
   15.3024      .1099   .000104
   15.5022      .1099   .000108
   15.7022      .1099   .000104
   15.9021      .1099   .000095
   16.1019      .1099   .000097
   16.3018      .1099   .000099
   16.5018      .1099   .000103
   16.7017      .1099   .000103
   16.9016      .1099   .000109
   17.1014      .1099   .000104
   17.3013      .1099   .000099
   17.5012      .1099   .000091
   17.7012      .1099   .000082
   17.9011      .1099   .000086
   18.1010      .1099   .000092
   18.3008      .1099   .000100
   18.5007      .1099   .000099
   18.7006      .1099   .000094
   18.9006      .1099   .000083
   19.1005      .1099   .000085
   19.3004      .1099   .000083
   19.5002      .1099   .000079
   19.7001      .1099   .000083
   19.9000      .1099   .000091
     .1099      .3099   .000123
     .3099      .3099   .000113
     .5098      .3099   .000148
     .7096      .3099   .000180
     .9096      .3099   .000215
    1.1094      .3099   .000220
    1.3094      .3099   .000209
    1.5093      .3099   .000193
    1.7091      .3099   .000190
    1.9090      .3099   .000206
    2.1089      .3099   .000255
    2.3089      .3099   .000320
    2.5087      .3099   .000303
    2.7087      .3099   .000280
    2.9086      .3099   .000274
    3.1084      .3099   .000273
    3.3084      .3099   .000268
    3.5082      .3099   .000223
    3.7081      .3099   .000160
    3.9081      .3099   .000078
    4.1080      .3099   .000000
    4.3078      .3099   .000000
    4.5078      .3099   .000000
    4.7077      .3099   .000000
    4.9075      .3099   .000000
    5.1075      .3099   .000000
    5.3074      .3099   .000000
    5.5072      .3099   .000000
    5.7071      .3099   .000000
    5.9071      .3099   .000000
    6.1069      .3099   .000000
    6.3068      .3099   .000001
    6.5068      .3099   .000003
    6.7067      .3099   .000007
    6.9065      .3099   .000004
    7.1065      .3099   .000002
    7.3064      .3099   .000003
    7.5062      .3099   .000005
    7.7062      .3099   .000009
    7.9061      .3099   .000004
    8.1060      .3099   .000014
    8.3059      .3099   .000033
    8.5057      .3099   .000042
    8.7057      .3099   .000038
    8.9056      .3099   .000033
    9.1054      .3099   .000034
    9.3054      .3099   .000034
    9.5052      .3099   .000029
    9.7051      .3099   .000028
    9.9051      .3099   .000034
   10.1049      .3099   .000044
   10.3048      .3099   .000063
   10.5048      .3099   .000072
   10.7046      .3099   .000063
   10.9045      .3099   .000065
   11.1045      .3099   .000071
   11.3043      .3099   .000064
   11.5043      .3099   .000065
   11.7042      .3099   .000069
   11.9040      .3099   .000063
   12.1040      .3099   .000075
   12.3039      .3099   .000093
   12.5037      .3099   .000105
   12.7037      .3099   .000107
   12.9036      .3099   .000107
   13.1034      .3099   .000113
   13.3034      .3099   .000107
   13.5033      .3099   .000108
   13.7031      .3099   .000113
   13.9031      .3099   .000111
   14.1030      .3099   .000105
   14.3028      .3099   .000102
   14.5028      .3099   .000095
   14.7027      .3099   .000093
   14.9025      .3099   .000093
   15.1025      .3099   .000103
   15.3024      .3099   .000107
   15.5022      .3099   .000111
   15.7022      .3099   .000102
   15.9021      .3099   .000098
   16.1019      .3099   .000097
   16.3018      .3099   .000100
   16.5018      .3099   .000100
   16.7017      .3099   .000107
   16.9016      .3099   .000110
   17.1014      .3099   .000105
   17.3013      .3099   .000092
   17.5012      .3099   .000091
   17.7012      .3099   .000082
   17.9011      .3099   .000081
   18.1010      .3099   .000090
   18.3008      .3099   .000096
   18.5007      .3099   .000095
   18.7006      .3099   .000090
   18.9006      .3099   .000088
   19.1005      .3099   .000079
   19.3004      .3099   .000071
   19.5002      .3099   .000075
   19.7001      .3099   .000088
   19.9000      .3099   .000091
     .1099      .5098   .000128
     .3099      .5098   .000132
     .5098      .5098   .000161
     .7096      .5098   .000218
     .9096      .5098   .000237
    1.1094      .5098   .000250
    1.3094      .5098   .000242
    1.5093      .5098   .000225
    1.7091      .5098   .000225
    1.9090      .5098   .000240
    2.1089      .5098   .000297
    2.3089      .5098   .000365
    2.5087      .5098   .000344
    2.7087      .5098   .000329
    2.9086      .5098   .000318
    3.1084      .5098   .000325
    3.3084      .5098   .000317
    3.5082      .5098   .000266
    3.7081      .5098   .000187
    3.9081      .5098   .000074
    4.1080      .5098   .000000
    4.3078      .5098   .000000
    4.5078      .5098   .000000
    4.7077      .5098   .000000
    4.9075      .5098   .000000
    5.1075      .5098   .000000
    5.3074      .5098   .000000
    5.5072      .5098   .000000
    5.7071      .5098   .000000
    5.9071      .5098   .000000
    6.1069      .5098   .000000
    6.3068      .5098   .000000
    6.5068      .5098   .000001
    6.7067      .5098   .000001
    6.9065      .5098   .000001
    7.1065      .5098   .000001
    7.3064      .5098   .000001
    7.5062      .5098   .000003
    7.7062      .5098   .000003
    7.9061      .5098   .000001
    8.1060      .5098   .000002
    8.3059      .5098   .000023
    8.5057      .5098   .000028
    8.7057      .5098   .000024
    8.9056      .5098   .000020
    9.1054      .5098   .000026
    9.3054      .5098   .000025
    9.5052      .5098   .000019
    9.7051      .5098   .000021
    9.9051      .5098   .000022
   10.1049      .5098   .000033
   10.3048      .5098   .000054
   10.5048      .5098   .000067
   10.7046      .5098   .000059
   10.9045      .5098   .000057
   11.1045      .5098   .000060
   11.3043      .5098   .000059
   11.5043      .5098   .000062
   11.7042      .5098   .000058
   11.9040      .5098   .000060
   12.1040      .5098   .000070
   12.3039      .5098   .000091
   12.5037      .5098   .000097
   12.7037      .5098   .000102
   12.9036      .5098   .000102
   13.1034      .5098   .000110
   13.3034      .5098   .000107
   13.5033      .5098   .000108
   13.7031      .5098   .000109
   13.9031      .5098   .000105
   14.1030      .5098   .000104
   14.3028      .5098   .000100
   14.5028      .5098   .000090
   14.7027      .5098   .000085
   14.9025      .5098   .000090
   15.1025      .5098   .000102
   15.3024      .5098   .000105
   15.5022      .5098   .000107
   15.7022      .5098   .000106
   15.9021      .5098   .000093
   16.1019      .5098   .000091
   16.3018      .5098   .000099
   16.5018      .5098   .000099
   16.7017      .5098   .000104
   16.9016      .5098   .000105
   17.1014      .5098   .000106
   17.3013      .5098   .000091
   17.5012      .5098   .000089
   17.7012      .5098   .000080
   17.9011      .5098   .000081
   18.1010      .5098   .000085
   18.3008      .5098   .000097
   18.5007      .5098   .000099
   18.7006      .5098   .000083
   18.9006      .5098   .000082
   19.1005      .5098   .000078
   19.3004      .5098   .000066
   19.5002      .5098   .000065
   19.7001      .5098   .000084
   19.9000      .5098   .000088
     .1099      .7096   .000134
     .3099      .7096   .000148
     .5098      .7096   .000179
     .7096      .7096   .000227
     .9096      .7096   .000270
    1.1094      .7096   .000282
    1.3094      .7096   .000284
    1.5093      .7096   .000253
    1.7091      .7096   .000247
    1.9090      .7096   .000272
    2.1089      .7096   .000320
    2.3089      .7096   .000397
    2.5087      .7096   .000398
    2.7087      .7096   .000370
    2.9086      .7096   .000360
    3.1084      .7096   .000361
    3.3084      .7096   .000358
    3.5082      .7096   .000314
    3.7081      .7096   .000211
    3.9081      .7096   .000089
    4.1080      .7096   .000000
    4.3078      .7096   .000000
    4.5078      .7096   .000000
    4.7077      .7096   .000000
    4.9075      .7096   .000000
    5.1075      .7096   .000000
    5.3074      .7096   .000000
    5.5072      .7096   .000000
    5.7071      .7096   .000000
    5.9071      .7096   .000000
    6.1069      .7096   .000000
    6.3068      .7096   .000000
    6.5068      .7096   .000000
    6.7067      .7096   .000001
    6.9065      .7096   .000001
    7.1065      .7096   .000001
    7.3064      .7096   .000001
    7.5062      .7096   .000000
    7.7062      .7096   .000002
    7.9061      .7096   .000001
    8.1060      .7096   .000001
    8.3059      .7096   .000014
    8.5057      .7096   .000020
    8.7057      .7096   .000020
    8.9056      .7096   .000017
    9.1054      .7096   .000013
    9.3054      .7096   .000016
    9.5052      .7096   .000015
    9.7051      .7096   .000007
    9.9051      .7096   .000011
   10.1049      .7096   .000023
   10.3048      .7096   .000040
   10.5048      .7096   .000050
   10.7046      .7096   .000049
   10.9045      .7096   .000046
   11.1045      .7096   .000050
   11.3043      .7096   .000054
   11.5043      .7096   .000055
   11.7042      .7096   .000052
   11.9040      .7096   .000051
   12.1040      .7096   .000058
   12.3039      .7096   .000075
   12.5037      .7096   .000096
   12.7037      .7096   .000098
   12.9036      .7096   .000100
   13.1034      .7096   .000103
   13.3034      .7096   .000101
   13.5033      .7096   .000101
   13.7031      .7096   .000106
   13.9031      .7096   .000106
   14.1030      .7096   .000104
   14.3028      .7096   .000100
   14.5028      .7096   .000082
   14.7027      .7096   .000084
   14.9025      .7096   .000088
   15.1025      .7096   .000095
   15.3024      .7096   .000098
   15.5022      .7096   .000099
   15.7022      .7096   .000094
   15.9021      .7096   .000090
   16.1019      .7096   .000085
   16.3018      .7096   .000085
   16.5018      .7096   .000091
   16.7017      .7096   .000097
   16.9016      .7096   .000101
   17.1014      .7096   .000101
   17.3013      .7096   .000088
   17.5012      .7096   .000076
   17.7012      .7096   .000073
   17.9011      .7096   .000073
   18.1010      .7096   .000076
   18.3008      .7096   .000092
   18.5007      .7096   .000086
   18.7006      .7096   .000081
   18.9006      .7096   .000070
   19.1005      .7096   .000068
   19.3004      .7096   .000063
   19.5002      .7096   .000060
   19.7001      .7096   .000076
   19.9000      .7096   .000085
     .1099      .9096   .000136
     .3099      .9096   .000160
     .5098      .9096   .000209
     .7096      .9096   .000257
     .9096      .9096   .000302
    1.1094      .9096   .000315
    1.3094      .9096   .000304
    1.5093      .9096   .000300
    1.7091      .9096   .000283
    1.9090      .9096   .000304
    2.1089      .9096   .000354
    2.3089      .9096   .000447
    2.5087      .9096   .000447
    2.7087      .9096   .000429
    2.9086      .9096   .000407
    3.1084      .9096   .000402
    3.3084      .9096   .000399
    3.5082      .9096   .000334
    3.7081      .9096   .000248
    3.9081      .9096   .000094
    4.1080      .9096   .000000
    4.3078      .9096   .000000
    4.5078      .9096   .000000
    4.7077      .9096   .000000
    4.9075      .9096   .000000
    5.1075      .9096   .000000
    5.3074      .9096   .000000
    5.5072      .9096   .000000
    5.7071      .9096   .000000
    5.9071      .9096   .000000
    6.1069      .9096   .000000
    6.3068      .9096   .000000
    6.5068      .9096   .000001
    6.7067      .9096   .000000
    6.9065      .9096   .000001
    7.1065      .9096   .000000
    7.3064      .9096   .000000
    7.5062      .9096   .000001
    7.7062      .9096   .000001
    7.9061      .9096   .000001
    8.1060      .9096   .000000
    8.3059      .9096   .000009
    8.5057      .9096   .000011
    8.7057      .9096   .000010
    8.9056      .9096   .000010
    9.1054      .9096   .000010
    9.3054      .9096   .000006
    9.5052      .9096   .000004
    9.7051      .9096   .000006
    9.9051      .9096   .000004
   10.1049      .9096   .000010
   10.3048      .9096   .000031
   10.5048      .9096   .000044
   10.7046      .9096   .000046
   10.9045      .9096   .000043
   11.1045      .9096   .000035
   11.3043      .9096   .000038
   11.5043      .9096   .000042
   11.7042      .9096   .000043
   11.9040      .9096   .000040
   12.1040      .9096   .000053
   12.3039      .9096   .000065
   12.5037      .9096   .000080
   12.7037      .9096   .000091
   12.9036      .9096   .000092
   13.1034      .9096   .000097
   13.3034      .9096   .000090
   13.5033      .9096   .000093
   13.7031      .9096   .000094
   13.9031      .9096   .000103
   14.1030      .9096   .000093
   14.3028      .9096   .000091
   14.5028      .9096   .000079
   14.7027      .9096   .000079
   14.9025      .9096   .000075
   15.1025      .9096   .000084
   15.3024      .9096   .000097
   15.5022      .9096   .000093
   15.7022      .9096   .000095
   15.9021      .9096   .000085
   16.1019      .9096   .000081
   16.3018      .9096   .000084
   16.5018      .9096   .000081
   16.7017      .9096   .000090
   16.9016      .9096   .000098
   17.1014      .9096   .000094
   17.3013      .9096   .000081
   17.5012      .9096   .000069
   17.7012      .9096   .000066
   17.9011      .9096   .000065
   18.1010      .9096   .000073
   18.3008      .9096   .000076
   18.5007      .9096   .000082
   18.7006      .9096   .000075
   18.9006      .9096   .000071
   19.1005      .9096   .000056
   19.3004      .9096   .000051
   19.5002      .9096   .000048
   19.7001      .9096   .000067
   19.9000      .9096   .000085
     .1099     1.1094   .000142
     .3099     1.1094   .000180
     .5098     1.1094   .000219
     .7096     1.1094   .000290
     .9096     1.1094   .000338
    1.1094     1.1094   .000350
    1.3094     1.1094   .000352
    1.5093     1.1094   .000337
    1.7091     1.1094   .000320
    1.9090     1.1094   .000337
    2.1089     1.1094   .000393
    2.3089     1.1094   .000486
    2.5087     1.1094   .000483
    2.7087     1.1094   .000470
    2.9086     1.1094   .000447
    3.1084     1.1094   .000446
    3.3084     1.1094   .000434
    3.5082     1.1094   .000394
    3.7081     1.1094   .000275
    3.9081     1.1094   .000104
    4.1080     1.1094   .000000
    4.3078     1.1094   .000000
    4.5078     1.1094   .000000
    4.7077     1.1094   .000000
    4.9075     1.1094   .000000
    5.1075     1.1094   .000000
    5.3074     1.1094   .000000
    5.5072     1.1094   .000000
    5.7071     1.1094   .000000
    5.9071     1.1094   .000000
    6.1069     1.1094   .000000
    6.3068     1.1094   .000000
    6.5068     1.1094   .000000
    6.7067     1.1094   .000001
    6.9065     1.1094   .000000
    7.1065     1.1094   .000000
    7.3064     1.1094   .000001
    7.5062     1.1094   .000000
    7.7062     1.1094   .000001
    7.9061     1.1094   .000000
    8.1060     1.1094   .000001
    8.3059     1.1094   .000003
    8.5057     1.1094   .000005
    8.7057     1.1094   .000003
    8.9056     1.1094   .000002
    9.1054     1.1094   .000002
    9.3054     1.1094   .000003
    9.5052     1.1094   .000003
    9.7051     1.1094   .000002
    9.9051     1.1094   .000001
   10.1049     1.1094   .000005
   10.3048     1.1094   .000023
   10.5048     1.1094   .000035
   10.7046     1.1094   .000036
   10.9045     1.1094   .000033
   11.1045     1.1094   .000034
   11.3043     1.1094   .000033
   11.5043     1.1094   .000033
   11.7042     1.1094   .000024
   11.9040     1.1094   .000027
   12.1040     1.1094   .000039
   12.3039     1.1094   .000053
   12.5037     1.1094   .000078
   12.7037     1.1094   .000086
   12.9036     1.1094   .000085
   13.1034     1.1094   .000081
   13.3034     1.1094   .000086
   13.5033     1.1094   .000081
   13.7031     1.1094   .000079
   13.9031     1.1094   .000086
   14.1030     1.1094   .000086
   14.3028     1.1094   .000082
   14.5028     1.1094   .000074
   14.7027     1.1094   .000060
   14.9025     1.1094   .000059
   15.1025     1.1094   .000074
   15.3024     1.1094   .000073
   15.5022     1.1094   .000081
   15.7022     1.1094   .000086
   15.9021     1.1094   .000073
   16.1019     1.1094   .000071
   16.3018     1.1094   .000074
   16.5018     1.1094   .000077
   16.7017     1.1094   .000080
   16.9016     1.1094   .000084
   17.1014     1.1094   .000078
   17.3013     1.1094   .000070
   17.5012     1.1094   .000058
   17.7012     1.1094   .000055
   17.9011     1.1094   .000053
   18.1010     1.1094   .000055
   18.3008     1.1094   .000069
   18.5007     1.1094   .000071
   18.7006     1.1094   .000063
   18.9006     1.1094   .000052
   19.1005     1.1094   .000045
   19.3004     1.1094   .000044
   19.5002     1.1094   .000035
   19.7001     1.1094   .000054
   19.9000     1.1094   .000079
     .1099     1.3094   .000156
     .3099     1.3094   .000196
     .5098     1.3094   .000255
     .7096     1.3094   .000311
     .9096     1.3094   .000367
    1.1094     1.3094   .000388
    1.3094     1.3094   .000400
    1.5093     1.3094   .000368
    1.7091     1.3094   .000356
    1.9090     1.3094   .000369
    2.1089     1.3094   .000410
    2.3089     1.3094   .000515
    2.5087     1.3094   .000530
    2.7087     1.3094   .000513
    2.9086     1.3094   .000478
    3.1084     1.3094   .000479
    3.3084     1.3094   .000457
    3.5082     1.3094   .000426
    3.7081     1.3094   .000306
    3.9081     1.3094   .000138
    4.1080     1.3094   .000000
    4.3078     1.3094   .000000
    4.5078     1.3094   .000000
    4.7077     1.3094   .000000
    4.9075     1.3094   .000000
    5.1075     1.3094   .000000
    5.3074     1.3094   .000000
    5.5072     1.3094   .000000
    5.7071     1.3094   .000000
    5.9071     1.3094   .000000
    6.1069     1.3094   .000000
    6.3068     1.3094   .000000
    6.5068     1.3094   .000000
    6.7067     1.3094   .000000
    6.9065     1.3094   .000000
    7.1065     1.3094   .000000
    7.3064     1.3094   .000001
    7.5062     1.3094   .000001
    7.7062     1.3094   .000001
    7.9061     1.3094   .000001
    8.1060     1.3094   .000000
    8.3059     1.3094   .000002
    8.5057     1.3094   .000002
    8.7057     1.3094   .000001
    8.9056     1.3094   .000003
    9.1054     1.3094   .000002
    9.3054     1.3094   .000001
    9.5052     1.3094   .000002
    9.7051     1.3094   .000001
    9.9051     1.3094   .000002
   10.1049     1.3094   .000003
   10.3048     1.3094   .000018
   10.5048     1.3094   .000023
   10.7046     1.3094   .000025
   10.9045     1.3094   .000022
   11.1045     1.3094   .000024
   11.3043     1.3094   .000024
   11.5043     1.3094   .000027
   11.7042     1.3094   .000020
   11.9040     1.3094   .000024
   12.1040     1.3094   .000032
   12.3039     1.3094   .000042
   12.5037     1.3094   .000060
   12.7037     1.3094   .000067
   12.9036     1.3094   .000069
   13.1034     1.3094   .000072
   13.3034     1.3094   .000074
   13.5033     1.3094   .000070
   13.7031     1.3094   .000070
   13.9031     1.3094   .000078
   14.1030     1.3094   .000079
   14.3028     1.3094   .000070
   14.5028     1.3094   .000058
   14.7027     1.3094   .000049
   14.9025     1.3094   .000057
   15.1025     1.3094   .000061
   15.3024     1.3094   .000064
   15.5022     1.3094   .000068
   15.7022     1.3094   .000069
   15.9021     1.3094   .000067
   16.1019     1.3094   .000058
   16.3018     1.3094   .000056
   16.5018     1.3094   .000062
   16.7017     1.3094   .000065
   16.9016     1.3094   .000073
   17.1014     1.3094   .000067
   17.3013     1.3094   .000060
   17.5012     1.3094   .000051
   17.7012     1.3094   .000043
   17.9011     1.3094   .000047
   18.1010     1.3094   .000053
   18.3008     1.3094   .000054
   18.5007     1.3094   .000054
   18.7006     1.3094   .000053
   18.9006     1.3094   .000045
   19.1005     1.3094   .000035
   19.3004     1.3094   .000028
   19.5002     1.3094   .000028
   19.7001     1.3094   .000043
   19.9000     1.3094   .000074
     .1099     1.5093   .000180
     .3099     1.5093   .000235
     .5098     1.5093   .000290
     .7096     1.5093   .000352
     .9096     1.5093   .000414
    1.1094     1.5093   .000435
    1.3094     1.5093   .000423
    1.5093     1.5093   .000398
    1.7091     1.5093   .000393
    1.9090     1.5093   .000390
    2.1089     1.5093   .000447
    2.3089     1.5093   .000562
    2.5087     1.5093   .000558
    2.7087     1.5093   .000543
    2.9086     1.5093   .000525
    3.1084     1.5093   .000503
    3.3084     1.5093   .000495
    3.5082     1.5093   .000458
    3.7081     1.5093   .000331
    3.9081     1.5093   .000148
    4.1080     1.5093   .000000
    4.3078     1.5093   .000000
    4.5078     1.5093   .000000
    4.7077     1.5093   .000000
    4.9075     1.5093   .000000
    5.1075     1.5093   .000000
    5.3074     1.5093   .000000
    5.5072     1.5093   .000000
    5.7071     1.5093   .000000
    5.9071     1.5093   .000000
    6.1069     1.5093   .000000
    6.3068     1.5093   .000001
    6.5068     1.5093   .000001
    6.7067     1.5093   .000001
    6.9065     1.5093   .000000
    7.1065     1.5093   .000001
    7.3064     1.5093   .000001
    7.5062     1.5093   .000000
    7.7062     1.5093   .000001
    7.9061     1.5093   .000000
    8.1060     1.5093   .000000
    8.3059     1.5093   .000001
    8.5057     1.5093   .000002
    8.7057     1.5093   .000003
    8.9056     1.5093   .000001
    9.1054     1.5093   .000001
    9.3054     1.5093   .000002
    9.5052     1.5093   .000001
    9.7051     1.5093   .000001
    9.9051     1.5093   .000001
   10.1049     1.5093   .000001
   10.3048     1.5093   .000010
   10.5048     1.5093   .000014
   10.7046     1.5093   .000019
   10.9045     1.5093   .000012
   11.1045     1.5093   .000007
   11.3043     1.5093   .000009
   11.5043     1.5093   .000009
   11.7042     1.5093   .000013
   11.9040     1.5093   .000009
   12.1040     1.5093   .000018
   12.3039     1.5093   .000032
   12.5037     1.5093   .000043
   12.7037     1.5093   .000057
   12.9036     1.5093   .000060
   13.1034     1.5093   .000053
   13.3034     1.5093   .000050
   13.5033     1.5093   .000051
   13.7031     1.5093   .000052
   13.9031     1.5093   .000058
   14.1030     1.5093   .000058
   14.3028     1.5093   .000054
   14.5028     1.5093   .000053
   14.7027     1.5093   .000040
   14.9025     1.5093   .000042
   15.1025     1.5093   .000039
   15.3024     1.5093   .000055
   15.5022     1.5093   .000060
   15.7022     1.5093   .000054
   15.9021     1.5093   .000051
   16.1019     1.5093   .000043
   16.3018     1.5093   .000042
   16.5018     1.5093   .000044
   16.7017     1.5093   .000050
   16.9016     1.5093   .000055
   17.1014     1.5093   .000049
   17.3013     1.5093   .000045
   17.5012     1.5093   .000037
   17.7012     1.5093   .000038
   17.9011     1.5093   .000034
   18.1010     1.5093   .000035
   18.3008     1.5093   .000039
   18.5007     1.5093   .000047
   18.7006     1.5093   .000035
   18.9006     1.5093   .000037
   19.1005     1.5093   .000025
   19.3004     1.5093   .000019
   19.5002     1.5093   .000020
   19.7001     1.5093   .000026
   19.9000     1.5093   .000065
     .1099     1.7091   .000192
     .3099     1.7091   .000265
     .5098     1.7091   .000324
     .7096     1.7091   .000376
     .9096     1.7091   .000436
    1.1094     1.7091   .000468
    1.3094     1.7091   .000450
    1.5093     1.7091   .000428
    1.7091     1.7091   .000422
    1.9090     1.7091   .000442
    2.1089     1.7091   .000498
    2.3089     1.7091   .000571
    2.5087     1.7091   .000592
    2.7087     1.7091   .000570
    2.9086     1.7091   .000552
    3.1084     1.7091   .000534
    3.3084     1.7091   .000523
    3.5082     1.7091   .000493
    3.7081     1.7091   .000391
    3.9081     1.7091   .000183
    4.1080     1.7091   .000001
    4.3078     1.7091   .000000
    4.5078     1.7091   .000000
    4.7077     1.7091   .000000
    4.9075     1.7091   .000000
    5.1075     1.7091   .000000
    5.3074     1.7091   .000000
    5.5072     1.7091   .000000
    5.7071     1.7091   .000000
    5.9071     1.7091   .000000
    6.1069     1.7091   .000000
    6.3068     1.7091   .000000
    6.5068     1.7091   .000001
    6.7067     1.7091   .000001
    6.9065     1.7091   .000000
    7.1065     1.7091   .000001
    7.3064     1.7091   .000000
    7.5062     1.7091   .000000
    7.7062     1.7091   .000001
    7.9061     1.7091   .000001
    8.1060     1.7091   .000000
    8.3059     1.7091   .000002
    8.5057     1.7091   .000001
    8.7057     1.7091   .000001
    8.9056     1.7091   .000002
    9.1054     1.7091   .000001
    9.3054     1.7091   .000001
    9.5052     1.7091   .000001
    9.7051     1.7091   .000001
    9.9051     1.7091   .000001
   10.1049     1.7091   .000001
   10.3048     1.7091   .000004
   10.5048     1.7091   .000008
   10.7046     1.7091   .000005
   10.9045     1.7091   .000007
   11.1045     1.7091   .000004
   11.3043     1.7091   .000006
   11.5043     1.7091   .000008
   11.7042     1.7091   .000008
   11.9040     1.7091   .000005
   12.1040     1.7091   .000007
   12.3039     1.7091   .000013
   12.5037     1.7091   .000030
   12.7037     1.7091   .000039
   12.9036     1.7091   .000043
   13.1034     1.7091   .000043
   13.3034     1.7091   .000036
   13.5033     1.7091   .000040
   13.7031     1.7091   .000042
   13.9031     1.7091   .000040
   14.1030     1.7091   .000038
   14.3028     1.7091   .000045
   14.5028     1.7091   .000032
   14.7027     1.7091   .000024
   14.9025     1.7091   .000020
   15.1025     1.7091   .000029
   15.3024     1.7091   .000031
   15.5022     1.7091   .000041
   15.7022     1.7091   .000040
   15.9021     1.7091   .000037
   16.1019     1.7091   .000030
   16.3018     1.7091   .000029
   16.5018     1.7091   .000034
   16.7017     1.7091   .000036
   16.9016     1.7091   .000040
   17.1014     1.7091   .000039
   17.3013     1.7091   .000035
   17.5012     1.7091   .000024
   17.7012     1.7091   .000023
   17.9011     1.7091   .000026
   18.1010     1.7091   .000018
   18.3008     1.7091   .000023
   18.5007     1.7091   .000034
   18.7006     1.7091   .000025
   18.9006     1.7091   .000018
   19.1005     1.7091   .000013
   19.3004     1.7091   .000018
   19.5002     1.7091   .000009
   19.7001     1.7091   .000016
   19.9000     1.7091   .000055
     .1099     1.9090   .000201
     .3099     1.9090   .000296
     .5098     1.9090   .000343
     .7096     1.9090   .000416
     .9096     1.9090   .000476
    1.1094     1.9090   .000507
    1.3094     1.9090   .000487
    1.5093     1.9090   .000466
    1.7091     1.9090   .000458
    1.9090     1.9090   .000480
    2.1089     1.9090   .000515
    2.3089     1.9090   .000609
    2.5087     1.9090   .000619
    2.7087     1.9090   .000609
    2.9086     1.9090   .000573
    3.1084     1.9090   .000554
    3.3084     1.9090   .000540
    3.5082     1.9090   .000512
    3.7081     1.9090   .000415
    3.9081     1.9090   .000211
    4.1080     1.9090   .000001
    4.3078     1.9090   .000000
    4.5078     1.9090   .000000
    4.7077     1.9090   .000000
    4.9075     1.9090   .000000
    5.1075     1.9090   .000000
    5.3074     1.9090   .000000
    5.5072     1.9090   .000000
    5.7071     1.9090   .000000
    5.9071     1.9090   .000000
    6.1069     1.9090   .000000
    6.3068     1.9090   .000000
    6.5068     1.9090   .000001
    6.7067     1.9090   .000001
    6.9065     1.9090   .000000
    7.1065     1.9090   .000000
    7.3064     1.9090   .000001
    7.5062     1.9090   .000000
    7.7062     1.9090   .000000
    7.9061     1.9090   .000000
    8.1060     1.9090   .000000
    8.3059     1.9090   .000001
    8.5057     1.9090   .000001
    8.7057     1.9090   .000001
    8.9056     1.9090   .000001
    9.1054     1.9090   .000001
    9.3054     1.9090   .000001
    9.5052     1.9090   .000001
    9.7051     1.9090   .000001
    9.9051     1.9090   .000001
   10.1049     1.9090   .000001
   10.3048     1.9090   .000001
   10.5048     1.9090   .000004
   10.7046     1.9090   .000004
   10.9045     1.9090   .000003
   11.1045     1.9090   .000003
   11.3043     1.9090   .000002
   11.5043     1.9090   .000001
   11.7042     1.9090   .000002
   11.9040     1.9090   .000002
   12.1040     1.9090   .000002
   12.3039     1.9090   .000008
   12.5037     1.9090   .000021
   12.7037     1.9090   .000026
   12.9036     1.9090   .000027
   13.1034     1.9090   .000025
   13.3034     1.9090   .000025
   13.5033     1.9090   .000023
   13.7031     1.9090   .000022
   13.9031     1.9090   .000028
   14.1030     1.9090   .000030
   14.3028     1.9090   .000025
   14.5028     1.9090   .000021
   14.7027     1.9090   .000010
   14.9025     1.9090   .000009
   15.1025     1.9090   .000017
   15.3024     1.9090   .000020
   15.5022     1.9090   .000025
   15.7022     1.9090   .000029
   15.9021     1.9090   .000020
   16.1019     1.9090   .000013
   16.3018     1.9090   .000015
   16.5018     1.9090   .000018
   16.7017     1.9090   .000018
   16.9016     1.9090   .000018
   17.1014     1.9090   .000021
   17.3013     1.9090   .000024
   17.5012     1.9090   .000022
   17.7012     1.9090   .000010
   17.9011     1.9090   .000009
   18.1010     1.9090   .000007
   18.3008     1.9090   .000014
   18.5007     1.9090   .000015
   18.7006     1.9090   .000017
   18.9006     1.9090   .000013
   19.1005     1.9090   .000011
   19.3004     1.9090   .000005
   19.5002     1.9090   .000004
   19.7001     1.9090   .000004
   19.9000     1.9090   .000040
     .1099     2.1089   .000227
     .3099     2.1089   .000303
     .5098     2.1089   .000372
     .7096     2.1089   .000445
     .9096     2.1089   .000513
    1.1094     2.1089   .000522
    1.3094     2.1089   .000513
    1.5093     2.1089   .000484
    1.7091     2.1089   .000473
    1.9090     2.1089   .000491
    2.1089     2.1089   .000537
    2.3089     2.1089   .000618
    2.5087     2.1089   .000643
    2.7087     2.1089   .000627
    2.9086     2.1089   .000608
    3.1084     2.1089   .000578
    3.3084     2.1089   .000559
    3.5082     2.1089   .000539
    3.7081     2.1089   .000449
    3.9081     2.1089   .000244
    4.1080     2.1089   .000002
    4.3078     2.1089   .000000
    4.5078     2.1089   .000000
    4.7077     2.1089   .000000
    4.9075     2.1089   .000000
    5.1075     2.1089   .000000
    5.3074     2.1089   .000000
    5.5072     2.1089   .000000
    5.7071     2.1089   .000000
    5.9071     2.1089   .000000
    6.1069     2.1089   .000000
    6.3068     2.1089   .000000
    6.5068     2.1089   .000000
    6.7067     2.1089   .000001
    6.9065     2.1089   .000000
    7.1065     2.1089   .000000
    7.3064     2.1089   .000000
    7.5062     2.1089   .000000
    7.7062     2.1089   .000000
    7.9061     2.1089   .000000
    8.1060     2.1089   .000001
    8.3059     2.1089   .000001
    8.5057     2.1089   .000001
    8.7057     2.1089   .000001
    8.9056     2.1089   .000001
    9.1054     2.1089   .000001
    9.3054     2.1089   .000001
    9.5052     2.1089   .000001
    9.7051     2.1089   .000000
    9.9051     2.1089   .000001
   10.1049     2.1089   .000001
   10.3048     2.1089   .000001
   10.5048     2.1089   .000002
   10.7046     2.1089   .000004
   10.9045     2.1089   .000002
   11.1045     2.1089   .000002
   11.3043     2.1089   .000002
   11.5043     2.1089   .000002
   11.7042     2.1089   .000001
   11.9040     2.1089   .000002
   12.1040     2.1089   .000001
   12.3039     2.1089   .000004
   12.5037     2.1089   .000006
   12.7037     2.1089   .000013
   12.9036     2.1089   .000014
   13.1034     2.1089   .000010
   13.3034     2.1089   .000010
   13.5033     2.1089   .000009
   13.7031     2.1089   .000013
   13.9031     2.1089   .000010
   14.1030     2.1089   .000019
   14.3028     2.1089   .000014
   14.5028     2.1089   .000012
   14.7027     2.1089   .000003
   14.9025     2.1089   .000004
   15.1025     2.1089   .000003
   15.3024     2.1089   .000010
   15.5022     2.1089   .000015
   15.7022     2.1089   .000014
   15.9021     2.1089   .000010
   16.1019     2.1089   .000009
   16.3018     2.1089   .000005
   16.5018     2.1089   .000010
   16.7017     2.1089   .000012
   16.9016     2.1089   .000010
   17.1014     2.1089   .000009
   17.3013     2.1089   .000010
   17.5012     2.1089   .000009
   17.7012     2.1089   .000008
   17.9011     2.1089   .000006
   18.1010     2.1089   .000004
   18.3008     2.1089   .000006
   18.5007     2.1089   .000007
   18.7006     2.1089   .000005
   18.9006     2.1089   .000004
   19.1005     2.1089   .000003
   19.3004     2.1089   .000002
   19.5002     2.1089   .000002
   19.7001     2.1089   .000001
   19.9000     2.1089   .000034
     .1099     2.3089   .000266
     .3099     2.3089   .000362
     .5098     2.3089   .000457
     .7096     2.3089   .000524
     .9096     2.3089   .000585
    1.1094     2.3089   .000603
    1.3094     2.3089   .000586
    1.5093     2.3089   .000557
    1.7091     2.3089   .000547
    1.9090     2.3089   .000566
    2.1089     2.3089   .000617
    2.3089     2.3089   .000666
    2.5087     2.3089   .000686
    2.7087     2.3089   .000673
    2.9086     2.3089   .000655
    3.1084     2.3089   .000626
    3.3084     2.3089   .000612
    3.5082     2.3089   .000593
    3.7081     2.3089   .000517
    3.9081     2.3089   .000337
    4.1080     2.3089   .000083
    4.3078     2.3089   .000003
    4.5078     2.3089   .000001
    4.7077     2.3089   .000000
    4.9075     2.3089   .000000
    5.1075     2.3089   .000002
    5.3074     2.3089   .000001
    5.5072     2.3089   .000002
    5.7071     2.3089   .000001
    5.9071     2.3089   .000000
    6.1069     2.3089   .000002
    6.3068     2.3089   .000000
    6.5068     2.3089   .000000
    6.7067     2.3089   .000001
    6.9065     2.3089   .000000
    7.1065     2.3089   .000000
    7.3064     2.3089   .000001
    7.5062     2.3089   .000000
    7.7062     2.3089   .000000
    7.9061     2.3089   .000000
    8.1060     2.3089   .000000
    8.3059     2.3089   .000000
    8.5057     2.3089   .000000
    8.7057     2.3089   .000000
    8.9056     2.3089   .000000
    9.1054     2.3089   .000000
    9.3054     2.3089   .000000
    9.5052     2.3089   .000000
    9.7051     2.3089   .000000
    9.9051     2.3089   .000000
   10.1049     2.3089   .000000
   10.3048     2.3089   .000000
   10.5048     2.3089   .000000
   10.7046     2.3089   .000000
   10.9045     2.3089   .000000
   11.1045     2.3089   .000000
   11.3043     2.3089   .000000
   11.5043     2.3089   .000000
   11.7042     2.3089   .000000
   11.9040     2.3089   .000000
   12.1040     2.3089   .000000
   12.3039     2.3089   .000000
   12.5037     2.3089   .000001
   12.7037     2.3089   .000001
   12.9036     2.3089   .000001
   13.1034     2.3089   .000002
   13.3034     2.3089   .000001
   13.5033     2.3089   .000001
   13.7031     2.3089   .000001
   13.9031     2.3089   .000003
   14.1030     2.3089   .000002
   14.3028     2.3089   .000002
   14.5028     2.3089   .000001
   14.7027     2.3089   .000001
   14.9025     2.3089   .000001
   15.1025     2.3089   .000001
   15.3024     2.3089   .000001
   15.5022     2.3089   .000001
   15.7022     2.3089   .000001
   15.9021     2.3089   .000001
   16.1019     2.3089   .000001
   16.3018     2.3089   .000001
   16.5018     2.3089   .000001
   16.7017     2.3089   .000001
   16.9016     2.3089   .000003
   17.1014     2.3089   .000001
   17.3013     2.3089   .000002
   17.5012     2.3089   .000001
   17.7012     2.3089   .000001
   17.9011     2.3089   .000000
   18.1010     2.3089   .000001
   18.3008     2.3089   .000001
   18.5007     2.3089   .000001
   18.7006     2.3089   .000001
   18.9006     2.3089   .000001
   19.1005     2.3089   .000001
   19.3004     2.3089   .000001
   19.5002     2.3089   .000000
   19.7001     2.3089   .000000
   19.9000     2.3089   .000005
     .1099     2.5087   .000265
     .3099     2.5087   .000385
     .5098     2.5087   .000450
     .7096     2.5087   .000524
     .9096     2.5087   .000590
    1.1094     2.5087   .000597
    1.3094     2.5087   .000578
    1.5093     2.5087   .000548
    1.7091     2.5087   .000538
    1.9090     2.5087   .000562
    2.1089     2.5087   .000626
    2.3089     2.5087   .000673
    2.5087     2.5087   .000689
    2.7087     2.5087   .000674
    2.9086     2.5087   .000669
    3.1084     2.5087   .000637
    3.3084     2.5087   .000623
    3.5082     2.5087   .000603
    3.7081     2.5087   .000549
    3.9081     2.5087   .000383
    4.1080     2.5087   .000126
    4.3078     2.5087   .000002
    4.5078     2.5087   .000001
    4.7077     2.5087   .000000
    4.9075     2.5087   .000001
    5.1075     2.5087   .000001
    5.3074     2.5087   .000002
    5.5072     2.5087   .000001
    5.7071     2.5087   .000001
    5.9071     2.5087   .000002
    6.1069     2.5087   .000001
    6.3068     2.5087   .000000
    6.5068     2.5087   .000000
    6.7067     2.5087   .000000
    6.9065     2.5087   .000000
    7.1065     2.5087   .000000
    7.3064     2.5087   .000000
    7.5062     2.5087   .000000
    7.7062     2.5087   .000000
    7.9061     2.5087   .000000
    8.1060     2.5087   .000000
    8.3059     2.5087   .000000
    8.5057     2.5087   .000000
    8.7057     2.5087   .000000
    8.9056     2.5087   .000000
    9.1054     2.5087   .000000
    9.3054     2.5087   .000000
    9.5052     2.5087   .000000
    9.7051     2.5087   .000000
    9.9051     2.5087   .000000
   10.1049     2.5087   .000000
   10.3048     2.5087   .000000
   10.5048     2.5087   .000000
   10.7046     2.5087   .000001
   10.9045     2.5087   .000000
   11.1045     2.5087   .000000
   11.3043     2.5087   .000000
   11.5043     2.5087   .000000
   11.7042     2.5087   .000000
   11.9040     2.5087   .000000
   12.1040     2.5087   .000000
   12.3039     2.5087   .000001
   12.5037     2.5087   .000001
   12.7037     2.5087   .000001
   12.9036     2.5087   .000001
   13.1034     2.5087   .000001
   13.3034     2.5087   .000001
   13.5033     2.5087   .000000
   13.7031     2.5087   .000001
   13.9031     2.5087   .000001
   14.1030     2.5087   .000001
   14.3028     2.5087   .000001
   14.5028     2.5087   .000000
   14.7027     2.5087   .000001
   14.9025     2.5087   .000001
   15.1025     2.5087   .000000
   15.3024     2.5087   .000001
   15.5022     2.5087   .000001
   15.7022     2.5087   .000001
   15.9021     2.5087   .000001
   16.1019     2.5087   .000001
   16.3018     2.5087   .000000
   16.5018     2.5087   .000001
   16.7017     2.5087   .000001
   16.9016     2.5087   .000000
   17.1014     2.5087   .000001
   17.3013     2.5087   .000001
   17.5012     2.5087   .000001
   17.7012     2.5087   .000001
   17.9011     2.5087   .000000
   18.1010     2.5087   .000001
   18.3008     2.5087   .000001
   18.5007     2.5087   .000000
   18.7006     2.5087   .000001
   18.9006     2.5087   .000000
   19.1005     2.5087   .000000
   19.3004     2.5087   .000001
   19.5002     2.5087   .000000
   19.7001     2.5087   .000000
   19.9000     2.5087   .000001
     .1099     2.7087   .000262
     .3099     2.7087   .000375
     .5098     2.7087   .000451
     .7096     2.7087   .000529
     .9096     2.7087   .000573
    1.1094     2.7087   .000589
    1.3094     2.7087   .000577
    1.5093     2.7087   .000549
    1.7091     2.7087   .000536
    1.9090     2.7087   .000558
    2.1089     2.7087   .000615
    2.3089     2.7087   .000684
    2.5087     2.7087   .000682
    2.7087     2.7087   .000675
    2.9086     2.7087   .000668
    3.1084     2.7087   .000645
    3.3084     2.7087   .000631
    3.5082     2.7087   .000627
    3.7081     2.7087   .000576
    3.9081     2.7087   .000439
    4.1080     2.7087   .000175
    4.3078     2.7087   .000009
    4.5078     2.7087   .000001
    4.7077     2.7087   .000001
    4.9075     2.7087   .000002
    5.1075     2.7087   .000003
    5.3074     2.7087   .000001
    5.5072     2.7087   .000002
    5.7071     2.7087   .000001
    5.9071     2.7087   .000001
    6.1069     2.7087   .000001
    6.3068     2.7087   .000000
    6.5068     2.7087   .000000
    6.7067     2.7087   .000000
    6.9065     2.7087   .000000
    7.1065     2.7087   .000000
    7.3064     2.7087   .000000
    7.5062     2.7087   .000000
    7.7062     2.7087   .000000
    7.9061     2.7087   .000000
    8.1060     2.7087   .000000
    8.3059     2.7087   .000000
    8.5057     2.7087   .000000
    8.7057     2.7087   .000000
    8.9056     2.7087   .000000
    9.1054     2.7087   .000000
    9.3054     2.7087   .000000
    9.5052     2.7087   .000000
    9.7051     2.7087   .000000
    9.9051     2.7087   .000000
   10.1049     2.7087   .000000
   10.3048     2.7087   .000000
   10.5048     2.7087   .000000
   10.7046     2.7087   .000000
   10.9045     2.7087   .000000
   11.1045     2.7087   .000000
   11.3043     2.7087   .000000
   11.5043     2.7087   .000000
   11.7042     2.7087   .000000
   11.9040     2.7087   .000000
   12.1040     2.7087   .000000
   12.3039     2.7087   .000000
   12.5037     2.7087   .000001
   12.7037     2.7087   .000000
   12.9036     2.7087   .000000
   13.1034     2.7087   .000001
   13.3034     2.7087   .000001
   13.5033     2.7087   .000000
   13.7031     2.7087   .000001
   13.9031     2.7087   .000001
   14.1030     2.7087   .000000
   14.3028     2.7087   .000001
   14.5028     2.7087   .000001
   14.7027     2.7087   .000001
   14.9025     2.7087   .000000
   15.1025     2.7087   .000000
   15.3024     2.7087   .000001
   15.5022     2.7087   .000001
   15.7022     2.7087   .000001
   15.9021     2.7087   .000000
   16.1019     2.7087   .000001
   16.3018     2.7087   .000001
   16.5018     2.7087   .000000
   16.7017     2.7087   .000001
   16.9016     2.7087   .000000
   17.1014     2.7087   .000001
   17.3013     2.7087   .000000
   17.5012     2.7087   .000001
   17.7012     2.7087   .000000
   17.9011     2.7087   .000000
   18.1010     2.7087   .000000
   18.3008     2.7087   .000001
   18.5007     2.7087   .000000
   18.7006     2.7087   .000000
   18.9006     2.7087   .000000
   19.1005     2.7087   .000001
   19.3004     2.7087   .000000
   19.5002     2.7087   .000000
   19.7001     2.7087   .000001
   19.9000     2.7087   .000001
     .1099     2.9086   .000243
     .3099     2.9086   .000364
     .5098     2.9086   .000439
     .7096     2.9086   .000497
     .9096     2.9086   .000531
    1.1094     2.9086   .000565
    1.3094     2.9086   .000553
    1.5093     2.9086   .000505
    1.7091     2.9086   .000496
    1.9090     2.9086   .000533
    2.1089     2.9086   .000602
    2.3089     2.9086   .000668
    2.5087     2.9086   .000665
    2.7087     2.9086   .000672
    2.9086     2.9086   .000670
    3.1084     2.9086   .000649
    3.3084     2.9086   .000638
    3.5082     2.9086   .000645
    3.7081     2.9086   .000604
    3.9081     2.9086   .000492
    4.1080     2.9086   .000253
    4.3078     2.9086   .000069
    4.5078     2.9086   .000005
    4.7077     2.9086   .000005
    4.9075     2.9086   .000007
    5.1075     2.9086   .000011
    5.3074     2.9086   .000020
    5.5072     2.9086   .000023
    5.7071     2.9086   .000007
    5.9071     2.9086   .000001
    6.1069     2.9086   .000001
    6.3068     2.9086   .000000
    6.5068     2.9086   .000001
    6.7067     2.9086   .000000
    6.9065     2.9086   .000000
    7.1065     2.9086   .000000
    7.3064     2.9086   .000000
    7.5062     2.9086   .000000
    7.7062     2.9086   .000000
    7.9061     2.9086   .000000
    8.1060     2.9086   .000000
    8.3059     2.9086   .000001
    8.5057     2.9086   .000000
    8.7057     2.9086   .000000
    8.9056     2.9086   .000000
    9.1054     2.9086   .000000
    9.3054     2.9086   .000000
    9.5052     2.9086   .000000
    9.7051     2.9086   .000000
    9.9051     2.9086   .000000
   10.1049     2.9086   .000000
   10.3048     2.9086   .000000
   10.5048     2.9086   .000000
   10.7046     2.9086   .000000
   10.9045     2.9086   .000001
   11.1045     2.9086   .000000
   11.3043     2.9086   .000000
   11.5043     2.9086   .000000
   11.7042     2.9086   .000000
   11.9040     2.9086   .000000
   12.1040     2.9086   .000000
   12.3039     2.9086   .000000
   12.5037     2.9086   .000001
   12.7037     2.9086   .000000
   12.9036     2.9086   .000001
   13.1034     2.9086   .000001
   13.3034     2.9086   .000001
   13.5033     2.9086   .000001
   13.7031     2.9086   .000001
   13.9031     2.9086   .000000
   14.1030     2.9086   .000001
   14.3028     2.9086   .000001
   14.5028     2.9086   .000001
   14.7027     2.9086   .000001
   14.9025     2.9086   .000001
   15.1025     2.9086   .000000
   15.3024     2.9086   .000000
   15.5022     2.9086   .000000
   15.7022     2.9086   .000001
   15.9021     2.9086   .000001
   16.1019     2.9086   .000000
   16.3018     2.9086   .000001
   16.5018     2.9086   .000000
   16.7017     2.9086   .000000
   16.9016     2.9086   .000000
   17.1014     2.9086   .000000
   17.3013     2.9086   .000000
   17.5012     2.9086   .000000
   17.7012     2.9086   .000000
   17.9011     2.9086   .000000
   18.1010     2.9086   .000000
   18.3008     2.9086   .000000
   18.5007     2.9086   .000000
   18.7006     2.9086   .000000
   18.9006     2.9086   .000000
   19.1005     2.9086   .000000
   19.3004     2.9086   .000000
   19.5002     2.9086   .000000
   19.7001     2.9086   .000000
   19.9000     2.9086   .000001
     .1099     3.1084   .000211
     .3099     3.1084   .000321
     .5098     3.1084   .000404
     .7096     3.1084   .000452
     .9096     3.1084   .000506
    1.1094     3.1084   .000526
    1.3094     3.1084   .000505
    1.5093     3.1084   .000462
    1.7091     3.1084   .000448
    1.9090     3.1084   .000481
    2.1089     3.1084   .000581
    2.3089     3.1084   .000646
    2.5087     3.1084   .000652
    2.7087     3.1084   .000658
    2.9086     3.1084   .000651
    3.1084     3.1084   .000645
    3.3084     3.1084   .000626
    3.5082     3.1084   .000635
    3.7081     3.1084   .000632
    3.9081     3.1084   .000553
    4.1080     3.1084   .000340
    4.3078     3.1084   .000127
    4.5078     3.1084   .000069
    4.7077     3.1084   .000048
    4.9075     3.1084   .000058
    5.1075     3.1084   .000071
    5.3074     3.1084   .000079
    5.5072     3.1084   .000072
    5.7071     3.1084   .000052
    5.9071     3.1084   .000012
    6.1069     3.1084   .000001
    6.3068     3.1084   .000001
    6.5068     3.1084   .000001
    6.7067     3.1084   .000000
    6.9065     3.1084   .000000
    7.1065     3.1084   .000000
    7.3064     3.1084   .000000
    7.5062     3.1084   .000000
    7.7062     3.1084   .000000
    7.9061     3.1084   .000000
    8.1060     3.1084   .000000
    8.3059     3.1084   .000000
    8.5057     3.1084   .000000
    8.7057     3.1084   .000000
    8.9056     3.1084   .000000
    9.1054     3.1084   .000000
    9.3054     3.1084   .000000
    9.5052     3.1084   .000000
    9.7051     3.1084   .000000
    9.9051     3.1084   .000000
   10.1049     3.1084   .000000
   10.3048     3.1084   .000000
   10.5048     3.1084   .000000
   10.7046     3.1084   .000000
   10.9045     3.1084   .000000
   11.1045     3.1084   .000000
   11.3043     3.1084   .000001
   11.5043     3.1084   .000000
   11.7042     3.1084   .000000
   11.9040     3.1084   .000000
   12.1040     3.1084   .000000
   12.3039     3.1084   .000000
   12.5037     3.1084   .000000
   12.7037     3.1084   .000000
   12.9036     3.1084   .000000
   13.1034     3.1084   .000000
   13.3034     3.1084   .000000
   13.5033     3.1084   .000000
   13.7031     3.1084   .000001
   13.9031     3.1084   .000001
   14.1030     3.1084   .000000
   14.3028     3.1084   .000000
   14.5028     3.1084   .000000
   14.7027     3.1084   .000001
   14.9025     3.1084   .000001
   15.1025     3.1084   .000000
   15.3024     3.1084   .000000
   15.5022     3.1084   .000000
   15.7022     3.1084   .000001
   15.9021     3.1084   .000000
   16.1019     3.1084   .000001
   16.3018     3.1084   .000000
   16.5018     3.1084   .000000
   16.7017     3.1084   .000000
   16.9016     3.1084   .000000
   17.1014     3.1084   .000000
   17.3013     3.1084   .000000
   17.5012     3.1084   .000000
   17.7012     3.1084   .000000
   17.9011     3.1084   .000001
   18.1010     3.1084   .000000
   18.3008     3.1084   .000000
   18.5007     3.1084   .000000
   18.7006     3.1084   .000000
   18.9006     3.1084   .000000
   19.1005     3.1084   .000000
   19.3004     3.1084   .000000
   19.5002     3.1084   .000000
   19.7001     3.1084   .000000
   19.9000     3.1084   .000001
     .1099     3.3084   .000175
     .3099     3.3084   .000278
     .5098     3.3084   .000353
     .7096     3.3084   .000399
     .9096     3.3084   .000442
    1.1094     3.3084   .000454
    1.3094     3.3084   .000435
    1.5093     3.3084   .000402
    1.7091     3.3084   .000386
    1.9090     3.3084   .000421
    2.1089     3.3084   .000527
    2.3089     3.3084   .000622
    2.5087     3.3084   .000625
    2.7087     3.3084   .000621
    2.9086     3.3084   .000629
    3.1084     3.3084   .000626
    3.3084     3.3084   .000615
    3.5082     3.3084   .000629
    3.7081     3.3084   .000634
    3.9081     3.3084   .000614
    4.1080     3.3084   .000426
    4.3078     3.3084   .000221
    4.5078     3.3084   .000137
    4.7077     3.3084   .000116
    4.9075     3.3084   .000124
    5.1075     3.3084   .000151
    5.3074     3.3084   .000150
    5.5072     3.3084   .000156
    5.7071     3.3084   .000134
    5.9071     3.3084   .000066
    6.1069     3.3084   .000010
    6.3068     3.3084   .000000
    6.5068     3.3084   .000001
    6.7067     3.3084   .000000
    6.9065     3.3084   .000000
    7.1065     3.3084   .000000
    7.3064     3.3084   .000000
    7.5062     3.3084   .000000
    7.7062     3.3084   .000000
    7.9061     3.3084   .000000
    8.1060     3.3084   .000000
    8.3059     3.3084   .000000
    8.5057     3.3084   .000000
    8.7057     3.3084   .000000
    8.9056     3.3084   .000000
    9.1054     3.3084   .000000
    9.3054     3.3084   .000000
    9.5052     3.3084   .000000
    9.7051     3.3084   .000000
    9.9051     3.3084   .000000
   10.1049     3.3084   .000000
   10.3048     3.3084   .000000
   10.5048     3.3084   .000000
   10.7046     3.3084   .000000
   10.9045     3.3084   .000000
   11.1045     3.3084   .000000
   11.3043     3.3084   .000000
   11.5043     3.3084   .000000
   11.7042     3.3084   .000000
   11.9040     3.3084   .000000
   12.1040     3.3084   .000000
   12.3039     3.3084   .000000
   12.5037     3.3084   .000000
   12.7037     3.3084   .000000
   12.9036     3.3084   .000000
   13.1034     3.3084   .000000
   13.3034     3.3084   .000000
   13.5033     3.3084   .000000
   13.7031     3.3084   .000000
   13.9031     3.3084   .000000
   14.1030     3.3084   .000001
   14.3028     3.3084   .000000
   14.5028     3.3084   .000000
   14.7027     3.3084   .000000
   14.9025     3.3084   .000001
   15.1025     3.3084   .000000
   15.3024     3.3084   .000001
   15.5022     3.3084   .000000
   15.7022     3.3084   .000001
   15.9021     3.3084   .000001
   16.1019     3.3084   .000000
   16.3018     3.3084   .000000
   16.5018     3.3084   .000000
   16.7017     3.3084   .000000
   16.9016     3.3084   .000000
   17.1014     3.3084   .000001
   17.3013     3.3084   .000000
   17.5012     3.3084   .000000
   17.7012     3.3084   .000000
   17.9011     3.3084   .000000
   18.1010     3.3084   .000001
   18.3008     3.3084   .000000
   18.5007     3.3084   .000000
   18.7006     3.3084   .000000
   18.9006     3.3084   .000000
   19.1005     3.3084   .000000
   19.3004     3.3084   .000000
   19.5002     3.3084   .000000
   19.7001     3.3084   .000000
   19.9000     3.3084   .000001
     .1099     3.5082   .000144
     .3099     3.5082   .000235
     .5098     3.5082   .000287
     .7096     3.5082   .000333
     .9096     3.5082   .000359
    1.1094     3.5082   .000377
    1.3094     3.5082   .000368
    1.5093     3.5082   .000341
    1.7091     3.5082   .000317
    1.9090     3.5082   .000349
    2.1089     3.5082   .000453
    2.3089     3.5082   .000559
    2.5087     3.5082   .000580
    2.7087     3.5082   .000584
    2.9086     3.5082   .000600
    3.1084     3.5082   .000599
    3.3084     3.5082   .000596
    3.5082     3.5082   .000603
    3.7081     3.5082   .000639
    3.9081     3.5082   .000654
    4.1080     3.5082   .000522
    4.3078     3.5082   .000336
    4.5078     3.5082   .000226
    4.7077     3.5082   .000218
    4.9075     3.5082   .000212
    5.1075     3.5082   .000233
    5.3074     3.5082   .000242
    5.5072     3.5082   .000251
    5.7071     3.5082   .000210
    5.9071     3.5082   .000150
    6.1069     3.5082   .000053
    6.3068     3.5082   .000000
    6.5068     3.5082   .000000
    6.7067     3.5082   .000000
    6.9065     3.5082   .000000
    7.1065     3.5082   .000000
    7.3064     3.5082   .000000
    7.5062     3.5082   .000000
    7.7062     3.5082   .000000
    7.9061     3.5082   .000000
    8.1060     3.5082   .000000
    8.3059     3.5082   .000000
    8.5057     3.5082   .000001
    8.7057     3.5082   .000000
    8.9056     3.5082   .000000
    9.1054     3.5082   .000000
    9.3054     3.5082   .000000
    9.5052     3.5082   .000000
    9.7051     3.5082   .000000
    9.9051     3.5082   .000000
   10.1049     3.5082   .000000
   10.3048     3.5082   .000000
   10.5048     3.5082   .000000
   10.7046     3.5082   .000000
   10.9045     3.5082   .000000
   11.1045     3.5082   .000000
   11.3043     3.5082   .000000
   11.5043     3.5082   .000001
   11.7042     3.5082   .000000
   11.9040     3.5082   .000000
   12.1040     3.5082   .000000
   12.3039     3.5082   .000000
   12.5037     3.5082   .000001
   12.7037     3.5082   .000001
   12.9036     3.5082   .000000
   13.1034     3.5082   .000000
   13.3034     3.5082   .000000
   13.5033     3.5082   .000000
   13.7031     3.5082   .000000
   13.9031     3.5082   .000000
   14.1030     3.5082   .000000
   14.3028     3.5082   .000000
   14.5028     3.5082   .000000
   14.7027     3.5082   .000000
   14.9025     3.5082   .000000
   15.1025     3.5082   .000000
   15.3024     3.5082   .000000
   15.5022     3.5082   .000001
   15.7022     3.5082   .000000
   15.9021     3.5082   .000000
   16.1019     3.5082   .000000
   16.3018     3.5082   .000000
   16.5018     3.5082   .000000
   16.7017     3.5082   .000001
   16.9016     3.5082   .000000
   17.1014     3.5082   .000000
   17.3013     3.5082   .000000
   17.5012     3.5082   .000000
   17.7012     3.5082   .000000
   17.9011     3.5082   .000000
   18.1010     3.5082   .000000
   18.3008     3.5082   .000000
   18.5007     3.5082   .000000
   18.7006     3.5082   .000000
   18.9006     3.5082   .000000
   19.1005     3.5082   .000000
   19.3004     3.5082   .000000
   19.5002     3.5082   .000001
   19.7001     3.5082   .000000
   19.9000     3.5082   .000001
     .1099     3.7081   .000112
     .3099     3.7081   .000175
     .5098     3.7081   .000219
     .7096     3.7081   .000260
     .9096     3.7081   .000284
    1.1094     3.7081   .000303
    1.3094     3.7081   .000292
    1.5093     3.7081   .000263
    1.7091     3.7081   .000245
    1.9090     3.7081   .000264
    2.1089     3.7081   .000376
    2.3089     3.7081   .000488
    2.5087     3.7081   .000529
    2.7087     3.7081   .000532
    2.9086     3.7081   .000550
    3.1084     3.7081   .000565
    3.3084     3.7081   .000568
    3.5082     3.7081   .000582
    3.7081     3.7081   .000660
    3.9081     3.7081   .000709
    4.1080     3.7081   .000610
    4.3078     3.7081   .000451
    4.5078     3.7081   .000350
    4.7077     3.7081   .000310
    4.9075     3.7081   .000327
    5.1075     3.7081   .000338
    5.3074     3.7081   .000340
    5.5072     3.7081   .000354
    5.7071     3.7081   .000325
    5.9071     3.7081   .000242
    6.1069     3.7081   .000116
    6.3068     3.7081   .000000
    6.5068     3.7081   .000000
    6.7067     3.7081   .000000
    6.9065     3.7081   .000000
    7.1065     3.7081   .000000
    7.3064     3.7081   .000001
    7.5062     3.7081   .000000
    7.7062     3.7081   .000001
    7.9061     3.7081   .000000
    8.1060     3.7081   .000000
    8.3059     3.7081   .000000
    8.5057     3.7081   .000000
    8.7057     3.7081   .000000
    8.9056     3.7081   .000000
    9.1054     3.7081   .000000
    9.3054     3.7081   .000000
    9.5052     3.7081   .000000
    9.7051     3.7081   .000000
    9.9051     3.7081   .000000
   10.1049     3.7081   .000000
   10.3048     3.7081   .000000
   10.5048     3.7081   .000000
   10.7046     3.7081   .000000
   10.9045     3.7081   .000000
   11.1045     3.7081   .000000
   11.3043     3.7081   .000000
   11.5043     3.7081   .000000
   11.7042     3.7081   .000000
   11.9040     3.7081   .000000
   12.1040     3.7081   .000000
   12.3039     3.7081   .000000
   12.5037     3.7081   .000000
   12.7037     3.7081   .000000
   12.9036     3.7081   .000000
   13.1034     3.7081   .000000
   13.3034     3.7081   .000000
   13.5033     3.7081   .000000
   13.7031     3.7081   .000000
   13.9031     3.7081   .000000
   14.1030     3.7081   .000000
   14.3028     3.7081   .000000
   14.5028     3.7081   .000000
   14.7027     3.7081   .000001
   14.9025     3.7081   .000000
   15.1025     3.7081   .000000
   15.3024     3.7081   .000000
   15.5022     3.7081   .000000
   15.7022     3.7081   .000001
   15.9021     3.7081   .000000
   16.1019     3.7081   .000000
   16.3018     3.7081   .000000
   16.5018     3.7081   .000000
   16.7017     3.7081   .000000
   16.9016     3.7081   .000000
   17.1014     3.7081   .000001
   17.3013     3.7081   .000000
   17.5012     3.7081   .000000
   17.7012     3.7081   .000000
   17.9011     3.7081   .000000
   18.1010     3.7081   .000000
   18.3008     3.7081   .000000
   18.5007     3.7081   .000000
   18.7006     3.7081   .000000
   18.9006     3.7081   .000000
   19.1005     3.7081   .000000
   19.3004     3.7081   .000000
   19.5002     3.7081   .000000
   19.7001     3.7081   .000000
   19.9000     3.7081   .000001
     .1099     3.9081   .000088
     .3099     3.9081   .000124
     .5098     3.9081   .000158
     .7096     3.9081   .000191
     .9096     3.9081   .000211
    1.1094     3.9081   .000216
    1.3094     3.9081   .000215
    1.5093     3.9081   .000195
    1.7091     3.9081   .000172
    1.9090     3.9081   .000191
    2.1089     3.9081   .000289
    2.3089     3.9081   .000422
    2.5087     3.9081   .000470
    2.7087     3.9081   .000479
    2.9086     3.9081   .000494
    3.1084     3.9081   .000513
    3.3084     3.9081   .000520
    3.5082     3.9081   .000561
    3.7081     3.9081   .000638
    3.9081     3.9081   .000714
    4.1080     3.9081   .000694
    4.3078     3.9081   .000566
    4.5078     3.9081   .000456
    4.7077     3.9081   .000433
    4.9075     3.9081   .000432
    5.1075     3.9081   .000444
    5.3074     3.9081   .000464
    5.5072     3.9081   .000471
    5.7071     3.9081   .000454
    5.9071     3.9081   .000344
    6.1069     3.9081   .000178
    6.3068     3.9081   .000003
    6.5068     3.9081   .000000
    6.7067     3.9081   .000000
    6.9065     3.9081   .000000
    7.1065     3.9081   .000000
    7.3064     3.9081   .000000
    7.5062     3.9081   .000000
    7.7062     3.9081   .000001
    7.9061     3.9081   .000001
    8.1060     3.9081   .000000
    8.3059     3.9081   .000000
    8.5057     3.9081   .000000
    8.7057     3.9081   .000000
    8.9056     3.9081   .000000
    9.1054     3.9081   .000000
    9.3054     3.9081   .000000
    9.5052     3.9081   .000000
    9.7051     3.9081   .000000
    9.9051     3.9081   .000000
   10.1049     3.9081   .000000
   10.3048     3.9081   .000000
   10.5048     3.9081   .000000
   10.7046     3.9081   .000000
   10.9045     3.9081   .000000
   11.1045     3.9081   .000000
   11.3043     3.9081   .000000
   11.5043     3.9081   .000000
   11.7042     3.9081   .000000
   11.9040     3.9081   .000000
   12.1040     3.9081   .000000
   12.3039     3.9081   .000000
   12.5037     3.9081   .000000
   12.7037     3.9081   .000000
   12.9036     3.9081   .000000
   13.1034     3.9081   .000000
   13.3034     3.9081   .000000
   13.5033     3.9081   .000000
   13.7031     3.9081   .000000
   13.9031     3.9081   .000000
   14.1030     3.9081   .000000
   14.3028     3.9081   .000001
   14.5028     3.9081   .000000
   14.7027     3.9081   .000000
   14.9025     3.9081   .000000
   15.1025     3.9081   .000000
   15.3024     3.9081   .000000
   15.5022     3.9081   .000000
   15.7022     3.9081   .000000
   15.9021     3.9081   .000000
   16.1019     3.9081   .000000
   16.3018     3.9081   .000000
   16.5018     3.9081   .000000
   16.7017     3.9081   .000000
   16.9016     3.9081   .000000
   17.1014     3.9081   .000000
   17.3013     3.9081   .000000
   17.5012     3.9081   .000001
   17.7012     3.9081   .000000
   17.9011     3.9081   .000000
   18.1010     3.9081   .000000
   18.3008     3.9081   .000000
   18.5007     3.9081   .000000
   18.7006     3.9081   .000000
   18.9006     3.9081   .000000
   19.1005     3.9081   .000000
   19.3004     3.9081   .000000
   19.5002     3.9081   .000000
   19.7001     3.9081   .000000
   19.9000     3.9081   .000000
     .1099     4.1080   .000001
     .3099     4.1080   .000008
     .5098     4.1080   .000024
     .7096     4.1080   .000043
     .9096     4.1080   .000064
    1.1094     4.1080   .000068
    1.3094     4.1080   .000068
    1.5093     4.1080   .000051
    1.7091     4.1080   .000039
    1.9090     4.1080   .000052
    2.1089     4.1080   .000132
    2.3089     4.1080   .000375
    2.5087     4.1080   .000426
    2.7087     4.1080   .000444
    2.9086     4.1080   .000469
    3.1084     4.1080   .000469
    3.3084     4.1080   .000495
    3.5082     4.1080   .000543
    3.7081     4.1080   .000639
    3.9081     4.1080   .000760
    4.1080     4.1080   .000886
    4.3078     4.1080   .000777
    4.5078     4.1080   .000690
    4.7077     4.1080   .000656
    4.9075     4.1080   .000645
    5.1075     4.1080   .000648
    5.3074     4.1080   .000685
    5.5072     4.1080   .000691
    5.7071     4.1080   .000671
    5.9071     4.1080   .000576
    6.1069     4.1080   .000376
    6.3068     4.1080   .000128
    6.5068     4.1080   .000036
    6.7067     4.1080   .000015
    6.9065     4.1080   .000009
    7.1065     4.1080   .000012
    7.3064     4.1080   .000023
    7.5062     4.1080   .000032
    7.7062     4.1080   .000043
    7.9061     4.1080   .000028
    8.1060     4.1080   .000017
    8.3059     4.1080   .000000
    8.5057     4.1080   .000000
    8.7057     4.1080   .000000
    8.9056     4.1080   .000000
    9.1054     4.1080   .000000
    9.3054     4.1080   .000000
    9.5052     4.1080   .000000
    9.7051     4.1080   .000000
    9.9051     4.1080   .000000
   10.1049     4.1080   .000000
   10.3048     4.1080   .000000
   10.5048     4.1080   .000000
   10.7046     4.1080   .000000
   10.9045     4.1080   .000000
   11.1045     4.1080   .000000
   11.3043     4.1080   .000000
   11.5043     4.1080   .000000
   11.7042     4.1080   .000000
   11.9040     4.1080   .000000
   12.1040     4.1080   .000000
   12.3039     4.1080   .000000
   12.5037     4.1080   .000000
   12.7037     4.1080   .000000
   12.9036     4.1080   .000000
   13.1034     4.1080   .000000
   13.3034     4.1080   .000000
   13.5033     4.1080   .000000
   13.7031     4.1080   .000000
   13.9031     4.1080   .000000
   14.1030     4.1080   .000000
   14.3028     4.1080   .000000
   14.5028     4.1080   .000000
   14.7027     4.1080   .000000
   14.9025     4.1080   .000000
   15.1025     4.1080   .000000
   15.3024     4.1080   .000000
   15.5022     4.1080   .000000
   15.7022     4.1080   .000000
   15.9021     4.1080   .000000
   16.1019     4.1080   .000000
   16.3018     4.1080   .000000
   16.5018     4.1080   .000000
   16.7017     4.1080   .000000
   16.9016     4.1080   .000000
   17.1014     4.1080   .000000
   17.3013     4.1080   .000000
   17.5012     4.1080   .000000
   17.7012     4.1080   .000000
   17.9011     4.1080   .000000
   18.1010     4.1080   .000000
   18.3008     4.1080   .000000
   18.5007     4.1080   .000000
   18.7006     4.1080   .000001
   18.9006     4.1080   .000000
   19.1005     4.1080   .000000
   19.3004     4.1080   .000000
   19.5002     4.1080   .000000
   19.7001     4.1080   .000000
   19.9000     4.1080   .000000
     .1099     4.3078   .000000
     .3099     4.3078   .000001
     .5098     4.3078   .000001
     .7096     4.3078   .000002
     .9096     4.3078   .000009
    1.1094     4.3078   .000009
    1.3094     4.3078   .000009
    1.5093     4.3078   .000002
    1.7091     4.3078   .000002
    1.9090     4.3078   .000001
    2.1089     4.3078   .000063
    2.3089     4.3078   .000290
    2.5087     4.3078   .000360
    2.7087     4.3078   .000378
    2.9086     4.3078   .000396
    3.1084     4.3078   .000413
    3.3084     4.3078   .000440
    3.5082     4.3078   .000468
    3.7081     4.3078   .000602
    3.9081     4.3078   .000791
    4.1080     4.3078   .000921
    4.3078     4.3078   .000874
    4.5078     4.3078   .000784
    4.7077     4.3078   .000762
    4.9075     4.3078   .000740
    5.1075     4.3078   .000761
    5.3074     4.3078   .000784
    5.5072     4.3078   .000797
    5.7071     4.3078   .000794
    5.9071     4.3078   .000676
    6.1069     4.3078   .000491
    6.3068     4.3078   .000181
    6.5068     4.3078   .000049
    6.7067     4.3078   .000018
    6.9065     4.3078   .000007
    7.1065     4.3078   .000007
    7.3064     4.3078   .000017
    7.5062     4.3078   .000038
    7.7062     4.3078   .000038
    7.9061     4.3078   .000016
    8.1060     4.3078   .000011
    8.3059     4.3078   .000000
    8.5057     4.3078   .000000
    8.7057     4.3078   .000000
    8.9056     4.3078   .000000
    9.1054     4.3078   .000000
    9.3054     4.3078   .000000
    9.5052     4.3078   .000000
    9.7051     4.3078   .000000
    9.9051     4.3078   .000000
   10.1049     4.3078   .000000
   10.3048     4.3078   .000000
   10.5048     4.3078   .000000
   10.7046     4.3078   .000000
   10.9045     4.3078   .000000
   11.1045     4.3078   .000000
   11.3043     4.3078   .000000
   11.5043     4.3078   .000000
   11.7042     4.3078   .000000
   11.9040     4.3078   .000000
   12.1040     4.3078   .000000
   12.3039     4.3078   .000000
   12.5037     4.3078   .000000
   12.7037     4.3078   .000000
   12.9036     4.3078   .000000
   13.1034     4.3078   .000000
   13.3034     4.3078   .000001
   13.5033     4.3078   .000000
   13.7031     4.3078   .000000
   13.9031     4.3078   .000000
   14.1030     4.3078   .000000
   14.3028     4.3078   .000000
   14.5028     4.3078   .000000
   14.7027     4.3078   .000000
   14.9025     4.3078   .000000
   15.1025     4.3078   .000000
   15.3024     4.3078   .000000
   15.5022     4.3078   .000000
   15.7022     4.3078   .000000
   15.9021     4.3078   .000000
   16.1019     4.3078   .000000
   16.3018     4.3078   .000000
   16.5018     4.3078   .000000
   16.7017     4.3078   .000000
   16.9016     4.3078   .000000
   17.1014     4.3078   .000000
   17.3013     4.3078   .000000
   17.5012     4.3078   .000000
   17.7012     4.3078   .000000
   17.9011     4.3078   .000000
   18.1010     4.3078   .000000
   18.3008     4.3078   .000000
   18.5007     4.3078   .000000
   18.7006     4.3078   .000000
   18.9006     4.3078   .000000
   19.1005     4.3078   .000000
   19.3004     4.3078   .000000
   19.5002     4.3078   .000000
   19.7001     4.3078   .000000
   19.9000     4.3078   .000000
     .1099     4.5078   .000000
     .3099     4.5078   .000000
     .5098     4.5078   .000000
     .7096     4.5078   .000000
     .9096     4.5078   .000000
    1.1094     4.5078   .000000
    1.3094     4.5078   .000000
    1.5093     4.5078   .000000
    1.7091     4.5078   .000000
    1.9090     4.5078   .000000
    2.1089     4.5078   .000003
    2.3089     4.5078   .000208
    2.5087     4.5078   .000288
    2.7087     4.5078   .000308
    2.9086     4.5078   .000314
    3.1084     4.5078   .000343
    3.3084     4.5078   .000355
    3.5082     4.5078   .000406
    3.7081     4.5078   .000550
    3.9081     4.5078   .000750
    4.1080     4.5078   .000951
    4.3078     4.5078   .000937
    4.5078     4.5078   .000895
    4.7077     4.5078   .000845
    4.9075     4.5078   .000839
    5.1075     4.5078   .000860
    5.3074     4.5078   .000861
    5.5072     4.5078   .000905
    5.7071     4.5078   .000883
    5.9071     4.5078   .000792
    6.1069     4.5078   .000567
    6.3068     4.5078   .000238
    6.5068     4.5078   .000073
    6.7067     4.5078   .000015
    6.9065     4.5078   .000003
    7.1065     4.5078   .000003
    7.3064     4.5078   .000018
    7.5062     4.5078   .000037
    7.7062     4.5078   .000038
    7.9061     4.5078   .000017
    8.1060     4.5078   .000008
    8.3059     4.5078   .000000
    8.5057     4.5078   .000000
    8.7057     4.5078   .000000
    8.9056     4.5078   .000000
    9.1054     4.5078   .000000
    9.3054     4.5078   .000000
    9.5052     4.5078   .000000
    9.7051     4.5078   .000000
    9.9051     4.5078   .000000
   10.1049     4.5078   .000000
   10.3048     4.5078   .000000
   10.5048     4.5078   .000000
   10.7046     4.5078   .000000
   10.9045     4.5078   .000000
   11.1045     4.5078   .000000
   11.3043     4.5078   .000000
   11.5043     4.5078   .000000
   11.7042     4.5078   .000000
   11.9040     4.5078   .000000
   12.1040     4.5078   .000000
   12.3039     4.5078   .000000
   12.5037     4.5078   .000000
   12.7037     4.5078   .000000
   12.9036     4.5078   .000000
   13.1034     4.5078   .000000
   13.3034     4.5078   .000000
   13.5033     4.5078   .000000
   13.7031     4.5078   .000000
   13.9031     4.5078   .000000
   14.1030     4.5078   .000000
   14.3028     4.5078   .000000
   14.5028     4.5078   .000000
   14.7027     4.5078   .000000
   14.9025     4.5078   .000000
   15.1025     4.5078   .000000
   15.3024     4.5078   .000000
   15.5022     4.5078   .000000
   15.7022     4.5078   .000000
   15.9021     4.5078   .000000
   16.1019     4.5078   .000000
   16.3018     4.5078   .000000
   16.5018     4.5078   .000000
   16.7017     4.5078   .000000
   16.9016     4.5078   .000000
   17.1014     4.5078   .000000
   17.3013     4.5078   .000000
   17.5012     4.5078   .000000
   17.7012     4.5078   .000000
   17.9011     4.5078   .000000
   18.1010     4.5078   .000000
   18.3008     4.5078   .000000
   18.5007     4.5078   .000000
   18.7006     4.5078   .000000
   18.9006     4.5078   .000000
   19.1005     4.5078   .000000
   19.3004     4.5078   .000000
   19.5002     4.5078   .000000
   19.7001     4.5078   .000000
   19.9000     4.5078   .000000
     .1099     4.7077   .000000
     .3099     4.7077   .000000
     .5098     4.7077   .000000
     .7096     4.7077   .000000
     .9096     4.7077   .000000
    1.1094     4.7077   .000000
    1.3094     4.7077   .000000
    1.5093     4.7077   .000000
    1.7091     4.7077   .000000
    1.9090     4.7077   .000000
    2.1089     4.7077   .000001
    2.3089     4.7077   .000137
    2.5087     4.7077   .000208
    2.7087     4.7077   .000236
    2.9086     4.7077   .000250
    3.1084     4.7077   .000276
    3.3084     4.7077   .000293
    3.5082     4.7077   .000349
    3.7081     4.7077   .000473
    3.9081     4.7077   .000691
    4.1080     4.7077   .000958
    4.3078     4.7077   .000989
    4.5078     4.7077   .000958
    4.7077     4.7077   .000929
    4.9075     4.7077   .000909
    5.1075     4.7077   .000921
    5.3074     4.7077   .000942
    5.5072     4.7077   .000952
    5.7071     4.7077   .000956
    5.9071     4.7077   .000884
    6.1069     4.7077   .000662
    6.3068     4.7077   .000312
    6.5068     4.7077   .000109
    6.7067     4.7077   .000026
    6.9065     4.7077   .000004
    7.1065     4.7077   .000005
    7.3064     4.7077   .000020
    7.5062     4.7077   .000042
    7.7062     4.7077   .000055
    7.9061     4.7077   .000016
    8.1060     4.7077   .000002
    8.3059     4.7077   .000000
    8.5057     4.7077   .000000
    8.7057     4.7077   .000000
    8.9056     4.7077   .000000
    9.1054     4.7077   .000000
    9.3054     4.7077   .000000
    9.5052     4.7077   .000000
    9.7051     4.7077   .000000
    9.9051     4.7077   .000000
   10.1049     4.7077   .000000
   10.3048     4.7077   .000000
   10.5048     4.7077   .000000
   10.7046     4.7077   .000000
   10.9045     4.7077   .000000
   11.1045     4.7077   .000000
   11.3043     4.7077   .000000
   11.5043     4.7077   .000000
   11.7042     4.7077   .000000
   11.9040     4.7077   .000000
   12.1040     4.7077   .000000
   12.3039     4.7077   .000000
   12.5037     4.7077   .000000
   12.7037     4.7077   .000000
   12.9036     4.7077   .000000
   13.1034     4.7077   .000000
   13.3034     4.7077   .000000
   13.5033     4.7077   .000000
   13.7031     4.7077   .000000
   13.9031     4.7077   .000000
   14.1030     4.7077   .000000
   14.3028     4.7077   .000000
   14.5028     4.7077   .000000
   14.7027     4.7077   .000000
   14.9025     4.7077   .000000
   15.1025     4.7077   .000000
   15.3024     4.7077   .000000
   15.5022     4.7077   .000000
   15.7022     4.7077   .000000
   15.9021     4.7077   .000000
   16.1019     4.7077   .000000
   16.3018     4.7077   .000000
   16.5018     4.7077   .000000
   16.7017     4.7077   .000000
   16.9016     4.7077   .000000
   17.1014     4.7077   .000000
   17.3013     4.7077   .000000
   17.5012     4.7077   .000000
   17.7012     4.7077   .000000
   17.9011     4.7077   .000000
   18.1010     4.7077   .000000
   18.3008     4.7077   .000001
   18.5007     4.7077   .000000
   18.7006     4.7077   .000000
   18.9006     4.7077   .000000
   19.1005     4.7077   .000000
   19.3004     4.7077   .000000
   19.5002     4.7077   .000000
   19.7001     4.7077   .000000
   19.9000     4.7077   .000000
     .1099     4.9075   .000000
     .3099     4.9075   .000000
     .5098     4.9075   .000000
     .7096     4.9075   .000000
     .9096     4.9075   .000000
    1.1094     4.9075   .000000
    1.3094     4.9075   .000000
    1.5093     4.9075   .000000
    1.7091     4.9075   .000000
    1.9090     4.9075   .000000
    2.1089     4.9075   .000001
    2.3089     4.9075   .000092
    2.5087     4.9075   .000140
    2.7087     4.9075   .000176
    2.9086     4.9075   .000194
    3.1084     4.9075   .000202
    3.3084     4.9075   .000229
    3.5082     4.9075   .000279
    3.7081     4.9075   .000397
    3.9081     4.9075   .000676
    4.1080     4.9075   .000920
    4.3078     4.9075   .001026
    4.5078     4.9075   .001005
    4.7077     4.9075   .000977
    4.9075     4.9075   .000956
    5.1075     4.9075   .000971
    5.3074     4.9075   .000985
    5.5072     4.9075   .001003
    5.7071     4.9075   .001012
    5.9071     4.9075   .000965
    6.1069     4.9075   .000748
    6.3068     4.9075   .000401
    6.5068     4.9075   .000160
    6.7067     4.9075   .000056
    6.9065     4.9075   .000020
    7.1065     4.9075   .000011
    7.3064     4.9075   .000029
    7.5062     4.9075   .000063
    7.7062     4.9075   .000068
    7.9061     4.9075   .000029
    8.1060     4.9075   .000001
    8.3059     4.9075   .000000
    8.5057     4.9075   .000000
    8.7057     4.9075   .000000
    8.9056     4.9075   .000000
    9.1054     4.9075   .000000
    9.3054     4.9075   .000000
    9.5052     4.9075   .000000
    9.7051     4.9075   .000001
    9.9051     4.9075   .000000
   10.1049     4.9075   .000000
   10.3048     4.9075   .000000
   10.5048     4.9075   .000000
   10.7046     4.9075   .000000
   10.9045     4.9075   .000000
   11.1045     4.9075   .000000
   11.3043     4.9075   .000000
   11.5043     4.9075   .000000
   11.7042     4.9075   .000000
   11.9040     4.9075   .000000
   12.1040     4.9075   .000000
   12.3039     4.9075   .000000
   12.5037     4.9075   .000000
   12.7037     4.9075   .000000
   12.9036     4.9075   .000000
   13.1034     4.9075   .000000
   13.3034     4.9075   .000000
   13.5033     4.9075   .000000
   13.7031     4.9075   .000000
   13.9031     4.9075   .000000
   14.1030     4.9075   .000000
   14.3028     4.9075   .000000
   14.5028     4.9075   .000000
   14.7027     4.9075   .000000
   14.9025     4.9075   .000000
   15.1025     4.9075   .000000
   15.3024     4.9075   .000000
   15.5022     4.9075   .000000
   15.7022     4.9075   .000000
   15.9021     4.9075   .000000
   16.1019     4.9075   .000000
   16.3018     4.9075   .000000
   16.5018     4.9075   .000000
   16.7017     4.9075   .000000
   16.9016     4.9075   .000000
   17.1014     4.9075   .000000
   17.3013     4.9075   .000000
   17.5012     4.9075   .000000
   17.7012     4.9075   .000000
   17.9011     4.9075   .000000
   18.1010     4.9075   .000000
   18.3008     4.9075   .000000
   18.5007     4.9075   .000000
   18.7006     4.9075   .000000
   18.9006     4.9075   .000000
   19.1005     4.9075   .000000
   19.3004     4.9075   .000000
   19.5002     4.9075   .000000
   19.7001     4.9075   .000000
   19.9000     4.9075   .000000
     .1099     5.1075   .000000
     .3099     5.1075   .000000
     .5098     5.1075   .000001
     .7096     5.1075   .000000
     .9096     5.1075   .000000
    1.1094     5.1075   .000000
    1.3094     5.1075   .000000
    1.5093     5.1075   .000000
    1.7091     5.1075   .000000
    1.9090     5.1075   .000000
    2.1089     5.1075   .000000
    2.3089     5.1075   .000041
    2.5087     5.1075   .000099
    2.7087     5.1075   .000119
    2.9086     5.1075   .000134
    3.1084     5.1075   .000159
    3.3084     5.1075   .000173
    3.5082     5.1075   .000215
    3.7081     5.1075   .000335
    3.9081     5.1075   .000594
    4.1080     5.1075   .000899
    4.3078     5.1075   .001019
    4.5078     5.1075   .001024
    4.7077     5.1075   .001010
    4.9075     5.1075   .000996
    5.1075     5.1075   .000983
    5.3074     5.1075   .000988
    5.5072     5.1075   .001028
    5.7071     5.1075   .001031
    5.9071     5.1075   .001015
    6.1069     5.1075   .000832
    6.3068     5.1075   .000481
    6.5068     5.1075   .000226
    6.7067     5.1075   .000100
    6.9065     5.1075   .000055
    7.1065     5.1075   .000037
    7.3064     5.1075   .000052
    7.5062     5.1075   .000092
    7.7062     5.1075   .000098
    7.9061     5.1075   .000050
    8.1060     5.1075   .000001
    8.3059     5.1075   .000000
    8.5057     5.1075   .000000
    8.7057     5.1075   .000000
    8.9056     5.1075   .000000
    9.1054     5.1075   .000000
    9.3054     5.1075   .000000
    9.5052     5.1075   .000000
    9.7051     5.1075   .000000
    9.9051     5.1075   .000000
   10.1049     5.1075   .000000
   10.3048     5.1075   .000000
   10.5048     5.1075   .000000
   10.7046     5.1075   .000000
   10.9045     5.1075   .000000
   11.1045     5.1075   .000000
   11.3043     5.1075   .000000
   11.5043     5.1075   .000000
   11.7042     5.1075   .000000
   11.9040     5.1075   .000000
   12.1040     5.1075   .000000
   12.3039     5.1075   .000000
   12.5037     5.1075   .000000
   12.7037     5.1075   .000000
   12.9036     5.1075   .000000
   13.1034     5.1075   .000000
   13.3034     5.1075   .000000
   13.5033     5.1075   .000000
   13.7031     5.1075   .000000
   13.9031     5.1075   .000000
   14.1030     5.1075   .000000
   14.3028     5.1075   .000000
   14.5028     5.1075   .000000
   14.7027     5.1075   .000000
   14.9025     5.1075   .000000
   15.1025     5.1075   .000000
   15.3024     5.1075   .000000
   15.5022     5.1075   .000000
   15.7022     5.1075   .000000
   15.9021     5.1075   .000000
   16.1019     5.1075   .000000
   16.3018     5.1075   .000000
   16.5018     5.1075   .000000
   16.7017     5.1075   .000000
   16.9016     5.1075   .000000
   17.1014     5.1075   .000000
   17.3013     5.1075   .000000
   17.5012     5.1075   .000000
   17.7012     5.1075   .000000
   17.9011     5.1075   .000000
   18.1010     5.1075   .000000
   18.3008     5.1075   .000000
   18.5007     5.1075   .000000
   18.7006     5.1075   .000000
   18.9006     5.1075   .000000
   19.1005     5.1075   .000000
   19.3004     5.1075   .000000
   19.5002     5.1075   .000000
   19.7001     5.1075   .000000
   19.9000     5.1075   .000000
     .1099     5.3074   .000000
     .3099     5.3074   .000000
     .5098     5.3074   .000000
     .7096     5.3074   .000000
     .9096     5.3074   .000000
    1.1094     5.3074   .000000
    1.3094     5.3074   .000000
    1.5093     5.3074   .000000
    1.7091     5.3074   .000001
    1.9090     5.3074   .000000
    2.1089     5.3074   .000001
    2.3089     5.3074   .000022
    2.5087     5.3074   .000065
    2.7087     5.3074   .000074
    2.9086     5.3074   .000095
    3.1084     5.3074   .000105
    3.3084     5.3074   .000121
    3.5082     5.3074   .000152
    3.7081     5.3074   .000261
    3.9081     5.3074   .000504
    4.1080     5.3074   .000822
    4.3078     5.3074   .000963
    4.5078     5.3074   .001015
    4.7077     5.3074   .000996
    4.9075     5.3074   .000998
    5.1075     5.3074   .000987
    5.3074     5.3074   .000994
    5.5072     5.3074   .001016
    5.7071     5.3074   .001022
    5.9071     5.3074   .001029
    6.1069     5.3074   .000885
    6.3068     5.3074   .000555
    6.5068     5.3074   .000301
    6.7067     5.3074   .000162
    6.9065     5.3074   .000101
    7.1065     5.3074   .000081
    7.3064     5.3074   .000091
    7.5062     5.3074   .000123
    7.7062     5.3074   .000140
    7.9061     5.3074   .000098
    8.1060     5.3074   .000019
    8.3059     5.3074   .000000
    8.5057     5.3074   .000000
    8.7057     5.3074   .000000
    8.9056     5.3074   .000000
    9.1054     5.3074   .000000
    9.3054     5.3074   .000000
    9.5052     5.3074   .000000
    9.7051     5.3074   .000000
    9.9051     5.3074   .000000
   10.1049     5.3074   .000000
   10.3048     5.3074   .000000
   10.5048     5.3074   .000001
   10.7046     5.3074   .000000
   10.9045     5.3074   .000000
   11.1045     5.3074   .000000
   11.3043     5.3074   .000000
   11.5043     5.3074   .000000
   11.7042     5.3074   .000000
   11.9040     5.3074   .000000
   12.1040     5.3074   .000000
   12.3039     5.3074   .000000
   12.5037     5.3074   .000000
   12.7037     5.3074   .000000
   12.9036     5.3074   .000000
   13.1034     5.3074   .000000
   13.3034     5.3074   .000000
   13.5033     5.3074   .000000
   13.7031     5.3074   .000000
   13.9031     5.3074   .000000
   14.1030     5.3074   .000000
   14.3028     5.3074   .000000
   14.5028     5.3074   .000000
   14.7027     5.3074   .000000
   14.9025     5.3074   .000000
   15.1025     5.3074   .000000
   15.3024     5.3074   .000000
   15.5022     5.3074   .000000
   15.7022     5.3074   .000000
   15.9021     5.3074   .000000
   16.1019     5.3074   .000000
   16.3018     5.3074   .000000
   16.5018     5.3074   .000000
   16.7017     5.3074   .000000
   16.9016     5.3074   .000000
   17.1014     5.3074   .000000
   17.3013     5.3074   .000000
   17.5012     5.3074   .000000
   17.7012     5.3074   .000000
   17.9011     5.3074   .000000
   18.1010     5.3074   .000000
   18.3008     5.3074   .000000
   18.5007     5.3074   .000000
   18.7006     5.3074   .000000
   18.9006     5.3074   .000000
   19.1005     5.3074   .000000
   19.3004     5.3074   .000000
   19.5002     5.3074   .000000
   19.7001     5.3074   .000000
   19.9000     5.3074   .000000
     .1099     5.5072   .000000
     .3099     5.5072   .000000
     .5098     5.5072   .000000
     .7096     5.5072   .000000
     .9096     5.5072   .000000
    1.1094     5.5072   .000000
    1.3094     5.5072   .000001
    1.5093     5.5072   .000000
    1.7091     5.5072   .000000
    1.9090     5.5072   .000000
    2.1089     5.5072   .000000
    2.3089     5.5072   .000018
    2.5087     5.5072   .000036
    2.7087     5.5072   .000052
    2.9086     5.5072   .000062
    3.1084     5.5072   .000071
    3.3084     5.5072   .000090
    3.5082     5.5072   .000114
    3.7081     5.5072   .000192
    3.9081     5.5072   .000420
    4.1080     5.5072   .000737
    4.3078     5.5072   .000932
    4.5078     5.5072   .000972
    4.7077     5.5072   .000974
    4.9075     5.5072   .000959
    5.1075     5.5072   .000947
    5.3074     5.5072   .000951
    5.5072     5.5072   .000972
    5.7071     5.5072   .001004
    5.9071     5.5072   .001015
    6.1069     5.5072   .000924
    6.3068     5.5072   .000620
    6.5068     5.5072   .000379
    6.7067     5.5072   .000235
    6.9065     5.5072   .000172
    7.1065     5.5072   .000147
    7.3064     5.5072   .000137
    7.5062     5.5072   .000161
    7.7062     5.5072   .000197
    7.9061     5.5072   .000141
    8.1060     5.5072   .000054
    8.3059     5.5072   .000001
    8.5057     5.5072   .000000
    8.7057     5.5072   .000000
    8.9056     5.5072   .000000
    9.1054     5.5072   .000000
    9.3054     5.5072   .000000
    9.5052     5.5072   .000000
    9.7051     5.5072   .000000
    9.9051     5.5072   .000000
   10.1049     5.5072   .000000
   10.3048     5.5072   .000000
   10.5048     5.5072   .000000
   10.7046     5.5072   .000000
   10.9045     5.5072   .000000
   11.1045     5.5072   .000000
   11.3043     5.5072   .000000
   11.5043     5.5072   .000000
   11.7042     5.5072   .000000
   11.9040     5.5072   .000000
   12.1040     5.5072   .000000
   12.3039     5.5072   .000000
   12.5037     5.5072   .000000
   12.7037     5.5072   .000000
   12.9036     5.5072   .000000
   13.1034     5.5072   .000000
   13.3034     5.5072   .000000
   13.5033     5.5072   .000000
   13.7031     5.5072   .000000
   13.9031     5.5072   .000000
   14.1030     5.5072   .000000
   14.3028     5.5072   .000000
   14.5028     5.5072   .000000
   14.7027     5.5072   .000000
   14.9025     5.5072   .000000
   15.1025     5.5072   .000000
   15.3024     5.5072   .000000
   15.5022     5.5072   .000000
   15.7022     5.5072   .000000
   15.9021     5.5072   .000000
   16.1019     5.5072   .000000
   16.3018     5.5072   .000000
   16.5018     5.5072   .000000
   16.7017     5.5072   .000000
   16.9016     5.5072   .000000
   17.1014     5.5072   .000000
   17.3013     5.5072   .000000
   17.5012     5.5072   .000000
   17.7012     5.5072   .000000
   17.9011     5.5072   .000000
   18.1010     5.5072   .000000
   18.3008     5.5072   .000000
   18.5007     5.5072   .000000
   18.7006     5.5072   .000000
   18.9006     5.5072   .000000
   19.1005     5.5072   .000000
   19.3004     5.5072   .000000
   19.5002     5.5072   .000000
   19.7001     5.5072   .000000
   19.9000     5.5072   .000000
     .1099     5.7071   .000000
     .3099     5.7071   .000000
     .5098     5.7071   .000000
     .7096     5.7071   .000000
     .9096     5.7071   .000000
    1.1094     5.7071   .000000
    1.3094     5.7071   .000000
    1.5093     5.7071   .000000
    1.7091     5.7071   .000000
    1.9090     5.7071   .000000
    2.1089     5.7071   .000000
    2.3089     5.7071   .000014
    2.5087     5.7071   .000019
    2.7087     5.7071   .000030
    2.9086     5.7071   .000038
    3.1084     5.7071   .000052
    3.3084     5.7071   .000059
    3.5082     5.7071   .000077
    3.7081     5.7071   .000137
    3.9081     5.7071   .000339
    4.1080     5.7071   .000656
    4.3078     5.7071   .000865
    4.5078     5.7071   .000925
    4.7077     5.7071   .000927
    4.9075     5.7071   .000917
    5.1075     5.7071   .000912
    5.3074     5.7071   .000908
    5.5072     5.7071   .000907
    5.7071     5.7071   .000945
    5.9071     5.7071   .000970
    6.1069     5.7071   .000928
    6.3068     5.7071   .000680
    6.5068     5.7071   .000456
    6.7067     5.7071   .000316
    6.9065     5.7071   .000247
    7.1065     5.7071   .000214
    7.3064     5.7071   .000199
    7.5062     5.7071   .000221
    7.7062     5.7071   .000262
    7.9061     5.7071   .000218
    8.1060     5.7071   .000103
    8.3059     5.7071   .000000
    8.5057     5.7071   .000000
    8.7057     5.7071   .000000
    8.9056     5.7071   .000000
    9.1054     5.7071   .000000
    9.3054     5.7071   .000000
    9.5052     5.7071   .000000
    9.7051     5.7071   .000000
    9.9051     5.7071   .000000
   10.1049     5.7071   .000000
   10.3048     5.7071   .000000
   10.5048     5.7071   .000000
   10.7046     5.7071   .000000
   10.9045     5.7071   .000000
   11.1045     5.7071   .000000
   11.3043     5.7071   .000000
   11.5043     5.7071   .000000
   11.7042     5.7071   .000000
   11.9040     5.7071   .000000
   12.1040     5.7071   .000000
   12.3039     5.7071   .000000
   12.5037     5.7071   .000000
   12.7037     5.7071   .000000
   12.9036     5.7071   .000000
   13.1034     5.7071   .000000
   13.3034     5.7071   .000000
   13.5033     5.7071   .000000
   13.7031     5.7071   .000000
   13.9031     5.7071   .000000
   14.1030     5.7071   .000000
   14.3028     5.7071   .000000
   14.5028     5.7071   .000000
   14.7027     5.7071   .000000
   14.9025     5.7071   .000000
   15.1025     5.7071   .000000
   15.3024     5.7071   .000000
   15.5022     5.7071   .000000
   15.7022     5.7071   .000000
   15.9021     5.7071   .000000
   16.1019     5.7071   .000000
   16.3018     5.7071   .000000
   16.5018     5.7071   .000000
   16.7017     5.7071   .000000
   16.9016     5.7071   .000000
   17.1014     5.7071   .000000
   17.3013     5.7071   .000000
   17.5012     5.7071   .000000
   17.7012     5.7071   .000000
   17.9011     5.7071   .000000
   18.1010     5.7071   .000000
   18.3008     5.7071   .000000
   18.5007     5.7071   .000000
   18.7006     5.7071   .000000
   18.9006     5.7071   .000000
   19.1005     5.7071   .000000
   19.3004     5.7071   .000000
   19.5002     5.7071   .000000
   19.7001     5.7071   .000000
   19.9000     5.7071   .000000
     .1099     5.9071   .000001
     .3099     5.9071   .000000
     .5098     5.9071   .000000
     .7096     5.9071   .000000
     .9096     5.9071   .000000
    1.1094     5.9071   .000000
    1.3094     5.9071   .000000
    1.5093     5.9071   .000000
    1.7091     5.9071   .000000
    1.9090     5.9071   .000000
    2.1089     5.9071   .000000
    2.3089     5.9071   .000013
    2.5087     5.9071   .000021
    2.7087     5.9071   .000024
    2.9086     5.9071   .000029
    3.1084     5.9071   .000033
    3.3084     5.9071   .000046
    3.5082     5.9071   .000059
    3.7081     5.9071   .000099
    3.9081     5.9071   .000271
    4.1080     5.9071   .000549
    4.3078     5.9071   .000758
    4.5078     5.9071   .000837
    4.7077     5.9071   .000849
    4.9075     5.9071   .000842
    5.1075     5.9071   .000839
    5.3074     5.9071   .000832
    5.5072     5.9071   .000836
    5.7071     5.9071   .000852
    5.9071     5.9071   .000924
    6.1069     5.9071   .000937
    6.3068     5.9071   .000728
    6.5068     5.9071   .000535
    6.7067     5.9071   .000398
    6.9065     5.9071   .000335
    7.1065     5.9071   .000295
    7.3064     5.9071   .000267
    7.5062     5.9071   .000279
    7.7062     5.9071   .000319
    7.9061     5.9071   .000284
    8.1060     5.9071   .000152
    8.3059     5.9071   .000002
    8.5057     5.9071   .000000
    8.7057     5.9071   .000001
    8.9056     5.9071   .000000
    9.1054     5.9071   .000000
    9.3054     5.9071   .000000
    9.5052     5.9071   .000001
    9.7051     5.9071   .000001
    9.9051     5.9071   .000000
   10.1049     5.9071   .000000
   10.3048     5.9071   .000000
   10.5048     5.9071   .000000
   10.7046     5.9071   .000000
   10.9045     5.9071   .000000
   11.1045     5.9071   .000000
   11.3043     5.9071   .000000
   11.5043     5.9071   .000000
   11.7042     5.9071   .000000
   11.9040     5.9071   .000000
   12.1040     5.9071   .000000
   12.3039     5.9071   .000000
   12.5037     5.9071   .000000
   12.7037     5.9071   .000000
   12.9036     5.9071   .000000
   13.1034     5.9071   .000000
   13.3034     5.9071   .000000
   13.5033     5.9071   .000000
   13.7031     5.9071   .000000
   13.9031     5.9071   .000000
   14.1030     5.9071   .000000
   14.3028     5.9071   .000000
   14.5028     5.9071   .000001
   14.7027     5.9071   .000000
   14.9025     5.9071   .000000
   15.1025     5.9071   .000000
   15.3024     5.9071   .000000
   15.5022     5.9071   .000000
   15.7022     5.9071   .000000
   15.9021     5.9071   .000000
   16.1019     5.9071   .000000
   16.3018     5.9071   .000000
   16.5018     5.9071   .000000
   16.7017     5.9071   .000000
   16.9016     5.9071   .000000
   17.1014     5.9071   .000000
   17.3013     5.9071   .000000
   17.5012     5.9071   .000000
   17.7012     5.9071   .000000
   17.9011     5.9071   .000000
   18.1010     5.9071   .000000
   18.3008     5.9071   .000000
   18.5007     5.9071   .000000
   18.7006     5.9071   .000000
   18.9006     5.9071   .000000
   19.1005     5.9071   .000000
   19.3004     5.9071   .000000
   19.5002     5.9071   .000000
   19.7001     5.9071   .000000
   19.9000     5.9071   .000000
     .1099     6.1069   .000000
     .3099     6.1069   .000000
     .5098     6.1069   .000000
     .7096     6.1069   .000000
     .9096     6.1069   .000000
    1.1094     6.1069   .000000
    1.3094     6.1069   .000000
    1.5093     6.1069   .000000
    1.7091     6.1069   .000000
    1.9090     6.1069   .000000
    2.1089     6.1069   .000000
    2.3089     6.1069   .000026
    2.5087     6.1069   .000019
    2.7087     6.1069   .000020
    2.9086     6.1069   .000025
    3.1084     6.1069   .000023
    3.3084     6.1069   .000029
    3.5082     6.1069   .000038
    3.7081     6.1069   .000070
    3.9081     6.1069   .000181
    4.1080     6.1069   .000457
    4.3078     6.1069   .000639
    4.5078     6.1069   .000750
    4.7077     6.1069   .000770
    4.9075     6.1069   .000782
    5.1075     6.1069   .000766
    5.3074     6.1069   .000749
    5.5072     6.1069   .000735
    5.7071     6.1069   .000784
    5.9071     6.1069   .000862
    6.1069     6.1069   .000900
    6.3068     6.1069   .000758
    6.5068     6.1069   .000608
    6.7067     6.1069   .000483
    6.9065     6.1069   .000428
    7.1065     6.1069   .000388
    7.3064     6.1069   .000336
    7.5062     6.1069   .000351
    7.7062     6.1069   .000387
    7.9061     6.1069   .000357
    8.1060     6.1069   .000233
    8.3059     6.1069   .000014
    8.5057     6.1069   .000001
    8.7057     6.1069   .000002
    8.9056     6.1069   .000001
    9.1054     6.1069   .000002
    9.3054     6.1069   .000001
    9.5052     6.1069   .000001
    9.7051     6.1069   .000001
    9.9051     6.1069   .000001
   10.1049     6.1069   .000000
   10.3048     6.1069   .000000
   10.5048     6.1069   .000000
   10.7046     6.1069   .000000
   10.9045     6.1069   .000000
   11.1045     6.1069   .000000
   11.3043     6.1069   .000000
   11.5043     6.1069   .000000
   11.7042     6.1069   .000000
   11.9040     6.1069   .000000
   12.1040     6.1069   .000000
   12.3039     6.1069   .000000
   12.5037     6.1069   .000000
   12.7037     6.1069   .000000
   12.9036     6.1069   .000000
   13.1034     6.1069   .000000
   13.3034     6.1069   .000000
   13.5033     6.1069   .000000
   13.7031     6.1069   .000000
   13.9031     6.1069   .000000
   14.1030     6.1069   .000000
   14.3028     6.1069   .000000
   14.5028     6.1069   .000000
   14.7027     6.1069   .000000
   14.9025     6.1069   .000000
   15.1025     6.1069   .000000
   15.3024     6.1069   .000000
   15.5022     6.1069   .000000
   15.7022     6.1069   .000000
   15.9021     6.1069   .000000
   16.1019     6.1069   .000000
   16.3018     6.1069   .000000
   16.5018     6.1069   .000000
   16.7017     6.1069   .000000
   16.9016     6.1069   .000000
   17.1014     6.1069   .000000
   17.3013     6.1069   .000000
   17.5012     6.1069   .000000
   17.7012     6.1069   .000000
   17.9011     6.1069   .000000
   18.1010     6.1069   .000000
   18.3008     6.1069   .000000
   18.5007     6.1069   .000001
   18.7006     6.1069   .000000
   18.9006     6.1069   .000000
   19.1005     6.1069   .000000
   19.3004     6.1069   .000000
   19.5002     6.1069   .000000
   19.7001     6.1069   .000000
   19.9000     6.1069   .000000
     .1099     6.3068   .000000
     .3099     6.3068   .000000
     .5098     6.3068   .000000
     .7096     6.3068   .000000
     .9096     6.3068   .000000
    1.1094     6.3068   .000000
    1.3094     6.3068   .000000
    1.5093     6.3068   .000000
    1.7091     6.3068   .000000
    1.9090     6.3068   .000000
    2.1089     6.3068   .000000
    2.3089     6.3068   .000000
    2.5087     6.3068   .000000
    2.7087     6.3068   .000000
    2.9086     6.3068   .000000
    3.1084     6.3068   .000000
    3.3084     6.3068   .000000
    3.5082     6.3068   .000000
    3.7081     6.3068   .000000
    3.9081     6.3068   .000001
    4.1080     6.3068   .000285
    4.3078     6.3068   .000469
    4.5078     6.3068   .000569
    4.7077     6.3068   .000589
    4.9075     6.3068   .000597
    5.1075     6.3068   .000573
    5.3074     6.3068   .000553
    5.5072     6.3068   .000542
    5.7071     6.3068   .000584
    5.9071     6.3068   .000686
    6.1069     6.3068   .000754
    6.3068     6.3068   .000765
    6.5068     6.3068   .000634
    6.7067     6.3068   .000564
    6.9065     6.3068   .000508
    7.1065     6.3068   .000459
    7.3064     6.3068   .000413
    7.5062     6.3068   .000393
    7.7062     6.3068   .000432
    7.9061     6.3068   .000415
    8.1060     6.3068   .000308
    8.3059     6.3068   .000159
    8.5057     6.3068   .000108
    8.7057     6.3068   .000095
    8.9056     6.3068   .000095
    9.1054     6.3068   .000088
    9.3054     6.3068   .000106
    9.5052     6.3068   .000112
    9.7051     6.3068   .000096
    9.9051     6.3068   .000053
   10.1049     6.3068   .000012
   10.3048     6.3068   .000000
   10.5048     6.3068   .000000
   10.7046     6.3068   .000000
   10.9045     6.3068   .000000
   11.1045     6.3068   .000000
   11.3043     6.3068   .000000
   11.5043     6.3068   .000000
   11.7042     6.3068   .000000
   11.9040     6.3068   .000000
   12.1040     6.3068   .000000
   12.3039     6.3068   .000000
   12.5037     6.3068   .000000
   12.7037     6.3068   .000000
   12.9036     6.3068   .000000
   13.1034     6.3068   .000000
   13.3034     6.3068   .000001
   13.5033     6.3068   .000000
   13.7031     6.3068   .000000
   13.9031     6.3068   .000000
   14.1030     6.3068   .000000
   14.3028     6.3068   .000000
   14.5028     6.3068   .000000
   14.7027     6.3068   .000001
   14.9025     6.3068   .000000
   15.1025     6.3068   .000000
   15.3024     6.3068   .000000
   15.5022     6.3068   .000000
   15.7022     6.3068   .000000
   15.9021     6.3068   .000001
   16.1019     6.3068   .000000
   16.3018     6.3068   .000000
   16.5018     6.3068   .000000
   16.7017     6.3068   .000000
   16.9016     6.3068   .000000
   17.1014     6.3068   .000000
   17.3013     6.3068   .000000
   17.5012     6.3068   .000000
   17.7012     6.3068   .000000
   17.9011     6.3068   .000000
   18.1010     6.3068   .000000
   18.3008     6.3068   .000000
   18.5007     6.3068   .000000
   18.7006     6.3068   .000000
   18.9006     6.3068   .000000
   19.1005     6.3068   .000000
   19.3004     6.3068   .000000
   19.5002     6.3068   .000000
   19.7001     6.3068   .000000
   19.9000     6.3068   .000000
     .1099     6.5068   .000000
     .3099     6.5068   .000000
     .5098     6.5068   .000000
     .7096     6.5068   .000000
     .9096     6.5068   .000000
    1.1094     6.5068   .000000
    1.3094     6.5068   .000000
    1.5093     6.5068   .000000
    1.7091     6.5068   .000000
    1.9090     6.5068   .000000
    2.1089     6.5068   .000000
    2.3089     6.5068   .000000
    2.5087     6.5068   .000000
    2.7087     6.5068   .000000
    2.9086     6.5068   .000000
    3.1084     6.5068   .000000
    3.3084     6.5068   .000000
    3.5082     6.5068   .000000
    3.7081     6.5068   .000000
    3.9081     6.5068   .000000
    4.1080     6.5068   .000198
    4.3078     6.5068   .000370
    4.5078     6.5068   .000453
    4.7077     6.5068   .000478
    4.9075     6.5068   .000492
    5.1075     6.5068   .000478
    5.3074     6.5068   .000460
    5.5072     6.5068   .000445
    5.7071     6.5068   .000463
    5.9071     6.5068   .000562
    6.1069     6.5068   .000700
    6.3068     6.5068   .000752
    6.5068     6.5068   .000706
    6.7067     6.5068   .000630
    6.9065     6.5068   .000585
    7.1065     6.5068   .000542
    7.3064     6.5068   .000484
    7.5062     6.5068   .000438
    7.7062     6.5068   .000483
    7.9061     6.5068   .000506
    8.1060     6.5068   .000376
    8.3059     6.5068   .000226
    8.5057     6.5068   .000141
    8.7057     6.5068   .000150
    8.9056     6.5068   .000130
    9.1054     6.5068   .000141
    9.3054     6.5068   .000149
    9.5052     6.5068   .000163
    9.7051     6.5068   .000148
    9.9051     6.5068   .000096
   10.1049     6.5068   .000029
   10.3048     6.5068   .000000
   10.5048     6.5068   .000000
   10.7046     6.5068   .000000
   10.9045     6.5068   .000000
   11.1045     6.5068   .000000
   11.3043     6.5068   .000000
   11.5043     6.5068   .000000
   11.7042     6.5068   .000000
   11.9040     6.5068   .000000
   12.1040     6.5068   .000000
   12.3039     6.5068   .000000
   12.5037     6.5068   .000001
   12.7037     6.5068   .000001
   12.9036     6.5068   .000000
   13.1034     6.5068   .000000
   13.3034     6.5068   .000000
   13.5033     6.5068   .000000
   13.7031     6.5068   .000000
   13.9031     6.5068   .000000
   14.1030     6.5068   .000000
   14.3028     6.5068   .000000
   14.5028     6.5068   .000001
   14.7027     6.5068   .000000
   14.9025     6.5068   .000000
   15.1025     6.5068   .000000
   15.3024     6.5068   .000000
   15.5022     6.5068   .000000
   15.7022     6.5068   .000000
   15.9021     6.5068   .000000
   16.1019     6.5068   .000000
   16.3018     6.5068   .000001
   16.5018     6.5068   .000000
   16.7017     6.5068   .000000
   16.9016     6.5068   .000000
   17.1014     6.5068   .000000
   17.3013     6.5068   .000001
   17.5012     6.5068   .000000
   17.7012     6.5068   .000000
   17.9011     6.5068   .000000
   18.1010     6.5068   .000000
   18.3008     6.5068   .000000
   18.5007     6.5068   .000000
   18.7006     6.5068   .000000
   18.9006     6.5068   .000000
   19.1005     6.5068   .000000
   19.3004     6.5068   .000000
   19.5002     6.5068   .000000
   19.7001     6.5068   .000000
   19.9000     6.5068   .000001
     .1099     6.7067   .000000
     .3099     6.7067   .000000
     .5098     6.7067   .000000
     .7096     6.7067   .000000
     .9096     6.7067   .000000
    1.1094     6.7067   .000000
    1.3094     6.7067   .000000
    1.5093     6.7067   .000000
    1.7091     6.7067   .000000
    1.9090     6.7067   .000000
    2.1089     6.7067   .000000
    2.3089     6.7067   .000000
    2.5087     6.7067   .000000
    2.7087     6.7067   .000000
    2.9086     6.7067   .000000
    3.1084     6.7067   .000000
    3.3084     6.7067   .000000
    3.5082     6.7067   .000000
    3.7081     6.7067   .000000
    3.9081     6.7067   .000000
    4.1080     6.7067   .000120
    4.3078     6.7067   .000269
    4.5078     6.7067   .000361
    4.7077     6.7067   .000384
    4.9075     6.7067   .000397
    5.1075     6.7067   .000363
    5.3074     6.7067   .000353
    5.5072     6.7067   .000337
    5.7071     6.7067   .000350
    5.9071     6.7067   .000439
    6.1069     6.7067   .000636
    6.3068     6.7067   .000727
    6.5068     6.7067   .000722
    6.7067     6.7067   .000689
    6.9065     6.7067   .000649
    7.1065     6.7067   .000616
    7.3064     6.7067   .000552
    7.5062     6.7067   .000472
    7.7062     6.7067   .000504
    7.9061     6.7067   .000559
    8.1060     6.7067   .000469
    8.3059     6.7067   .000314
    8.5057     6.7067   .000213
    8.7057     6.7067   .000200
    8.9056     6.7067   .000190
    9.1054     6.7067   .000196
    9.3054     6.7067   .000207
    9.5052     6.7067   .000221
    9.7051     6.7067   .000208
    9.9051     6.7067   .000141
   10.1049     6.7067   .000046
   10.3048     6.7067   .000000
   10.5048     6.7067   .000000
   10.7046     6.7067   .000000
   10.9045     6.7067   .000000
   11.1045     6.7067   .000000
   11.3043     6.7067   .000000
   11.5043     6.7067   .000000
   11.7042     6.7067   .000000
   11.9040     6.7067   .000000
   12.1040     6.7067   .000001
   12.3039     6.7067   .000000
   12.5037     6.7067   .000000
   12.7037     6.7067   .000000
   12.9036     6.7067   .000000
   13.1034     6.7067   .000000
   13.3034     6.7067   .000000
   13.5033     6.7067   .000000
   13.7031     6.7067   .000000
   13.9031     6.7067   .000000
   14.1030     6.7067   .000000
   14.3028     6.7067   .000000
   14.5028     6.7067   .000000
   14.7027     6.7067   .000000
   14.9025     6.7067   .000000
   15.1025     6.7067   .000000
   15.3024     6.7067   .000000
   15.5022     6.7067   .000000
   15.7022     6.7067   .000000
   15.9021     6.7067   .000000
   16.1019     6.7067   .000000
   16.3018     6.7067   .000000
   16.5018     6.7067   .000000
   16.7017     6.7067   .000000
   16.9016     6.7067   .000000
   17.1014     6.7067   .000000
   17.3013     6.7067   .000000
   17.5012     6.7067   .000000
   17.7012     6.7067   .000000
   17.9011     6.7067   .000000
   18.1010     6.7067   .000000
   18.3008     6.7067   .000000
   18.5007     6.7067   .000000
   18.7006     6.7067   .000000
   18.9006     6.7067   .000000
   19.1005     6.7067   .000000
   19.3004     6.7067   .000000
   19.5002     6.7067   .000000
   19.7001     6.7067   .000000
   19.9000     6.7067   .000000
     .1099     6.9065   .000000
     .3099     6.9065   .000000
     .5098     6.9065   .000000
     .7096     6.9065   .000000
     .9096     6.9065   .000000
    1.1094     6.9065   .000000
    1.3094     6.9065   .000000
    1.5093     6.9065   .000000
    1.7091     6.9065   .000000
    1.9090     6.9065   .000000
    2.1089     6.9065   .000000
    2.3089     6.9065   .000000
    2.5087     6.9065   .000000
    2.7087     6.9065   .000000
    2.9086     6.9065   .000000
    3.1084     6.9065   .000000
    3.3084     6.9065   .000000
    3.5082     6.9065   .000000
    3.7081     6.9065   .000000
    3.9081     6.9065   .000000
    4.1080     6.9065   .000070
    4.3078     6.9065   .000178
    4.5078     6.9065   .000252
    4.7077     6.9065   .000302
    4.9075     6.9065   .000304
    5.1075     6.9065   .000295
    5.3074     6.9065   .000267
    5.5072     6.9065   .000250
    5.7071     6.9065   .000267
    5.9071     6.9065   .000356
    6.1069     6.9065   .000526
    6.3068     6.9065   .000688
    6.5068     6.9065   .000736
    6.7067     6.9065   .000727
    6.9065     6.9065   .000709
    7.1065     6.9065   .000686
    7.3064     6.9065   .000615
    7.5062     6.9065   .000551
    7.7062     6.9065   .000537
    7.9061     6.9065   .000607
    8.1060     6.9065   .000537
    8.3059     6.9065   .000193
    8.5057     6.9065   .000274
    8.7057     6.9065   .000261
    8.9056     6.9065   .000250
    9.1054     6.9065   .000249
    9.3054     6.9065   .000263
    9.5052     6.9065   .000282
    9.7051     6.9065   .000257
    9.9051     6.9065   .000200
   10.1049     6.9065   .000091
   10.3048     6.9065   .000000
   10.5048     6.9065   .000000
   10.7046     6.9065   .000000
   10.9045     6.9065   .000000
   11.1045     6.9065   .000000
   11.3043     6.9065   .000000
   11.5043     6.9065   .000000
   11.7042     6.9065   .000000
   11.9040     6.9065   .000000
   12.1040     6.9065   .000000
   12.3039     6.9065   .000000
   12.5037     6.9065   .000000
   12.7037     6.9065   .000000
   12.9036     6.9065   .000000
   13.1034     6.9065   .000000
   13.3034     6.9065   .000000
   13.5033     6.9065   .000000
   13.7031     6.9065   .000000
   13.9031     6.9065   .000001
   14.1030     6.9065   .000000
   14.3028     6.9065   .000000
   14.5028     6.9065   .000000
   14.7027     6.9065   .000000
   14.9025     6.9065   .000000
   15.1025     6.9065   .000000
   15.3024     6.9065   .000000
   15.5022     6.9065   .000001
   15.7022     6.9065   .000001
   15.9021     6.9065   .000000
   16.1019     6.9065   .000000
   16.3018     6.9065   .000000
   16.5018     6.9065   .000000
   16.7017     6.9065   .000000
   16.9016     6.9065   .000000
   17.1014     6.9065   .000000
   17.3013     6.9065   .000001
   17.5012     6.9065   .000000
   17.7012     6.9065   .000000
   17.9011     6.9065   .000000
   18.1010     6.9065   .000000
   18.3008     6.9065   .000000
   18.5007     6.9065   .000000
   18.7006     6.9065   .000000
   18.9006     6.9065   .000000
   19.1005     6.9065   .000000
   19.3004     6.9065   .000000
   19.5002     6.9065   .000000
   19.7001     6.9065   .000000
   19.9000     6.9065   .000001
     .1099     7.1065   .000000
     .3099     7.1065   .000000
     .5098     7.1065   .000000
     .7096     7.1065   .000000
     .9096     7.1065   .000000
    1.1094     7.1065   .000000
    1.3094     7.1065   .000000
    1.5093     7.1065   .000000
    1.7091     7.1065   .000000
    1.9090     7.1065   .000000
    2.1089     7.1065   .000000
    2.3089     7.1065   .000000
    2.5087     7.1065   .000000
    2.7087     7.1065   .000000
    2.9086     7.1065   .000000
    3.1084     7.1065   .000000
    3.3084     7.1065   .000000
    3.5082     7.1065   .000000
    3.7081     7.1065   .000000
    3.9081     7.1065   .000000
    4.1080     7.1065   .000023
    4.3078     7.1065   .000114
    4.5078     7.1065   .000164
    4.7077     7.1065   .000204
    4.9075     7.1065   .000206
    5.1075     7.1065   .000199
    5.3074     7.1065   .000179
    5.5072     7.1065   .000164
    5.7071     7.1065   .000167
    5.9071     7.1065   .000257
    6.1069     7.1065   .000444
    6.3068     7.1065   .000622
    6.5068     7.1065   .000734
    6.7067     7.1065   .000744
    6.9065     7.1065   .000735
    7.1065     7.1065   .000721
    7.3064     7.1065   .000675
    7.5062     7.1065   .000573
    7.7062     7.1065   .000593
    7.9061     7.1065   .000611
    8.1060     7.1065   .000589
    8.3059     7.1065   .000451
    8.5057     7.1065   .000344
    8.7057     7.1065   .000318
    8.9056     7.1065   .000300
    9.1054     7.1065   .000297
    9.3054     7.1065   .000319
    9.5052     7.1065   .000332
    9.7051     7.1065   .000319
    9.9051     7.1065   .000252
   10.1049     7.1065   .000117
   10.3048     7.1065   .000001
   10.5048     7.1065   .000000
   10.7046     7.1065   .000000
   10.9045     7.1065   .000000
   11.1045     7.1065   .000000
   11.3043     7.1065   .000000
   11.5043     7.1065   .000000
   11.7042     7.1065   .000000
   11.9040     7.1065   .000000
   12.1040     7.1065   .000000
   12.3039     7.1065   .000000
   12.5037     7.1065   .000000
   12.7037     7.1065   .000001
   12.9036     7.1065   .000000
   13.1034     7.1065   .000000
   13.3034     7.1065   .000000
   13.5033     7.1065   .000000
   13.7031     7.1065   .000000
   13.9031     7.1065   .000000
   14.1030     7.1065   .000000
   14.3028     7.1065   .000000
   14.5028     7.1065   .000000
   14.7027     7.1065   .000000
   14.9025     7.1065   .000000
   15.1025     7.1065   .000000
   15.3024     7.1065   .000000
   15.5022     7.1065   .000000
   15.7022     7.1065   .000000
   15.9021     7.1065   .000000
   16.1019     7.1065   .000000
   16.3018     7.1065   .000000
   16.5018     7.1065   .000000
   16.7017     7.1065   .000000
   16.9016     7.1065   .000001
   17.1014     7.1065   .000000
   17.3013     7.1065   .000000
   17.5012     7.1065   .000000
   17.7012     7.1065   .000000
   17.9011     7.1065   .000000
   18.1010     7.1065   .000000
   18.3008     7.1065   .000000
   18.5007     7.1065   .000000
   18.7006     7.1065   .000000
   18.9006     7.1065   .000000
   19.1005     7.1065   .000000
   19.3004     7.1065   .000000
   19.5002     7.1065   .000000
   19.7001     7.1065   .000001
   19.9000     7.1065   .000001
     .1099     7.3064   .000000
     .3099     7.3064   .000000
     .5098     7.3064   .000000
     .7096     7.3064   .000000
     .9096     7.3064   .000000
    1.1094     7.3064   .000000
    1.3094     7.3064   .000000
    1.5093     7.3064   .000000
    1.7091     7.3064   .000000
    1.9090     7.3064   .000000
    2.1089     7.3064   .000000
    2.3089     7.3064   .000000
    2.5087     7.3064   .000000
    2.7087     7.3064   .000000
    2.9086     7.3064   .000000
    3.1084     7.3064   .000000
    3.3084     7.3064   .000000
    3.5082     7.3064   .000000
    3.7081     7.3064   .000000
    3.9081     7.3064   .000000
    4.1080     7.3064   .000004
    4.3078     7.3064   .000052
    4.5078     7.3064   .000103
    4.7077     7.3064   .000133
    4.9075     7.3064   .000146
    5.1075     7.3064   .000134
    5.3074     7.3064   .000112
    5.5072     7.3064   .000098
    5.7071     7.3064   .000104
    5.9071     7.3064   .000163
    6.1069     7.3064   .000358
    6.3068     7.3064   .000563
    6.5068     7.3064   .000714
    6.7067     7.3064   .000738
    6.9065     7.3064   .000757
    7.1065     7.3064   .000760
    7.3064     7.3064   .000710
    7.5062     7.3064   .000605
    7.7062     7.3064   .000592
    7.9061     7.3064   .000628
    8.1060     7.3064   .000642
    8.3059     7.3064   .000524
    8.5057     7.3064   .000404
    8.7057     7.3064   .000362
    8.9056     7.3064   .000349
    9.1054     7.3064   .000360
    9.3054     7.3064   .000351
    9.5052     7.3064   .000371
    9.7051     7.3064   .000360
    9.9051     7.3064   .000304
   10.1049     7.3064   .000170
   10.3048     7.3064   .000002
   10.5048     7.3064   .000000
   10.7046     7.3064   .000000
   10.9045     7.3064   .000000
   11.1045     7.3064   .000000
   11.3043     7.3064   .000000
   11.5043     7.3064   .000000
   11.7042     7.3064   .000000
   11.9040     7.3064   .000000
   12.1040     7.3064   .000000
   12.3039     7.3064   .000000
   12.5037     7.3064   .000000
   12.7037     7.3064   .000000
   12.9036     7.3064   .000001
   13.1034     7.3064   .000000
   13.3034     7.3064   .000000
   13.5033     7.3064   .000000
   13.7031     7.3064   .000000
   13.9031     7.3064   .000000
   14.1030     7.3064   .000000
   14.3028     7.3064   .000000
   14.5028     7.3064   .000000
   14.7027     7.3064   .000000
   14.9025     7.3064   .000000
   15.1025     7.3064   .000000
   15.3024     7.3064   .000000
   15.5022     7.3064   .000000
   15.7022     7.3064   .000000
   15.9021     7.3064   .000000
   16.1019     7.3064   .000001
   16.3018     7.3064   .000000
   16.5018     7.3064   .000000
   16.7017     7.3064   .000000
   16.9016     7.3064   .000000
   17.1014     7.3064   .000001
   17.3013     7.3064   .000000
   17.5012     7.3064   .000000
   17.7012     7.3064   .000000
   17.9011     7.3064   .000001
   18.1010     7.3064   .000000
   18.3008     7.3064   .000000
   18.5007     7.3064   .000000
   18.7006     7.3064   .000000
   18.9006     7.3064   .000000
   19.1005     7.3064   .000000
   19.3004     7.3064   .000000
   19.5002     7.3064   .000000
   19.7001     7.3064   .000000
   19.9000     7.3064   .000001
     .1099     7.5062   .000001
     .3099     7.5062   .000000
     .5098     7.5062   .000000
     .7096     7.5062   .000001
     .9096     7.5062   .000000
    1.1094     7.5062   .000000
    1.3094     7.5062   .000000
    1.5093     7.5062   .000000
    1.7091     7.5062   .000000
    1.9090     7.5062   .000000
    2.1089     7.5062   .000000
    2.3089     7.5062   .000000
    2.5087     7.5062   .000000
    2.7087     7.5062   .000000
    2.9086     7.5062   .000000
    3.1084     7.5062   .000000
    3.3084     7.5062   .000000
    3.5082     7.5062   .000000
    3.7081     7.5062   .000000
    3.9081     7.5062   .000000
    4.1080     7.5062   .000004
    4.3078     7.5062   .000027
    4.5078     7.5062   .000073
    4.7077     7.5062   .000098
    4.9075     7.5062   .000100
    5.1075     7.5062   .000086
    5.3074     7.5062   .000076
    5.5072     7.5062   .000056
    5.7071     7.5062   .000066
    5.9071     7.5062   .000109
    6.1069     7.5062   .000273
    6.3068     7.5062   .000487
    6.5068     7.5062   .000662
    6.7067     7.5062   .000741
    6.9065     7.5062   .000767
    7.1065     7.5062   .000778
    7.3064     7.5062   .000731
    7.5062     7.5062   .000637
    7.7062     7.5062   .000303
    7.9061     7.5062   .000630
    8.1060     7.5062   .000689
    8.3059     7.5062   .000575
    8.5057     7.5062   .000461
    8.7057     7.5062   .000410
    8.9056     7.5062   .000393
    9.1054     7.5062   .000376
    9.3054     7.5062   .000376
    9.5052     7.5062   .000401
    9.7051     7.5062   .000416
    9.9051     7.5062   .000357
   10.1049     7.5062   .000211
   10.3048     7.5062   .000021
   10.5048     7.5062   .000000
   10.7046     7.5062   .000000
   10.9045     7.5062   .000000
   11.1045     7.5062   .000001
   11.3043     7.5062   .000000
   11.5043     7.5062   .000000
   11.7042     7.5062   .000000
   11.9040     7.5062   .000000
   12.1040     7.5062   .000000
   12.3039     7.5062   .000001
   12.5037     7.5062   .000001
   12.7037     7.5062   .000001
   12.9036     7.5062   .000001
   13.1034     7.5062   .000001
   13.3034     7.5062   .000001
   13.5033     7.5062   .000001
   13.7031     7.5062   .000001
   13.9031     7.5062   .000001
   14.1030     7.5062   .000001
   14.3028     7.5062   .000001
   14.5028     7.5062   .000001
   14.7027     7.5062   .000001
   14.9025     7.5062   .000001
   15.1025     7.5062   .000000
   15.3024     7.5062   .000001
   15.5022     7.5062   .000001
   15.7022     7.5062   .000001
   15.9021     7.5062   .000001
   16.1019     7.5062   .000001
   16.3018     7.5062   .000000
   16.5018     7.5062   .000001
   16.7017     7.5062   .000001
   16.9016     7.5062   .000001
   17.1014     7.5062   .000001
   17.3013     7.5062   .000001
   17.5012     7.5062   .000001
   17.7012     7.5062   .000001
   17.9011     7.5062   .000000
   18.1010     7.5062   .000001
   18.3008     7.5062   .000001
   18.5007     7.5062   .000001
   18.7006     7.5062   .000001
   18.9006     7.5062   .000001
   19.1005     7.5062   .000000
   19.3004     7.5062   .000001
   19.5002     7.5062   .000000
   19.7001     7.5062   .000000
   19.9000     7.5062   .000003
     .1099     7.7062   .000001
     .3099     7.7062   .000000
     .5098     7.7062   .000000
     .7096     7.7062   .000000
     .9096     7.7062   .000000
    1.1094     7.7062   .000000
    1.3094     7.7062   .000000
    1.5093     7.7062   .000000
    1.7091     7.7062   .000000
    1.9090     7.7062   .000000
    2.1089     7.7062   .000000
    2.3089     7.7062   .000000
    2.5087     7.7062   .000000
    2.7087     7.7062   .000000
    2.9086     7.7062   .000000
    3.1084     7.7062   .000000
    3.3084     7.7062   .000000
    3.5082     7.7062   .000000
    3.7081     7.7062   .000000
    3.9081     7.7062   .000000
    4.1080     7.7062   .000002
    4.3078     7.7062   .000012
    4.5078     7.7062   .000034
    4.7077     7.7062   .000052
    4.9075     7.7062   .000062
    5.1075     7.7062   .000059
    5.3074     7.7062   .000041
    5.5072     7.7062   .000031
    5.7071     7.7062   .000026
    5.9071     7.7062   .000062
    6.1069     7.7062   .000198
    6.3068     7.7062   .000421
    6.5068     7.7062   .000614
    6.7067     7.7062   .000707
    6.9065     7.7062   .000747
    7.1065     7.7062   .000764
    7.3064     7.7062   .000741
    7.5062     7.7062   .000636
    7.7062     7.7062   .000569
    7.9061     7.7062   .000616
    8.1060     7.7062   .000681
    8.3059     7.7062   .000597
    8.5057     7.7062   .000492
    8.7057     7.7062   .000439
    8.9056     7.7062   .000406
    9.1054     7.7062   .000394
    9.3054     7.7062   .000399
    9.5052     7.7062   .000421
    9.7051     7.7062   .000429
    9.9051     7.7062   .000394
   10.1049     7.7062   .000255
   10.3048     7.7062   .000052
   10.5048     7.7062   .000001
   10.7046     7.7062   .000000
   10.9045     7.7062   .000000
   11.1045     7.7062   .000000
   11.3043     7.7062   .000001
   11.5043     7.7062   .000001
   11.7042     7.7062   .000001
   11.9040     7.7062   .000000
   12.1040     7.7062   .000001
   12.3039     7.7062   .000000
   12.5037     7.7062   .000001
   12.7037     7.7062   .000001
   12.9036     7.7062   .000001
   13.1034     7.7062   .000001
   13.3034     7.7062   .000001
   13.5033     7.7062   .000001
   13.7031     7.7062   .000001
   13.9031     7.7062   .000001
   14.1030     7.7062   .000001
   14.3028     7.7062   .000000
   14.5028     7.7062   .000001
   14.7027     7.7062   .000001
   14.9025     7.7062   .000001
   15.1025     7.7062   .000001
   15.3024     7.7062   .000001
   15.5022     7.7062   .000001
   15.7022     7.7062   .000001
   15.9021     7.7062   .000001
   16.1019     7.7062   .000001
   16.3018     7.7062   .000001
   16.5018     7.7062   .000001
   16.7017     7.7062   .000001
   16.9016     7.7062   .000000
   17.1014     7.7062   .000001
   17.3013     7.7062   .000001
   17.5012     7.7062   .000001
   17.7012     7.7062   .000000
   17.9011     7.7062   .000001
   18.1010     7.7062   .000000
   18.3008     7.7062   .000001
   18.5007     7.7062   .000001
   18.7006     7.7062   .000000
   18.9006     7.7062   .000000
   19.1005     7.7062   .000001
   19.3004     7.7062   .000001
   19.5002     7.7062   .000000
   19.7001     7.7062   .000001
   19.9000     7.7062   .000001
     .1099     7.9061   .000001
     .3099     7.9061   .000000
     .5098     7.9061   .000000
     .7096     7.9061   .000000
     .9096     7.9061   .000000
    1.1094     7.9061   .000000
    1.3094     7.9061   .000000
    1.5093     7.9061   .000000
    1.7091     7.9061   .000000
    1.9090     7.9061   .000000
    2.1089     7.9061   .000000
    2.3089     7.9061   .000001
    2.5087     7.9061   .000000
    2.7087     7.9061   .000000
    2.9086     7.9061   .000000
    3.1084     7.9061   .000000
    3.3084     7.9061   .000000
    3.5082     7.9061   .000000
    3.7081     7.9061   .000000
    3.9081     7.9061   .000000
    4.1080     7.9061   .000010
    4.3078     7.9061   .000007
    4.5078     7.9061   .000020
    4.7077     7.9061   .000032
    4.9075     7.9061   .000034
    5.1075     7.9061   .000029
    5.3074     7.9061   .000025
    5.5072     7.9061   .000016
    5.7071     7.9061   .000009
    5.9071     7.9061   .000029
    6.1069     7.9061   .000149
    6.3068     7.9061   .000346
    6.5068     7.9061   .000538
    6.7067     7.9061   .000654
    6.9065     7.9061   .000712
    7.1065     7.9061   .000738
    7.3064     7.9061   .000721
    7.5062     7.9061   .000622
    7.7062     7.9061   .000588
    7.9061     7.9061   .000614
    8.1060     7.9061   .000673
    8.3059     7.9061   .000639
    8.5057     7.9061   .000502
    8.7057     7.9061   .000458
    8.9056     7.9061   .000432
    9.1054     7.9061   .000411
    9.3054     7.9061   .000410
    9.5052     7.9061   .000430
    9.7051     7.9061   .000445
    9.9051     7.9061   .000416
   10.1049     7.9061   .000296
   10.3048     7.9061   .000095
   10.5048     7.9061   .000004
   10.7046     7.9061   .000001
   10.9045     7.9061   .000002
   11.1045     7.9061   .000002
   11.3043     7.9061   .000004
   11.5043     7.9061   .000004
   11.7042     7.9061   .000002
   11.9040     7.9061   .000000
   12.1040     7.9061   .000000
   12.3039     7.9061   .000001
   12.5037     7.9061   .000001
   12.7037     7.9061   .000001
   12.9036     7.9061   .000001
   13.1034     7.9061   .000002
   13.3034     7.9061   .000001
   13.5033     7.9061   .000001
   13.7031     7.9061   .000001
   13.9031     7.9061   .000001
   14.1030     7.9061   .000001
   14.3028     7.9061   .000001
   14.5028     7.9061   .000001
   14.7027     7.9061   .000001
   14.9025     7.9061   .000001
   15.1025     7.9061   .000001
   15.3024     7.9061   .000001
   15.5022     7.9061   .000001
   15.7022     7.9061   .000001
   15.9021     7.9061   .000001
   16.1019     7.9061   .000001
   16.3018     7.9061   .000001
   16.5018     7.9061   .000001
   16.7017     7.9061   .000002
   16.9016     7.9061   .000002
   17.1014     7.9061   .000001
   17.3013     7.9061   .000001
   17.5012     7.9061   .000001
   17.7012     7.9061   .000001
   17.9011     7.9061   .000001
   18.1010     7.9061   .000001
   18.3008     7.9061   .000001
   18.5007     7.9061   .000001
   18.7006     7.9061   .000001
   18.9006     7.9061   .000001
   19.1005     7.9061   .000000
   19.3004     7.9061   .000001
   19.5002     7.9061   .000001
   19.7001     7.9061   .000001
   19.9000     7.9061   .000013
     .1099     8.1060   .000002
     .3099     8.1060   .000000
     .5098     8.1060   .000000
     .7096     8.1060   .000000
     .9096     8.1060   .000001
    1.1094     8.1060   .000000
    1.3094     8.1060   .000000
    1.5093     8.1060   .000001
    1.7091     8.1060   .000000
    1.9090     8.1060   .000001
    2.1089     8.1060   .000000
    2.3089     8.1060   .000000
    2.5087     8.1060   .000000
    2.7087     8.1060   .000000
    2.9086     8.1060   .000000
    3.1084     8.1060   .000000
    3.3084     8.1060   .000000
    3.5082     8.1060   .000000
    3.7081     8.1060   .000000
    3.9081     8.1060   .000000
    4.1080     8.1060   .000012
    4.3078     8.1060   .000007
    4.5078     8.1060   .000008
    4.7077     8.1060   .000016
    4.9075     8.1060   .000021
    5.1075     8.1060   .000024
    5.3074     8.1060   .000010
    5.5072     8.1060   .000006
    5.7071     8.1060   .000004
    5.9071     8.1060   .000016
    6.1069     8.1060   .000103
    6.3068     8.1060   .000283
    6.5068     8.1060   .000484
    6.7067     8.1060   .000606
    6.9065     8.1060   .000652
    7.1065     8.1060   .000680
    7.3064     8.1060   .000682
    7.5062     8.1060   .000647
    7.7062     8.1060   .000570
    7.9061     8.1060   .000587
    8.1060     8.1060   .000651
    8.3059     8.1060   .000614
    8.5057     8.1060   .000517
    8.7057     8.1060   .000455
    8.9056     8.1060   .000430
    9.1054     8.1060   .000422
    9.3054     8.1060   .000410
    9.5052     8.1060   .000422
    9.7051     8.1060   .000440
    9.9051     8.1060   .000423
   10.1049     8.1060   .000336
   10.3048     8.1060   .000137
   10.5048     8.1060   .000041
   10.7046     8.1060   .000026
   10.9045     8.1060   .000035
   11.1045     8.1060   .000028
   11.3043     8.1060   .000030
   11.5043     8.1060   .000028
   11.7042     8.1060   .000010
   11.9040     8.1060   .000003
   12.1040     8.1060   .000002
   12.3039     8.1060   .000004
   12.5037     8.1060   .000002
   12.7037     8.1060   .000005
   12.9036     8.1060   .000005
   13.1034     8.1060   .000003
   13.3034     8.1060   .000004
   13.5033     8.1060   .000004
   13.7031     8.1060   .000003
   13.9031     8.1060   .000001
   14.1030     8.1060   .000002
   14.3028     8.1060   .000001
   14.5028     8.1060   .000002
   14.7027     8.1060   .000002
   14.9025     8.1060   .000002
   15.1025     8.1060   .000004
   15.3024     8.1060   .000003
   15.5022     8.1060   .000007
   15.7022     8.1060   .000005
   15.9021     8.1060   .000004
   16.1019     8.1060   .000005
   16.3018     8.1060   .000002
   16.5018     8.1060   .000004
   16.7017     8.1060   .000002
   16.9016     8.1060   .000004
   17.1014     8.1060   .000003
   17.3013     8.1060   .000005
   17.5012     8.1060   .000002
   17.7012     8.1060   .000002
   17.9011     8.1060   .000001
   18.1010     8.1060   .000003
   18.3008     8.1060   .000002
   18.5007     8.1060   .000002
   18.7006     8.1060   .000001
   18.9006     8.1060   .000002
   19.1005     8.1060   .000001
   19.3004     8.1060   .000001
   19.5002     8.1060   .000001
   19.7001     8.1060   .000002
   19.9000     8.1060   .000019
     .1099     8.3059   .000021
     .3099     8.3059   .000002
     .5098     8.3059   .000002
     .7096     8.3059   .000002
     .9096     8.3059   .000001
    1.1094     8.3059   .000001
    1.3094     8.3059   .000001
    1.5093     8.3059   .000001
    1.7091     8.3059   .000001
    1.9090     8.3059   .000001
    2.1089     8.3059   .000001
    2.3089     8.3059   .000000
    2.5087     8.3059   .000000
    2.7087     8.3059   .000000
    2.9086     8.3059   .000000
    3.1084     8.3059   .000000
    3.3084     8.3059   .000000
    3.5082     8.3059   .000000
    3.7081     8.3059   .000000
    3.9081     8.3059   .000000
    4.1080     8.3059   .000000
    4.3078     8.3059   .000002
    4.5078     8.3059   .000002
    4.7077     8.3059   .000000
    4.9075     8.3059   .000001
    5.1075     8.3059   .000002
    5.3074     8.3059   .000001
    5.5072     8.3059   .000000
    5.7071     8.3059   .000000
    5.9071     8.3059   .000000
    6.1069     8.3059   .000005
    6.3068     8.3059   .000153
    6.5068     8.3059   .000347
    6.7067     8.3059   .000471
    6.9065     8.3059   .000547
    7.1065     8.3059   .000571
    7.3064     8.3059   .000583
    7.5062     8.3059   .000549
    7.7062     8.3059   .000480
    7.9061     8.3059   .000465
    8.1060     8.3059   .000548
    8.3059     8.3059   .000550
    8.5057     8.3059   .000478
    8.7057     8.3059   .000408
    8.9056     8.3059   .000376
    9.1054     8.3059   .000357
    9.3054     8.3059   .000351
    9.5052     8.3059   .000353
    9.7051     8.3059   .000375
    9.9051     8.3059   .000384
   10.1049     8.3059   .000314
   10.3048     8.3059   .000217
   10.5048     8.3059   .000115
   10.7046     8.3059   .000091
   10.9045     8.3059   .000091
   11.1045     8.3059   .000095
   11.3043     8.3059   .000099
   11.5043     8.3059   .000084
   11.7042     8.3059   .000065
   11.9040     8.3059   .000053
   12.1040     8.3059   .000036
   12.3039     8.3059   .000010
   12.5037     8.3059   .000014
   12.7037     8.3059   .000016
   12.9036     8.3059   .000020
   13.1034     8.3059   .000022
   13.3034     8.3059   .000013
   13.5033     8.3059   .000019
   13.7031     8.3059   .000011
   13.9031     8.3059   .000008
   14.1030     8.3059   .000007
   14.3028     8.3059   .000009
   14.5028     8.3059   .000005
   14.7027     8.3059   .000005
   14.9025     8.3059   .000017
   15.1025     8.3059   .000012
   15.3024     8.3059   .000015
   15.5022     8.3059   .000019
   15.7022     8.3059   .000021
   15.9021     8.3059   .000016
   16.1019     8.3059   .000011
   16.3018     8.3059   .000016
   16.5018     8.3059   .000016
   16.7017     8.3059   .000018
   16.9016     8.3059   .000023
   17.1014     8.3059   .000018
   17.3013     8.3059   .000016
   17.5012     8.3059   .000008
   17.7012     8.3059   .000012
   17.9011     8.3059   .000005
   18.1010     8.3059   .000004
   18.3008     8.3059   .000010
   18.5007     8.3059   .000021
   18.7006     8.3059   .000012
   18.9006     8.3059   .000009
   19.1005     8.3059   .000004
   19.3004     8.3059   .000003
   19.5002     8.3059   .000006
   19.7001     8.3059   .000015
   19.9000     8.3059   .000037
     .1099     8.5057   .000027
     .3099     8.5057   .000003
     .5098     8.5057   .000001
     .7096     8.5057   .000003
     .9096     8.5057   .000002
    1.1094     8.5057   .000001
    1.3094     8.5057   .000001
    1.5093     8.5057   .000004
    1.7091     8.5057   .000003
    1.9090     8.5057   .000003
    2.1089     8.5057   .000001
    2.3089     8.5057   .000000
    2.5087     8.5057   .000000
    2.7087     8.5057   .000000
    2.9086     8.5057   .000000
    3.1084     8.5057   .000000
    3.3084     8.5057   .000000
    3.5082     8.5057   .000000
    3.7081     8.5057   .000000
    3.9081     8.5057   .000000
    4.1080     8.5057   .000000
    4.3078     8.5057   .000000
    4.5078     8.5057   .000000
    4.7077     8.5057   .000000
    4.9075     8.5057   .000001
    5.1075     8.5057   .000001
    5.3074     8.5057   .000001
    5.5072     8.5057   .000000
    5.7071     8.5057   .000000
    5.9071     8.5057   .000001
    6.1069     8.5057   .000001
    6.3068     8.5057   .000107
    6.5068     8.5057   .000273
    6.7067     8.5057   .000402
    6.9065     8.5057   .000462
    7.1065     8.5057   .000505
    7.3064     8.5057   .000529
    7.5062     8.5057   .000505
    7.7062     8.5057   .000470
    7.9061     8.5057   .000451
    8.1060     8.5057   .000508
    8.3059     8.5057   .000505
    8.5057     8.5057   .000449
    8.7057     8.5057   .000388
    8.9056     8.5057   .000362
    9.1054     8.5057   .000341
    9.3054     8.5057   .000335
    9.5052     8.5057   .000344
    9.7051     8.5057   .000362
    9.9051     8.5057   .000368
   10.1049     8.5057   .000322
   10.3048     8.5057   .000252
   10.5048     8.5057   .000155
   10.7046     8.5057   .000123
   10.9045     8.5057   .000135
   11.1045     8.5057   .000132
   11.3043     8.5057   .000125
   11.5043     8.5057   .000118
   11.7042     8.5057   .000104
   11.9040     8.5057   .000081
   12.1040     8.5057   .000059
   12.3039     8.5057   .000028
   12.5037     8.5057   .000019
   12.7037     8.5057   .000021
   12.9036     8.5057   .000029
   13.1034     8.5057   .000028
   13.3034     8.5057   .000031
   13.5033     8.5057   .000027
   13.7031     8.5057   .000023
   13.9031     8.5057   .000020
   14.1030     8.5057   .000014
   14.3028     8.5057   .000012
   14.5028     8.5057   .000009
   14.7027     8.5057   .000012
   14.9025     8.5057   .000017
   15.1025     8.5057   .000022
   15.3024     8.5057   .000027
   15.5022     8.5057   .000033
   15.7022     8.5057   .000030
   15.9021     8.5057   .000026
   16.1019     8.5057   .000023
   16.3018     8.5057   .000025
   16.5018     8.5057   .000024
   16.7017     8.5057   .000025
   16.9016     8.5057   .000034
   17.1014     8.5057   .000033
   17.3013     8.5057   .000023
   17.5012     8.5057   .000025
   17.7012     8.5057   .000016
   17.9011     8.5057   .000011
   18.1010     8.5057   .000009
   18.3008     8.5057   .000013
   18.5007     8.5057   .000029
   18.7006     8.5057   .000029
   18.9006     8.5057   .000017
   19.1005     8.5057   .000007
   19.3004     8.5057   .000008
   19.5002     8.5057   .000008
   19.7001     8.5057   .000017
   19.9000     8.5057   .000046
     .1099     8.7057   .000034
     .3099     8.7057   .000002
     .5098     8.7057   .000002
     .7096     8.7057   .000002
     .9096     8.7057   .000002
    1.1094     8.7057   .000002
    1.3094     8.7057   .000001
    1.5093     8.7057   .000002
    1.7091     8.7057   .000002
    1.9090     8.7057   .000003
    2.1089     8.7057   .000002
    2.3089     8.7057   .000000
    2.5087     8.7057   .000000
    2.7087     8.7057   .000000
    2.9086     8.7057   .000000
    3.1084     8.7057   .000000
    3.3084     8.7057   .000000
    3.5082     8.7057   .000000
    3.7081     8.7057   .000000
    3.9081     8.7057   .000000
    4.1080     8.7057   .000000
    4.3078     8.7057   .000000
    4.5078     8.7057   .000000
    4.7077     8.7057   .000000
    4.9075     8.7057   .000000
    5.1075     8.7057   .000001
    5.3074     8.7057   .000000
    5.5072     8.7057   .000001
    5.7071     8.7057   .000000
    5.9071     8.7057   .000001
    6.1069     8.7057   .000001
    6.3068     8.7057   .000052
    6.5068     8.7057   .000205
    6.7067     8.7057   .000324
    6.9065     8.7057   .000391
    7.1065     8.7057   .000439
    7.3064     8.7057   .000452
    7.5062     8.7057   .000452
    7.7062     8.7057   .000415
    7.9061     8.7057   .000394
    8.1060     8.7057   .000450
    8.3059     8.7057   .000464
    8.5057     8.7057   .000423
    8.7057     8.7057   .000368
    8.9056     8.7057   .000341
    9.1054     8.7057   .000324
    9.3054     8.7057   .000304
    9.5052     8.7057   .000319
    9.7051     8.7057   .000336
    9.9051     8.7057   .000348
   10.1049     8.7057   .000334
   10.3048     8.7057   .000275
   10.5048     8.7057   .000194
   10.7046     8.7057   .000160
   10.9045     8.7057   .000166
   11.1045     8.7057   .000176
   11.3043     8.7057   .000166
   11.5043     8.7057   .000155
   11.7042     8.7057   .000138
   11.9040     8.7057   .000116
   12.1040     8.7057   .000078
   12.3039     8.7057   .000041
   12.5037     8.7057   .000024
   12.7037     8.7057   .000035
   12.9036     8.7057   .000040
   13.1034     8.7057   .000043
   13.3034     8.7057   .000036
   13.5033     8.7057   .000043
   13.7031     8.7057   .000035
   13.9031     8.7057   .000027
   14.1030     8.7057   .000023
   14.3028     8.7057   .000029
   14.5028     8.7057   .000020
   14.7027     8.7057   .000026
   14.9025     8.7057   .000025
   15.1025     8.7057   .000032
   15.3024     8.7057   .000042
   15.5022     8.7057   .000047
   15.7022     8.7057   .000037
   15.9021     8.7057   .000041
   16.1019     8.7057   .000042
   16.3018     8.7057   .000033
   16.5018     8.7057   .000035
   16.7017     8.7057   .000039
   16.9016     8.7057   .000041
   17.1014     8.7057   .000043
   17.3013     8.7057   .000037
   17.5012     8.7057   .000035
   17.7012     8.7057   .000028
   17.9011     8.7057   .000024
   18.1010     8.7057   .000016
   18.3008     8.7057   .000029
   18.5007     8.7057   .000035
   18.7006     8.7057   .000042
   18.9006     8.7057   .000031
   19.1005     8.7057   .000016
   19.3004     8.7057   .000013
   19.5002     8.7057   .000014
   19.7001     8.7057   .000036
   19.9000     8.7057   .000051
     .1099     8.9056   .000034
     .3099     8.9056   .000004
     .5098     8.9056   .000002
     .7096     8.9056   .000002
     .9096     8.9056   .000002
    1.1094     8.9056   .000003
    1.3094     8.9056   .000002
    1.5093     8.9056   .000002
    1.7091     8.9056   .000002
    1.9090     8.9056   .000001
    2.1089     8.9056   .000002
    2.3089     8.9056   .000000
    2.5087     8.9056   .000000
    2.7087     8.9056   .000000
    2.9086     8.9056   .000000
    3.1084     8.9056   .000000
    3.3084     8.9056   .000000
    3.5082     8.9056   .000000
    3.7081     8.9056   .000000
    3.9081     8.9056   .000000
    4.1080     8.9056   .000000
    4.3078     8.9056   .000000
    4.5078     8.9056   .000000
    4.7077     8.9056   .000000
    4.9075     8.9056   .000000
    5.1075     8.9056   .000001
    5.3074     8.9056   .000001
    5.5072     8.9056   .000000
    5.7071     8.9056   .000000
    5.9071     8.9056   .000000
    6.1069     8.9056   .000001
    6.3068     8.9056   .000025
    6.5068     8.9056   .000147
    6.7067     8.9056   .000254
    6.9065     8.9056   .000313
    7.1065     8.9056   .000352
    7.3064     8.9056   .000385
    7.5062     8.9056   .000396
    7.7062     8.9056   .000375
    7.9061     8.9056   .000357
    8.1060     8.9056   .000389
    8.3059     8.9056   .000408
    8.5057     8.9056   .000396
    8.7057     8.9056   .000346
    8.9056     8.9056   .000305
    9.1054     8.9056   .000295
    9.3054     8.9056   .000288
    9.5052     8.9056   .000287
    9.7051     8.9056   .000307
    9.9051     8.9056   .000328
   10.1049     8.9056   .000336
   10.3048     8.9056   .000307
   10.5048     8.9056   .000241
   10.7046     8.9056   .000206
   10.9045     8.9056   .000207
   11.1045     8.9056   .000198
   11.3043     8.9056   .000206
   11.5043     8.9056   .000195
   11.7042     8.9056   .000168
   11.9040     8.9056   .000140
   12.1040     8.9056   .000103
   12.3039     8.9056   .000056
   12.5037     8.9056   .000039
   12.7037     8.9056   .000048
   12.9036     8.9056   .000055
   13.1034     8.9056   .000056
   13.3034     8.9056   .000051
   13.5033     8.9056   .000051
   13.7031     8.9056   .000044
   13.9031     8.9056   .000041
   14.1030     8.9056   .000037
   14.3028     8.9056   .000029
   14.5028     8.9056   .000031
   14.7027     8.9056   .000032
   14.9025     8.9056   .000039
   15.1025     8.9056   .000052
   15.3024     8.9056   .000061
   15.5022     8.9056   .000061
   15.7022     8.9056   .000058
   15.9021     8.9056   .000055
   16.1019     8.9056   .000051
   16.3018     8.9056   .000047
   16.5018     8.9056   .000049
   16.7017     8.9056   .000054
   16.9016     8.9056   .000053
   17.1014     8.9056   .000060
   17.3013     8.9056   .000050
   17.5012     8.9056   .000041
   17.7012     8.9056   .000045
   17.9011     8.9056   .000033
   18.1010     8.9056   .000034
   18.3008     8.9056   .000037
   18.5007     8.9056   .000047
   18.7006     8.9056   .000048
   18.9006     8.9056   .000040
   19.1005     8.9056   .000036
   19.3004     8.9056   .000026
   19.5002     8.9056   .000026
   19.7001     8.9056   .000038
   19.9000     8.9056   .000054
     .1099     9.1054   .000046
     .3099     9.1054   .000010
     .5098     9.1054   .000002
     .7096     9.1054   .000002
     .9096     9.1054   .000004
    1.1094     9.1054   .000002
    1.3094     9.1054   .000002
    1.5093     9.1054   .000003
    1.7091     9.1054   .000001
    1.9090     9.1054   .000003
    2.1089     9.1054   .000001
    2.3089     9.1054   .000000
    2.5087     9.1054   .000000
    2.7087     9.1054   .000000
    2.9086     9.1054   .000000
    3.1084     9.1054   .000000
    3.3084     9.1054   .000000
    3.5082     9.1054   .000000
    3.7081     9.1054   .000000
    3.9081     9.1054   .000000
    4.1080     9.1054   .000000
    4.3078     9.1054   .000000
    4.5078     9.1054   .000000
    4.7077     9.1054   .000000
    4.9075     9.1054   .000000
    5.1075     9.1054   .000000
    5.3074     9.1054   .000000
    5.5072     9.1054   .000000
    5.7071     9.1054   .000000
    5.9071     9.1054   .000000
    6.1069     9.1054   .000000
    6.3068     9.1054   .000006
    6.5068     9.1054   .000088
    6.7067     9.1054   .000182
    6.9065     9.1054   .000250
    7.1065     9.1054   .000278
    7.3064     9.1054   .000320
    7.5062     9.1054   .000333
    7.7062     9.1054   .000321
    7.9061     9.1054   .000308
    8.1060     9.1054   .000333
    8.3059     9.1054   .000362
    8.5057     9.1054   .000353
    8.7057     9.1054   .000321
    8.9056     9.1054   .000288
    9.1054     9.1054   .000279
    9.3054     9.1054   .000263
    9.5052     9.1054   .000263
    9.7051     9.1054   .000277
    9.9051     9.1054   .000314
   10.1049     9.1054   .000324
   10.3048     9.1054   .000326
   10.5048     9.1054   .000271
   10.7046     9.1054   .000241
   10.9045     9.1054   .000227
   11.1045     9.1054   .000241
   11.3043     9.1054   .000235
   11.5043     9.1054   .000230
   11.7042     9.1054   .000202
   11.9040     9.1054   .000174
   12.1040     9.1054   .000126
   12.3039     9.1054   .000078
   12.5037     9.1054   .000061
   12.7037     9.1054   .000057
   12.9036     9.1054   .000070
   13.1034     9.1054   .000069
   13.3034     9.1054   .000070
   13.5033     9.1054   .000058
   13.7031     9.1054   .000053
   13.9031     9.1054   .000051
   14.1030     9.1054   .000041
   14.3028     9.1054   .000046
   14.5028     9.1054   .000037
   14.7027     9.1054   .000044
   14.9025     9.1054   .000047
   15.1025     9.1054   .000055
   15.3024     9.1054   .000066
   15.5022     9.1054   .000069
   15.7022     9.1054   .000078
   15.9021     9.1054   .000072
   16.1019     9.1054   .000070
   16.3018     9.1054   .000055
   16.5018     9.1054   .000058
   16.7017     9.1054   .000063
   16.9016     9.1054   .000067
   17.1014     9.1054   .000075
   17.3013     9.1054   .000058
   17.5012     9.1054   .000056
   17.7012     9.1054   .000052
   17.9011     9.1054   .000047
   18.1010     9.1054   .000036
   18.3008     9.1054   .000047
   18.5007     9.1054   .000054
   18.7006     9.1054   .000071
   18.9006     9.1054   .000059
   19.1005     9.1054   .000043
   19.3004     9.1054   .000040
   19.5002     9.1054   .000043
   19.7001     9.1054   .000053
   19.9000     9.1054   .000064
     .1099     9.3054   .000050
     .3099     9.3054   .000022
     .5098     9.3054   .000004
     .7096     9.3054   .000002
     .9096     9.3054   .000003
    1.1094     9.3054   .000006
    1.3094     9.3054   .000003
    1.5093     9.3054   .000005
    1.7091     9.3054   .000003
    1.9090     9.3054   .000004
    2.1089     9.3054   .000003
    2.3089     9.3054   .000000
    2.5087     9.3054   .000000
    2.7087     9.3054   .000000
    2.9086     9.3054   .000000
    3.1084     9.3054   .000000
    3.3084     9.3054   .000000
    3.5082     9.3054   .000000
    3.7081     9.3054   .000000
    3.9081     9.3054   .000000
    4.1080     9.3054   .000000
    4.3078     9.3054   .000000
    4.5078     9.3054   .000000
    4.7077     9.3054   .000000
    4.9075     9.3054   .000000
    5.1075     9.3054   .000000
    5.3074     9.3054   .000000
    5.5072     9.3054   .000000
    5.7071     9.3054   .000000
    5.9071     9.3054   .000000
    6.1069     9.3054   .000000
    6.3068     9.3054   .000001
    6.5068     9.3054   .000049
    6.7067     9.3054   .000119
    6.9065     9.3054   .000172
    7.1065     9.3054   .000216
    7.3064     9.3054   .000251
    7.5062     9.3054   .000272
    7.7062     9.3054   .000271
    7.9061     9.3054   .000265
    8.1060     9.3054   .000279
    8.3059     9.3054   .000322
    8.5057     9.3054   .000319
    8.7057     9.3054   .000289
    8.9056     9.3054   .000275
    9.1054     9.3054   .000256
    9.3054     9.3054   .000247
    9.5052     9.3054   .000236
    9.7051     9.3054   .000260
    9.9051     9.3054   .000283
   10.1049     9.3054   .000317
   10.3048     9.3054   .000325
   10.5048     9.3054   .000306
   10.7046     9.3054   .000270
   10.9045     9.3054   .000260
   11.1045     9.3054   .000271
   11.3043     9.3054   .000268
   11.5043     9.3054   .000252
   11.7042     9.3054   .000228
   11.9040     9.3054   .000199
   12.1040     9.3054   .000165
   12.3039     9.3054   .000093
   12.5037     9.3054   .000039
   12.7037     9.3054   .000070
   12.9036     9.3054   .000079
   13.1034     9.3054   .000087
   13.3034     9.3054   .000082
   13.5033     9.3054   .000075
   13.7031     9.3054   .000075
   13.9031     9.3054   .000057
   14.1030     9.3054   .000050
   14.3028     9.3054   .000051
   14.5028     9.3054   .000050
   14.7027     9.3054   .000055
   14.9025     9.3054   .000061
   15.1025     9.3054   .000074
   15.3024     9.3054   .000085
   15.5022     9.3054   .000093
   15.7022     9.3054   .000092
   15.9021     9.3054   .000095
   16.1019     9.3054   .000085
   16.3018     9.3054   .000077
   16.5018     9.3054   .000072
   16.7017     9.3054   .000078
   16.9016     9.3054   .000083
   17.1014     9.3054   .000081
   17.3013     9.3054   .000075
   17.5012     9.3054   .000070
   17.7012     9.3054   .000062
   17.9011     9.3054   .000059
   18.1010     9.3054   .000046
   18.3008     9.3054   .000000
   18.5007     9.3054   .000074
   18.7006     9.3054   .000081
   18.9006     9.3054   .000074
   19.1005     9.3054   .000055
   19.3004     9.3054   .000044
   19.5002     9.3054   .000044
   19.7001     9.3054   .000059
   19.9000     9.3054   .000075
     .1099     9.5052   .000056
     .3099     9.5052   .000024
     .5098     9.5052   .000009
     .7096     9.5052   .000002
     .9096     9.5052   .000003
    1.1094     9.5052   .000003
    1.3094     9.5052   .000004
    1.5093     9.5052   .000006
    1.7091     9.5052   .000003
    1.9090     9.5052   .000002
    2.1089     9.5052   .000003
    2.3089     9.5052   .000000
    2.5087     9.5052   .000000
    2.7087     9.5052   .000000
    2.9086     9.5052   .000000
    3.1084     9.5052   .000000
    3.3084     9.5052   .000000
    3.5082     9.5052   .000000
    3.7081     9.5052   .000000
    3.9081     9.5052   .000000
    4.1080     9.5052   .000000
    4.3078     9.5052   .000000
    4.5078     9.5052   .000000
    4.7077     9.5052   .000000
    4.9075     9.5052   .000001
    5.1075     9.5052   .000000
    5.3074     9.5052   .000000
    5.5072     9.5052   .000000
    5.7071     9.5052   .000000
    5.9071     9.5052   .000000
    6.1069     9.5052   .000000
    6.3068     9.5052   .000001
    6.5068     9.5052   .000023
    6.7067     9.5052   .000072
    6.9065     9.5052   .000123
    7.1065     9.5052   .000152
    7.3064     9.5052   .000182
    7.5062     9.5052   .000218
    7.7062     9.5052   .000215
    7.9061     9.5052   .000208
    8.1060     9.5052   .000240
    8.3059     9.5052   .000276
    8.5057     9.5052   .000283
    8.7057     9.5052   .000272
    8.9056     9.5052   .000257
    9.1054     9.5052   .000231
    9.3054     9.5052   .000226
    9.5052     9.5052   .000225
    9.7051     9.5052   .000240
    9.9051     9.5052   .000267
   10.1049     9.5052   .000303
   10.3048     9.5052   .000333
   10.5048     9.5052   .000324
   10.7046     9.5052   .000289
   10.9045     9.5052   .000276
   11.1045     9.5052   .000278
   11.3043     9.5052   .000280
   11.5043     9.5052   .000281
   11.7042     9.5052   .000247
   11.9040     9.5052   .000215
   12.1040     9.5052   .000179
   12.3039     9.5052   .000114
   12.5037     9.5052   .000077
   12.7037     9.5052   .000078
   12.9036     9.5052   .000095
   13.1034     9.5052   .000100
   13.3034     9.5052   .000096
   13.5033     9.5052   .000091
   13.7031     9.5052   .000081
   13.9031     9.5052   .000074
   14.1030     9.5052   .000060
   14.3028     9.5052   .000057
   14.5028     9.5052   .000061
   14.7027     9.5052   .000068
   14.9025     9.5052   .000068
   15.1025     9.5052   .000085
   15.3024     9.5052   .000095
   15.5022     9.5052   .000101
   15.7022     9.5052   .000107
   15.9021     9.5052   .000101
   16.1019     9.5052   .000097
   16.3018     9.5052   .000090
   16.5018     9.5052   .000086
   16.7017     9.5052   .000084
   16.9016     9.5052   .000090
   17.1014     9.5052   .000102
   17.3013     9.5052   .000094
   17.5012     9.5052   .000077
   17.7012     9.5052   .000069
   17.9011     9.5052   .000068
   18.1010     9.5052   .000060
   18.3008     9.5052   .000058
   18.5007     9.5052   .000079
   18.7006     9.5052   .000087
   18.9006     9.5052   .000090
   19.1005     9.5052   .000075
   19.3004     9.5052   .000055
   19.5002     9.5052   .000053
   19.7001     9.5052   .000068
   19.9000     9.5052   .000082
     .1099     9.7051   .000062
     .3099     9.7051   .000028
     .5098     9.7051   .000006
     .7096     9.7051   .000003
     .9096     9.7051   .000002
    1.1094     9.7051   .000005
    1.3094     9.7051   .000002
    1.5093     9.7051   .000008
    1.7091     9.7051   .000003
    1.9090     9.7051   .000004
    2.1089     9.7051   .000002
    2.3089     9.7051   .000000
    2.5087     9.7051   .000000
    2.7087     9.7051   .000000
    2.9086     9.7051   .000000
    3.1084     9.7051   .000000
    3.3084     9.7051   .000000
    3.5082     9.7051   .000000
    3.7081     9.7051   .000000
    3.9081     9.7051   .000000
    4.1080     9.7051   .000000
    4.3078     9.7051   .000000
    4.5078     9.7051   .000000
    4.7077     9.7051   .000000
    4.9075     9.7051   .000000
    5.1075     9.7051   .000001
    5.3074     9.7051   .000000
    5.5072     9.7051   .000000
    5.7071     9.7051   .000000
    5.9071     9.7051   .000000
    6.1069     9.7051   .000000
    6.3068     9.7051   .000001
    6.5068     9.7051   .000005
    6.7067     9.7051   .000055
    6.9065     9.7051   .000085
    7.1065     9.7051   .000108
    7.3064     9.7051   .000136
    7.5062     9.7051   .000160
    7.7062     9.7051   .000178
    7.9061     9.7051   .000174
    8.1060     9.7051   .000195
    8.3059     9.7051   .000230
    8.5057     9.7051   .000248
    8.7057     9.7051   .000255
    8.9056     9.7051   .000230
    9.1054     9.7051   .000231
    9.3054     9.7051   .000225
    9.5052     9.7051   .000215
    9.7051     9.7051   .000230
    9.9051     9.7051   .000255
   10.1049     9.7051   .000297
   10.3048     9.7051   .000335
   10.5048     9.7051   .000328
   10.7046     9.7051   .000301
   10.9045     9.7051   .000293
   11.1045     9.7051   .000288
   11.3043     9.7051   .000287
   11.5043     9.7051   .000274
   11.7042     9.7051   .000263
   11.9040     9.7051   .000231
   12.1040     9.7051   .000189
   12.3039     9.7051   .000128
   12.5037     9.7051   .000087
   12.7037     9.7051   .000082
   12.9036     9.7051   .000098
   13.1034     9.7051   .000102
   13.3034     9.7051   .000105
   13.5033     9.7051   .000103
   13.7031     9.7051   .000093
   13.9031     9.7051   .000087
   14.1030     9.7051   .000080
   14.3028     9.7051   .000071
   14.5028     9.7051   .000076
   14.7027     9.7051   .000070
   14.9025     9.7051   .000080
   15.1025     9.7051   .000092
   15.3024     9.7051   .000104
   15.5022     9.7051   .000113
   15.7022     9.7051   .000112
   15.9021     9.7051   .000116
   16.1019     9.7051   .000117
   16.3018     9.7051   .000100
   16.5018     9.7051   .000092
   16.7017     9.7051   .000093
   16.9016     9.7051   .000100
   17.1014     9.7051   .000111
   17.3013     9.7051   .000097
   17.5012     9.7051   .000095
   17.7012     9.7051   .000083
   17.9011     9.7051   .000077
   18.1010     9.7051   .000065
   18.3008     9.7051   .000070
   18.5007     9.7051   .000087
   18.7006     9.7051   .000102
   18.9006     9.7051   .000097
   19.1005     9.7051   .000084
   19.3004     9.7051   .000071
   19.5002     9.7051   .000065
   19.7001     9.7051   .000077
   19.9000     9.7051   .000087
     .1099     9.9051   .000070
     .3099     9.9051   .000044
     .5098     9.9051   .000013
     .7096     9.9051   .000003
     .9096     9.9051   .000002
    1.1094     9.9051   .000006
    1.3094     9.9051   .000008
    1.5093     9.9051   .000007
    1.7091     9.9051   .000008
    1.9090     9.9051   .000004
    2.1089     9.9051   .000003
    2.3089     9.9051   .000000
    2.5087     9.9051   .000000
    2.7087     9.9051   .000000
    2.9086     9.9051   .000000
    3.1084     9.9051   .000000
    3.3084     9.9051   .000000
    3.5082     9.9051   .000000
    3.7081     9.9051   .000000
    3.9081     9.9051   .000000
    4.1080     9.9051   .000000
    4.3078     9.9051   .000000
    4.5078     9.9051   .000000
    4.7077     9.9051   .000000
    4.9075     9.9051   .000000
    5.1075     9.9051   .000000
    5.3074     9.9051   .000000
    5.5072     9.9051   .000000
    5.7071     9.9051   .000000
    5.9071     9.9051   .000000
    6.1069     9.9051   .000000
    6.3068     9.9051   .000001
    6.5068     9.9051   .000003
    6.7067     9.9051   .000023
    6.9065     9.9051   .000051
    7.1065     9.9051   .000073
    7.3064     9.9051   .000088
    7.5062     9.9051   .000117
    7.7062     9.9051   .000124
    7.9061     9.9051   .000136
    8.1060     9.9051   .000161
    8.3059     9.9051   .000203
    8.5057     9.9051   .000227
    8.7057     9.9051   .000232
    8.9056     9.9051   .000224
    9.1054     9.9051   .000223
    9.3054     9.9051   .000213
    9.5052     9.9051   .000213
    9.7051     9.9051   .000216
    9.9051     9.9051   .000244
   10.1049     9.9051   .000279
   10.3048     9.9051   .000333
   10.5048     9.9051   .000342
   10.7046     9.9051   .000318
   10.9045     9.9051   .000293
   11.1045     9.9051   .000293
   11.3043     9.9051   .000293
   11.5043     9.9051   .000283
   11.7042     9.9051   .000268
   11.9040     9.9051   .000236
   12.1040     9.9051   .000206
   12.3039     9.9051   .000142
   12.5037     9.9051   .000107
   12.7037     9.9051   .000089
   12.9036     9.9051   .000104
   13.1034     9.9051   .000116
   13.3034     9.9051   .000119
   13.5033     9.9051   .000107
   13.7031     9.9051   .000106
   13.9031     9.9051   .000094
   14.1030     9.9051   .000079
   14.3028     9.9051   .000083
   14.5028     9.9051   .000090
   14.7027     9.9051   .000084
   14.9025     9.9051   .000085
   15.1025     9.9051   .000094
   15.3024     9.9051   .000113
   15.5022     9.9051   .000121
   15.7022     9.9051   .000120
   15.9021     9.9051   .000122
   16.1019     9.9051   .000122
   16.3018     9.9051   .000112
   16.5018     9.9051   .000097
   16.7017     9.9051   .000100
   16.9016     9.9051   .000108
   17.1014     9.9051   .000108
   17.3013     9.9051   .000113
   17.5012     9.9051   .000105
   17.7012     9.9051   .000084
   17.9011     9.9051   .000077
   18.1010     9.9051   .000076
   18.3008     9.9051   .000084
   18.5007     9.9051   .000097
   18.7006     9.9051   .000108
   18.9006     9.9051   .000119
   19.1005     9.9051   .000106
   19.3004     9.9051   .000081
   19.5002     9.9051   .000079
   19.7001     9.9051   .000087
   19.9000     9.9051   .000092
     .1099    10.1049   .000076
     .3099    10.1049   .000051
     .5098    10.1049   .000021
     .7096    10.1049   .000010
     .9096    10.1049   .000008
    1.1094    10.1049   .000004
    1.3094    10.1049   .000012
    1.5093    10.1049   .000015
    1.7091    10.1049   .000011
    1.9090    10.1049   .000006
    2.1089    10.1049   .000003
    2.3089    10.1049   .000000
    2.5087    10.1049   .000000
    2.7087    10.1049   .000000
    2.9086    10.1049   .000001
    3.1084    10.1049   .000000
    3.3084    10.1049   .000000
    3.5082    10.1049   .000000
    3.7081    10.1049   .000000
    3.9081    10.1049   .000000
    4.1080    10.1049   .000000
    4.3078    10.1049   .000000
    4.5078    10.1049   .000000
    4.7077    10.1049   .000000
    4.9075    10.1049   .000000
    5.1075    10.1049   .000000
    5.3074    10.1049   .000000
    5.5072    10.1049   .000000
    5.7071    10.1049   .000000
    5.9071    10.1049   .000000
    6.1069    10.1049   .000000
    6.3068    10.1049   .000001
    6.5068    10.1049   .000002
    6.7067    10.1049   .000009
    6.9065    10.1049   .000026
    7.1065    10.1049   .000036
    7.3064    10.1049   .000053
    7.5062    10.1049   .000084
    7.7062    10.1049   .000091
    7.9061    10.1049   .000095
    8.1060    10.1049   .000127
    8.3059    10.1049   .000176
    8.5057    10.1049   .000211
    8.7057    10.1049   .000215
    8.9056    10.1049   .000213
    9.1054    10.1049   .000208
    9.3054    10.1049   .000211
    9.5052    10.1049   .000206
    9.7051    10.1049   .000207
    9.9051    10.1049   .000236
   10.1049    10.1049   .000281
   10.3048    10.1049   .000321
   10.5048    10.1049   .000341
   10.7046    10.1049   .000319
   10.9045    10.1049   .000303
   11.1045    10.1049   .000288
   11.3043    10.1049   .000278
   11.5043    10.1049   .000273
   11.7042    10.1049   .000263
   11.9040    10.1049   .000244
   12.1040    10.1049   .000214
   12.3039    10.1049   .000158
   12.5037    10.1049   .000112
   12.7037    10.1049   .000091
   12.9036    10.1049   .000109
   13.1034    10.1049   .000122
   13.3034    10.1049   .000133
   13.5033    10.1049   .000117
   13.7031    10.1049   .000111
   13.9031    10.1049   .000105
   14.1030    10.1049   .000093
   14.3028    10.1049   .000089
   14.5028    10.1049   .000084
   14.7027    10.1049   .000089
   14.9025    10.1049   .000093
   15.1025    10.1049   .000106
   15.3024    10.1049   .000116
   15.5022    10.1049   .000120
   15.7022    10.1049   .000136
   15.9021    10.1049   .000127
   16.1019    10.1049   .000135
   16.3018    10.1049   .000130
   16.5018    10.1049   .000108
   16.7017    10.1049   .000094
   16.9016    10.1049   .000108
   17.1014    10.1049   .000115
   17.3013    10.1049   .000117
   17.5012    10.1049   .000103
   17.7012    10.1049   .000097
   17.9011    10.1049   .000093
   18.1010    10.1049   .000089
   18.3008    10.1049   .000081
   18.5007    10.1049   .000101
   18.7006    10.1049   .000122
   18.9006    10.1049   .000123
   19.1005    10.1049   .000114
   19.3004    10.1049   .000102
   19.5002    10.1049   .000082
   19.7001    10.1049   .000100
   19.9000    10.1049   .000100
     .1099    10.3048   .000087
     .3099    10.3048   .000061
     .5098    10.3048   .000035
     .7096    10.3048   .000020
     .9096    10.3048   .000010
    1.1094    10.3048   .000005
    1.3094    10.3048   .000010
    1.5093    10.3048   .000016
    1.7091    10.3048   .000021
    1.9090    10.3048   .000009
    2.1089    10.3048   .000003
    2.3089    10.3048   .000000
    2.5087    10.3048   .000000
    2.7087    10.3048   .000000
    2.9086    10.3048   .000000
    3.1084    10.3048   .000000
    3.3084    10.3048   .000000
    3.5082    10.3048   .000000
    3.7081    10.3048   .000000
    3.9081    10.3048   .000000
    4.1080    10.3048   .000000
    4.3078    10.3048   .000000
    4.5078    10.3048   .000001
    4.7077    10.3048   .000000
    4.9075    10.3048   .000000
    5.1075    10.3048   .000001
    5.3074    10.3048   .000000
    5.5072    10.3048   .000000
    5.7071    10.3048   .000000
    5.9071    10.3048   .000000
    6.1069    10.3048   .000000
    6.3068    10.3048   .000001
    6.5068    10.3048   .000001
    6.7067    10.3048   .000003
    6.9065    10.3048   .000004
    7.1065    10.3048   .000003
    7.3064    10.3048   .000021
    7.5062    10.3048   .000032
    7.7062    10.3048   .000048
    7.9061    10.3048   .000054
    8.1060    10.3048   .000078
    8.3059    10.3048   .000149
    8.5057    10.3048   .000195
    8.7057    10.3048   .000210
    8.9056    10.3048   .000222
    9.1054    10.3048   .000212
    9.3054    10.3048   .000207
    9.5052    10.3048   .000209
    9.7051    10.3048   .000213
    9.9051    10.3048   .000238
   10.1049    10.3048   .000274
   10.3048    10.3048   .000306
   10.5048    10.3048   .000318
   10.7046    10.3048   .000304
   10.9045    10.3048   .000283
   11.1045    10.3048   .000268
   11.3043    10.3048   .000247
   11.5043    10.3048   .000257
   11.7042    10.3048   .000239
   11.9040    10.3048   .000227
   12.1040    10.3048   .000199
   12.3039    10.3048   .000159
   12.5037    10.3048   .000116
   12.7037    10.3048   .000099
   12.9036    10.3048   .000102
   13.1034    10.3048   .000127
   13.3034    10.3048   .000127
   13.5033    10.3048   .000120
   13.7031    10.3048   .000110
   13.9031    10.3048   .000106
   14.1030    10.3048   .000095
   14.3028    10.3048   .000091
   14.5028    10.3048   .000091
   14.7027    10.3048   .000086
   14.9025    10.3048   .000085
   15.1025    10.3048   .000098
   15.3024    10.3048   .000110
   15.5022    10.3048   .000125
   15.7022    10.3048   .000132
   15.9021    10.3048   .000123
   16.1019    10.3048   .000133
   16.3018    10.3048   .000131
   16.5018    10.3048   .000112
   16.7017    10.3048   .000101
   16.9016    10.3048   .000100
   17.1014    10.3048   .000112
   17.3013    10.3048   .000114
   17.5012    10.3048   .000109
   17.7012    10.3048   .000098
   17.9011    10.3048   .000092
   18.1010    10.3048   .000088
   18.3008    10.3048   .000089
   18.5007    10.3048   .000091
   18.7006    10.3048   .000117
   18.9006    10.3048   .000129
   19.1005    10.3048   .000125
   19.3004    10.3048   .000111
   19.5002    10.3048   .000093
   19.7001    10.3048   .000093
   19.9000    10.3048   .000101
     .1099    10.5048   .000090
     .3099    10.5048   .000070
     .5098    10.5048   .000038
     .7096    10.5048   .000024
     .9096    10.5048   .000011
    1.1094    10.5048   .000008
    1.3094    10.5048   .000009
    1.5093    10.5048   .000023
    1.7091    10.5048   .000022
    1.9090    10.5048   .000017
    2.1089    10.5048   .000004
    2.3089    10.5048   .000000
    2.5087    10.5048   .000000
    2.7087    10.5048   .000000
    2.9086    10.5048   .000000
    3.1084    10.5048   .000000
    3.3084    10.5048   .000000
    3.5082    10.5048   .000000
    3.7081    10.5048   .000000
    3.9081    10.5048   .000000
    4.1080    10.5048   .000000
    4.3078    10.5048   .000000
    4.5078    10.5048   .000000
    4.7077    10.5048   .000000
    4.9075    10.5048   .000000
    5.1075    10.5048   .000000
    5.3074    10.5048   .000000
    5.5072    10.5048   .000000
    5.7071    10.5048   .000000
    5.9071    10.5048   .000000
    6.1069    10.5048   .000000
    6.3068    10.5048   .000001
    6.5068    10.5048   .000001
    6.7067    10.5048   .000001
    6.9065    10.5048   .000001
    7.1065    10.5048   .000001
    7.3064    10.5048   .000002
    7.5062    10.5048   .000014
    7.7062    10.5048   .000025
    7.9061    10.5048   .000028
    8.1060    10.5048   .000063
    8.3059    10.5048   .000124
    8.5057    10.5048   .000174
    8.7057    10.5048   .000201
    8.9056    10.5048   .000212
    9.1054    10.5048   .000211
    9.3054    10.5048   .000206
    9.5052    10.5048   .000203
    9.7051    10.5048   .000208
    9.9051    10.5048   .000234
   10.1049    10.5048   .000270
   10.3048    10.5048   .000298
   10.5048    10.5048   .000314
   10.7046    10.5048   .000302
   10.9045    10.5048   .000288
   11.1045    10.5048   .000260
   11.3043    10.5048   .000233
   11.5043    10.5048   .000228
   11.7042    10.5048   .000237
   11.9040    10.5048   .000224
   12.1040    10.5048   .000209
   12.3039    10.5048   .000169
   12.5037    10.5048   .000119
   12.7037    10.5048   .000096
   12.9036    10.5048   .000112
   13.1034    10.5048   .000129
   13.3034    10.5048   .000136
   13.5033    10.5048   .000129
   13.7031    10.5048   .000114
   13.9031    10.5048   .000108
   14.1030    10.5048   .000101
   14.3028    10.5048   .000102
   14.5028    10.5048   .000094
   14.7027    10.5048   .000099
   14.9025    10.5048   .000093
   15.1025    10.5048   .000102
   15.3024    10.5048   .000119
   15.5022    10.5048   .000125
   15.7022    10.5048   .000128
   15.9021    10.5048   .000132
   16.1019    10.5048   .000138
   16.3018    10.5048   .000139
   16.5018    10.5048   .000120
   16.7017    10.5048   .000109
   16.9016    10.5048   .000100
   17.1014    10.5048   .000115
   17.3013    10.5048   .000118
   17.5012    10.5048   .000117
   17.7012    10.5048   .000105
   17.9011    10.5048   .000097
   18.1010    10.5048   .000089
   18.3008    10.5048   .000097
   18.5007    10.5048   .000093
   18.7006    10.5048   .000119
   18.9006    10.5048   .000127
   19.1005    10.5048   .000132
   19.3004    10.5048   .000115
   19.5002    10.5048   .000105
   19.7001    10.5048   .000106
   19.9000    10.5048   .000098
     .1099    10.7046   .000096
     .3099    10.7046   .000075
     .5098    10.7046   .000048
     .7096    10.7046   .000024
     .9096    10.7046   .000013
    1.1094    10.7046   .000016
    1.3094    10.7046   .000015
    1.5093    10.7046   .000022
    1.7091    10.7046   .000028
    1.9090    10.7046   .000018
    2.1089    10.7046   .000005
    2.3089    10.7046   .000000
    2.5087    10.7046   .000000
    2.7087    10.7046   .000000
    2.9086    10.7046   .000000
    3.1084    10.7046   .000001
    3.3084    10.7046   .000000
    3.5082    10.7046   .000000
    3.7081    10.7046   .000000
    3.9081    10.7046   .000000
    4.1080    10.7046   .000000
    4.3078    10.7046   .000000
    4.5078    10.7046   .000000
    4.7077    10.7046   .000000
    4.9075    10.7046   .000000
    5.1075    10.7046   .000000
    5.3074    10.7046   .000000
    5.5072    10.7046   .000000
    5.7071    10.7046   .000000
    5.9071    10.7046   .000000
    6.1069    10.7046   .000000
    6.3068    10.7046   .000000
    6.5068    10.7046   .000001
    6.7067    10.7046   .000001
    6.9065    10.7046   .000001
    7.1065    10.7046   .000001
    7.3064    10.7046   .000001
    7.5062    10.7046   .000005
    7.7062    10.7046   .000011
    7.9061    10.7046   .000011
    8.1060    10.7046   .000046
    8.3059    10.7046   .000100
    8.5057    10.7046   .000160
    8.7057    10.7046   .000186
    8.9056    10.7046   .000205
    9.1054    10.7046   .000200
    9.3054    10.7046   .000204
    9.5052    10.7046   .000195
    9.7051    10.7046   .000208
    9.9051    10.7046   .000227
   10.1049    10.7046   .000266
   10.3048    10.7046   .000286
   10.5048    10.7046   .000303
   10.7046    10.7046   .000304
   10.9045    10.7046   .000280
   11.1045    10.7046   .000255
   11.3043    10.7046   .000213
   11.5043    10.7046   .000204
   11.7042    10.7046   .000217
   11.9040    10.7046   .000218
   12.1040    10.7046   .000208
   12.3039    10.7046   .000160
   12.5037    10.7046   .000126
   12.7037    10.7046   .000102
   12.9036    10.7046   .000114
   13.1034    10.7046   .000123
   13.3034    10.7046   .000135
   13.5033    10.7046   .000132
   13.7031    10.7046   .000130
   13.9031    10.7046   .000123
   14.1030    10.7046   .000111
   14.3028    10.7046   .000112
   14.5028    10.7046   .000104
   14.7027    10.7046   .000103
   14.9025    10.7046   .000107
   15.1025    10.7046   .000108
   15.3024    10.7046   .000117
   15.5022    10.7046   .000126
   15.7022    10.7046   .000124
   15.9021    10.7046   .000131
   16.1019    10.7046   .000144
   16.3018    10.7046   .000144
   16.5018    10.7046   .000135
   16.7017    10.7046   .000109
   16.9016    10.7046   .000103
   17.1014    10.7046   .000113
   17.3013    10.7046   .000119
   17.5012    10.7046   .000117
   17.7012    10.7046   .000118
   17.9011    10.7046   .000109
   18.1010    10.7046   .000101
   18.3008    10.7046   .000096
   18.5007    10.7046   .000103
   18.7006    10.7046   .000115
   18.9006    10.7046   .000128
   19.1005    10.7046   .000136
   19.3004    10.7046   .000129
   19.5002    10.7046   .000116
   19.7001    10.7046   .000117
   19.9000    10.7046   .000104
     .1099    10.9045   .000102
     .3099    10.9045   .000084
     .5098    10.9045   .000049
     .7096    10.9045   .000026
     .9096    10.9045   .000019
    1.1094    10.9045   .000013
    1.3094    10.9045   .000013
    1.5093    10.9045   .000031
    1.7091    10.9045   .000025
    1.9090    10.9045   .000015
    2.1089    10.9045   .000005
    2.3089    10.9045   .000000
    2.5087    10.9045   .000000
    2.7087    10.9045   .000000
    2.9086    10.9045   .000000
    3.1084    10.9045   .000000
    3.3084    10.9045   .000000
    3.5082    10.9045   .000000
    3.7081    10.9045   .000000
    3.9081    10.9045   .000000
    4.1080    10.9045   .000000
    4.3078    10.9045   .000000
    4.5078    10.9045   .000000
    4.7077    10.9045   .000000
    4.9075    10.9045   .000000
    5.1075    10.9045   .000000
    5.3074    10.9045   .000000
    5.5072    10.9045   .000000
    5.7071    10.9045   .000000
    5.9071    10.9045   .000000
    6.1069    10.9045   .000000
    6.3068    10.9045   .000000
    6.5068    10.9045   .000001
    6.7067    10.9045   .000001
    6.9065    10.9045   .000001
    7.1065    10.9045   .000000
    7.3064    10.9045   .000001
    7.5062    10.9045   .000001
    7.7062    10.9045   .000002
    7.9061    10.9045   .000002
    8.1060    10.9045   .000022
    8.3059    10.9045   .000091
    8.5057    10.9045   .000136
    8.7057    10.9045   .000184
    8.9056    10.9045   .000203
    9.1054    10.9045   .000206
    9.3054    10.9045   .000201
    9.5052    10.9045   .000202
    9.7051    10.9045   .000199
    9.9051    10.9045   .000219
   10.1049    10.9045   .000252
   10.3048    10.9045   .000278
   10.5048    10.9045   .000298
   10.7046    10.9045   .000294
   10.9045    10.9045   .000277
   11.1045    10.9045   .000245
   11.3043    10.9045   .000199
   11.5043    10.9045   .000187
   11.7042    10.9045   .000197
   11.9040    10.9045   .000207
   12.1040    10.9045   .000191
   12.3039    10.9045   .000158
   12.5037    10.9045   .000130
   12.7037    10.9045   .000111
   12.9036    10.9045   .000111
   13.1034    10.9045   .000126
   13.3034    10.9045   .000139
   13.5033    10.9045   .000139
   13.7031    10.9045   .000135
   13.9031    10.9045   .000126
   14.1030    10.9045   .000120
   14.3028    10.9045   .000119
   14.5028    10.9045   .000119
   14.7027    10.9045   .000109
   14.9025    10.9045   .000114
   15.1025    10.9045   .000118
   15.3024    10.9045   .000127
   15.5022    10.9045   .000131
   15.7022    10.9045   .000135
   15.9021    10.9045   .000132
   16.1019    10.9045   .000146
   16.3018    10.9045   .000149
   16.5018    10.9045   .000145
   16.7017    10.9045   .000117
   16.9016    10.9045   .000098
   17.1014    10.9045   .000107
   17.3013    10.9045   .000119
   17.5012    10.9045   .000122
   17.7012    10.9045   .000126
   17.9011    10.9045   .000111
   18.1010    10.9045   .000112
   18.3008    10.9045   .000097
   18.5007    10.9045   .000103
   18.7006    10.9045   .000112
   18.9006    10.9045   .000126
   19.1005    10.9045   .000139
   19.3004    10.9045   .000139
   19.5002    10.9045   .000130
   19.7001    10.9045   .000125
   19.9000    10.9045   .000110
     .1099    11.1045   .000099
     .3099    11.1045   .000092
     .5098    11.1045   .000057
     .7096    11.1045   .000039
     .9096    11.1045   .000020
    1.1094    11.1045   .000011
    1.3094    11.1045   .000023
    1.5093    11.1045   .000029
    1.7091    11.1045   .000032
    1.9090    11.1045   .000022
    2.1089    11.1045   .000008
    2.3089    11.1045   .000000
    2.5087    11.1045   .000000
    2.7087    11.1045   .000000
    2.9086    11.1045   .000000
    3.1084    11.1045   .000000
    3.3084    11.1045   .000000
    3.5082    11.1045   .000000
    3.7081    11.1045   .000000
    3.9081    11.1045   .000000
    4.1080    11.1045   .000000
    4.3078    11.1045   .000000
    4.5078    11.1045   .000000
    4.7077    11.1045   .000000
    4.9075    11.1045   .000000
    5.1075    11.1045   .000000
    5.3074    11.1045   .000000
    5.5072    11.1045   .000000
    5.7071    11.1045   .000000
    5.9071    11.1045   .000000
    6.1069    11.1045   .000000
    6.3068    11.1045   .000001
    6.5068    11.1045   .000001
    6.7067    11.1045   .000001
    6.9065    11.1045   .000001
    7.1065    11.1045   .000001
    7.3064    11.1045   .000000
    7.5062    11.1045   .000001
    7.7062    11.1045   .000002
    7.9061    11.1045   .000001
    8.1060    11.1045   .000013
    8.3059    11.1045   .000076
    8.5057    11.1045   .000128
    8.7057    11.1045   .000167
    8.9056    11.1045   .000195
    9.1054    11.1045   .000196
    9.3054    11.1045   .000190
    9.5052    11.1045   .000191
    9.7051    11.1045   .000199
    9.9051    11.1045   .000209
   10.1049    11.1045   .000243
   10.3048    11.1045   .000273
   10.5048    11.1045   .000298
   10.7046    11.1045   .000291
   10.9045    11.1045   .000270
   11.1045    11.1045   .000232
   11.3043    11.1045   .000192
   11.5043    11.1045   .000170
   11.7042    11.1045   .000178
   11.9040    11.1045   .000203
   12.1040    11.1045   .000184
   12.3039    11.1045   .000162
   12.5037    11.1045   .000135
   12.7037    11.1045   .000103
   12.9036    11.1045   .000113
   13.1034    11.1045   .000132
   13.3034    11.1045   .000138
   13.5033    11.1045   .000137
   13.7031    11.1045   .000137
   13.9031    11.1045   .000129
   14.1030    11.1045   .000131
   14.3028    11.1045   .000126
   14.5028    11.1045   .000122
   14.7027    11.1045   .000118
   14.9025    11.1045   .000110
   15.1025    11.1045   .000116
   15.3024    11.1045   .000126
   15.5022    11.1045   .000133
   15.7022    11.1045   .000123
   15.9021    11.1045   .000132
   16.1019    11.1045   .000147
   16.3018    11.1045   .000157
   16.5018    11.1045   .000149
   16.7017    11.1045   .000133
   16.9016    11.1045   .000101
   17.1014    11.1045   .000105
   17.3013    11.1045   .000125
   17.5012    11.1045   .000133
   17.7012    11.1045   .000126
   17.9011    11.1045   .000123
   18.1010    11.1045   .000116
   18.3008    11.1045   .000099
   18.5007    11.1045   .000091
   18.7006    11.1045   .000110
   18.9006    11.1045   .000134
   19.1005    11.1045   .000145
   19.3004    11.1045   .000150
   19.5002    11.1045   .000143
   19.7001    11.1045   .000132
   19.9000    11.1045   .000121
     .1099    11.3043   .000108
     .3099    11.3043   .000101
     .5098    11.3043   .000068
     .7096    11.3043   .000041
     .9096    11.3043   .000027
    1.1094    11.3043   .000026
    1.3094    11.3043   .000024
    1.5093    11.3043   .000032
    1.7091    11.3043   .000037
    1.9090    11.3043   .000028
    2.1089    11.3043   .000011
    2.3089    11.3043   .000000
    2.5087    11.3043   .000000
    2.7087    11.3043   .000000
    2.9086    11.3043   .000000
    3.1084    11.3043   .000000
    3.3084    11.3043   .000000
    3.5082    11.3043   .000000
    3.7081    11.3043   .000000
    3.9081    11.3043   .000000
    4.1080    11.3043   .000000
    4.3078    11.3043   .000000
    4.5078    11.3043   .000000
    4.7077    11.3043   .000000
    4.9075    11.3043   .000000
    5.1075    11.3043   .000000
    5.3074    11.3043   .000000
    5.5072    11.3043   .000000
    5.7071    11.3043   .000000
    5.9071    11.3043   .000000
    6.1069    11.3043   .000000
    6.3068    11.3043   .000000
    6.5068    11.3043   .000001
    6.7067    11.3043   .000001
    6.9065    11.3043   .000001
    7.1065    11.3043   .000001
    7.3064    11.3043   .000001
    7.5062    11.3043   .000001
    7.7062    11.3043   .000002
    7.9061    11.3043   .000001
    8.1060    11.3043   .000006
    8.3059    11.3043   .000058
    8.5057    11.3043   .000119
    8.7057    11.3043   .000163
    8.9056    11.3043   .000178
    9.1054    11.3043   .000187
    9.3054    11.3043   .000190
    9.5052    11.3043   .000183
    9.7051    11.3043   .000190
    9.9051    11.3043   .000211
   10.1049    11.3043   .000242
   10.3048    11.3043   .000268
   10.5048    11.3043   .000274
   10.7046    11.3043   .000276
   10.9045    11.3043   .000261
   11.1045    11.3043   .000227
   11.3043    11.3043   .000181
   11.5043    11.3043   .000006
   11.7042    11.3043   .000162
   11.9040    11.3043   .000184
   12.1040    11.3043   .000190
   12.3039    11.3043   .000163
   12.5037    11.3043   .000140
   12.7037    11.3043   .000123
   12.9036    11.3043   .000117
   13.1034    11.3043   .000129
   13.3034    11.3043   .000139
   13.5033    11.3043   .000142
   13.7031    11.3043   .000148
   13.9031    11.3043   .000146
   14.1030    11.3043   .000142
   14.3028    11.3043   .000136
   14.5028    11.3043   .000127
   14.7027    11.3043   .000132
   14.9025    11.3043   .000125
   15.1025    11.3043   .000124
   15.3024    11.3043   .000133
   15.5022    11.3043   .000129
   15.7022    11.3043   .000127
   15.9021    11.3043   .000138
   16.1019    11.3043   .000145
   16.3018    11.3043   .000163
   16.5018    11.3043   .000160
   16.7017    11.3043   .000137
   16.9016    11.3043   .000106
   17.1014    11.3043   .000100
   17.3013    11.3043   .000126
   17.5012    11.3043   .000134
   17.7012    11.3043   .000136
   17.9011    11.3043   .000135
   18.1010    11.3043   .000121
   18.3008    11.3043   .000111
   18.5007    11.3043   .000099
   18.7006    11.3043   .000104
   18.9006    11.3043   .000133
   19.1005    11.3043   .000147
   19.3004    11.3043   .000159
   19.5002    11.3043   .000146
   19.7001    11.3043   .000142
   19.9000    11.3043   .000121
     .1099    11.5043   .000108
     .3099    11.5043   .000103
     .5098    11.5043   .000070
     .7096    11.5043   .000051
     .9096    11.5043   .000034
    1.1094    11.5043   .000023
    1.3094    11.5043   .000027
    1.5093    11.5043   .000036
    1.7091    11.5043   .000033
    1.9090    11.5043   .000026
    2.1089    11.5043   .000015
    2.3089    11.5043   .000000
    2.5087    11.5043   .000000
    2.7087    11.5043   .000000
    2.9086    11.5043   .000000
    3.1084    11.5043   .000000
    3.3084    11.5043   .000000
    3.5082    11.5043   .000000
    3.7081    11.5043   .000000
    3.9081    11.5043   .000000
    4.1080    11.5043   .000000
    4.3078    11.5043   .000000
    4.5078    11.5043   .000000
    4.7077    11.5043   .000000
    4.9075    11.5043   .000000
    5.1075    11.5043   .000000
    5.3074    11.5043   .000000
    5.5072    11.5043   .000000
    5.7071    11.5043   .000000
    5.9071    11.5043   .000000
    6.1069    11.5043   .000000
    6.3068    11.5043   .000001
    6.5068    11.5043   .000001
    6.7067    11.5043   .000001
    6.9065    11.5043   .000001
    7.1065    11.5043   .000001
    7.3064    11.5043   .000001
    7.5062    11.5043   .000001
    7.7062    11.5043   .000002
    7.9061    11.5043   .000001
    8.1060    11.5043   .000003
    8.3059    11.5043   .000052
    8.5057    11.5043   .000098
    8.7057    11.5043   .000146
    8.9056    11.5043   .000173
    9.1054    11.5043   .000173
    9.3054    11.5043   .000176
    9.5052    11.5043   .000166
    9.7051    11.5043   .000176
    9.9051    11.5043   .000194
   10.1049    11.5043   .000226
   10.3048    11.5043   .000247
   10.5048    11.5043   .000276
   10.7046    11.5043   .000277
   10.9045    11.5043   .000255
   11.1045    11.5043   .000225
   11.3043    11.5043   .000177
   11.5043    11.5043   .000148
   11.7042    11.5043   .000152
   11.9040    11.5043   .000176
   12.1040    11.5043   .000184
   12.3039    11.5043   .000156
   12.5037    11.5043   .000137
   12.7037    11.5043   .000111
   12.9036    11.5043   .000112
   13.1034    11.5043   .000125
   13.3034    11.5043   .000139
   13.5033    11.5043   .000146
   13.7031    11.5043   .000144
   13.9031    11.5043   .000153
   14.1030    11.5043   .000144
   14.3028    11.5043   .000143
   14.5028    11.5043   .000138
   14.7027    11.5043   .000129
   14.9025    11.5043   .000128
   15.1025    11.5043   .000131
   15.3024    11.5043   .000136
   15.5022    11.5043   .000136
   15.7022    11.5043   .000133
   15.9021    11.5043   .000128
   16.1019    11.5043   .000147
   16.3018    11.5043   .000165
   16.5018    11.5043   .000159
   16.7017    11.5043   .000142
   16.9016    11.5043   .000106
   17.1014    11.5043   .000103
   17.3013    11.5043   .000110
   17.5012    11.5043   .000134
   17.7012    11.5043   .000147
   17.9011    11.5043   .000148
   18.1010    11.5043   .000137
   18.3008    11.5043   .000117
   18.5007    11.5043   .000103
   18.7006    11.5043   .000104
   18.9006    11.5043   .000130
   19.1005    11.5043   .000144
   19.3004    11.5043   .000162
   19.5002    11.5043   .000160
   19.7001    11.5043   .000148
   19.9000    11.5043   .000122
     .1099    11.7042   .000108
     .3099    11.7042   .000116
     .5098    11.7042   .000081
     .7096    11.7042   .000049
     .9096    11.7042   .000037
    1.1094    11.7042   .000027
    1.3094    11.7042   .000027
    1.5093    11.7042   .000039
    1.7091    11.7042   .000044
    1.9090    11.7042   .000034
    2.1089    11.7042   .000007
    2.3089    11.7042   .000000
    2.5087    11.7042   .000000
    2.7087    11.7042   .000000
    2.9086    11.7042   .000000
    3.1084    11.7042   .000001
    3.3084    11.7042   .000000
    3.5082    11.7042   .000000
    3.7081    11.7042   .000000
    3.9081    11.7042   .000000
    4.1080    11.7042   .000000
    4.3078    11.7042   .000000
    4.5078    11.7042   .000000
    4.7077    11.7042   .000000
    4.9075    11.7042   .000000
    5.1075    11.7042   .000000
    5.3074    11.7042   .000000
    5.5072    11.7042   .000000
    5.7071    11.7042   .000000
    5.9071    11.7042   .000000
    6.1069    11.7042   .000000
    6.3068    11.7042   .000001
    6.5068    11.7042   .000001
    6.7067    11.7042   .000001
    6.9065    11.7042   .000001
    7.1065    11.7042   .000000
    7.3064    11.7042   .000001
    7.5062    11.7042   .000001
    7.7062    11.7042   .000001
    7.9061    11.7042   .000001
    8.1060    11.7042   .000002
    8.3059    11.7042   .000036
    8.5057    11.7042   .000093
    8.7057    11.7042   .000136
    8.9056    11.7042   .000158
    9.1054    11.7042   .000170
    9.3054    11.7042   .000165
    9.5052    11.7042   .000166
    9.7051    11.7042   .000163
    9.9051    11.7042   .000185
   10.1049    11.7042   .000215
   10.3048    11.7042   .000245
   10.5048    11.7042   .000261
   10.7046    11.7042   .000276
   10.9045    11.7042   .000249
   11.1045    11.7042   .000229
   11.3043    11.7042   .000179
   11.5043    11.7042   .000143
   11.7042    11.7042   .000141
   11.9040    11.7042   .000176
   12.1040    11.7042   .000184
   12.3039    11.7042   .000158
   12.5037    11.7042   .000133
   12.7037    11.7042   .000125
   12.9036    11.7042   .000113
   13.1034    11.7042   .000129
   13.3034    11.7042   .000141
   13.5033    11.7042   .000143
   13.7031    11.7042   .000145
   13.9031    11.7042   .000148
   14.1030    11.7042   .000151
   14.3028    11.7042   .000160
   14.5028    11.7042   .000146
   14.7027    11.7042   .000150
   14.9025    11.7042   .000135
   15.1025    11.7042   .000131
   15.3024    11.7042   .000136
   15.5022    11.7042   .000136
   15.7022    11.7042   .000133
   15.9021    11.7042   .000129
   16.1019    11.7042   .000144
   16.3018    11.7042   .000162
   16.5018    11.7042   .000162
   16.7017    11.7042   .000153
   16.9016    11.7042   .000118
   17.1014    11.7042   .000101
   17.3013    11.7042   .000110
   17.5012    11.7042   .000139
   17.7012    11.7042   .000149
   17.9011    11.7042   .000151
   18.1010    11.7042   .000145
   18.3008    11.7042   .000127
   18.5007    11.7042   .000000
   18.7006    11.7042   .000113
   18.9006    11.7042   .000122
   19.1005    11.7042   .000145
   19.3004    11.7042   .000160
   19.5002    11.7042   .000169
   19.7001    11.7042   .000162
   19.9000    11.7042   .000133
     .1099    11.9040   .000110
     .3099    11.9040   .000112
     .5098    11.9040   .000086
     .7096    11.9040   .000057
     .9096    11.9040   .000035
    1.1094    11.9040   .000036
    1.3094    11.9040   .000036
    1.5093    11.9040   .000039
    1.7091    11.9040   .000052
    1.9090    11.9040   .000035
    2.1089    11.9040   .000014
    2.3089    11.9040   .000000
    2.5087    11.9040   .000000
    2.7087    11.9040   .000000
    2.9086    11.9040   .000000
    3.1084    11.9040   .000000
    3.3084    11.9040   .000000
    3.5082    11.9040   .000000
    3.7081    11.9040   .000000
    3.9081    11.9040   .000000
    4.1080    11.9040   .000000
    4.3078    11.9040   .000000
    4.5078    11.9040   .000000
    4.7077    11.9040   .000000
    4.9075    11.9040   .000000
    5.1075    11.9040   .000000
    5.3074    11.9040   .000000
    5.5072    11.9040   .000000
    5.7071    11.9040   .000000
    5.9071    11.9040   .000000
    6.1069    11.9040   .000000
    6.3068    11.9040   .000001
    6.5068    11.9040   .000001
    6.7067    11.9040   .000002
    6.9065    11.9040   .000001
    7.1065    11.9040   .000001
    7.3064    11.9040   .000001
    7.5062    11.9040   .000002
    7.7062    11.9040   .000003
    7.9061    11.9040   .000001
    8.1060    11.9040   .000002
    8.3059    11.9040   .000034
    8.5057    11.9040   .000083
    8.7057    11.9040   .000118
    8.9056    11.9040   .000142
    9.1054    11.9040   .000152
    9.3054    11.9040   .000147
    9.5052    11.9040   .000141
    9.7051    11.9040   .000149
    9.9051    11.9040   .000168
   10.1049    11.9040   .000196
   10.3048    11.9040   .000229
   10.5048    11.9040   .000255
   10.7046    11.9040   .000261
   10.9045    11.9040   .000248
   11.1045    11.9040   .000228
   11.3043    11.9040   .000189
   11.5043    11.9040   .000145
   11.7042    11.9040   .000136
   11.9040    11.9040   .000162
   12.1040    11.9040   .000180
   12.3039    11.9040   .000164
   12.5037    11.9040   .000137
   12.7037    11.9040   .000120
   12.9036    11.9040   .000126
   13.1034    11.9040   .000130
   13.3034    11.9040   .000139
   13.5033    11.9040   .000139
   13.7031    11.9040   .000147
   13.9031    11.9040   .000155
   14.1030    11.9040   .000157
   14.3028    11.9040   .000162
   14.5028    11.9040   .000156
   14.7027    11.9040   .000150
   14.9025    11.9040   .000138
   15.1025    11.9040   .000132
   15.3024    11.9040   .000138
   15.5022    11.9040   .000138
   15.7022    11.9040   .000134
   15.9021    11.9040   .000138
   16.1019    11.9040   .000144
   16.3018    11.9040   .000166
   16.5018    11.9040   .000178
   16.7017    11.9040   .000160
   16.9016    11.9040   .000123
   17.1014    11.9040   .000039
   17.3013    11.9040   .000113
   17.5012    11.9040   .000135
   17.7012    11.9040   .000153
   17.9011    11.9040   .000163
   18.1010    11.9040   .000150
   18.3008    11.9040   .000130
   18.5007    11.9040   .000119
   18.7006    11.9040   .000110
   18.9006    11.9040   .000126
   19.1005    11.9040   .000145
   19.3004    11.9040   .000156
   19.5002    11.9040   .000165
   19.7001    11.9040   .000168
   19.9000    11.9040   .000139
     .1099    12.1040   .000113
     .3099    12.1040   .000112
     .5098    12.1040   .000082
     .7096    12.1040   .000060
     .9096    12.1040   .000046
    1.1094    12.1040   .000031
    1.3094    12.1040   .000040
    1.5093    12.1040   .000046
    1.7091    12.1040   .000049
    1.9090    12.1040   .000037
    2.1089    12.1040   .000013
    2.3089    12.1040   .000000
    2.5087    12.1040   .000000
    2.7087    12.1040   .000000
    2.9086    12.1040   .000000
    3.1084    12.1040   .000000
    3.3084    12.1040   .000000
    3.5082    12.1040   .000000
    3.7081    12.1040   .000000
    3.9081    12.1040   .000000
    4.1080    12.1040   .000000
    4.3078    12.1040   .000000
    4.5078    12.1040   .000000
    4.7077    12.1040   .000000
    4.9075    12.1040   .000000
    5.1075    12.1040   .000000
    5.3074    12.1040   .000000
    5.5072    12.1040   .000000
    5.7071    12.1040   .000000
    5.9071    12.1040   .000000
    6.1069    12.1040   .000000
    6.3068    12.1040   .000001
    6.5068    12.1040   .000001
    6.7067    12.1040   .000002
    6.9065    12.1040   .000002
    7.1065    12.1040   .000001
    7.3064    12.1040   .000001
    7.5062    12.1040   .000002
    7.7062    12.1040   .000003
    7.9061    12.1040   .000002
    8.1060    12.1040   .000003
    8.3059    12.1040   .000035
    8.5057    12.1040   .000061
    8.7057    12.1040   .000106
    8.9056    12.1040   .000132
    9.1054    12.1040   .000135
    9.3054    12.1040   .000131
    9.5052    12.1040   .000124
    9.7051    12.1040   .000126
    9.9051    12.1040   .000147
   10.1049    12.1040   .000182
   10.3048    12.1040   .000210
   10.5048    12.1040   .000239
   10.7046    12.1040   .000258
   10.9045    12.1040   .000247
   11.1045    12.1040   .000221
   11.3043    12.1040   .000195
   11.5043    12.1040   .000152
   11.7042    12.1040   .000137
   11.9040    12.1040   .000163
   12.1040    12.1040   .000177
   12.3039    12.1040   .000169
   12.5037    12.1040   .000145
   12.7037    12.1040   .000132
   12.9036    12.1040   .000126
   13.1034    12.1040   .000132
   13.3034    12.1040   .000140
   13.5033    12.1040   .000151
   13.7031    12.1040   .000143
   13.9031    12.1040   .000151
   14.1030    12.1040   .000160
   14.3028    12.1040   .000159
   14.5028    12.1040   .000153
   14.7027    12.1040   .000147
   14.9025    12.1040   .000139
   15.1025    12.1040   .000141
   15.3024    12.1040   .000142
   15.5022    12.1040   .000147
   15.7022    12.1040   .000141
   15.9021    12.1040   .000136
   16.1019    12.1040   .000146
   16.3018    12.1040   .000164
   16.5018    12.1040   .000169
   16.7017    12.1040   .000163
   16.9016    12.1040   .000129
   17.1014    12.1040   .000109
   17.3013    12.1040   .000112
   17.5012    12.1040   .000139
   17.7012    12.1040   .000157
   17.9011    12.1040   .000160
   18.1010    12.1040   .000160
   18.3008    12.1040   .000144
   18.5007    12.1040   .000130
   18.7006    12.1040   .000110
   18.9006    12.1040   .000130
   19.1005    12.1040   .000139
   19.3004    12.1040   .000157
   19.5002    12.1040   .000169
   19.7001    12.1040   .000171
   19.9000    12.1040   .000140
     .1099    12.3039   .000114
     .3099    12.3039   .000115
     .5098    12.3039   .000087
     .7096    12.3039   .000058
     .9096    12.3039   .000037
    1.1094    12.3039   .000038
    1.3094    12.3039   .000045
    1.5093    12.3039   .000044
    1.7091    12.3039   .000041
    1.9090    12.3039   .000037
    2.1089    12.3039   .000014
    2.3089    12.3039   .000000
    2.5087    12.3039   .000000
    2.7087    12.3039   .000000
    2.9086    12.3039   .000000
    3.1084    12.3039   .000000
    3.3084    12.3039   .000000
    3.5082    12.3039   .000000
    3.7081    12.3039   .000000
    3.9081    12.3039   .000000
    4.1080    12.3039   .000000
    4.3078    12.3039   .000000
    4.5078    12.3039   .000000
    4.7077    12.3039   .000000
    4.9075    12.3039   .000000
    5.1075    12.3039   .000000
    5.3074    12.3039   .000000
    5.5072    12.3039   .000000
    5.7071    12.3039   .000000
    5.9071    12.3039   .000000
    6.1069    12.3039   .000000
    6.3068    12.3039   .000001
    6.5068    12.3039   .000003
    6.7067    12.3039   .000002
    6.9065    12.3039   .000002
    7.1065    12.3039   .000001
    7.3064    12.3039   .000002
    7.5062    12.3039   .000003
    7.7062    12.3039   .000009
    7.9061    12.3039   .000002
    8.1060    12.3039   .000005
    8.3059    12.3039   .000014
    8.5057    12.3039   .000055
    8.7057    12.3039   .000077
    8.9056    12.3039   .000113
    9.1054    12.3039   .000116
    9.3054    12.3039   .000104
    9.5052    12.3039   .000102
    9.7051    12.3039   .000103
    9.9051    12.3039   .000122
   10.1049    12.3039   .000156
   10.3048    12.3039   .000200
   10.5048    12.3039   .000224
   10.7046    12.3039   .000238
   10.9045    12.3039   .000234
   11.1045    12.3039   .000225
   11.3043    12.3039   .000194
   11.5043    12.3039   .000163
   11.7042    12.3039   .000141
   11.9040    12.3039   .000163
   12.1040    12.3039   .000181
   12.3039    12.3039   .000173
   12.5037    12.3039   .000150
   12.7037    12.3039   .000132
   12.9036    12.3039   .000126
   13.1034    12.3039   .000134
   13.3034    12.3039   .000143
   13.5033    12.3039   .000144
   13.7031    12.3039   .000144
   13.9031    12.3039   .000157
   14.1030    12.3039   .000152
   14.3028    12.3039   .000168
   14.5028    12.3039   .000169
   14.7027    12.3039   .000154
   14.9025    12.3039   .000138
   15.1025    12.3039   .000137
   15.3024    12.3039   .000145
   15.5022    12.3039   .000143
   15.7022    12.3039   .000141
   15.9021    12.3039   .000126
   16.1019    12.3039   .000137
   16.3018    12.3039   .000162
   16.5018    12.3039   .000170
   16.7017    12.3039   .000159
   16.9016    12.3039   .000137
   17.1014    12.3039   .000111
   17.3013    12.3039   .000110
   17.5012    12.3039   .000138
   17.7012    12.3039   .000152
   17.9011    12.3039   .000159
   18.1010    12.3039   .000167
   18.3008    12.3039   .000166
   18.5007    12.3039   .000137
   18.7006    12.3039   .000113
   18.9006    12.3039   .000116
   19.1005    12.3039   .000131
   19.3004    12.3039   .000148
   19.5002    12.3039   .000164
   19.7001    12.3039   .000173
   19.9000    12.3039   .000144
     .1099    12.5037   .000114
     .3099    12.5037   .000106
     .5098    12.5037   .000095
     .7096    12.5037   .000068
     .9096    12.5037   .000044
    1.1094    12.5037   .000032
    1.3094    12.5037   .000037
    1.5093    12.5037   .000044
    1.7091    12.5037   .000052
    1.9090    12.5037   .000042
    2.1089    12.5037   .000014
    2.3089    12.5037   .000000
    2.5087    12.5037   .000000
    2.7087    12.5037   .000000
    2.9086    12.5037   .000000
    3.1084    12.5037   .000000
    3.3084    12.5037   .000000
    3.5082    12.5037   .000000
    3.7081    12.5037   .000000
    3.9081    12.5037   .000000
    4.1080    12.5037   .000000
    4.3078    12.5037   .000000
    4.5078    12.5037   .000000
    4.7077    12.5037   .000000
    4.9075    12.5037   .000000
    5.1075    12.5037   .000000
    5.3074    12.5037   .000000
    5.5072    12.5037   .000000
    5.7071    12.5037   .000000
    5.9071    12.5037   .000000
    6.1069    12.5037   .000000
    6.3068    12.5037   .000001
    6.5068    12.5037   .000004
    6.7067    12.5037   .000002
    6.9065    12.5037   .000001
    7.1065    12.5037   .000002
    7.3064    12.5037   .000003
    7.5062    12.5037   .000007
    7.7062    12.5037   .000007
    7.9061    12.5037   .000002
    8.1060    12.5037   .000009
    8.3059    12.5037   .000017
    8.5057    12.5037   .000045
    8.7057    12.5037   .000071
    8.9056    12.5037   .000093
    9.1054    12.5037   .000099
    9.3054    12.5037   .000098
    9.5052    12.5037   .000093
    9.7051    12.5037   .000090
    9.9051    12.5037   .000104
   10.1049    12.5037   .000141
   10.3048    12.5037   .000174
   10.5048    12.5037   .000205
   10.7046    12.5037   .000233
   10.9045    12.5037   .000238
   11.1045    12.5037   .000220
   11.3043    12.5037   .000199
   11.5043    12.5037   .000175
   11.7042    12.5037   .000146
   11.9040    12.5037   .000168
   12.1040    12.5037   .000175
   12.3039    12.5037   .000176
   12.5037    12.5037   .000155
   12.7037    12.5037   .000133
   12.9036    12.5037   .000133
   13.1034    12.5037   .000135
   13.3034    12.5037   .000137
   13.5033    12.5037   .000142
   13.7031    12.5037   .000138
   13.9031    12.5037   .000150
   14.1030    12.5037   .000159
   14.3028    12.5037   .000168
   14.5028    12.5037   .000164
   14.7027    12.5037   .000160
   14.9025    12.5037   .000152
   15.1025    12.5037   .000138
   15.3024    12.5037   .000153
   15.5022    12.5037   .000146
   15.7022    12.5037   .000145
   15.9021    12.5037   .000137
   16.1019    12.5037   .000136
   16.3018    12.5037   .000165
   16.5018    12.5037   .000169
   16.7017    12.5037   .000163
   16.9016    12.5037   .000141
   17.1014    12.5037   .000122
   17.3013    12.5037   .000110
   17.5012    12.5037   .000139
   17.7012    12.5037   .000152
   17.9011    12.5037   .000168
   18.1010    12.5037   .000170
   18.3008    12.5037   .000169
   18.5007    12.5037   .000149
   18.7006    12.5037   .000124
   18.9006    12.5037   .000118
   19.1005    12.5037   .000129
   19.3004    12.5037   .000147
   19.5002    12.5037   .000166
   19.7001    12.5037   .000173
   19.9000    12.5037   .000149
     .1099    12.7037   .000114
     .3099    12.7037   .000117
     .5098    12.7037   .000092
     .7096    12.7037   .000061
     .9096    12.7037   .000044
    1.1094    12.7037   .000036
    1.3094    12.7037   .000037
    1.5093    12.7037   .000048
    1.7091    12.7037   .000049
    1.9090    12.7037   .000041
    2.1089    12.7037   .000007
    2.3089    12.7037   .000000
    2.5087    12.7037   .000000
    2.7087    12.7037   .000000
    2.9086    12.7037   .000000
    3.1084    12.7037   .000000
    3.3084    12.7037   .000000
    3.5082    12.7037   .000000
    3.7081    12.7037   .000000
    3.9081    12.7037   .000000
    4.1080    12.7037   .000000
    4.3078    12.7037   .000000
    4.5078    12.7037   .000000
    4.7077    12.7037   .000000
    4.9075    12.7037   .000000
    5.1075    12.7037   .000000
    5.3074    12.7037   .000000
    5.5072    12.7037   .000000
    5.7071    12.7037   .000000
    5.9071    12.7037   .000000
    6.1069    12.7037   .000000
    6.3068    12.7037   .000001
    6.5068    12.7037   .000004
    6.7067    12.7037   .000002
    6.9065    12.7037   .000001
    7.1065    12.7037   .000001
    7.3064    12.7037   .000002
    7.5062    12.7037   .000012
    7.7062    12.7037   .000008
    7.9061    12.7037   .000006
    8.1060    12.7037   .000011
    8.3059    12.7037   .000023
    8.5057    12.7037   .000043
    8.7057    12.7037   .000059
    8.9056    12.7037   .000085
    9.1054    12.7037   .000086
    9.3054    12.7037   .000078
    9.5052    12.7037   .000075
    9.7051    12.7037   .000082
    9.9051    12.7037   .000089
   10.1049    12.7037   .000122
   10.3048    12.7037   .000159
   10.5048    12.7037   .000196
   10.7046    12.7037   .000216
   10.9045    12.7037   .000228
   11.1045    12.7037   .000219
   11.3043    12.7037   .000197
   11.5043    12.7037   .000180
   11.7042    12.7037   .000158
   11.9040    12.7037   .000165
   12.1040    12.7037   .000188
   12.3039    12.7037   .000181
   12.5037    12.7037   .000168
   12.7037    12.7037   .000148
   12.9036    12.7037   .000135
   13.1034    12.7037   .000130
   13.3034    12.7037   .000138
   13.5033    12.7037   .000136
   13.7031    12.7037   .000146
   13.9031    12.7037   .000149
   14.1030    12.7037   .000162
   14.3028    12.7037   .000168
   14.5028    12.7037   .000172
   14.7027    12.7037   .000162
   14.9025    12.7037   .000148
   15.1025    12.7037   .000152
   15.3024    12.7037   .000151
   15.5022    12.7037   .000148
   15.7022    12.7037   .000145
   15.9021    12.7037   .000142
   16.1019    12.7037   .000131
   16.3018    12.7037   .000159
   16.5018    12.7037   .000176
   16.7017    12.7037   .000167
   16.9016    12.7037   .000147
   17.1014    12.7037   .000117
   17.3013    12.7037   .000119
   17.5012    12.7037   .000136
   17.7012    12.7037   .000150
   17.9011    12.7037   .000169
   18.1010    12.7037   .000176
   18.3008    12.7037   .000181
   18.5007    12.7037   .000166
   18.7006    12.7037   .000137
   18.9006    12.7037   .000132
   19.1005    12.7037   .000130
   19.3004    12.7037   .000146
   19.5002    12.7037   .000158
   19.7001    12.7037   .000168
   19.9000    12.7037   .000152
     .1099    12.9036   .000119
     .3099    12.9036   .000114
     .5098    12.9036   .000088
     .7096    12.9036   .000063
     .9096    12.9036   .000041
    1.1094    12.9036   .000038
    1.3094    12.9036   .000041
    1.5093    12.9036   .000057
    1.7091    12.9036   .000052
    1.9090    12.9036   .000039
    2.1089    12.9036   .000016
    2.3089    12.9036   .000000
    2.5087    12.9036   .000000
    2.7087    12.9036   .000000
    2.9086    12.9036   .000000
    3.1084    12.9036   .000000
    3.3084    12.9036   .000000
    3.5082    12.9036   .000000
    3.7081    12.9036   .000001
    3.9081    12.9036   .000000
    4.1080    12.9036   .000000
    4.3078    12.9036   .000000
    4.5078    12.9036   .000000
    4.7077    12.9036   .000000
    4.9075    12.9036   .000000
    5.1075    12.9036   .000000
    5.3074    12.9036   .000000
    5.5072    12.9036   .000000
    5.7071    12.9036   .000000
    5.9071    12.9036   .000000
    6.1069    12.9036   .000000
    6.3068    12.9036   .000001
    6.5068    12.9036   .000004
    6.7067    12.9036   .000004
    6.9065    12.9036   .000003
    7.1065    12.9036   .000002
    7.3064    12.9036   .000006
    7.5062    12.9036   .000013
    7.7062    12.9036   .000016
    7.9061    12.9036   .000004
    8.1060    12.9036   .000018
    8.3059    12.9036   .000023
    8.5057    12.9036   .000035
    8.7057    12.9036   .000053
    8.9056    12.9036   .000068
    9.1054    12.9036   .000077
    9.3054    12.9036   .000075
    9.5052    12.9036   .000056
    9.7051    12.9036   .000058
    9.9051    12.9036   .000075
   10.1049    12.9036   .000102
   10.3048    12.9036   .000142
   10.5048    12.9036   .000176
   10.7046    12.9036   .000195
   10.9045    12.9036   .000215
   11.1045    12.9036   .000212
   11.3043    12.9036   .000201
   11.5043    12.9036   .000187
   11.7042    12.9036   .000165
   11.9040    12.9036   .000164
   12.1040    12.9036   .000190
   12.3039    12.9036   .000185
   12.5037    12.9036   .000174
   12.7037    12.9036   .000152
   12.9036    12.9036   .000138
   13.1034    12.9036   .000134
   13.3034    12.9036   .000138
   13.5033    12.9036   .000136
   13.7031    12.9036   .000140
   13.9031    12.9036   .000143
   14.1030    12.9036   .000158
   14.3028    12.9036   .000174
   14.5028    12.9036   .000179
   14.7027    12.9036   .000159
   14.9025    12.9036   .000159
   15.1025    12.9036   .000148
   15.3024    12.9036   .000154
   15.5022    12.9036   .000157
   15.7022    12.9036   .000153
   15.9021    12.9036   .000139
   16.1019    12.9036   .000142
   16.3018    12.9036   .000157
   16.5018    12.9036   .000172
   16.7017    12.9036   .000171
   16.9016    12.9036   .000153
   17.1014    12.9036   .000129
   17.3013    12.9036   .000122
   17.5012    12.9036   .000141
   17.7012    12.9036   .000157
   17.9011    12.9036   .000172
   18.1010    12.9036   .000177
   18.3008    12.9036   .000188
   18.5007    12.9036   .000177
   18.7006    12.9036   .000146
   18.9006    12.9036   .000140
   19.1005    12.9036   .000129
   19.3004    12.9036   .000142
   19.5002    12.9036   .000156
   19.7001    12.9036   .000173
   19.9000    12.9036   .000149
     .1099    13.1034   .000117
     .3099    13.1034   .000117
     .5098    13.1034   .000098
     .7096    13.1034   .000066
     .9096    13.1034   .000043
    1.1094    13.1034   .000041
    1.3094    13.1034   .000044
    1.5093    13.1034   .000044
    1.7091    13.1034   .000055
    1.9090    13.1034   .000040
    2.1089    13.1034   .000012
    2.3089    13.1034   .000000
    2.5087    13.1034   .000000
    2.7087    13.1034   .000000
    2.9086    13.1034   .000000
    3.1084    13.1034   .000000
    3.3084    13.1034   .000000
    3.5082    13.1034   .000000
    3.7081    13.1034   .000000
    3.9081    13.1034   .000000
    4.1080    13.1034   .000000
    4.3078    13.1034   .000000
    4.5078    13.1034   .000000
    4.7077    13.1034   .000000
    4.9075    13.1034   .000000
    5.1075    13.1034   .000000
    5.3074    13.1034   .000000
    5.5072    13.1034   .000000
    5.7071    13.1034   .000000
    5.9071    13.1034   .000000
    6.1069    13.1034   .000000
    6.3068    13.1034   .000001
    6.5068    13.1034   .000002
    6.7067    13.1034   .000002
    6.9065    13.1034   .000001
    7.1065    13.1034   .000002
    7.3064    13.1034   .000003
    7.5062    13.1034   .000011
    7.7062    13.1034   .000018
    7.9061    13.1034   .000003
    8.1060    13.1034   .000012
    8.3059    13.1034   .000017
    8.5057    13.1034   .000032
    8.7057    13.1034   .000047
    8.9056    13.1034   .000062
    9.1054    13.1034   .000074
    9.3054    13.1034   .000060
    9.5052    13.1034   .000053
    9.7051    13.1034   .000048
    9.9051    13.1034   .000064
   10.1049    13.1034   .000091
   10.3048    13.1034   .000121
   10.5048    13.1034   .000157
   10.7046    13.1034   .000186
   10.9045    13.1034   .000207
   11.1045    13.1034   .000202
   11.3043    13.1034   .000198
   11.5043    13.1034   .000178
   11.7042    13.1034   .000179
   11.9040    13.1034   .000175
   12.1040    13.1034   .000187
   12.3039    13.1034   .000193
   12.5037    13.1034   .000188
   12.7037    13.1034   .000165
   12.9036    13.1034   .000149
   13.1034    13.1034   .000145
   13.3034    13.1034   .000141
   13.5033    13.1034   .000145
   13.7031    13.1034   .000149
   13.9031    13.1034   .000151
   14.1030    13.1034   .000156
   14.3028    13.1034   .000167
   14.5028    13.1034   .000177
   14.7027    13.1034   .000170
   14.9025    13.1034   .000163
   15.1025    13.1034   .000149
   15.3024    13.1034   .000158
   15.5022    13.1034   .000162
   15.7022    13.1034   .000153
   15.9021    13.1034   .000142
   16.1019    13.1034   .000145
   16.3018    13.1034   .000155
   16.5018    13.1034   .000173
   16.7017    13.1034   .000171
   16.9016    13.1034   .000161
   17.1014    13.1034   .000145
   17.3013    13.1034   .000127
   17.5012    13.1034   .000137
   17.7012    13.1034   .000152
   17.9011    13.1034   .000162
   18.1010    13.1034   .000182
   18.3008    13.1034   .000191
   18.5007    13.1034   .000186
   18.7006    13.1034   .000169
   18.9006    13.1034   .000145
   19.1005    13.1034   .000141
   19.3004    13.1034   .000138
   19.5002    13.1034   .000158
   19.7001    13.1034   .000168
   19.9000    13.1034   .000147
     .1099    13.3034   .000117
     .3099    13.3034   .000116
     .5098    13.3034   .000089
     .7096    13.3034   .000068
     .9096    13.3034   .000052
    1.1094    13.3034   .000043
    1.3094    13.3034   .000051
    1.5093    13.3034   .000052
    1.7091    13.3034   .000059
    1.9090    13.3034   .000039
    2.1089    13.3034   .000019
    2.3089    13.3034   .000000
    2.5087    13.3034   .000000
    2.7087    13.3034   .000000
    2.9086    13.3034   .000000
    3.1084    13.3034   .000000
    3.3084    13.3034   .000000
    3.5082    13.3034   .000000
    3.7081    13.3034   .000000
    3.9081    13.3034   .000000
    4.1080    13.3034   .000000
    4.3078    13.3034   .000000
    4.5078    13.3034   .000000
    4.7077    13.3034   .000000
    4.9075    13.3034   .000000
    5.1075    13.3034   .000000
    5.3074    13.3034   .000000
    5.5072    13.3034   .000000
    5.7071    13.3034   .000000
    5.9071    13.3034   .000000
    6.1069    13.3034   .000000
    6.3068    13.3034   .000001
    6.5068    13.3034   .000003
    6.7067    13.3034   .000003
    6.9065    13.3034   .000002
    7.1065    13.3034   .000001
    7.3064    13.3034   .000003
    7.5062    13.3034   .000015
    7.7062    13.3034   .000014
    7.9061    13.3034   .000014
    8.1060    13.3034   .000017
    8.3059    13.3034   .000022
    8.5057    13.3034   .000039
    8.7057    13.3034   .000041
    8.9056    13.3034   .000055
    9.1054    13.3034   .000060
    9.3054    13.3034   .000053
    9.5052    13.3034   .000039
    9.7051    13.3034   .000033
    9.9051    13.3034   .000050
   10.1049    13.3034   .000076
   10.3048    13.3034   .000109
   10.5048    13.3034   .000143
   10.7046    13.3034   .000173
   10.9045    13.3034   .000188
   11.1045    13.3034   .000193
   11.3043    13.3034   .000187
   11.5043    13.3034   .000177
   11.7042    13.3034   .000178
   11.9040    13.3034   .000174
   12.1040    13.3034   .000186
   12.3039    13.3034   .000196
   12.5037    13.3034   .000193
   12.7037    13.3034   .000178
   12.9036    13.3034   .000157
   13.1034    13.3034   .000145
   13.3034    13.3034   .000140
   13.5033    13.3034   .000142
   13.7031    13.3034   .000139
   13.9031    13.3034   .000146
   14.1030    13.3034   .000152
   14.3028    13.3034   .000169
   14.5028    13.3034   .000177
   14.7027    13.3034   .000173
   14.9025    13.3034   .000160
   15.1025    13.3034   .000156
   15.3024    13.3034   .000163
   15.5022    13.3034   .000157
   15.7022    13.3034   .000158
   15.9021    13.3034   .000147
   16.1019    13.3034   .000135
   16.3018    13.3034   .000157
   16.5018    13.3034   .000170
   16.7017    13.3034   .000175
   16.9016    13.3034   .000165
   17.1014    13.3034   .000146
   17.3013    13.3034   .000144
   17.5012    13.3034   .000141
   17.7012    13.3034   .000159
   17.9011    13.3034   .000171
   18.1010    13.3034   .000174
   18.3008    13.3034   .000192
   18.5007    13.3034   .000192
   18.7006    13.3034   .000179
   18.9006    13.3034   .000150
   19.1005    13.3034   .000146
   19.3004    13.3034   .000143
   19.5002    13.3034   .000161
   19.7001    13.3034   .000163
   19.9000    13.3034   .000153
     .1099    13.5033   .000122
     .3099    13.5033   .000114
     .5098    13.5033   .000098
     .7096    13.5033   .000067
     .9096    13.5033   .000043
    1.1094    13.5033   .000042
    1.3094    13.5033   .000047
    1.5093    13.5033   .000061
    1.7091    13.5033   .000057
    1.9090    13.5033   .000039
    2.1089    13.5033   .000019
    2.3089    13.5033   .000000
    2.5087    13.5033   .000000
    2.7087    13.5033   .000000
    2.9086    13.5033   .000000
    3.1084    13.5033   .000000
    3.3084    13.5033   .000000
    3.5082    13.5033   .000000
    3.7081    13.5033   .000000
    3.9081    13.5033   .000000
    4.1080    13.5033   .000001
    4.3078    13.5033   .000000
    4.5078    13.5033   .000000
    4.7077    13.5033   .000000
    4.9075    13.5033   .000000
    5.1075    13.5033   .000000
    5.3074    13.5033   .000000
    5.5072    13.5033   .000000
    5.7071    13.5033   .000000
    5.9071    13.5033   .000000
    6.1069    13.5033   .000000
    6.3068    13.5033   .000001
    6.5068    13.5033   .000002
    6.7067    13.5033   .000003
    6.9065    13.5033   .000003
    7.1065    13.5033   .000002
    7.3064    13.5033   .000003
    7.5062    13.5033   .000013
    7.7062    13.5033   .000020
    7.9061    13.5033   .000012
    8.1060    13.5033   .000014
    8.3059    13.5033   .000031
    8.5057    13.5033   .000040
    8.7057    13.5033   .000042
    8.9056    13.5033   .000054
    9.1054    13.5033   .000059
    9.3054    13.5033   .000050
    9.5052    13.5033   .000033
    9.7051    13.5033   .000030
    9.9051    13.5033   .000038
   10.1049    13.5033   .000061
   10.3048    13.5033   .000097
   10.5048    13.5033   .000125
   10.7046    13.5033   .000158
   10.9045    13.5033   .000169
   11.1045    13.5033   .000181
   11.3043    13.5033   .000180
   11.5043    13.5033   .000189
   11.7042    13.5033   .000175
   11.9040    13.5033   .000172
   12.1040    13.5033   .000183
   12.3039    13.5033   .000192
   12.5037    13.5033   .000204
   12.7037    13.5033   .000189
   12.9036    13.5033   .000161
   13.1034    13.5033   .000156
   13.3034    13.5033   .000150
   13.5033    13.5033   .000144
   13.7031    13.5033   .000148
   13.9031    13.5033   .000145
   14.1030    13.5033   .000158
   14.3028    13.5033   .000176
   14.5028    13.5033   .000182
   14.7027    13.5033   .000175
   14.9025    13.5033   .000162
   15.1025    13.5033   .000162
   15.3024    13.5033   .000163
   15.5022    13.5033   .000165
   15.7022    13.5033   .000162
   15.9021    13.5033   .000151
   16.1019    13.5033   .000142
   16.3018    13.5033   .000148
   16.5018    13.5033   .000167
   16.7017    13.5033   .000180
   16.9016    13.5033   .000164
   17.1014    13.5033   .000149
   17.3013    13.5033   .000140
   17.5012    13.5033   .000145
   17.7012    13.5033   .000150
   17.9011    13.5033   .000166
   18.1010    13.5033   .000178
   18.3008    13.5033   .000191
   18.5007    13.5033   .000194
   18.7006    13.5033   .000187
   18.9006    13.5033   .000171
   19.1005    13.5033   .000155
   19.3004    13.5033   .000147
   19.5002    13.5033   .000151
   19.7001    13.5033   .000168
   19.9000    13.5033   .000144
     .1099    13.7031   .000118
     .3099    13.7031   .000118
     .5098    13.7031   .000094
     .7096    13.7031   .000066
     .9096    13.7031   .000046
    1.1094    13.7031   .000039
    1.3094    13.7031   .000055
    1.5093    13.7031   .000055
    1.7091    13.7031   .000054
    1.9090    13.7031   .000039
    2.1089    13.7031   .000018
    2.3089    13.7031   .000000
    2.5087    13.7031   .000000
    2.7087    13.7031   .000000
    2.9086    13.7031   .000000
    3.1084    13.7031   .000000
    3.3084    13.7031   .000000
    3.5082    13.7031   .000000
    3.7081    13.7031   .000000
    3.9081    13.7031   .000000
    4.1080    13.7031   .000000
    4.3078    13.7031   .000000
    4.5078    13.7031   .000000
    4.7077    13.7031   .000000
    4.9075    13.7031   .000000
    5.1075    13.7031   .000000
    5.3074    13.7031   .000000
    5.5072    13.7031   .000000
    5.7071    13.7031   .000000
    5.9071    13.7031   .000000
    6.1069    13.7031   .000000
    6.3068    13.7031   .000001
    6.5068    13.7031   .000004
    6.7067    13.7031   .000004
    6.9065    13.7031   .000003
    7.1065    13.7031   .000001
    7.3064    13.7031   .000003
    7.5062    13.7031   .000011
    7.7062    13.7031   .000019
    7.9061    13.7031   .000014
    8.1060    13.7031   .000021
    8.3059    13.7031   .000025
    8.5057    13.7031   .000038
    8.7057    13.7031   .000046
    8.9056    13.7031   .000053
    9.1054    13.7031   .000052
    9.3054    13.7031   .000049
    9.5052    13.7031   .000035
    9.7051    13.7031   .000024
    9.9051    13.7031   .000033
   10.1049    13.7031   .000052
   10.3048    13.7031   .000075
   10.5048    13.7031   .000103
   10.7046    13.7031   .000133
   10.9045    13.7031   .000165
   11.1045    13.7031   .000178
   11.3043    13.7031   .000180
   11.5043    13.7031   .000183
   11.7042    13.7031   .000174
   11.9040    13.7031   .000171
   12.1040    13.7031   .000178
   12.3039    13.7031   .000192
   12.5037    13.7031   .000205
   12.7037    13.7031   .000193
   12.9036    13.7031   .000168
   13.1034    13.7031   .000154
   13.3034    13.7031   .000156
   13.5033    13.7031   .000148
   13.7031    13.7031   .000142
   13.9031    13.7031   .000145
   14.1030    13.7031   .000157
   14.3028    13.7031   .000168
   14.5028    13.7031   .000178
   14.7027    13.7031   .000176
   14.9025    13.7031   .000170
   15.1025    13.7031   .000161
   15.3024    13.7031   .000162
   15.5022    13.7031   .000170
   15.7022    13.7031   .000161
   15.9021    13.7031   .000155
   16.1019    13.7031   .000148
   16.3018    13.7031   .000144
   16.5018    13.7031   .000172
   16.7017    13.7031   .000183
   16.9016    13.7031   .000182
   17.1014    13.7031   .000158
   17.3013    13.7031   .000145
   17.5012    13.7031   .000140
   17.7012    13.7031   .000161
   17.9011    13.7031   .000169
   18.1010    13.7031   .000179
   18.3008    13.7031   .000194
   18.5007    13.7031   .000199
   18.7006    13.7031   .000194
   18.9006    13.7031   .000184
   19.1005    13.7031   .000154
   19.3004    13.7031   .000145
   19.5002    13.7031   .000156
   19.7001    13.7031   .000167
   19.9000    13.7031   .000150
     .1099    13.9031   .000120
     .3099    13.9031   .000125
     .5098    13.9031   .000094
     .7096    13.9031   .000066
     .9096    13.9031   .000053
    1.1094    13.9031   .000042
    1.3094    13.9031   .000049
    1.5093    13.9031   .000055
    1.7091    13.9031   .000056
    1.9090    13.9031   .000045
    2.1089    13.9031   .000017
    2.3089    13.9031   .000000
    2.5087    13.9031   .000000
    2.7087    13.9031   .000000
    2.9086    13.9031   .000000
    3.1084    13.9031   .000000
    3.3084    13.9031   .000000
    3.5082    13.9031   .000000
    3.7081    13.9031   .000001
    3.9081    13.9031   .000000
    4.1080    13.9031   .000000
    4.3078    13.9031   .000000
    4.5078    13.9031   .000000
    4.7077    13.9031   .000000
    4.9075    13.9031   .000000
    5.1075    13.9031   .000000
    5.3074    13.9031   .000000
    5.5072    13.9031   .000000
    5.7071    13.9031   .000000
    5.9071    13.9031   .000000
    6.1069    13.9031   .000000
    6.3068    13.9031   .000001
    6.5068    13.9031   .000004
    6.7067    13.9031   .000003
    6.9065    13.9031   .000003
    7.1065    13.9031   .000002
    7.3064    13.9031   .000005
    7.5062    13.9031   .000009
    7.7062    13.9031   .000017
    7.9061    13.9031   .000019
    8.1060    13.9031   .000015
    8.3059    13.9031   .000029
    8.5057    13.9031   .000042
    8.7057    13.9031   .000049
    8.9056    13.9031   .000058
    9.1054    13.9031   .000059
    9.3054    13.9031   .000045
    9.5052    13.9031   .000034
    9.7051    13.9031   .000029
    9.9051    13.9031   .000032
   10.1049    13.9031   .000050
   10.3048    13.9031   .000068
   10.5048    13.9031   .000093
   10.7046    13.9031   .000124
   10.9045    13.9031   .000146
   11.1045    13.9031   .000163
   11.3043    13.9031   .000175
   11.5043    13.9031   .000168
   11.7042    13.9031   .000168
   11.9040    13.9031   .000170
   12.1040    13.9031   .000181
   12.3039    13.9031   .000194
   12.5037    13.9031   .000201
   12.7037    13.9031   .000206
   12.9036    13.9031   .000184
   13.1034    13.9031   .000167
   13.3034    13.9031   .000156
   13.5033    13.9031   .000152
   13.7031    13.9031   .000144
   13.9031    13.9031   .000144
   14.1030    13.9031   .000154
   14.3028    13.9031   .000158
   14.5028    13.9031   .000182
   14.7027    13.9031   .000172
   14.9025    13.9031   .000162
   15.1025    13.9031   .000160
   15.3024    13.9031   .000169
   15.5022    13.9031   .000165
   15.7022    13.9031   .000172
   15.9021    13.9031   .000159
   16.1019    13.9031   .000143
   16.3018    13.9031   .000152
   16.5018    13.9031   .000162
   16.7017    13.9031   .000173
   16.9016    13.9031   .000179
   17.1014    13.9031   .000165
   17.3013    13.9031   .000148
   17.5012    13.9031   .000149
   17.7012    13.9031   .000162
   17.9011    13.9031   .000163
   18.1010    13.9031   .000171
   18.3008    13.9031   .000183
   18.5007    13.9031   .000196
   18.7006    13.9031   .000205
   18.9006    13.9031   .000184
   19.1005    13.9031   .000167
   19.3004    13.9031   .000153
   19.5002    13.9031   .000154
   19.7001    13.9031   .000162
   19.9000    13.9031   .000147
     .1099    14.1030   .000123
     .3099    14.1030   .000117
     .5098    14.1030   .000101
     .7096    14.1030   .000067
     .9096    14.1030   .000047
    1.1094    14.1030   .000041
    1.3094    14.1030   .000049
    1.5093    14.1030   .000066
    1.7091    14.1030   .000068
    1.9090    14.1030   .000042
    2.1089    14.1030   .000015
    2.3089    14.1030   .000001
    2.5087    14.1030   .000000
    2.7087    14.1030   .000000
    2.9086    14.1030   .000000
    3.1084    14.1030   .000000
    3.3084    14.1030   .000000
    3.5082    14.1030   .000000
    3.7081    14.1030   .000000
    3.9081    14.1030   .000001
    4.1080    14.1030   .000000
    4.3078    14.1030   .000000
    4.5078    14.1030   .000000
    4.7077    14.1030   .000000
    4.9075    14.1030   .000000
    5.1075    14.1030   .000000
    5.3074    14.1030   .000000
    5.5072    14.1030   .000000
    5.7071    14.1030   .000000
    5.9071    14.1030   .000000
    6.1069    14.1030   .000000
    6.3068    14.1030   .000001
    6.5068    14.1030   .000003
    6.7067    14.1030   .000006
    6.9065    14.1030   .000004
    7.1065    14.1030   .000002
    7.3064    14.1030   .000004
    7.5062    14.1030   .000014
    7.7062    14.1030   .000018
    7.9061    14.1030   .000019
    8.1060    14.1030   .000026
    8.3059    14.1030   .000034
    8.5057    14.1030   .000042
    8.7057    14.1030   .000052
    8.9056    14.1030   .000054
    9.1054    14.1030   .000052
    9.3054    14.1030   .000052
    9.5052    14.1030   .000029
    9.7051    14.1030   .000019
    9.9051    14.1030   .000025
   10.1049    14.1030   .000045
   10.3048    14.1030   .000062
   10.5048    14.1030   .000047
   10.7046    14.1030   .000107
   10.9045    14.1030   .000140
   11.1045    14.1030   .000151
   11.3043    14.1030   .000164
   11.5043    14.1030   .000161
   11.7042    14.1030   .000166
   11.9040    14.1030   .000169
   12.1040    14.1030   .000177
   12.3039    14.1030   .000190
   12.5037    14.1030   .000206
   12.7037    14.1030   .000202
   12.9036    14.1030   .000186
   13.1034    14.1030   .000170
   13.3034    14.1030   .000167
   13.5033    14.1030   .000151
   13.7031    14.1030   .000148
   13.9031    14.1030   .000147
   14.1030    14.1030   .000156
   14.3028    14.1030   .000168
   14.5028    14.1030   .000172
   14.7027    14.1030   .000175
   14.9025    14.1030   .000170
   15.1025    14.1030   .000160
   15.3024    14.1030   .000167
   15.5022    14.1030   .000172
   15.7022    14.1030   .000174
   15.9021    14.1030   .000165
   16.1019    14.1030   .000152
   16.3018    14.1030   .000137
   16.5018    14.1030   .000162
   16.7017    14.1030   .000179
   16.9016    14.1030   .000191
   17.1014    14.1030   .000176
   17.3013    14.1030   .000156
   17.5012    14.1030   .000151
   17.7012    14.1030   .000160
   17.9011    14.1030   .000166
   18.1010    14.1030   .000171
   18.3008    14.1030   .000186
   18.5007    14.1030   .000199
   18.7006    14.1030   .000207
   18.9006    14.1030   .000194
   19.1005    14.1030   .000174
   19.3004    14.1030   .000156
   19.5002    14.1030   .000154
   19.7001    14.1030   .000163
   19.9000    14.1030   .000146
     .1099    14.3028   .000121
     .3099    14.3028   .000126
     .5098    14.3028   .000102
     .7096    14.3028   .000070
     .9096    14.3028   .000042
    1.1094    14.3028   .000042
    1.3094    14.3028   .000051
    1.5093    14.3028   .000067
    1.7091    14.3028   .000061
    1.9090    14.3028   .000047
    2.1089    14.3028   .000014
    2.3089    14.3028   .000000
    2.5087    14.3028   .000000
    2.7087    14.3028   .000000
    2.9086    14.3028   .000000
    3.1084    14.3028   .000000
    3.3084    14.3028   .000000
    3.5082    14.3028   .000000
    3.7081    14.3028   .000000
    3.9081    14.3028   .000000
    4.1080    14.3028   .000000
    4.3078    14.3028   .000000
    4.5078    14.3028   .000000
    4.7077    14.3028   .000000
    4.9075    14.3028   .000000
    5.1075    14.3028   .000000
    5.3074    14.3028   .000000
    5.5072    14.3028   .000000
    5.7071    14.3028   .000000
    5.9071    14.3028   .000000
    6.1069    14.3028   .000000
    6.3068    14.3028   .000001
    6.5068    14.3028   .000002
    6.7067    14.3028   .000004
    6.9065    14.3028   .000003
    7.1065    14.3028   .000002
    7.3064    14.3028   .000003
    7.5062    14.3028   .000012
    7.7062    14.3028   .000020
    7.9061    14.3028   .000015
    8.1060    14.3028   .000024
    8.3059    14.3028   .000038
    8.5057    14.3028   .000054
    8.7057    14.3028   .000058
    8.9056    14.3028   .000056
    9.1054    14.3028   .000060
    9.3054    14.3028   .000054
    9.5052    14.3028   .000045
    9.7051    14.3028   .000029
    9.9051    14.3028   .000034
   10.1049    14.3028   .000046
   10.3048    14.3028   .000055
   10.5048    14.3028   .000075
   10.7046    14.3028   .000091
   10.9045    14.3028   .000117
   11.1045    14.3028   .000145
   11.3043    14.3028   .000154
   11.5043    14.3028   .000153
   11.7042    14.3028   .000148
   11.9040    14.3028   .000159
   12.1040    14.3028   .000172
   12.3039    14.3028   .000190
   12.5037    14.3028   .000205
   12.7037    14.3028   .000206
   12.9036    14.3028   .000196
   13.1034    14.3028   .000173
   13.3034    14.3028   .000160
   13.5033    14.3028   .000163
   13.7031    14.3028   .000144
   13.9031    14.3028   .000145
   14.1030    14.3028   .000153
   14.3028    14.3028   .000162
   14.5028    14.3028   .000175
   14.7027    14.3028   .000176
   14.9025    14.3028   .000163
   15.1025    14.3028   .000159
   15.3024    14.3028   .000165
   15.5022    14.3028   .000172
   15.7022    14.3028   .000174
   15.9021    14.3028   .000167
   16.1019    14.3028   .000146
   16.3018    14.3028   .000135
   16.5018    14.3028   .000157
   16.7017    14.3028   .000171
   16.9016    14.3028   .000182
   17.1014    14.3028   .000181
   17.3013    14.3028   .000154
   17.5012    14.3028   .000152
   17.7012    14.3028   .000151
   17.9011    14.3028   .000159
   18.1010    14.3028   .000164
   18.3008    14.3028   .000173
   18.5007    14.3028   .000187
   18.7006    14.3028   .000201
   18.9006    14.3028   .000202
   19.1005    14.3028   .000182
   19.3004    14.3028   .000164
   19.5002    14.3028   .000159
   19.7001    14.3028   .000159
   19.9000    14.3028   .000146
     .1099    14.5028   .000117
     .3099    14.5028   .000118
     .5098    14.5028   .000097
     .7096    14.5028   .000070
     .9096    14.5028   .000052
    1.1094    14.5028   .000045
    1.3094    14.5028   .000044
    1.5093    14.5028   .000068
    1.7091    14.5028   .000067
    1.9090    14.5028   .000047
    2.1089    14.5028   .000019
    2.3089    14.5028   .000000
    2.5087    14.5028   .000000
    2.7087    14.5028   .000000
    2.9086    14.5028   .000000
    3.1084    14.5028   .000000
    3.3084    14.5028   .000000
    3.5082    14.5028   .000000
    3.7081    14.5028   .000000
    3.9081    14.5028   .000000
    4.1080    14.5028   .000000
    4.3078    14.5028   .000000
    4.5078    14.5028   .000000
    4.7077    14.5028   .000000
    4.9075    14.5028   .000000
    5.1075    14.5028   .000000
    5.3074    14.5028   .000000
    5.5072    14.5028   .000000
    5.7071    14.5028   .000000
    5.9071    14.5028   .000000
    6.1069    14.5028   .000000
    6.3068    14.5028   .000001
    6.5068    14.5028   .000003
    6.7067    14.5028   .000002
    6.9065    14.5028   .000002
    7.1065    14.5028   .000002
    7.3064    14.5028   .000003
    7.5062    14.5028   .000010
    7.7062    14.5028   .000025
    7.9061    14.5028   .000023
    8.1060    14.5028   .000023
    8.3059    14.5028   .000038
    8.5057    14.5028   .000054
    8.7057    14.5028   .000056
    8.9056    14.5028   .000064
    9.1054    14.5028   .000067
    9.3054    14.5028   .000064
    9.5052    14.5028   .000049
    9.7051    14.5028   .000033
    9.9051    14.5028   .000034
   10.1049    14.5028   .000046
   10.3048    14.5028   .000051
   10.5048    14.5028   .000068
   10.7046    14.5028   .000088
   10.9045    14.5028   .000109
   11.1045    14.5028   .000129
   11.3043    14.5028   .000147
   11.5043    14.5028   .000146
   11.7042    14.5028   .000141
   11.9040    14.5028   .000143
   12.1040    14.5028   .000158
   12.3039    14.5028   .000181
   12.5037    14.5028   .000198
   12.7037    14.5028   .000206
   12.9036    14.5028   .000195
   13.1034    14.5028   .000178
   13.3034    14.5028   .000162
   13.5033    14.5028   .000158
   13.7031    14.5028   .000156
   13.9031    14.5028   .000144
   14.1030    14.5028   .000152
   14.3028    14.5028   .000163
   14.5028    14.5028   .000175
   14.7027    14.5028   .000181
   14.9025    14.5028   .000167
   15.1025    14.5028   .000166
   15.3024    14.5028   .000170
   15.5022    14.5028   .000178
   15.7022    14.5028   .000181
   15.9021    14.5028   .000166
   16.1019    14.5028   .000150
   16.3018    14.5028   .000138
   16.5018    14.5028   .000149
   16.7017    14.5028   .000172
   16.9016    14.5028   .000192
   17.1014    14.5028   .000180
   17.3013    14.5028   .000163
   17.5012    14.5028   .000154
   17.7012    14.5028   .000156
   17.9011    14.5028   .000160
   18.1010    14.5028   .000157
   18.3008    14.5028   .000169
   18.5007    14.5028   .000179
   18.7006    14.5028   .000201
   18.9006    14.5028   .000202
   19.1005    14.5028   .000198
   19.3004    14.5028   .000169
   19.5002    14.5028   .000152
   19.7001    14.5028   .000162
   19.9000    14.5028   .000143
     .1099    14.7027   .000121
     .3099    14.7027   .000125
     .5098    14.7027   .000098
     .7096    14.7027   .000061
     .9096    14.7027   .000048
    1.1094    14.7027   .000043
    1.3094    14.7027   .000050
    1.5093    14.7027   .000060
    1.7091    14.7027   .000063
    1.9090    14.7027   .000050
    2.1089    14.7027   .000019
    2.3089    14.7027   .000000
    2.5087    14.7027   .000000
    2.7087    14.7027   .000000
    2.9086    14.7027   .000000
    3.1084    14.7027   .000000
    3.3084    14.7027   .000001
    3.5082    14.7027   .000000
    3.7081    14.7027   .000000
    3.9081    14.7027   .000000
    4.1080    14.7027   .000000
    4.3078    14.7027   .000000
    4.5078    14.7027   .000000
    4.7077    14.7027   .000000
    4.9075    14.7027   .000000
    5.1075    14.7027   .000000
    5.3074    14.7027   .000000
    5.5072    14.7027   .000000
    5.7071    14.7027   .000000
    5.9071    14.7027   .000000
    6.1069    14.7027   .000000
    6.3068    14.7027   .000001
    6.5068    14.7027   .000003
    6.7067    14.7027   .000003
    6.9065    14.7027   .000002
    7.1065    14.7027   .000003
    7.3064    14.7027   .000002
    7.5062    14.7027   .000017
    7.7062    14.7027   .000032
    7.9061    14.7027   .000027
    8.1060    14.7027   .000029
    8.3059    14.7027   .000043
    8.5057    14.7027   .000054
    8.7057    14.7027   .000062
    8.9056    14.7027   .000060
    9.1054    14.7027   .000068
    9.3054    14.7027   .000057
    9.5052    14.7027   .000049
    9.7051    14.7027   .000044
    9.9051    14.7027   .000036
   10.1049    14.7027   .000052
   10.3048    14.7027   .000056
   10.5048    14.7027   .000066
   10.7046    14.7027   .000083
   10.9045    14.7027   .000104
   11.1045    14.7027   .000126
   11.3043    14.7027   .000142
   11.5043    14.7027   .000137
   11.7042    14.7027   .000136
   11.9040    14.7027   .000140
   12.1040    14.7027   .000147
   12.3039    14.7027   .000168
   12.5037    14.7027   .000188
   12.7037    14.7027   .000199
   12.9036    14.7027   .000199
   13.1034    14.7027   .000177
   13.3034    14.7027   .000169
   13.5033    14.7027   .000154
   13.7031    14.7027   .000153
   13.9031    14.7027   .000148
   14.1030    14.7027   .000151
   14.3028    14.7027   .000158
   14.5028    14.7027   .000176
   14.7027    14.7027   .000176
   14.9025    14.7027   .000167
   15.1025    14.7027   .000159
   15.3024    14.7027   .000169
   15.5022    14.7027   .000170
   15.7022    14.7027   .000180
   15.9021    14.7027   .000173
   16.1019    14.7027   .000147
   16.3018    14.7027   .000148
   16.5018    14.7027   .000149
   16.7017    14.7027   .000167
   16.9016    14.7027   .000185
   17.1014    14.7027   .000195
   17.3013    14.7027   .000172
   17.5012    14.7027   .000159
   17.7012    14.7027   .000163
   17.9011    14.7027   .000161
   18.1010    14.7027   .000161
   18.3008    14.7027   .000161
   18.5007    14.7027   .000182
   18.7006    14.7027   .000192
   18.9006    14.7027   .000203
   19.1005    14.7027   .000205
   19.3004    14.7027   .000177
   19.5002    14.7027   .000161
   19.7001    14.7027   .000159
   19.9000    14.7027   .000141
     .1099    14.9025   .000121
     .3099    14.9025   .000122
     .5098    14.9025   .000094
     .7096    14.9025   .000071
     .9096    14.9025   .000038
    1.1094    14.9025   .000035
    1.3094    14.9025   .000045
    1.5093    14.9025   .000067
    1.7091    14.9025   .000068
    1.9090    14.9025   .000054
    2.1089    14.9025   .000012
    2.3089    14.9025   .000000
    2.5087    14.9025   .000000
    2.7087    14.9025   .000000
    2.9086    14.9025   .000000
    3.1084    14.9025   .000000
    3.3084    14.9025   .000000
    3.5082    14.9025   .000000
    3.7081    14.9025   .000000
    3.9081    14.9025   .000000
    4.1080    14.9025   .000000
    4.3078    14.9025   .000000
    4.5078    14.9025   .000000
    4.7077    14.9025   .000000
    4.9075    14.9025   .000000
    5.1075    14.9025   .000000
    5.3074    14.9025   .000000
    5.5072    14.9025   .000000
    5.7071    14.9025   .000000
    5.9071    14.9025   .000000
    6.1069    14.9025   .000000
    6.3068    14.9025   .000002
    6.5068    14.9025   .000003
    6.7067    14.9025   .000002
    6.9065    14.9025   .000003
    7.1065    14.9025   .000004
    7.3064    14.9025   .000003
    7.5062    14.9025   .000016
    7.7062    14.9025   .000027
    7.9061    14.9025   .000018
    8.1060    14.9025   .000029
    8.3059    14.9025   .000049
    8.5057    14.9025   .000058
    8.7057    14.9025   .000061
    8.9056    14.9025   .000069
    9.1054    14.9025   .000070
    9.3054    14.9025   .000070
    9.5052    14.9025   .000055
    9.7051    14.9025   .000042
    9.9051    14.9025   .000039
   10.1049    14.9025   .000054
   10.3048    14.9025   .000061
   10.5048    14.9025   .000062
   10.7046    14.9025   .000074
   10.9045    14.9025   .000098
   11.1045    14.9025   .000122
   11.3043    14.9025   .000124
   11.5043    14.9025   .000137
   11.7042    14.9025   .000130
   11.9040    14.9025   .000134
   12.1040    14.9025   .000147
   12.3039    14.9025   .000163
   12.5037    14.9025   .000192
   12.7037    14.9025   .000204
   12.9036    14.9025   .000196
   13.1034    14.9025   .000186
   13.3034    14.9025   .000166
   13.5033    14.9025   .000159
   13.7031    14.9025   .000155
   13.9031    14.9025   .000153
   14.1030    14.9025   .000153
   14.3028    14.9025   .000162
   14.5028    14.9025   .000176
   14.7027    14.9025   .000173
   14.9025    14.9025   .000170
   15.1025    14.9025   .000159
   15.3024    14.9025   .000160
   15.5022    14.9025   .000171
   15.7022    14.9025   .000175
   15.9021    14.9025   .000177
   16.1019    14.9025   .000148
   16.3018    14.9025   .000137
   16.5018    14.9025   .000146
   16.7017    14.9025   .000161
   16.9016    14.9025   .000188
   17.1014    14.9025   .000195
   17.3013    14.9025   .000186
   17.5012    14.9025   .000166
   17.7012    14.9025   .000169
   17.9011    14.9025   .000162
   18.1010    14.9025   .000161
   18.3008    14.9025   .000165
   18.5007    14.9025   .000180
   18.7006    14.9025   .000193
   18.9006    14.9025   .000203
   19.1005    14.9025   .000209
   19.3004    14.9025   .000188
   19.5002    14.9025   .000159
   19.7001    14.9025   .000157
   19.9000    14.9025   .000139
     .1099    15.1025   .000117
     .3099    15.1025   .000123
     .5098    15.1025   .000093
     .7096    15.1025   .000061
     .9096    15.1025   .000038
    1.1094    15.1025   .000035
    1.3094    15.1025   .000048
    1.5093    15.1025   .000062
    1.7091    15.1025   .000070
    1.9090    15.1025   .000058
    2.1089    15.1025   .000020
    2.3089    15.1025   .000000
    2.5087    15.1025   .000000
    2.7087    15.1025   .000000
    2.9086    15.1025   .000000
    3.1084    15.1025   .000000
    3.3084    15.1025   .000000
    3.5082    15.1025   .000000
    3.7081    15.1025   .000000
    3.9081    15.1025   .000000
    4.1080    15.1025   .000000
    4.3078    15.1025   .000000
    4.5078    15.1025   .000000
    4.7077    15.1025   .000000
    4.9075    15.1025   .000000
    5.1075    15.1025   .000000
    5.3074    15.1025   .000000
    5.5072    15.1025   .000000
    5.7071    15.1025   .000000
    5.9071    15.1025   .000000
    6.1069    15.1025   .000000
    6.3068    15.1025   .000001
    6.5068    15.1025   .000004
    6.7067    15.1025   .000005
    6.9065    15.1025   .000002
    7.1065    15.1025   .000002
    7.3064    15.1025   .000010
    7.5062    15.1025   .000022
    7.7062    15.1025   .000021
    7.9061    15.1025   .000022
    8.1060    15.1025   .000027
    8.3059    15.1025   .000042
    8.5057    15.1025   .000057
    8.7057    15.1025   .000063
    8.9056    15.1025   .000071
    9.1054    15.1025   .000074
    9.3054    15.1025   .000068
    9.5052    15.1025   .000062
    9.7051    15.1025   .000049
    9.9051    15.1025   .000045
   10.1049    15.1025   .000051
   10.3048    15.1025   .000057
   10.5048    15.1025   .000065
   10.7046    15.1025   .000073
   10.9045    15.1025   .000093
   11.1045    15.1025   .000109
   11.3043    15.1025   .000123
   11.5043    15.1025   .000128
   11.7042    15.1025   .000130
   11.9040    15.1025   .000132
   12.1040    15.1025   .000139
   12.3039    15.1025   .000158
   12.5037    15.1025   .000182
   12.7037    15.1025   .000198
   12.9036    15.1025   .000192
   13.1034    15.1025   .000178
   13.3034    15.1025   .000166
   13.5033    15.1025   .000161
   13.7031    15.1025   .000158
   13.9031    15.1025   .000154
   14.1030    15.1025   .000146
   14.3028    15.1025   .000160
   14.5028    15.1025   .000176
   14.7027    15.1025   .000183
   14.9025    15.1025   .000175
   15.1025    15.1025   .000163
   15.3024    15.1025   .000160
   15.5022    15.1025   .000169
   15.7022    15.1025   .000178
   15.9021    15.1025   .000179
   16.1019    15.1025   .000159
   16.3018    15.1025   .000139
   16.5018    15.1025   .000142
   16.7017    15.1025   .000159
   16.9016    15.1025   .000175
   17.1014    15.1025   .000202
   17.3013    15.1025   .000191
   17.5012    15.1025   .000181
   17.7012    15.1025   .000166
   17.9011    15.1025   .000164
   18.1010    15.1025   .000161
   18.3008    15.1025   .000162
   18.5007    15.1025   .000174
   18.7006    15.1025   .000183
   18.9006    15.1025   .000210
   19.1005    15.1025   .000209
   19.3004    15.1025   .000191
   19.5002    15.1025   .000169
   19.7001    15.1025   .000157
   19.9000    15.1025   .000141
     .1099    15.3024   .000122
     .3099    15.3024   .000117
     .5098    15.3024   .000088
     .7096    15.3024   .000064
     .9096    15.3024   .000048
    1.1094    15.3024   .000035
    1.3094    15.3024   .000047
    1.5093    15.3024   .000061
    1.7091    15.3024   .000067
    1.9090    15.3024   .000043
    2.1089    15.3024   .000020
    2.3089    15.3024   .000000
    2.5087    15.3024   .000000
    2.7087    15.3024   .000000
    2.9086    15.3024   .000000
    3.1084    15.3024   .000000
    3.3084    15.3024   .000000
    3.5082    15.3024   .000000
    3.7081    15.3024   .000000
    3.9081    15.3024   .000000
    4.1080    15.3024   .000000
    4.3078    15.3024   .000000
    4.5078    15.3024   .000000
    4.7077    15.3024   .000000
    4.9075    15.3024   .000000
    5.1075    15.3024   .000000
    5.3074    15.3024   .000000
    5.5072    15.3024   .000000
    5.7071    15.3024   .000000
    5.9071    15.3024   .000000
    6.1069    15.3024   .000000
    6.3068    15.3024   .000001
    6.5068    15.3024   .000002
    6.7067    15.3024   .000003
    6.9065    15.3024   .000002
    7.1065    15.3024   .000002
    7.3064    15.3024   .000005
    7.5062    15.3024   .000016
    7.7062    15.3024   .000024
    7.9061    15.3024   .000019
    8.1060    15.3024   .000029
    8.3059    15.3024   .000049
    8.5057    15.3024   .000057
    8.7057    15.3024   .000067
    8.9056    15.3024   .000072
    9.1054    15.3024   .000077
    9.3054    15.3024   .000075
    9.5052    15.3024   .000068
    9.7051    15.3024   .000053
    9.9051    15.3024   .000051
   10.1049    15.3024   .000067
   10.3048    15.3024   .000061
   10.5048    15.3024   .000067
   10.7046    15.3024   .000073
   10.9045    15.3024   .000089
   11.1045    15.3024   .000108
   11.3043    15.3024   .000121
   11.5043    15.3024   .000129
   11.7042    15.3024   .000126
   11.9040    15.3024   .000121
   12.1040    15.3024   .000132
   12.3039    15.3024   .000152
   12.5037    15.3024   .000169
   12.7037    15.3024   .000191
   12.9036    15.3024   .000193
   13.1034    15.3024   .000175
   13.3034    15.3024   .000164
   13.5033    15.3024   .000152
   13.7031    15.3024   .000160
   13.9031    15.3024   .000155
   14.1030    15.3024   .000157
   14.3028    15.3024   .000162
   14.5028    15.3024   .000176
   14.7027    15.3024   .000183
   14.9025    15.3024   .000175
   15.1025    15.3024   .000158
   15.3024    15.3024   .000156
   15.5022    15.3024   .000170
   15.7022    15.3024   .000177
   15.9021    15.3024   .000177
   16.1019    15.3024   .000165
   16.3018    15.3024   .000144
   16.5018    15.3024   .000137
   16.7017    15.3024   .000156
   16.9016    15.3024   .000173
   17.1014    15.3024   .000204
   17.3013    15.3024   .000194
   17.5012    15.3024   .000186
   17.7012    15.3024   .000170
   17.9011    15.3024   .000159
   18.1010    15.3024   .000159
   18.3008    15.3024   .000161
   18.5007    15.3024   .000163
   18.7006    15.3024   .000179
   18.9006    15.3024   .000198
   19.1005    15.3024   .000209
   19.3004    15.3024   .000198
   19.5002    15.3024   .000174
   19.7001    15.3024   .000170
   19.9000    15.3024   .000144
     .1099    15.5022   .000119
     .3099    15.5022   .000125
     .5098    15.5022   .000092
     .7096    15.5022   .000067
     .9096    15.5022   .000040
    1.1094    15.5022   .000036
    1.3094    15.5022   .000045
    1.5093    15.5022   .000055
    1.7091    15.5022   .000062
    1.9090    15.5022   .000059
    2.1089    15.5022   .000021
    2.3089    15.5022   .000000
    2.5087    15.5022   .000000
    2.7087    15.5022   .000000
    2.9086    15.5022   .000000
    3.1084    15.5022   .000000
    3.3084    15.5022   .000000
    3.5082    15.5022   .000000
    3.7081    15.5022   .000000
    3.9081    15.5022   .000000
    4.1080    15.5022   .000000
    4.3078    15.5022   .000000
    4.5078    15.5022   .000000
    4.7077    15.5022   .000000
    4.9075    15.5022   .000000
    5.1075    15.5022   .000000
    5.3074    15.5022   .000000
    5.5072    15.5022   .000000
    5.7071    15.5022   .000000
    5.9071    15.5022   .000000
    6.1069    15.5022   .000000
    6.3068    15.5022   .000001
    6.5068    15.5022   .000003
    6.7067    15.5022   .000002
    6.9065    15.5022   .000003
    7.1065    15.5022   .000002
    7.3064    15.5022   .000007
    7.5062    15.5022   .000013
    7.7062    15.5022   .000022
    7.9061    15.5022   .000030
    8.1060    15.5022   .000027
    8.3059    15.5022   .000050
    8.5057    15.5022   .000053
    8.7057    15.5022   .000066
    8.9056    15.5022   .000068
    9.1054    15.5022   .000079
    9.3054    15.5022   .000075
    9.5052    15.5022   .000065
    9.7051    15.5022   .000059
    9.9051    15.5022   .000057
   10.1049    15.5022   .000057
   10.3048    15.5022   .000064
   10.5048    15.5022   .000067
   10.7046    15.5022   .000075
   10.9045    15.5022   .000092
   11.1045    15.5022   .000110
   11.3043    15.5022   .000121
   11.5043    15.5022   .000131
   11.7042    15.5022   .000124
   11.9040    15.5022   .000121
   12.1040    15.5022   .000122
   12.3039    15.5022   .000139
   12.5037    15.5022   .000162
   12.7037    15.5022   .000186
   12.9036    15.5022   .000183
   13.1034    15.5022   .000180
   13.3034    15.5022   .000151
   13.5033    15.5022   .000148
   13.7031    15.5022   .000156
   13.9031    15.5022   .000153
   14.1030    15.5022   .000150
   14.3028    15.5022   .000160
   14.5028    15.5022   .000181
   14.7027    15.5022   .000186
   14.9025    15.5022   .000177
   15.1025    15.5022   .000161
   15.3024    15.5022   .000157
   15.5022    15.5022   .000165
   15.7022    15.5022   .000183
   15.9021    15.5022   .000181
   16.1019    15.5022   .000169
   16.3018    15.5022   .000148
   16.5018    15.5022   .000134
   16.7017    15.5022   .000154
   16.9016    15.5022   .000177
   17.1014    15.5022   .000201
   17.3013    15.5022   .000199
   17.5012    15.5022   .000185
   17.7012    15.5022   .000170
   17.9011    15.5022   .000169
   18.1010    15.5022   .000161
   18.3008    15.5022   .000163
   18.5007    15.5022   .000162
   18.7006    15.5022   .000173
   18.9006    15.5022   .000201
   19.1005    15.5022   .000209
   19.3004    15.5022   .000204
   19.5002    15.5022   .000173
   19.7001    15.5022   .000168
   19.9000    15.5022   .000139
     .1099    15.7022   .000120
     .3099    15.7022   .000119
     .5098    15.7022   .000095
     .7096    15.7022   .000062
     .9096    15.7022   .000046
    1.1094    15.7022   .000034
    1.3094    15.7022   .000037
    1.5093    15.7022   .000056
    1.7091    15.7022   .000063
    1.9090    15.7022   .000058
    2.1089    15.7022   .000021
    2.3089    15.7022   .000000
    2.5087    15.7022   .000000
    2.7087    15.7022   .000000
    2.9086    15.7022   .000000
    3.1084    15.7022   .000000
    3.3084    15.7022   .000000
    3.5082    15.7022   .000000
    3.7081    15.7022   .000000
    3.9081    15.7022   .000000
    4.1080    15.7022   .000000
    4.3078    15.7022   .000000
    4.5078    15.7022   .000000
    4.7077    15.7022   .000000
    4.9075    15.7022   .000000
    5.1075    15.7022   .000000
    5.3074    15.7022   .000000
    5.5072    15.7022   .000000
    5.7071    15.7022   .000000
    5.9071    15.7022   .000000
    6.1069    15.7022   .000000
    6.3068    15.7022   .000001
    6.5068    15.7022   .000002
    6.7067    15.7022   .000006
    6.9065    15.7022   .000001
    7.1065    15.7022   .000001
    7.3064    15.7022   .000006
    7.5062    15.7022   .000015
    7.7062    15.7022   .000025
    7.9061    15.7022   .000022
    8.1060    15.7022   .000026
    8.3059    15.7022   .000043
    8.5057    15.7022   .000060
    8.7057    15.7022   .000067
    8.9056    15.7022   .000068
    9.1054    15.7022   .000076
    9.3054    15.7022   .000084
    9.5052    15.7022   .000076
    9.7051    15.7022   .000058
    9.9051    15.7022   .000055
   10.1049    15.7022   .000067
   10.3048    15.7022   .000066
   10.5048    15.7022   .000069
   10.7046    15.7022   .000078
   10.9045    15.7022   .000090
   11.1045    15.7022   .000106
   11.3043    15.7022   .000125
   11.5043    15.7022   .000137
   11.7042    15.7022   .000126
   11.9040    15.7022   .000124
   12.1040    15.7022   .000120
   12.3039    15.7022   .000135
   12.5037    15.7022   .000158
   12.7037    15.7022   .000172
   12.9036    15.7022   .000175
   13.1034    15.7022   .000175
   13.3034    15.7022   .000153
   13.5033    15.7022   .000151
   13.7031    15.7022   .000157
   13.9031    15.7022   .000163
   14.1030    15.7022   .000157
   14.3028    15.7022   .000160
   14.5028    15.7022   .000182
   14.7027    15.7022   .000190
   14.9025    15.7022   .000177
   15.1025    15.7022   .000153
   15.3024    15.7022   .000152
   15.5022    15.7022   .000162
   15.7022    15.7022   .000170
   15.9021    15.7022   .000190
   16.1019    15.7022   .000168
   16.3018    15.7022   .000151
   16.5018    15.7022   .000147
   16.7017    15.7022   .000145
   16.9016    15.7022   .000171
   17.1014    15.7022   .000195
   17.3013    15.7022   .000200
   17.5012    15.7022   .000192
   17.7012    15.7022   .000175
   17.9011    15.7022   .000170
   18.1010    15.7022   .000163
   18.3008    15.7022   .000161
   18.5007    15.7022   .000159
   18.7006    15.7022   .000173
   18.9006    15.7022   .000191
   19.1005    15.7022   .000216
   19.3004    15.7022   .000210
   19.5002    15.7022   .000186
   19.7001    15.7022   .000171
   19.9000    15.7022   .000139
     .1099    15.9021   .000116
     .3099    15.9021   .000121
     .5098    15.9021   .000091
     .7096    15.9021   .000064
     .9096    15.9021   .000050
    1.1094    15.9021   .000039
    1.3094    15.9021   .000046
    1.5093    15.9021   .000053
    1.7091    15.9021   .000067
    1.9090    15.9021   .000048
    2.1089    15.9021   .000021
    2.3089    15.9021   .000001
    2.5087    15.9021   .000000
    2.7087    15.9021   .000000
    2.9086    15.9021   .000000
    3.1084    15.9021   .000000
    3.3084    15.9021   .000000
    3.5082    15.9021   .000000
    3.7081    15.9021   .000000
    3.9081    15.9021   .000000
    4.1080    15.9021   .000000
    4.3078    15.9021   .000000
    4.5078    15.9021   .000000
    4.7077    15.9021   .000000
    4.9075    15.9021   .000000
    5.1075    15.9021   .000000
    5.3074    15.9021   .000000
    5.5072    15.9021   .000000
    5.7071    15.9021   .000000
    5.9071    15.9021   .000000
    6.1069    15.9021   .000000
    6.3068    15.9021   .000001
    6.5068    15.9021   .000004
    6.7067    15.9021   .000002
    6.9065    15.9021   .000003
    7.1065    15.9021   .000001
    7.3064    15.9021   .000003
    7.5062    15.9021   .000013
    7.7062    15.9021   .000020
    7.9061    15.9021   .000020
    8.1060    15.9021   .000028
    8.3059    15.9021   .000047
    8.5057    15.9021   .000057
    8.7057    15.9021   .000063
    8.9056    15.9021   .000067
    9.1054    15.9021   .000078
    9.3054    15.9021   .000077
    9.5052    15.9021   .000076
    9.7051    15.9021   .000060
    9.9051    15.9021   .000064
   10.1049    15.9021   .000073
   10.3048    15.9021   .000080
   10.5048    15.9021   .000074
   10.7046    15.9021   .000077
   10.9045    15.9021   .000088
   11.1045    15.9021   .000104
   11.3043    15.9021   .000126
   11.5043    15.9021   .000130
   11.7042    15.9021   .000134
   11.9040    15.9021   .000118
   12.1040    15.9021   .000118
   12.3039    15.9021   .000131
   12.5037    15.9021   .000158
   12.7037    15.9021   .000172
   12.9036    15.9021   .000177
   13.1034    15.9021   .000165
   13.3034    15.9021   .000157
   13.5033    15.9021   .000157
   13.7031    15.9021   .000160
   13.9031    15.9021   .000160
   14.1030    15.9021   .000154
   14.3028    15.9021   .000167
   14.5028    15.9021   .000183
   14.7027    15.9021   .000190
   14.9025    15.9021   .000172
   15.1025    15.9021   .000163
   15.3024    15.9021   .000144
   15.5022    15.9021   .000155
   15.7022    15.9021   .000176
   15.9021    15.9021   .000183
   16.1019    15.9021   .000177
   16.3018    15.9021   .000161
   16.5018    15.9021   .000139
   16.7017    15.9021   .000142
   16.9016    15.9021   .000165
   17.1014    15.9021   .000193
   17.3013    15.9021   .000204
   17.5012    15.9021   .000194
   17.7012    15.9021   .000183
   17.9011    15.9021   .000171
   18.1010    15.9021   .000171
   18.3008    15.9021   .000163
   18.5007    15.9021   .000163
   18.7006    15.9021   .000164
   18.9006    15.9021   .000192
   19.1005    15.9021   .000210
   19.3004    15.9021   .000210
   19.5002    15.9021   .000190
   19.7001    15.9021   .000165
   19.9000    15.9021   .000142
     .1099    16.1019   .000113
     .3099    16.1019   .000124
     .5098    16.1019   .000097
     .7096    16.1019   .000068
     .9096    16.1019   .000045
    1.1094    16.1019   .000033
    1.3094    16.1019   .000042
    1.5093    16.1019   .000056
    1.7091    16.1019   .000066
    1.9090    16.1019   .000055
    2.1089    16.1019   .000020
    2.3089    16.1019   .000000
    2.5087    16.1019   .000000
    2.7087    16.1019   .000000
    2.9086    16.1019   .000000
    3.1084    16.1019   .000000
    3.3084    16.1019   .000000
    3.5082    16.1019   .000000
    3.7081    16.1019   .000000
    3.9081    16.1019   .000000
    4.1080    16.1019   .000000
    4.3078    16.1019   .000000
    4.5078    16.1019   .000000
    4.7077    16.1019   .000000
    4.9075    16.1019   .000000
    5.1075    16.1019   .000000
    5.3074    16.1019   .000000
    5.5072    16.1019   .000000
    5.7071    16.1019   .000000
    5.9071    16.1019   .000000
    6.1069    16.1019   .000000
    6.3068    16.1019   .000001
    6.5068    16.1019   .000003
    6.7067    16.1019   .000005
    6.9065    16.1019   .000002
    7.1065    16.1019   .000002
    7.3064    16.1019   .000005
    7.5062    16.1019   .000010
    7.7062    16.1019   .000018
    7.9061    16.1019   .000025
    8.1060    16.1019   .000036
    8.3059    16.1019   .000048
    8.5057    16.1019   .000054
    8.7057    16.1019   .000071
    8.9056    16.1019   .000072
    9.1054    16.1019   .000085
    9.3054    16.1019   .000082
    9.5052    16.1019   .000076
    9.7051    16.1019   .000068
    9.9051    16.1019   .000061
   10.1049    16.1019   .000075
   10.3048    16.1019   .000080
   10.5048    16.1019   .000083
   10.7046    16.1019   .000076
   10.9045    16.1019   .000083
   11.1045    16.1019   .000103
   11.3043    16.1019   .000122
   11.5043    16.1019   .000134
   11.7042    16.1019   .000126
   11.9040    16.1019   .000118
   12.1040    16.1019   .000122
   12.3039    16.1019   .000127
   12.5037    16.1019   .000155
   12.7037    16.1019   .000157
   12.9036    16.1019   .000171
   13.1034    16.1019   .000174
   13.3034    16.1019   .000168
   13.5033    16.1019   .000155
   13.7031    16.1019   .000157
   13.9031    16.1019   .000165
   14.1030    16.1019   .000166
   14.3028    16.1019   .000163
   14.5028    16.1019   .000169
   14.7027    16.1019   .000191
   14.9025    16.1019   .000177
   15.1025    16.1019   .000161
   15.3024    16.1019   .000150
   15.5022    16.1019   .000143
   15.7022    16.1019   .000173
   15.9021    16.1019   .000186
   16.1019    16.1019   .000184
   16.3018    16.1019   .000163
   16.5018    16.1019   .000140
   16.7017    16.1019   .000143
   16.9016    16.1019   .000154
   17.1014    16.1019   .000176
   17.3013    16.1019   .000199
   17.5012    16.1019   .000195
   17.7012    16.1019   .000191
   17.9011    16.1019   .000173
   18.1010    16.1019   .000168
   18.3008    16.1019   .000157
   18.5007    16.1019   .000155
   18.7006    16.1019   .000158
   18.9006    16.1019   .000191
   19.1005    16.1019   .000204
   19.3004    16.1019   .000213
   19.5002    16.1019   .000196
   19.7001    16.1019   .000172
   19.9000    16.1019   .000144
     .1099    16.3018   .000116
     .3099    16.3018   .000117
     .5098    16.3018   .000100
     .7096    16.3018   .000069
     .9096    16.3018   .000048
    1.1094    16.3018   .000032
    1.3094    16.3018   .000034
    1.5093    16.3018   .000055
    1.7091    16.3018   .000068
    1.9090    16.3018   .000065
    2.1089    16.3018   .000025
    2.3089    16.3018   .000000
    2.5087    16.3018   .000000
    2.7087    16.3018   .000000
    2.9086    16.3018   .000000
    3.1084    16.3018   .000000
    3.3084    16.3018   .000000
    3.5082    16.3018   .000001
    3.7081    16.3018   .000000
    3.9081    16.3018   .000000
    4.1080    16.3018   .000000
    4.3078    16.3018   .000000
    4.5078    16.3018   .000000
    4.7077    16.3018   .000000
    4.9075    16.3018   .000000
    5.1075    16.3018   .000000
    5.3074    16.3018   .000000
    5.5072    16.3018   .000000
    5.7071    16.3018   .000000
    5.9071    16.3018   .000000
    6.1069    16.3018   .000000
    6.3068    16.3018   .000001
    6.5068    16.3018   .000003
    6.7067    16.3018   .000003
    6.9065    16.3018   .000002
    7.1065    16.3018   .000002
    7.3064    16.3018   .000003
    7.5062    16.3018   .000015
    7.7062    16.3018   .000022
    7.9061    16.3018   .000030
    8.1060    16.3018   .000030
    8.3059    16.3018   .000042
    8.5057    16.3018   .000062
    8.7057    16.3018   .000057
    8.9056    16.3018   .000073
    9.1054    16.3018   .000071
    9.3054    16.3018   .000081
    9.5052    16.3018   .000074
    9.7051    16.3018   .000074
    9.9051    16.3018   .000063
   10.1049    16.3018   .000070
   10.3048    16.3018   .000085
   10.5048    16.3018   .000083
   10.7046    16.3018   .000083
   10.9045    16.3018   .000084
   11.1045    16.3018   .000104
   11.3043    16.3018   .000125
   11.5043    16.3018   .000138
   11.7042    16.3018   .000138
   11.9040    16.3018   .000125
   12.1040    16.3018   .000120
   12.3039    16.3018   .000123
   12.5037    16.3018   .000144
   12.7037    16.3018   .000157
   12.9036    16.3018   .000164
   13.1034    16.3018   .000166
   13.3034    16.3018   .000164
   13.5033    16.3018   .000164
   13.7031    16.3018   .000165
   13.9031    16.3018   .000165
   14.1030    16.3018   .000158
   14.3028    16.3018   .000154
   14.5028    16.3018   .000181
   14.7027    16.3018   .000199
   14.9025    16.3018   .000184
   15.1025    16.3018   .000166
   15.3024    16.3018   .000147
   15.5022    16.3018   .000150
   15.7022    16.3018   .000167
   15.9021    16.3018   .000189
   16.1019    16.3018   .000179
   16.3018    16.3018   .000159
   16.5018    16.3018   .000142
   16.7017    16.3018   .000133
   16.9016    16.3018   .000152
   17.1014    16.3018   .000183
   17.3013    16.3018   .000195
   17.5012    16.3018   .000194
   17.7012    16.3018   .000186
   17.9011    16.3018   .000172
   18.1010    16.3018   .000160
   18.3008    16.3018   .000167
   18.5007    16.3018   .000160
   18.7006    16.3018   .000157
   18.9006    16.3018   .000182
   19.1005    16.3018   .000206
   19.3004    16.3018   .000209
   19.5002    16.3018   .000206
   19.7001    16.3018   .000170
   19.9000    16.3018   .000138
     .1099    16.5018   .000117
     .3099    16.5018   .000128
     .5098    16.5018   .000093
     .7096    16.5018   .000068
     .9096    16.5018   .000044
    1.1094    16.5018   .000034
    1.3094    16.5018   .000043
    1.5093    16.5018   .000059
    1.7091    16.5018   .000063
    1.9090    16.5018   .000057
    2.1089    16.5018   .000029
    2.3089    16.5018   .000000
    2.5087    16.5018   .000000
    2.7087    16.5018   .000000
    2.9086    16.5018   .000000
    3.1084    16.5018   .000000
    3.3084    16.5018   .000000
    3.5082    16.5018   .000000
    3.7081    16.5018   .000000
    3.9081    16.5018   .000000
    4.1080    16.5018   .000000
    4.3078    16.5018   .000001
    4.5078    16.5018   .000000
    4.7077    16.5018   .000000
    4.9075    16.5018   .000000
    5.1075    16.5018   .000000
    5.3074    16.5018   .000000
    5.5072    16.5018   .000000
    5.7071    16.5018   .000000
    5.9071    16.5018   .000000
    6.1069    16.5018   .000000
    6.3068    16.5018   .000001
    6.5068    16.5018   .000003
    6.7067    16.5018   .000004
    6.9065    16.5018   .000003
    7.1065    16.5018   .000001
    7.3064    16.5018   .000003
    7.5062    16.5018   .000008
    7.7062    16.5018   .000024
    7.9061    16.5018   .000025
    8.1060    16.5018   .000030
    8.3059    16.5018   .000042
    8.5057    16.5018   .000053
    8.7057    16.5018   .000067
    8.9056    16.5018   .000071
    9.1054    16.5018   .000073
    9.3054    16.5018   .000079
    9.5052    16.5018   .000078
    9.7051    16.5018   .000072
    9.9051    16.5018   .000066
   10.1049    16.5018   .000075
   10.3048    16.5018   .000079
   10.5048    16.5018   .000078
   10.7046    16.5018   .000078
   10.9045    16.5018   .000086
   11.1045    16.5018   .000103
   11.3043    16.5018   .000123
   11.5043    16.5018   .000142
   11.7042    16.5018   .000143
   11.9040    16.5018   .000130
   12.1040    16.5018   .000122
   12.3039    16.5018   .000123
   12.5037    16.5018   .000144
   12.7037    16.5018   .000147
   12.9036    16.5018   .000158
   13.1034    16.5018   .000164
   13.3034    16.5018   .000165
   13.5033    16.5018   .000160
   13.7031    16.5018   .000162
   13.9031    16.5018   .000170
   14.1030    16.5018   .000158
   14.3028    16.5018   .000157
   14.5028    16.5018   .000174
   14.7027    16.5018   .000198
   14.9025    16.5018   .000191
   15.1025    16.5018   .000165
   15.3024    16.5018   .000142
   15.5022    16.5018   .000145
   15.7022    16.5018   .000162
   15.9021    16.5018   .000184
   16.1019    16.5018   .000188
   16.3018    16.5018   .000168
   16.5018    16.5018   .000142
   16.7017    16.5018   .000144
   16.9016    16.5018   .000148
   17.1014    16.5018   .000168
   17.3013    16.5018   .000186
   17.5012    16.5018   .000191
   17.7012    16.5018   .000188
   17.9011    16.5018   .000179
   18.1010    16.5018   .000170
   18.3008    16.5018   .000160
   18.5007    16.5018   .000158
   18.7006    16.5018   .000154
   18.9006    16.5018   .000172
   19.1005    16.5018   .000196
   19.3004    16.5018   .000213
   19.5002    16.5018   .000207
   19.7001    16.5018   .000183
   19.9000    16.5018   .000143
     .1099    16.7017   .000120
     .3099    16.7017   .000124
     .5098    16.7017   .000099
     .7096    16.7017   .000064
     .9096    16.7017   .000036
    1.1094    16.7017   .000032
    1.3094    16.7017   .000043
    1.5093    16.7017   .000049
    1.7091    16.7017   .000058
    1.9090    16.7017   .000052
    2.1089    16.7017   .000028
    2.3089    16.7017   .000001
    2.5087    16.7017   .000000
    2.7087    16.7017   .000000
    2.9086    16.7017   .000000
    3.1084    16.7017   .000000
    3.3084    16.7017   .000000
    3.5082    16.7017   .000000
    3.7081    16.7017   .000000
    3.9081    16.7017   .000000
    4.1080    16.7017   .000000
    4.3078    16.7017   .000000
    4.5078    16.7017   .000000
    4.7077    16.7017   .000000
    4.9075    16.7017   .000000
    5.1075    16.7017   .000000
    5.3074    16.7017   .000000
    5.5072    16.7017   .000000
    5.7071    16.7017   .000000
    5.9071    16.7017   .000000
    6.1069    16.7017   .000000
    6.3068    16.7017   .000001
    6.5068    16.7017   .000002
    6.7067    16.7017   .000003
    6.9065    16.7017   .000002
    7.1065    16.7017   .000001
    7.3064    16.7017   .000003
    7.5062    16.7017   .000014
    7.7062    16.7017   .000022
    7.9061    16.7017   .000020
    8.1060    16.7017   .000033
    8.3059    16.7017   .000045
    8.5057    16.7017   .000051
    8.7057    16.7017   .000060
    8.9056    16.7017   .000059
    9.1054    16.7017   .000069
    9.3054    16.7017   .000078
    9.5052    16.7017   .000084
    9.7051    16.7017   .000072
    9.9051    16.7017   .000066
   10.1049    16.7017   .000069
   10.3048    16.7017   .000081
   10.5048    16.7017   .000085
   10.7046    16.7017   .000070
   10.9045    16.7017   .000083
   11.1045    16.7017   .000101
   11.3043    16.7017   .000123
   11.5043    16.7017   .000133
   11.7042    16.7017   .000140
   11.9040    16.7017   .000128
   12.1040    16.7017   .000124
   12.3039    16.7017   .000125
   12.5037    16.7017   .000141
   12.7037    16.7017   .000146
   12.9036    16.7017   .000155
   13.1034    16.7017   .000159
   13.3034    16.7017   .000167
   13.5033    16.7017   .000170
   13.7031    16.7017   .000170
   13.9031    16.7017   .000169
   14.1030    16.7017   .000164
   14.3028    16.7017   .000164
   14.5028    16.7017   .000173
   14.7027    16.7017   .000190
   14.9025    16.7017   .000191
   15.1025    16.7017   .000166
   15.3024    16.7017   .000148
   15.5022    16.7017   .000147
   15.7022    16.7017   .000162
   15.9021    16.7017   .000187
   16.1019    16.7017   .000192
   16.3018    16.7017   .000170
   16.5018    16.7017   .000147
   16.7017    16.7017   .000149
   16.9016    16.7017   .000146
   17.1014    16.7017   .000171
   17.3013    16.7017   .000187
   17.5012    16.7017   .000192
   17.7012    16.7017   .000190
   17.9011    16.7017   .000180
   18.1010    16.7017   .000170
   18.3008    16.7017   .000166
   18.5007    16.7017   .000161
   18.7006    16.7017   .000152
   18.9006    16.7017   .000172
   19.1005    16.7017   .000201
   19.3004    16.7017   .000209
   19.5002    16.7017   .000215
   19.7001    16.7017   .000176
   19.9000    16.7017   .000141
     .1099    16.9016   .000114
     .3099    16.9016   .000116
     .5098    16.9016   .000095
     .7096    16.9016   .000066
     .9096    16.9016   .000041
    1.1094    16.9016   .000026
    1.3094    16.9016   .000034
    1.5093    16.9016   .000043
    1.7091    16.9016   .000067
    1.9090    16.9016   .000050
    2.1089    16.9016   .000026
    2.3089    16.9016   .000000
    2.5087    16.9016   .000000
    2.7087    16.9016   .000000
    2.9086    16.9016   .000000
    3.1084    16.9016   .000000
    3.3084    16.9016   .000000
    3.5082    16.9016   .000000
    3.7081    16.9016   .000000
    3.9081    16.9016   .000000
    4.1080    16.9016   .000000
    4.3078    16.9016   .000000
    4.5078    16.9016   .000000
    4.7077    16.9016   .000000
    4.9075    16.9016   .000000
    5.1075    16.9016   .000000
    5.3074    16.9016   .000000
    5.5072    16.9016   .000000
    5.7071    16.9016   .000000
    5.9071    16.9016   .000000
    6.1069    16.9016   .000000
    6.3068    16.9016   .000001
    6.5068    16.9016   .000002
    6.7067    16.9016   .000002
    6.9065    16.9016   .000002
    7.1065    16.9016   .000002
    7.3064    16.9016   .000004
    7.5062    16.9016   .000012
    7.7062    16.9016   .000024
    7.9061    16.9016   .000026
    8.1060    16.9016   .000033
    8.3059    16.9016   .000041
    8.5057    16.9016   .000051
    8.7057    16.9016   .000053
    8.9056    16.9016   .000054
    9.1054    16.9016   .000065
    9.3054    16.9016   .000076
    9.5052    16.9016   .000076
    9.7051    16.9016   .000069
    9.9051    16.9016   .000067
   10.1049    16.9016   .000079
   10.3048    16.9016   .000085
   10.5048    16.9016   .000084
   10.7046    16.9016   .000081
   10.9045    16.9016   .000075
   11.1045    16.9016   .000088
   11.3043    16.9016   .000127
   11.5043    16.9016   .000143
   11.7042    16.9016   .000143
   11.9040    16.9016   .000139
   12.1040    16.9016   .000130
   12.3039    16.9016   .000135
   12.5037    16.9016   .000146
   12.7037    16.9016   .000150
   12.9036    16.9016   .000152
   13.1034    16.9016   .000164
   13.3034    16.9016   .000174
   13.5033    16.9016   .000173
   13.7031    16.9016   .000173
   13.9031    16.9016   .000181
   14.1030    16.9016   .000167
   14.3028    16.9016   .000164
   14.5028    16.9016   .000175
   14.7027    16.9016   .000185
   14.9025    16.9016   .000188
   15.1025    16.9016   .000173
   15.3024    16.9016   .000141
   15.5022    16.9016   .000132
   15.7022    16.9016   .000152
   15.9021    16.9016   .000182
   16.1019    16.9016   .000187
   16.3018    16.9016   .000177
   16.5018    16.9016   .000156
   16.7017    16.9016   .000142
   16.9016    16.9016   .000151
   17.1014    16.9016   .000165
   17.3013    16.9016   .000186
   17.5012    16.9016   .000198
   17.7012    16.9016   .000196
   17.9011    16.9016   .000182
   18.1010    16.9016   .000177
   18.3008    16.9016   .000165
   18.5007    16.9016   .000167
   18.7006    16.9016   .000153
   18.9006    16.9016   .000158
   19.1005    16.9016   .000188
   19.3004    16.9016   .000212
   19.5002    16.9016   .000218
   19.7001    16.9016   .000186
   19.9000    16.9016   .000147
     .1099    17.1014   .000110
     .3099    17.1014   .000117
     .5098    17.1014   .000087
     .7096    17.1014   .000064
     .9096    17.1014   .000036
    1.1094    17.1014   .000031
    1.3094    17.1014   .000036
    1.5093    17.1014   .000040
    1.7091    17.1014   .000059
    1.9090    17.1014   .000051
    2.1089    17.1014   .000023
    2.3089    17.1014   .000000
    2.5087    17.1014   .000000
    2.7087    17.1014   .000000
    2.9086    17.1014   .000000
    3.1084    17.1014   .000000
    3.3084    17.1014   .000000
    3.5082    17.1014   .000000
    3.7081    17.1014   .000000
    3.9081    17.1014   .000000
    4.1080    17.1014   .000000
    4.3078    17.1014   .000000
    4.5078    17.1014   .000000
    4.7077    17.1014   .000000
    4.9075    17.1014   .000000
    5.1075    17.1014   .000000
    5.3074    17.1014   .000000
    5.5072    17.1014   .000000
    5.7071    17.1014   .000000
    5.9071    17.1014   .000000
    6.1069    17.1014   .000000
    6.3068    17.1014   .000000
    6.5068    17.1014   .000005
    6.7067    17.1014   .000002
    6.9065    17.1014   .000002
    7.1065    17.1014   .000001
    7.3064    17.1014   .000003
    7.5062    17.1014   .000011
    7.7062    17.1014   .000019
    7.9061    17.1014   .000018
    8.1060    17.1014   .000020
    8.3059    17.1014   .000037
    8.5057    17.1014   .000046
    8.7057    17.1014   .000051
    8.9056    17.1014   .000058
    9.1054    17.1014   .000065
    9.3054    17.1014   .000070
    9.5052    17.1014   .000073
    9.7051    17.1014   .000071
    9.9051    17.1014   .000067
   10.1049    17.1014   .000068
   10.3048    17.1014   .000087
   10.5048    17.1014   .000079
   10.7046    17.1014   .000071
   10.9045    17.1014   .000072
   11.1045    17.1014   .000084
   11.3043    17.1014   .000115
   11.5043    17.1014   .000143
   11.7042    17.1014   .000146
   11.9040    17.1014   .000142
   12.1040    17.1014   .000137
   12.3039    17.1014   .000140
   12.5037    17.1014   .000150
   12.7037    17.1014   .000154
   12.9036    17.1014   .000163
   13.1034    17.1014   .000163
   13.3034    17.1014   .000170
   13.5033    17.1014   .000184
   13.7031    17.1014   .000185
   13.9031    17.1014   .000186
   14.1030    17.1014   .000171
   14.3028    17.1014   .000157
   14.5028    17.1014   .000176
   14.7027    17.1014   .000183
   14.9025    17.1014   .000199
   15.1025    17.1014   .000175
   15.3024    17.1014   .000148
   15.5022    17.1014   .000140
   15.7022    17.1014   .000147
   15.9021    17.1014   .000181
   16.1019    17.1014   .000190
   16.3018    17.1014   .000175
   16.5018    17.1014   .000159
   16.7017    17.1014   .000140
   16.9016    17.1014   .000146
   17.1014    17.1014   .000164
   17.3013    17.1014   .000191
   17.5012    17.1014   .000194
   17.7012    17.1014   .000188
   17.9011    17.1014   .000190
   18.1010    17.1014   .000175
   18.3008    17.1014   .000175
   18.5007    17.1014   .000164
   18.7006    17.1014   .000159
   18.9006    17.1014   .000164
   19.1005    17.1014   .000186
   19.3004    17.1014   .000216
   19.5002    17.1014   .000215
   19.7001    17.1014   .000197
   19.9000    17.1014   .000148
     .1099    17.3013   .000108
     .3099    17.3013   .000111
     .5098    17.3013   .000082
     .7096    17.3013   .000060
     .9096    17.3013   .000035
    1.1094    17.3013   .000024
    1.3094    17.3013   .000031
    1.5093    17.3013   .000041
    1.7091    17.3013   .000052
    1.9090    17.3013   .000045
    2.1089    17.3013   .000023
    2.3089    17.3013   .000000
    2.5087    17.3013   .000000
    2.7087    17.3013   .000000
    2.9086    17.3013   .000000
    3.1084    17.3013   .000000
    3.3084    17.3013   .000000
    3.5082    17.3013   .000000
    3.7081    17.3013   .000000
    3.9081    17.3013   .000000
    4.1080    17.3013   .000000
    4.3078    17.3013   .000000
    4.5078    17.3013   .000000
    4.7077    17.3013   .000000
    4.9075    17.3013   .000000
    5.1075    17.3013   .000000
    5.3074    17.3013   .000000
    5.5072    17.3013   .000000
    5.7071    17.3013   .000000
    5.9071    17.3013   .000000
    6.1069    17.3013   .000000
    6.3068    17.3013   .000001
    6.5068    17.3013   .000004
    6.7067    17.3013   .000002
    6.9065    17.3013   .000002
    7.1065    17.3013   .000001
    7.3064    17.3013   .000002
    7.5062    17.3013   .000006
    7.7062    17.3013   .000021
    7.9061    17.3013   .000016
    8.1060    17.3013   .000024
    8.3059    17.3013   .000036
    8.5057    17.3013   .000047
    8.7057    17.3013   .000041
    8.9056    17.3013   .000052
    9.1054    17.3013   .000061
    9.3054    17.3013   .000063
    9.5052    17.3013   .000068
    9.7051    17.3013   .000068
    9.9051    17.3013   .000066
   10.1049    17.3013   .000070
   10.3048    17.3013   .000085
   10.5048    17.3013   .000088
   10.7046    17.3013   .000073
   10.9045    17.3013   .000066
   11.1045    17.3013   .000086
   11.3043    17.3013   .000109
   11.5043    17.3013   .000135
   11.7042    17.3013   .000152
   11.9040    17.3013   .000146
   12.1040    17.3013   .000146
   12.3039    17.3013   .000136
   12.5037    17.3013   .000152
   12.7037    17.3013   .000158
   12.9036    17.3013   .000152
   13.1034    17.3013   .000159
   13.3034    17.3013   .000177
   13.5033    17.3013   .000184
   13.7031    17.3013   .000194
   13.9031    17.3013   .000196
   14.1030    17.3013   .000186
   14.3028    17.3013   .000161
   14.5028    17.3013   .000166
   14.7027    17.3013   .000187
   14.9025    17.3013   .000197
   15.1025    17.3013   .000177
   15.3024    17.3013   .000153
   15.5022    17.3013   .000137
   15.7022    17.3013   .000146
   15.9021    17.3013   .000176
   16.1019    17.3013   .000189
   16.3018    17.3013   .000178
   16.5018    17.3013   .000172
   16.7017    17.3013   .000155
   16.9016    17.3013   .000147
   17.1014    17.3013   .000166
   17.3013    17.3013   .000179
   17.5012    17.3013   .000190
   17.7012    17.3013   .000188
   17.9011    17.3013   .000195
   18.1010    17.3013   .000182
   18.3008    17.3013   .000182
   18.5007    17.3013   .000178
   18.7006    17.3013   .000155
   18.9006    17.3013   .000159
   19.1005    17.3013   .000177
   19.3004    17.3013   .000209
   19.5002    17.3013   .000222
   19.7001    17.3013   .000200
   19.9000    17.3013   .000154
     .1099    17.5012   .000105
     .3099    17.5012   .000101
     .5098    17.5012   .000085
     .7096    17.5012   .000056
     .9096    17.5012   .000035
    1.1094    17.5012   .000027
    1.3094    17.5012   .000030
    1.5093    17.5012   .000038
    1.7091    17.5012   .000045
    1.9090    17.5012   .000047
    2.1089    17.5012   .000024
    2.3089    17.5012   .000000
    2.5087    17.5012   .000000
    2.7087    17.5012   .000000
    2.9086    17.5012   .000000
    3.1084    17.5012   .000000
    3.3084    17.5012   .000000
    3.5082    17.5012   .000000
    3.7081    17.5012   .000000
    3.9081    17.5012   .000000
    4.1080    17.5012   .000000
    4.3078    17.5012   .000000
    4.5078    17.5012   .000000
    4.7077    17.5012   .000000
    4.9075    17.5012   .000000
    5.1075    17.5012   .000000
    5.3074    17.5012   .000000
    5.5072    17.5012   .000000
    5.7071    17.5012   .000000
    5.9071    17.5012   .000000
    6.1069    17.5012   .000000
    6.3068    17.5012   .000001
    6.5068    17.5012   .000004
    6.7067    17.5012   .000003
    6.9065    17.5012   .000001
    7.1065    17.5012   .000001
    7.3064    17.5012   .000003
    7.5062    17.5012   .000007
    7.7062    17.5012   .000007
    7.9061    17.5012   .000013
    8.1060    17.5012   .000024
    8.3059    17.5012   .000031
    8.5057    17.5012   .000039
    8.7057    17.5012   .000048
    8.9056    17.5012   .000043
    9.1054    17.5012   .000048
    9.3054    17.5012   .000055
    9.5052    17.5012   .000066
    9.7051    17.5012   .000069
    9.9051    17.5012   .000071
   10.1049    17.5012   .000073
   10.3048    17.5012   .000079
   10.5048    17.5012   .000080
   10.7046    17.5012   .000079
   10.9045    17.5012   .000068
   11.1045    17.5012   .000080
   11.3043    17.5012   .000105
   11.5043    17.5012   .000140
   11.7042    17.5012   .000144
   11.9040    17.5012   .000149
   12.1040    17.5012   .000144
   12.3039    17.5012   .000143
   12.5037    17.5012   .000151
   12.7037    17.5012   .000158
   12.9036    17.5012   .000155
   13.1034    17.5012   .000158
   13.3034    17.5012   .000172
   13.5033    17.5012   .000193
   13.7031    17.5012   .000202
   13.9031    17.5012   .000204
   14.1030    17.5012   .000186
   14.3028    17.5012   .000164
   14.5028    17.5012   .000165
   14.7027    17.5012   .000185
   14.9025    17.5012   .000192
   15.1025    17.5012   .000185
   15.3024    17.5012   .000162
   15.5022    17.5012   .000139
   15.7022    17.5012   .000150
   15.9021    17.5012   .000167
   16.1019    17.5012   .000193
   16.3018    17.5012   .000183
   16.5018    17.5012   .000175
   16.7017    17.5012   .000166
   16.9016    17.5012   .000163
   17.1014    17.5012   .000165
   17.3013    17.5012   .000185
   17.5012    17.5012   .000194
   17.7012    17.5012   .000191
   17.9011    17.5012   .000188
   18.1010    17.5012   .000187
   18.3008    17.5012   .000184
   18.5007    17.5012   .000176
   18.7006    17.5012   .000167
   18.9006    17.5012   .000164
   19.1005    17.5012   .000178
   19.3004    17.5012   .000198
   19.5002    17.5012   .000219
   19.7001    17.5012   .000211
   19.9000    17.5012   .000159
     .1099    17.7012   .000098
     .3099    17.7012   .000096
     .5098    17.7012   .000077
     .7096    17.7012   .000055
     .9096    17.7012   .000036
    1.1094    17.7012   .000018
    1.3094    17.7012   .000023
    1.5093    17.7012   .000044
    1.7091    17.7012   .000046
    1.9090    17.7012   .000033
    2.1089    17.7012   .000016
    2.3089    17.7012   .000001
    2.5087    17.7012   .000000
    2.7087    17.7012   .000000
    2.9086    17.7012   .000000
    3.1084    17.7012   .000000
    3.3084    17.7012   .000000
    3.5082    17.7012   .000000
    3.7081    17.7012   .000000
    3.9081    17.7012   .000000
    4.1080    17.7012   .000000
    4.3078    17.7012   .000000
    4.5078    17.7012   .000000
    4.7077    17.7012   .000000
    4.9075    17.7012   .000000
    5.1075    17.7012   .000000
    5.3074    17.7012   .000000
    5.5072    17.7012   .000000
    5.7071    17.7012   .000000
    5.9071    17.7012   .000000
    6.1069    17.7012   .000000
    6.3068    17.7012   .000001
    6.5068    17.7012   .000002
    6.7067    17.7012   .000003
    6.9065    17.7012   .000002
    7.1065    17.7012   .000002
    7.3064    17.7012   .000002
    7.5062    17.7012   .000003
    7.7062    17.7012   .000011
    7.9061    17.7012   .000006
    8.1060    17.7012   .000009
    8.3059    17.7012   .000033
    8.5057    17.7012   .000032
    8.7057    17.7012   .000039
    8.9056    17.7012   .000040
    9.1054    17.7012   .000048
    9.3054    17.7012   .000062
    9.5052    17.7012   .000060
    9.7051    17.7012   .000067
    9.9051    17.7012   .000064
   10.1049    17.7012   .000072
   10.3048    17.7012   .000080
   10.5048    17.7012   .000080
   10.7046    17.7012   .000075
   10.9045    17.7012   .000061
   11.1045    17.7012   .000069
   11.3043    17.7012   .000101
   11.5043    17.7012   .000132
   11.7042    17.7012   .000149
   11.9040    17.7012   .000159
   12.1040    17.7012   .000149
   12.3039    17.7012   .000144
   12.5037    17.7012   .000156
   12.7037    17.7012   .000163
   12.9036    17.7012   .000163
   13.1034    17.7012   .000163
   13.3034    17.7012   .000175
   13.5033    17.7012   .000195
   13.7031    17.7012   .000209
   13.9031    17.7012   .000214
   14.1030    17.7012   .000191
   14.3028    17.7012   .000175
   14.5028    17.7012   .000162
   14.7027    17.7012   .000179
   14.9025    17.7012   .000200
   15.1025    17.7012   .000188
   15.3024    17.7012   .000165
   15.5022    17.7012   .000149
   15.7022    17.7012   .000152
   15.9021    17.7012   .000157
   16.1019    17.7012   .000189
   16.3018    17.7012   .000193
   16.5018    17.7012   .000180
   16.7017    17.7012   .000170
   16.9016    17.7012   .000167
   17.1014    17.7012   .000163
   17.3013    17.7012   .000187
   17.5012    17.7012   .000182
   17.7012    17.7012   .000203
   17.9011    17.7012   .000194
   18.1010    17.7012   .000191
   18.3008    17.7012   .000192
   18.5007    17.7012   .000183
   18.7006    17.7012   .000167
   18.9006    17.7012   .000161
   19.1005    17.7012   .000172
   19.3004    17.7012   .000203
   19.5002    17.7012   .000220
   19.7001    17.7012   .000207
   19.9000    17.7012   .000159
     .1099    17.9011   .000094
     .3099    17.9011   .000092
     .5098    17.9011   .000070
     .7096    17.9011   .000049
     .9096    17.9011   .000028
    1.1094    17.9011   .000013
    1.3094    17.9011   .000021
    1.5093    17.9011   .000038
    1.7091    17.9011   .000044
    1.9090    17.9011   .000038
    2.1089    17.9011   .000015
    2.3089    17.9011   .000001
    2.5087    17.9011   .000000
    2.7087    17.9011   .000000
    2.9086    17.9011   .000000
    3.1084    17.9011   .000000
    3.3084    17.9011   .000000
    3.5082    17.9011   .000000
    3.7081    17.9011   .000000
    3.9081    17.9011   .000000
    4.1080    17.9011   .000000
    4.3078    17.9011   .000000
    4.5078    17.9011   .000000
    4.7077    17.9011   .000000
    4.9075    17.9011   .000000
    5.1075    17.9011   .000000
    5.3074    17.9011   .000000
    5.5072    17.9011   .000000
    5.7071    17.9011   .000000
    5.9071    17.9011   .000000
    6.1069    17.9011   .000000
    6.3068    17.9011   .000001
    6.5068    17.9011   .000001
    6.7067    17.9011   .000003
    6.9065    17.9011   .000004
    7.1065    17.9011   .000001
    7.3064    17.9011   .000001
    7.5062    17.9011   .000009
    7.7062    17.9011   .000006
    7.9061    17.9011   .000011
    8.1060    17.9011   .000018
    8.3059    17.9011   .000023
    8.5057    17.9011   .000035
    8.7057    17.9011   .000035
    8.9056    17.9011   .000046
    9.1054    17.9011   .000041
    9.3054    17.9011   .000059
    9.5052    17.9011   .000065
    9.7051    17.9011   .000059
    9.9051    17.9011   .000065
   10.1049    17.9011   .000068
   10.3048    17.9011   .000076
   10.5048    17.9011   .000086
   10.7046    17.9011   .000075
   10.9045    17.9011   .000063
   11.1045    17.9011   .000065
   11.3043    17.9011   .000093
   11.5043    17.9011   .000131
   11.7042    17.9011   .000153
   11.9040    17.9011   .000155
   12.1040    17.9011   .000158
   12.3039    17.9011   .000148
   12.5037    17.9011   .000161
   12.7037    17.9011   .000167
   12.9036    17.9011   .000165
   13.1034    17.9011   .000160
   13.3034    17.9011   .000175
   13.5033    17.9011   .000188
   13.7031    17.9011   .000210
   13.9031    17.9011   .000217
   14.1030    17.9011   .000209
   14.3028    17.9011   .000178
   14.5028    17.9011   .000165
   14.7027    17.9011   .000182
   14.9025    17.9011   .000194
   15.1025    17.9011   .000200
   15.3024    17.9011   .000172
   15.5022    17.9011   .000148
   15.7022    17.9011   .000142
   15.9021    17.9011   .000166
   16.1019    17.9011   .000178
   16.3018    17.9011   .000184
   16.5018    17.9011   .000185
   16.7017    17.9011   .000175
   16.9016    17.9011   .000171
   17.1014    17.9011   .000171
   17.3013    17.9011   .000179
   17.5012    17.9011   .000190
   17.7012    17.9011   .000190
   17.9011    17.9011   .000198
   18.1010    17.9011   .000195
   18.3008    17.9011   .000197
   18.5007    17.9011   .000195
   18.7006    17.9011   .000178
   18.9006    17.9011   .000165
   19.1005    17.9011   .000167
   19.3004    17.9011   .000192
   19.5002    17.9011   .000218
   19.7001    17.9011   .000219
   19.9000    17.9011   .000168
     .1099    18.1010   .000089
     .3099    18.1010   .000088
     .5098    18.1010   .000061
     .7096    18.1010   .000043
     .9096    18.1010   .000030
    1.1094    18.1010   .000023
    1.3094    18.1010   .000015
    1.5093    18.1010   .000031
    1.7091    18.1010   .000043
    1.9090    18.1010   .000033
    2.1089    18.1010   .000016
    2.3089    18.1010   .000000
    2.5087    18.1010   .000000
    2.7087    18.1010   .000001
    2.9086    18.1010   .000000
    3.1084    18.1010   .000000
    3.3084    18.1010   .000000
    3.5082    18.1010   .000000
    3.7081    18.1010   .000000
    3.9081    18.1010   .000000
    4.1080    18.1010   .000000
    4.3078    18.1010   .000000
    4.5078    18.1010   .000001
    4.7077    18.1010   .000000
    4.9075    18.1010   .000000
    5.1075    18.1010   .000000
    5.3074    18.1010   .000000
    5.5072    18.1010   .000000
    5.7071    18.1010   .000000
    5.9071    18.1010   .000000
    6.1069    18.1010   .000000
    6.3068    18.1010   .000001
    6.5068    18.1010   .000002
    6.7067    18.1010   .000003
    6.9065    18.1010   .000001
    7.1065    18.1010   .000001
    7.3064    18.1010   .000002
    7.5062    18.1010   .000004
    7.7062    18.1010   .000004
    7.9061    18.1010   .000005
    8.1060    18.1010   .000005
    8.3059    18.1010   .000031
    8.5057    18.1010   .000041
    8.7057    18.1010   .000033
    8.9056    18.1010   .000033
    9.1054    18.1010   .000042
    9.3054    18.1010   .000049
    9.5052    18.1010   .000055
    9.7051    18.1010   .000064
    9.9051    18.1010   .000063
   10.1049    18.1010   .000072
   10.3048    18.1010   .000081
   10.5048    18.1010   .000092
   10.7046    18.1010   .000078
   10.9045    18.1010   .000065
   11.1045    18.1010   .000062
   11.3043    18.1010   .000083
   11.5043    18.1010   .000128
   11.7042    18.1010   .000152
   11.9040    18.1010   .000153
   12.1040    18.1010   .000163
   12.3039    18.1010   .000152
   12.5037    18.1010   .000159
   12.7037    18.1010   .000172
   12.9036    18.1010   .000171
   13.1034    18.1010   .000169
   13.3034    18.1010   .000177
   13.5033    18.1010   .000189
   13.7031    18.1010   .000216
   13.9031    18.1010   .000221
   14.1030    18.1010   .000206
   14.3028    18.1010   .000173
   14.5028    18.1010   .000160
   14.7027    18.1010   .000176
   14.9025    18.1010   .000193
   15.1025    18.1010   .000201
   15.3024    18.1010   .000183
   15.5022    18.1010   .000159
   15.7022    18.1010   .000151
   15.9021    18.1010   .000164
   16.1019    18.1010   .000184
   16.3018    18.1010   .000183
   16.5018    18.1010   .000185
   16.7017    18.1010   .000180
   16.9016    18.1010   .000179
   17.1014    18.1010   .000175
   17.3013    18.1010   .000176
   17.5012    18.1010   .000185
   17.7012    18.1010   .000192
   17.9011    18.1010   .000198
   18.1010    18.1010   .000203
   18.3008    18.1010   .000203
   18.5007    18.1010   .000192
   18.7006    18.1010   .000185
   18.9006    18.1010   .000170
   19.1005    18.1010   .000176
   19.3004    18.1010   .000193
   19.5002    18.1010   .000208
   19.7001    18.1010   .000215
   19.9000    18.1010   .000165
     .1099    18.3008   .000091
     .3099    18.3008   .000080
     .5098    18.3008   .000064
     .7096    18.3008   .000048
     .9096    18.3008   .000021
    1.1094    18.3008   .000017
    1.3094    18.3008   .000014
    1.5093    18.3008   .000029
    1.7091    18.3008   .000036
    1.9090    18.3008   .000035
    2.1089    18.3008   .000013
    2.3089    18.3008   .000000
    2.5087    18.3008   .000000
    2.7087    18.3008   .000000
    2.9086    18.3008   .000000
    3.1084    18.3008   .000000
    3.3084    18.3008   .000000
    3.5082    18.3008   .000000
    3.7081    18.3008   .000000
    3.9081    18.3008   .000000
    4.1080    18.3008   .000000
    4.3078    18.3008   .000000
    4.5078    18.3008   .000000
    4.7077    18.3008   .000000
    4.9075    18.3008   .000000
    5.1075    18.3008   .000001
    5.3074    18.3008   .000000
    5.5072    18.3008   .000000
    5.7071    18.3008   .000000
    5.9071    18.3008   .000000
    6.1069    18.3008   .000000
    6.3068    18.3008   .000001
    6.5068    18.3008   .000001
    6.7067    18.3008   .000002
    6.9065    18.3008   .000001
    7.1065    18.3008   .000001
    7.3064    18.3008   .000003
    7.5062    18.3008   .000002
    7.7062    18.3008   .000004
    7.9061    18.3008   .000002
    8.1060    18.3008   .000007
    8.3059    18.3008   .000029
    8.5057    18.3008   .000040
    8.7057    18.3008   .000036
    8.9056    18.3008   .000035
    9.1054    18.3008   .000045
    9.3054    18.3008   .000053
    9.5052    18.3008   .000054
    9.7051    18.3008   .000056
    9.9051    18.3008   .000064
   10.1049    18.3008   .000076
   10.3048    18.3008   .000074
   10.5048    18.3008   .000078
   10.7046    18.3008   .000080
   10.9045    18.3008   .000074
   11.1045    18.3008   .000064
   11.3043    18.3008   .000081
   11.5043    18.3008   .000121
   11.7042    18.3008   .000149
   11.9040    18.3008   .000159
   12.1040    18.3008   .000160
   12.3039    18.3008   .000159
   12.5037    18.3008   .000164
   12.7037    18.3008   .000175
   12.9036    18.3008   .000176
   13.1034    18.3008   .000167
   13.3034    18.3008   .000175
   13.5033    18.3008   .000199
   13.7031    18.3008   .000213
   13.9031    18.3008   .000217
   14.1030    18.3008   .000210
   14.3028    18.3008   .000192
   14.5028    18.3008   .000178
   14.7027    18.3008   .000173
   14.9025    18.3008   .000192
   15.1025    18.3008   .000201
   15.3024    18.3008   .000193
   15.5022    18.3008   .000165
   15.7022    18.3008   .000160
   15.9021    18.3008   .000159
   16.1019    18.3008   .000174
   16.3018    18.3008   .000185
   16.5018    18.3008   .000184
   16.7017    18.3008   .000183
   16.9016    18.3008   .000184
   17.1014    18.3008   .000184
   17.3013    18.3008   .000190
   17.5012    18.3008   .000192
   17.7012    18.3008   .000195
   17.9011    18.3008   .000199
   18.1010    18.3008   .000209
   18.3008    18.3008   .000205
   18.5007    18.3008   .000204
   18.7006    18.3008   .000192
   18.9006    18.3008   .000178
   19.1005    18.3008   .000174
   19.3004    18.3008   .000183
   19.5002    18.3008   .000217
   19.7001    18.3008   .000219
   19.9000    18.3008   .000168
     .1099    18.5007   .000088
     .3099    18.5007   .000076
     .5098    18.5007   .000061
     .7096    18.5007   .000038
     .9096    18.5007   .000025
    1.1094    18.5007   .000012
    1.3094    18.5007   .000018
    1.5093    18.5007   .000033
    1.7091    18.5007   .000040
    1.9090    18.5007   .000027
    2.1089    18.5007   .000006
    2.3089    18.5007   .000000
    2.5087    18.5007   .000000
    2.7087    18.5007   .000000
    2.9086    18.5007   .000000
    3.1084    18.5007   .000000
    3.3084    18.5007   .000000
    3.5082    18.5007   .000000
    3.7081    18.5007   .000000
    3.9081    18.5007   .000000
    4.1080    18.5007   .000000
    4.3078    18.5007   .000000
    4.5078    18.5007   .000000
    4.7077    18.5007   .000000
    4.9075    18.5007   .000000
    5.1075    18.5007   .000000
    5.3074    18.5007   .000000
    5.5072    18.5007   .000000
    5.7071    18.5007   .000000
    5.9071    18.5007   .000000
    6.1069    18.5007   .000000
    6.3068    18.5007   .000001
    6.5068    18.5007   .000001
    6.7067    18.5007   .000001
    6.9065    18.5007   .000001
    7.1065    18.5007   .000001
    7.3064    18.5007   .000002
    7.5062    18.5007   .000004
    7.7062    18.5007   .000004
    7.9061    18.5007   .000004
    8.1060    18.5007   .000009
    8.3059    18.5007   .000033
    8.5057    18.5007   .000033
    8.7057    18.5007   .000036
    8.9056    18.5007   .000038
    9.1054    18.5007   .000033
    9.3054    18.5007   .000047
    9.5052    18.5007   .000053
    9.7051    18.5007   .000055
    9.9051    18.5007   .000060
   10.1049    18.5007   .000070
   10.3048    18.5007   .000084
   10.5048    18.5007   .000085
   10.7046    18.5007   .000086
   10.9045    18.5007   .000069
   11.1045    18.5007   .000061
   11.3043    18.5007   .000088
   11.5043    18.5007   .000116
   11.7042    18.5007   .000147
   11.9040    18.5007   .000162
   12.1040    18.5007   .000164
   12.3039    18.5007   .000166
   12.5037    18.5007   .000162
   12.7037    18.5007   .000180
   12.9036    18.5007   .000178
   13.1034    18.5007   .000177
   13.3034    18.5007   .000179
   13.5033    18.5007   .000181
   13.7031    18.5007   .000188
   13.9031    18.5007   .000221
   14.1030    18.5007   .000216
   14.3028    18.5007   .000193
   14.5028    18.5007   .000176
   14.7027    18.5007   .000177
   14.9025    18.5007   .000203
   15.1025    18.5007   .000209
   15.3024    18.5007   .000190
   15.5022    18.5007   .000168
   15.7022    18.5007   .000162
   15.9021    18.5007   .000161
   16.1019    18.5007   .000168
   16.3018    18.5007   .000184
   16.5018    18.5007   .000189
   16.7017    18.5007   .000185
   16.9016    18.5007   .000187
   17.1014    18.5007   .000181
   17.3013    18.5007   .000189
   17.5012    18.5007   .000192
   17.7012    18.5007   .000193
   17.9011    18.5007   .000205
   18.1010    18.5007   .000207
   18.3008    18.5007   .000217
   18.5007    18.5007   .000207
   18.7006    18.5007   .000198
   18.9006    18.5007   .000183
   19.1005    18.5007   .000174
   19.3004    18.5007   .000181
   19.5002    18.5007   .000209
   19.7001    18.5007   .000220
   19.9000    18.5007   .000172
     .1099    18.7006   .000083
     .3099    18.7006   .000078
     .5098    18.7006   .000067
     .7096    18.7006   .000049
     .9096    18.7006   .000026
    1.1094    18.7006   .000017
    1.3094    18.7006   .000021
    1.5093    18.7006   .000036
    1.7091    18.7006   .000050
    1.9090    18.7006   .000038
    2.1089    18.7006   .000005
    2.3089    18.7006   .000000
    2.5087    18.7006   .000000
    2.7087    18.7006   .000000
    2.9086    18.7006   .000000
    3.1084    18.7006   .000000
    3.3084    18.7006   .000000
    3.5082    18.7006   .000000
    3.7081    18.7006   .000000
    3.9081    18.7006   .000000
    4.1080    18.7006   .000000
    4.3078    18.7006   .000000
    4.5078    18.7006   .000000
    4.7077    18.7006   .000000
    4.9075    18.7006   .000000
    5.1075    18.7006   .000000
    5.3074    18.7006   .000000
    5.5072    18.7006   .000000
    5.7071    18.7006   .000000
    5.9071    18.7006   .000000
    6.1069    18.7006   .000000
    6.3068    18.7006   .000001
    6.5068    18.7006   .000001
    6.7067    18.7006   .000002
    6.9065    18.7006   .000001
    7.1065    18.7006   .000001
    7.3064    18.7006   .000002
    7.5062    18.7006   .000002
    7.7062    18.7006   .000008
    7.9061    18.7006   .000003
    8.1060    18.7006   .000012
    8.3059    18.7006   .000028
    8.5057    18.7006   .000043
    8.7057    18.7006   .000037
    8.9056    18.7006   .000036
    9.1054    18.7006   .000045
    9.3054    18.7006   .000042
    9.5052    18.7006   .000055
    9.7051    18.7006   .000053
    9.9051    18.7006   .000062
   10.1049    18.7006   .000071
   10.3048    18.7006   .000089
   10.5048    18.7006   .000086
   10.7046    18.7006   .000084
   10.9045    18.7006   .000080
   11.1045    18.7006   .000070
   11.3043    18.7006   .000084
   11.5043    18.7006   .000115
   11.7042    18.7006   .000140
   11.9040    18.7006   .000158
   12.1040    18.7006   .000164
   12.3039    18.7006   .000160
   12.5037    18.7006   .000170
   12.7037    18.7006   .000175
   12.9036    18.7006   .000177
   13.1034    18.7006   .000173
   13.3034    18.7006   .000177
   13.5033    18.7006   .000190
   13.7031    18.7006   .000186
   13.9031    18.7006   .000205
   14.1030    18.7006   .000210
   14.3028    18.7006   .000203
   14.5028    18.7006   .000179
   14.7027    18.7006   .000181
   14.9025    18.7006   .000190
   15.1025    18.7006   .000209
   15.3024    18.7006   .000198
   15.5022    18.7006   .000176
   15.7022    18.7006   .000158
   15.9021    18.7006   .000156
   16.1019    18.7006   .000174
   16.3018    18.7006   .000182
   16.5018    18.7006   .000188
   16.7017    18.7006   .000194
   16.9016    18.7006   .000187
   17.1014    18.7006   .000191
   17.3013    18.7006   .000187
   17.5012    18.7006   .000181
   17.7012    18.7006   .000186
   17.9011    18.7006   .000202
   18.1010    18.7006   .000211
   18.3008    18.7006   .000212
   18.5007    18.7006   .000214
   18.7006    18.7006   .000202
   18.9006    18.7006   .000183
   19.1005    18.7006   .000175
   19.3004    18.7006   .000184
   19.5002    18.7006   .000201
   19.7001    18.7006   .000210
   19.9000    18.7006   .000173
     .1099    18.9006   .000087
     .3099    18.9006   .000083
     .5098    18.9006   .000065
     .7096    18.9006   .000045
     .9096    18.9006   .000038
    1.1094    18.9006   .000030
    1.3094    18.9006   .000026
    1.5093    18.9006   .000035
    1.7091    18.9006   .000044
    1.9090    18.9006   .000041
    2.1089    18.9006   .000013
    2.3089    18.9006   .000000
    2.5087    18.9006   .000000
    2.7087    18.9006   .000000
    2.9086    18.9006   .000000
    3.1084    18.9006   .000000
    3.3084    18.9006   .000000
    3.5082    18.9006   .000000
    3.7081    18.9006   .000000
    3.9081    18.9006   .000000
    4.1080    18.9006   .000000
    4.3078    18.9006   .000000
    4.5078    18.9006   .000000
    4.7077    18.9006   .000000
    4.9075    18.9006   .000000
    5.1075    18.9006   .000000
    5.3074    18.9006   .000000
    5.5072    18.9006   .000000
    5.7071    18.9006   .000000
    5.9071    18.9006   .000000
    6.1069    18.9006   .000000
    6.3068    18.9006   .000001
    6.5068    18.9006   .000002
    6.7067    18.9006   .000001
    6.9065    18.9006   .000001
    7.1065    18.9006   .000001
    7.3064    18.9006   .000001
    7.5062    18.9006   .000003
    7.7062    18.9006   .000007
    7.9061    18.9006   .000008
    8.1060    18.9006   .000012
    8.3059    18.9006   .000035
    8.5057    18.9006   .000044
    8.7057    18.9006   .000045
    8.9056    18.9006   .000043
    9.1054    18.9006   .000041
    9.3054    18.9006   .000047
    9.5052    18.9006   .000053
    9.7051    18.9006   .000058
    9.9051    18.9006   .000068
   10.1049    18.9006   .000073
   10.3048    18.9006   .000087
   10.5048    18.9006   .000093
   10.7046    18.9006   .000093
   10.9045    18.9006   .000090
   11.1045    18.9006   .000079
   11.3043    18.9006   .000086
   11.5043    18.9006   .000108
   11.7042    18.9006   .000138
   11.9040    18.9006   .000156
   12.1040    18.9006   .000159
   12.3039    18.9006   .000167
   12.5037    18.9006   .000168
   12.7037    18.9006   .000178
   12.9036    18.9006   .000180
   13.1034    18.9006   .000175
   13.3034    18.9006   .000174
   13.5033    18.9006   .000178
   13.7031    18.9006   .000177
   13.9031    18.9006   .000192
   14.1030    18.9006   .000207
   14.3028    18.9006   .000200
   14.5028    18.9006   .000183
   14.7027    18.9006   .000179
   14.9025    18.9006   .000190
   15.1025    18.9006   .000202
   15.3024    18.9006   .000199
   15.5022    18.9006   .000173
   15.7022    18.9006   .000160
   15.9021    18.9006   .000163
   16.1019    18.9006   .000169
   16.3018    18.9006   .000175
   16.5018    18.9006   .000178
   16.7017    18.9006   .000186
   16.9016    18.9006   .000197
   17.1014    18.9006   .000185
   17.3013    18.9006   .000185
   17.5012    18.9006   .000185
   17.7012    18.9006   .000191
   17.9011    18.9006   .000198
   18.1010    18.9006   .000210
   18.3008    18.9006   .000215
   18.5007    18.9006   .000207
   18.7006    18.9006   .000204
   18.9006    18.9006   .000185
   19.1005    18.9006   .000175
   19.3004    18.9006   .000174
   19.5002    18.9006   .000198
   19.7001    18.9006   .000213
   19.9000    18.9006   .000176
     .1099    19.1005   .000088
     .3099    19.1005   .000083
     .5098    19.1005   .000065
     .7096    19.1005   .000055
     .9096    19.1005   .000038
    1.1094    19.1005   .000038
    1.3094    19.1005   .000040
    1.5093    19.1005   .000043
    1.7091    19.1005   .000049
    1.9090    19.1005   .000049
    2.1089    19.1005   .000019
    2.3089    19.1005   .000000
    2.5087    19.1005   .000000
    2.7087    19.1005   .000000
    2.9086    19.1005   .000000
    3.1084    19.1005   .000000
    3.3084    19.1005   .000000
    3.5082    19.1005   .000000
    3.7081    19.1005   .000000
    3.9081    19.1005   .000000
    4.1080    19.1005   .000000
    4.3078    19.1005   .000000
    4.5078    19.1005   .000000
    4.7077    19.1005   .000000
    4.9075    19.1005   .000000
    5.1075    19.1005   .000000
    5.3074    19.1005   .000000
    5.5072    19.1005   .000000
    5.7071    19.1005   .000000
    5.9071    19.1005   .000000
    6.1069    19.1005   .000000
    6.3068    19.1005   .000001
    6.5068    19.1005   .000002
    6.7067    19.1005   .000001
    6.9065    19.1005   .000001
    7.1065    19.1005   .000001
    7.3064    19.1005   .000003
    7.5062    19.1005   .000007
    7.7062    19.1005   .000013
    7.9061    19.1005   .000010
    8.1060    19.1005   .000020
    8.3059    19.1005   .000042
    8.5057    19.1005   .000051
    8.7057    19.1005   .000053
    8.9056    19.1005   .000048
    9.1054    19.1005   .000047
    9.3054    19.1005   .000053
    9.5052    19.1005   .000060
    9.7051    19.1005   .000056
    9.9051    19.1005   .000064
   10.1049    19.1005   .000080
   10.3048    19.1005   .000087
   10.5048    19.1005   .000095
   10.7046    19.1005   .000096
   10.9045    19.1005   .000092
   11.1045    19.1005   .000089
   11.3043    19.1005   .000087
   11.5043    19.1005   .000107
   11.7042    19.1005   .000135
   11.9040    19.1005   .000156
   12.1040    19.1005   .000162
   12.3039    19.1005   .000163
   12.5037    19.1005   .000169
   12.7037    19.1005   .000174
   12.9036    19.1005   .000174
   13.1034    19.1005   .000174
   13.3034    19.1005   .000170
   13.5033    19.1005   .000173
   13.7031    19.1005   .000167
   13.9031    19.1005   .000179
   14.1030    19.1005   .000190
   14.3028    19.1005   .000195
   14.5028    19.1005   .000183
   14.7027    19.1005   .000169
   14.9025    19.1005   .000182
   15.1025    19.1005   .000191
   15.3024    19.1005   .000195
   15.5022    19.1005   .000182
   15.7022    19.1005   .000166
   15.9021    19.1005   .000158
   16.1019    19.1005   .000158
   16.3018    19.1005   .000165
   16.5018    19.1005   .000177
   16.7017    19.1005   .000189
   16.9016    19.1005   .000193
   17.1014    19.1005   .000186
   17.3013    19.1005   .000184
   17.5012    19.1005   .000176
   17.7012    19.1005   .000181
   17.9011    19.1005   .000191
   18.1010    19.1005   .000205
   18.3008    19.1005   .000207
   18.5007    19.1005   .000207
   18.7006    19.1005   .000200
   18.9006    19.1005   .000183
   19.1005    19.1005   .000180
   19.3004    19.1005   .000172
   19.5002    19.1005   .000182
   19.7001    19.1005   .000200
   19.9000    19.1005   .000171
     .1099    19.3004   .000083
     .3099    19.3004   .000082
     .5098    19.3004   .000073
     .7096    19.3004   .000063
     .9096    19.3004   .000052
    1.1094    19.3004   .000043
    1.3094    19.3004   .000042
    1.5093    19.3004   .000048
    1.7091    19.3004   .000055
    1.9090    19.3004   .000058
    2.1089    19.3004   .000023
    2.3089    19.3004   .000001
    2.5087    19.3004   .000000
    2.7087    19.3004   .000000
    2.9086    19.3004   .000000
    3.1084    19.3004   .000000
    3.3084    19.3004   .000000
    3.5082    19.3004   .000000
    3.7081    19.3004   .000000
    3.9081    19.3004   .000000
    4.1080    19.3004   .000000
    4.3078    19.3004   .000000
    4.5078    19.3004   .000000
    4.7077    19.3004   .000000
    4.9075    19.3004   .000000
    5.1075    19.3004   .000000
    5.3074    19.3004   .000000
    5.5072    19.3004   .000000
    5.7071    19.3004   .000000
    5.9071    19.3004   .000000
    6.1069    19.3004   .000000
    6.3068    19.3004   .000001
    6.5068    19.3004   .000002
    6.7067    19.3004   .000004
    6.9065    19.3004   .000000
    7.1065    19.3004   .000002
    7.3064    19.3004   .000008
    7.5062    19.3004   .000018
    7.7062    19.3004   .000022
    7.9061    19.3004   .000023
    8.1060    19.3004   .000025
    8.3059    19.3004   .000043
    8.5057    19.3004   .000054
    8.7057    19.3004   .000057
    8.9056    19.3004   .000052
    9.1054    19.3004   .000052
    9.3054    19.3004   .000058
    9.5052    19.3004   .000064
    9.7051    19.3004   .000061
    9.9051    19.3004   .000063
   10.1049    19.3004   .000081
   10.3048    19.3004   .000086
   10.5048    19.3004   .000096
   10.7046    19.3004   .000095
   10.9045    19.3004   .000096
   11.1045    19.3004   .000089
   11.3043    19.3004   .000093
   11.5043    19.3004   .000108
   11.7042    19.3004   .000123
   11.9040    19.3004   .000143
   12.1040    19.3004   .000154
   12.3039    19.3004   .000158
   12.5037    19.3004   .000161
   12.7037    19.3004   .000161
   12.9036    19.3004   .000166
   13.1034    19.3004   .000168
   13.3034    19.3004   .000165
   13.5033    19.3004   .000161
   13.7031    19.3004   .000153
   13.9031    19.3004   .000163
   14.1030    19.3004   .000179
   14.3028    19.3004   .000180
   14.5028    19.3004   .000177
   14.7027    19.3004   .000161
   14.9025    19.3004   .000175
   15.1025    19.3004   .000195
   15.3024    19.3004   .000194
   15.5022    19.3004   .000176
   15.7022    19.3004   .000163
   15.9021    19.3004   .000158
   16.1019    19.3004   .000151
   16.3018    19.3004   .000156
   16.5018    19.3004   .000172
   16.7017    19.3004   .000173
   16.9016    19.3004   .000185
   17.1014    19.3004   .000179
   17.3013    19.3004   .000173
   17.5012    19.3004   .000175
   17.7012    19.3004   .000171
   17.9011    19.3004   .000177
   18.1010    19.3004   .000193
   18.3008    19.3004   .000200
   18.5007    19.3004   .000198
   18.7006    19.3004   .000193
   18.9006    19.3004   .000182
   19.1005    19.3004   .000166
   19.3004    19.3004   .000167
   19.5002    19.3004   .000171
   19.7001    19.3004   .000189
   19.9000    19.3004   .000168
     .1099    19.5002   .000085
     .3099    19.5002   .000085
     .5098    19.5002   .000076
     .7096    19.5002   .000064
     .9096    19.5002   .000064
    1.1094    19.5002   .000050
    1.3094    19.5002   .000051
    1.5093    19.5002   .000058
    1.7091    19.5002   .000060
    1.9090    19.5002   .000066
    2.1089    19.5002   .000033
    2.3089    19.5002   .000001
    2.5087    19.5002   .000000
    2.7087    19.5002   .000000
    2.9086    19.5002   .000000
    3.1084    19.5002   .000000
    3.3084    19.5002   .000000
    3.5082    19.5002   .000000
    3.7081    19.5002   .000000
    3.9081    19.5002   .000000
    4.1080    19.5002   .000000
    4.3078    19.5002   .000000
    4.5078    19.5002   .000000
    4.7077    19.5002   .000000
    4.9075    19.5002   .000000
    5.1075    19.5002   .000000
    5.3074    19.5002   .000001
    5.5072    19.5002   .000000
    5.7071    19.5002   .000000
    5.9071    19.5002   .000000
    6.1069    19.5002   .000000
    6.3068    19.5002   .000002
    6.5068    19.5002   .000007
    6.7067    19.5002   .000009
    6.9065    19.5002   .000007
    7.1065    19.5002   .000007
    7.3064    19.5002   .000011
    7.5062    19.5002   .000026
    7.7062    19.5002   .000030
    7.9061    19.5002   .000027
    8.1060    19.5002   .000036
    8.3059    19.5002   .000052
    8.5057    19.5002   .000067
    8.7057    19.5002   .000061
    8.9056    19.5002   .000062
    9.1054    19.5002   .000057
    9.3054    19.5002   .000064
    9.5052    19.5002   .000068
    9.7051    19.5002   .000069
    9.9051    19.5002   .000075
   10.1049    19.5002   .000086
   10.3048    19.5002   .000089
   10.5048    19.5002   .000102
   10.7046    19.5002   .000098
   10.9045    19.5002   .000102
   11.1045    19.5002   .000097
   11.3043    19.5002   .000090
   11.5043    19.5002   .000110
   11.7042    19.5002   .000125
   11.9040    19.5002   .000138
   12.1040    19.5002   .000147
   12.3039    19.5002   .000150
   12.5037    19.5002   .000156
   12.7037    19.5002   .000156
   12.9036    19.5002   .000163
   13.1034    19.5002   .000155
   13.3034    19.5002   .000154
   13.5033    19.5002   .000161
   13.7031    19.5002   .000152
   13.9031    19.5002   .000000
   14.1030    19.5002   .000164
   14.3028    19.5002   .000180
   14.5028    19.5002   .000164
   14.7027    19.5002   .000161
   14.9025    19.5002   .000166
   15.1025    19.5002   .000182
   15.3024    19.5002   .000182
   15.5022    19.5002   .000172
   15.7022    19.5002   .000158
   15.9021    19.5002   .000149
   16.1019    19.5002   .000149
   16.3018    19.5002   .000151
   16.5018    19.5002   .000159
   16.7017    19.5002   .000173
   16.9016    19.5002   .000177
   17.1014    19.5002   .000177
   17.3013    19.5002   .000169
   17.5012    19.5002   .000162
   17.7012    19.5002   .000162
   17.9011    19.5002   .000171
   18.1010    19.5002   .000184
   18.3008    19.5002   .000184
   18.5007    19.5002   .000189
   18.7006    19.5002   .000180
   18.9006    19.5002   .000173
   19.1005    19.5002   .000165
   19.3004    19.5002   .000156
   19.5002    19.5002   .000165
   19.7001    19.5002   .000175
   19.9000    19.5002   .000168
     .1099    19.7001   .000087
     .3099    19.7001   .000089
     .5098    19.7001   .000075
     .7096    19.7001   .000068
     .9096    19.7001   .000063
    1.1094    19.7001   .000056
    1.3094    19.7001   .000057
    1.5093    19.7001   .000061
    1.7091    19.7001   .000067
    1.9090    19.7001   .000071
    2.1089    19.7001   .000046
    2.3089    19.7001   .000001
    2.5087    19.7001   .000000
    2.7087    19.7001   .000000
    2.9086    19.7001   .000000
    3.1084    19.7001   .000000
    3.3084    19.7001   .000000
    3.5082    19.7001   .000000
    3.7081    19.7001   .000000
    3.9081    19.7001   .000000
    4.1080    19.7001   .000000
    4.3078    19.7001   .000000
    4.5078    19.7001   .000000
    4.7077    19.7001   .000000
    4.9075    19.7001   .000000
    5.1075    19.7001   .000001
    5.3074    19.7001   .000000
    5.5072    19.7001   .000000
    5.7071    19.7001   .000000
    5.9071    19.7001   .000000
    6.1069    19.7001   .000000
    6.3068    19.7001   .000003
    6.5068    19.7001   .000012
    6.7067    19.7001   .000016
    6.9065    19.7001   .000016
    7.1065    19.7001   .000016
    7.3064    19.7001   .000024
    7.5062    19.7001   .000032
    7.7062    19.7001   .000042
    7.9061    19.7001   .000038
    8.1060    19.7001   .000040
    8.3059    19.7001   .000056
    8.5057    19.7001   .000066
    8.7057    19.7001   .000071
    8.9056    19.7001   .000067
    9.1054    19.7001   .000068
    9.3054    19.7001   .000063
    9.5052    19.7001   .000071
    9.7051    19.7001   .000070
    9.9051    19.7001   .000076
   10.1049    19.7001   .000082
   10.3048    19.7001   .000093
   10.5048    19.7001   .000096
   10.7046    19.7001   .000097
   10.9045    19.7001   .000095
   11.1045    19.7001   .000097
   11.3043    19.7001   .000093
   11.5043    19.7001   .000099
   11.7042    19.7001   .000117
   11.9040    19.7001   .000129
   12.1040    19.7001   .000140
   12.3039    19.7001   .000139
   12.5037    19.7001   .000142
   12.7037    19.7001   .000150
   12.9036    19.7001   .000147
   13.1034    19.7001   .000143
   13.3034    19.7001   .000143
   13.5033    19.7001   .000143
   13.7031    19.7001   .000132
   13.9031    19.7001   .000138
   14.1030    19.7001   .000146
   14.3028    19.7001   .000159
   14.5028    19.7001   .000150
   14.7027    19.7001   .000148
   14.9025    19.7001   .000157
   15.1025    19.7001   .000162
   15.3024    19.7001   .000169
   15.5022    19.7001   .000161
   15.7022    19.7001   .000151
   15.9021    19.7001   .000142
   16.1019    19.7001   .000137
   16.3018    19.7001   .000140
   16.5018    19.7001   .000150
   16.7017    19.7001   .000158
   16.9016    19.7001   .000160
   17.1014    19.7001   .000159
   17.3013    19.7001   .000161
   17.5012    19.7001   .000146
   17.7012    19.7001   .000151
   17.9011    19.7001   .000157
   18.1010    19.7001   .000165
   18.3008    19.7001   .000169
   18.5007    19.7001   .000170
   18.7006    19.7001   .000169
   18.9006    19.7001   .000160
   19.1005    19.7001   .000153
   19.3004    19.7001   .000146
   19.5002    19.7001   .000149
   19.7001    19.7001   .000161
   19.9000    19.7001   .000154
     .1099    19.9000   .000088
     .3099    19.9000   .000087
     .5098    19.9000   .000077
     .7096    19.9000   .000076
     .9096    19.9000   .000066
    1.1094    19.9000   .000065
    1.3094    19.9000   .000068
    1.5093    19.9000   .000070
    1.7091    19.9000   .000073
    1.9090    19.9000   .000076
    2.1089    19.9000   .000056
    2.3089    19.9000   .000001
    2.5087    19.9000   .000000
    2.7087    19.9000   .000000
    2.9086    19.9000   .000001
    3.1084    19.9000   .000000
    3.3084    19.9000   .000000
    3.5082    19.9000   .000000
    3.7081    19.9000   .000000
    3.9081    19.9000   .000000
    4.1080    19.9000   .000000
    4.3078    19.9000   .000000
    4.5078    19.9000   .000000
    4.7077    19.9000   .000000
    4.9075    19.9000   .000000
    5.1075    19.9000   .000000
    5.3074    19.9000   .000000
    5.5072    19.9000   .000000
    5.7071    19.9000   .000000
    5.9071    19.9000   .000001
    6.1069    19.9000   .000000
    6.3068    19.9000   .000012
    6.5068    19.9000   .000024
    6.7067    19.9000   .000031
    6.9065    19.9000   .000026
    7.1065    19.9000   .000029
    7.3064    19.9000   .000035
    7.5062    19.9000   .000046
    7.7062    19.9000   .000047
    7.9061    19.9000   .000051
    8.1060    19.9000   .000055
    8.3059    19.9000   .000060
    8.5057    19.9000   .000069
    8.7057    19.9000   .000078
    8.9056    19.9000   .000068
    9.1054    19.9000   .000068
    9.3054    19.9000   .000073
    9.5052    19.9000   .000077
    9.7051    19.9000   .000079
    9.9051    19.9000   .000080
   10.1049    19.9000   .000084
   10.3048    19.9000   .000086
   10.5048    19.9000   .000092
   10.7046    19.9000   .000093
   10.9045    19.9000   .000100
   11.1045    19.9000   .000094
   11.3043    19.9000   .000097
   11.5043    19.9000   .000100
   11.7042    19.9000   .000108
   11.9040    19.9000   .000122
   12.1040    19.9000   .000131
   12.3039    19.9000   .000132
   12.5037    19.9000   .000134
   12.7037    19.9000   .000134
   12.9036    19.9000   .000136
   13.1034    19.9000   .000133
   13.3034    19.9000   .000132
   13.5033    19.9000   .000135
   13.7031    19.9000   .000123
   13.9031    19.9000   .000121
   14.1030    19.9000   .000133
   14.3028    19.9000   .000143
   14.5028    19.9000   .000142
   14.7027    19.9000   .000135
   14.9025    19.9000   .000140
   15.1025    19.9000   .000147
   15.3024    19.9000   .000154
   15.5022    19.9000   .000149
   15.7022    19.9000   .000134
   15.9021    19.9000   .000134
   16.1019    19.9000   .000131
   16.3018    19.9000   .000132
   16.5018    19.9000   .000134
   16.7017    19.9000   .000143
   16.9016    19.9000   .000149
   17.1014    19.9000   .000145
   17.3013    19.9000   .000138
   17.5012    19.9000   .000139
   17.7012    19.9000   .000136
   17.9011    19.9000   .000139
   18.1010    19.9000   .000150
   18.3008    19.9000   .000156
   18.5007    19.9000   .000159
   18.7006    19.9000   .000153
   18.9006    19.9000   .000149
   19.1005    19.9000   .000144
   19.3004    19.9000   .000134
   19.5002    19.9000   .000138
   19.7001    19.9000   .000143
   19.9000    19.9000   .000151
