Smooth Results
3
X-value
Y-value
P-value
    0.1099     0.1099  0.000119
    0.3099     0.1099  0.000107
    0.5098     0.1099  0.000133
    0.7096     0.1099  0.000166
    0.9096     0.1099  0.000185
    1.1094     0.1099  0.000192
    1.3093     0.1099  0.000171
    1.5092     0.1099  0.000167
    1.7091     0.1099  0.000161
    1.9090     0.1099  0.000178
    2.1090     0.1099  0.000216
    2.3089     0.1099  0.000281
    2.5087     0.1099  0.000252
    2.7087     0.1099  0.000237
    2.9086     0.1099  0.000233
    3.1085     0.1099  0.000236
    3.3084     0.1099  0.000233
    3.5082     0.1099  0.000193
    3.7082     0.1099  0.000136
    3.9081     0.1099  0.000074
    4.1080     0.1099  0.000000
    4.3078     0.1099  0.000000
    4.5078     0.1099  0.000000
    4.7077     0.1099  0.000000
    4.9075     0.1099  0.000000
    5.1075     0.1099  0.000000
    5.3074     0.1099  0.000000
    5.5073     0.1099  0.000000
    5.7071     0.1099  0.000000
    5.9071     0.1099  0.000000
    6.1070     0.1099  0.000000
    6.3068     0.1099  0.000003
    6.5068     0.1099  0.000007
    6.7067     0.1099  0.000013
    6.9065     0.1099  0.000008
    7.1065     0.1099  0.000006
    7.3064     0.1099  0.000016
    7.5062     0.1099  0.000019
    7.7062     0.1099  0.000015
    7.9061     0.1099  0.000014
    8.1060     0.1099  0.000022
    8.3059     0.1099  0.000048
    8.5057     0.1099  0.000048
    8.7057     0.1099  0.000047
    8.9056     0.1099  0.000047
    9.1054     0.1099  0.000044
    9.3054     0.1099  0.000043
    9.5052     0.1099  0.000045
    9.7051     0.1099  0.000040
    9.9051     0.1099  0.000039
   10.1049     0.1099  0.000053
   10.3049     0.1099  0.000075
   10.5048     0.1099  0.000077
   10.7046     0.1099  0.000077
   10.9046     0.1099  0.000073
   11.1045     0.1099  0.000077
   11.3043     0.1099  0.000075
   11.5043     0.1099  0.000069
   11.7042     0.1099  0.000067
   11.9040     0.1099  0.000075
   12.1040     0.1099  0.000080
   12.3039     0.1099  0.000097
   12.5037     0.1099  0.000101
   12.7037     0.1099  0.000104
   12.9036     0.1099  0.000106
   13.1034     0.1099  0.000110
   13.3034     0.1099  0.000104
   13.5033     0.1099  0.000107
   13.7031     0.1099  0.000108
   13.9031     0.1099  0.000112
   14.1030     0.1099  0.000110
   14.3028     0.1099  0.000102
   14.5028     0.1099  0.000095
   14.7027     0.1099  0.000092
   14.9025     0.1099  0.000102
   15.1025     0.1099  0.000104
   15.3024     0.1099  0.000102
   15.5022     0.1099  0.000103
   15.7022     0.1099  0.000104
   15.9021     0.1099  0.000094
   16.1019     0.1099  0.000094
   16.3018     0.1099  0.000101
   16.5017     0.1099  0.000102
   16.7016     0.1099  0.000101
   16.9015     0.1099  0.000109
   17.1014     0.1099  0.000105
   17.3013     0.1099  0.000098
   17.5012     0.1099  0.000088
   17.7011     0.1099  0.000085
   17.9010     0.1099  0.000083
   18.1009     0.1099  0.000093
   18.3008     0.1099  0.000099
   18.5007     0.1099  0.000099
   18.7006     0.1099  0.000094
   18.9005     0.1099  0.000084
   19.1004     0.1099  0.000086
   19.3003     0.1099  0.000082
   19.5002     0.1099  0.000078
   19.7001     0.1099  0.000082
   19.9000     0.1099  0.000089
    0.1099     0.3099  0.000124
    0.3099     0.3099  0.000118
    0.5098     0.3099  0.000143
    0.7096     0.3099  0.000178
    0.9096     0.3099  0.000214
    1.1094     0.3099  0.000224
    1.3093     0.3099  0.000219
    1.5092     0.3099  0.000196
    1.7091     0.3099  0.000188
    1.9090     0.3099  0.000205
    2.1090     0.3099  0.000259
    2.3089     0.3099  0.000322
    2.5087     0.3099  0.000301
    2.7087     0.3099  0.000280
    2.9086     0.3099  0.000274
    3.1085     0.3099  0.000273
    3.3084     0.3099  0.000280
    3.5082     0.3099  0.000226
    3.7082     0.3099  0.000159
    3.9081     0.3099  0.000079
    4.1080     0.3099  0.000000
    4.3078     0.3099  0.000000
    4.5078     0.3099  0.000000
    4.7077     0.3099  0.000000
    4.9075     0.3099  0.000000
    5.1075     0.3099  0.000000
    5.3074     0.3099  0.000000
    5.5073     0.3099  0.000000
    5.7071     0.3099  0.000000
    5.9071     0.3099  0.000000
    6.1070     0.3099  0.000000
    6.3068     0.3099  0.000001
    6.5068     0.3099  0.000004
    6.7067     0.3099  0.000006
    6.9065     0.3099  0.000003
    7.1065     0.3099  0.000002
    7.3064     0.3099  0.000003
    7.5062     0.3099  0.000005
    7.7062     0.3099  0.000010
    7.9061     0.3099  0.000005
    8.1060     0.3099  0.000015
    8.3059     0.3099  0.000034
    8.5057     0.3099  0.000042
    8.7057     0.3099  0.000038
    8.9056     0.3099  0.000033
    9.1054     0.3099  0.000035
    9.3054     0.3099  0.000032
    9.5052     0.3099  0.000030
    9.7051     0.3099  0.000030
    9.9051     0.3099  0.000034
   10.1049     0.3099  0.000043
   10.3049     0.3099  0.000063
   10.5048     0.3099  0.000071
   10.7046     0.3099  0.000063
   10.9046     0.3099  0.000064
   11.1045     0.3099  0.000068
   11.3043     0.3099  0.000063
   11.5043     0.3099  0.000067
   11.7042     0.3099  0.000064
   11.9040     0.3099  0.000066
   12.1040     0.3099  0.000075
   12.3039     0.3099  0.000093
   12.5037     0.3099  0.000104
   12.7037     0.3099  0.000108
   12.9036     0.3099  0.000106
   13.1034     0.3099  0.000112
   13.3034     0.3099  0.000106
   13.5033     0.3099  0.000109
   13.7031     0.3099  0.000114
   13.9031     0.3099  0.000115
   14.1030     0.3099  0.000109
   14.3028     0.3099  0.000107
   14.5028     0.3099  0.000098
   14.7027     0.3099  0.000097
   14.9025     0.3099  0.000093
   15.1025     0.3099  0.000104
   15.3024     0.3099  0.000103
   15.5022     0.3099  0.000109
   15.7022     0.3099  0.000098
   15.9021     0.3099  0.000097
   16.1019     0.3099  0.000098
   16.3018     0.3099  0.000095
   16.5017     0.3099  0.000097
   16.7016     0.3099  0.000105
   16.9015     0.3099  0.000110
   17.1014     0.3099  0.000109
   17.3013     0.3099  0.000091
   17.5012     0.3099  0.000091
   17.7011     0.3099  0.000082
   17.9010     0.3099  0.000083
   18.1009     0.3099  0.000090
   18.3008     0.3099  0.000097
   18.5007     0.3099  0.000094
   18.7006     0.3099  0.000090
   18.9005     0.3099  0.000087
   19.1004     0.3099  0.000078
   19.3003     0.3099  0.000068
   19.5002     0.3099  0.000075
   19.7001     0.3099  0.000084
   19.9000     0.3099  0.000089
    0.1099     0.5098  0.000128
    0.3099     0.5098  0.000129
    0.5098     0.5098  0.000160
    0.7096     0.5098  0.000217
    0.9096     0.5098  0.000238
    1.1094     0.5098  0.000268
    1.3093     0.5098  0.000243
    1.5092     0.5098  0.000229
    1.7091     0.5098  0.000224
    1.9090     0.5098  0.000239
    2.1090     0.5098  0.000297
    2.3089     0.5098  0.000368
    2.5087     0.5098  0.000351
    2.7087     0.5098  0.000330
    2.9086     0.5098  0.000313
    3.1085     0.5098  0.000316
    3.3084     0.5098  0.000318
    3.5082     0.5098  0.000269
    3.7082     0.5098  0.000183
    3.9081     0.5098  0.000074
    4.1080     0.5098  0.000000
    4.3078     0.5098  0.000000
    4.5078     0.5098  0.000000
    4.7077     0.5098  0.000000
    4.9075     0.5098  0.000000
    5.1075     0.5098  0.000000
    5.3074     0.5098  0.000000
    5.5073     0.5098  0.000000
    5.7071     0.5098  0.000000
    5.9071     0.5098  0.000000
    6.1070     0.5098  0.000000
    6.3068     0.5098  0.000001
    6.5068     0.5098  0.000001
    6.7067     0.5098  0.000002
    6.9065     0.5098  0.000002
    7.1065     0.5098  0.000001
    7.3064     0.5098  0.000001
    7.5062     0.5098  0.000003
    7.7062     0.5098  0.000004
    7.9061     0.5098  0.000002
    8.1060     0.5098  0.000002
    8.3059     0.5098  0.000023
    8.5057     0.5098  0.000029
    8.7057     0.5098  0.000026
    8.9056     0.5098  0.000022
    9.1054     0.5098  0.000027
    9.3054     0.5098  0.000026
    9.5052     0.5098  0.000017
    9.7051     0.5098  0.000021
    9.9051     0.5098  0.000023
   10.1049     0.5098  0.000032
   10.3049     0.5098  0.000056
   10.5048     0.5098  0.000065
   10.7046     0.5098  0.000057
   10.9046     0.5098  0.000055
   11.1045     0.5098  0.000060
   11.3043     0.5098  0.000061
   11.5043     0.5098  0.000061
   11.7042     0.5098  0.000057
   11.9040     0.5098  0.000058
   12.1040     0.5098  0.000069
   12.3039     0.5098  0.000092
   12.5037     0.5098  0.000099
   12.7037     0.5098  0.000104
   12.9036     0.5098  0.000102
   13.1034     0.5098  0.000108
   13.3034     0.5098  0.000105
   13.5033     0.5098  0.000104
   13.7031     0.5098  0.000111
   13.9031     0.5098  0.000111
   14.1030     0.5098  0.000107
   14.3028     0.5098  0.000103
   14.5028     0.5098  0.000092
   14.7027     0.5098  0.000087
   14.9025     0.5098  0.000091
   15.1025     0.5098  0.000103
   15.3024     0.5098  0.000106
   15.5022     0.5098  0.000105
   15.7022     0.5098  0.000103
   15.9021     0.5098  0.000095
   16.1019     0.5098  0.000088
   16.3018     0.5098  0.000092
   16.5017     0.5098  0.000090
   16.7016     0.5098  0.000103
   16.9015     0.5098  0.000102
   17.1014     0.5098  0.000103
   17.3013     0.5098  0.000092
   17.5012     0.5098  0.000087
   17.7011     0.5098  0.000081
   17.9010     0.5098  0.000084
   18.1009     0.5098  0.000088
   18.3008     0.5098  0.000096
   18.5007     0.5098  0.000097
   18.7006     0.5098  0.000083
   18.9005     0.5098  0.000081
   19.1004     0.5098  0.000077
   19.3003     0.5098  0.000066
   19.5002     0.5098  0.000063
   19.7001     0.5098  0.000080
   19.9000     0.5098  0.000085
    0.1099     0.7096  0.000135
    0.3099     0.7096  0.000146
    0.5098     0.7096  0.000177
    0.7096     0.7096  0.000227
    0.9096     0.7096  0.000270
    1.1094     0.7096  0.000294
    1.3093     0.7096  0.000289
    1.5092     0.7096  0.000255
    1.7091     0.7096  0.000246
    1.9090     0.7096  0.000268
    2.1090     0.7096  0.000316
    2.3089     0.7096  0.000401
    2.5087     0.7096  0.000403
    2.7087     0.7096  0.000370
    2.9086     0.7096  0.000356
    3.1085     0.7096  0.000363
    3.3084     0.7096  0.000356
    3.5082     0.7096  0.000313
    3.7082     0.7096  0.000212
    3.9081     0.7096  0.000086
    4.1080     0.7096  0.000000
    4.3078     0.7096  0.000000
    4.5078     0.7096  0.000000
    4.7077     0.7096  0.000000
    4.9075     0.7096  0.000000
    5.1075     0.7096  0.000000
    5.3074     0.7096  0.000000
    5.5073     0.7096  0.000000
    5.7071     0.7096  0.000000
    5.9071     0.7096  0.000000
    6.1070     0.7096  0.000000
    6.3068     0.7096  0.000000
    6.5068     0.7096  0.000000
    6.7067     0.7096  0.000001
    6.9065     0.7096  0.000001
    7.1065     0.7096  0.000001
    7.3064     0.7096  0.000001
    7.5062     0.7096  0.000000
    7.7062     0.7096  0.000002
    7.9061     0.7096  0.000001
    8.1060     0.7096  0.000001
    8.3059     0.7096  0.000014
    8.5057     0.7096  0.000019
    8.7057     0.7096  0.000020
    8.9056     0.7096  0.000019
    9.1054     0.7096  0.000013
    9.3054     0.7096  0.000015
    9.5052     0.7096  0.000014
    9.7051     0.7096  0.000009
    9.9051     0.7096  0.000012
   10.1049     0.7096  0.000023
   10.3049     0.7096  0.000041
   10.5048     0.7096  0.000050
   10.7046     0.7096  0.000051
   10.9046     0.7096  0.000048
   11.1045     0.7096  0.000049
   11.3043     0.7096  0.000051
   11.5043     0.7096  0.000055
   11.7042     0.7096  0.000049
   11.9040     0.7096  0.000050
   12.1040     0.7096  0.000058
   12.3039     0.7096  0.000075
   12.5037     0.7096  0.000097
   12.7037     0.7096  0.000098
   12.9036     0.7096  0.000101
   13.1034     0.7096  0.000102
   13.3034     0.7096  0.000100
   13.5033     0.7096  0.000101
   13.7031     0.7096  0.000109
   13.9031     0.7096  0.000110
   14.1030     0.7096  0.000110
   14.3028     0.7096  0.000103
   14.5028     0.7096  0.000089
   14.7027     0.7096  0.000089
   14.9025     0.7096  0.000084
   15.1025     0.7096  0.000093
   15.3024     0.7096  0.000098
   15.5022     0.7096  0.000098
   15.7022     0.7096  0.000092
   15.9021     0.7096  0.000090
   16.1019     0.7096  0.000083
   16.3018     0.7096  0.000083
   16.5017     0.7096  0.000089
   16.7016     0.7096  0.000095
   16.9015     0.7096  0.000099
   17.1014     0.7096  0.000101
   17.3013     0.7096  0.000088
   17.5012     0.7096  0.000079
   17.7011     0.7096  0.000074
   17.9010     0.7096  0.000074
   18.1009     0.7096  0.000077
   18.3008     0.7096  0.000093
   18.5007     0.7096  0.000087
   18.7006     0.7096  0.000078
   18.9005     0.7096  0.000070
   19.1004     0.7096  0.000065
   19.3003     0.7096  0.000060
   19.5002     0.7096  0.000057
   19.7001     0.7096  0.000075
   19.9000     0.7096  0.000083
    0.1099     0.9096  0.000135
    0.3099     0.9096  0.000167
    0.5098     0.9096  0.000201
    0.7096     0.9096  0.000257
    0.9096     0.9096  0.000312
    1.1094     0.9096  0.000319
    1.3093     0.9096  0.000311
    1.5092     0.9096  0.000301
    1.7091     0.9096  0.000281
    1.9090     0.9096  0.000293
    2.1090     0.9096  0.000356
    2.3089     0.9096  0.000446
    2.5087     0.9096  0.000452
    2.7087     0.9096  0.000418
    2.9086     0.9096  0.000407
    3.1085     0.9096  0.000401
    3.3084     0.9096  0.000399
    3.5082     0.9096  0.000338
    3.7082     0.9096  0.000243
    3.9081     0.9096  0.000093
    4.1080     0.9096  0.000000
    4.3078     0.9096  0.000000
    4.5078     0.9096  0.000000
    4.7077     0.9096  0.000000
    4.9075     0.9096  0.000000
    5.1075     0.9096  0.000000
    5.3074     0.9096  0.000000
    5.5073     0.9096  0.000000
    5.7071     0.9096  0.000000
    5.9071     0.9096  0.000000
    6.1070     0.9096  0.000000
    6.3068     0.9096  0.000000
    6.5068     0.9096  0.000000
    6.7067     0.9096  0.000000
    6.9065     0.9096  0.000001
    7.1065     0.9096  0.000001
    7.3064     0.9096  0.000001
    7.5062     0.9096  0.000001
    7.7062     0.9096  0.000001
    7.9061     0.9096  0.000001
    8.1060     0.9096  0.000001
    8.3059     0.9096  0.000007
    8.5057     0.9096  0.000009
    8.7057     0.9096  0.000011
    8.9056     0.9096  0.000010
    9.1054     0.9096  0.000008
    9.3054     0.9096  0.000004
    9.5052     0.9096  0.000002
    9.7051     0.9096  0.000007
    9.9051     0.9096  0.000005
   10.1049     0.9096  0.000010
   10.3049     0.9096  0.000031
   10.5048     0.9096  0.000046
   10.7046     0.9096  0.000047
   10.9046     0.9096  0.000042
   11.1045     0.9096  0.000036
   11.3043     0.9096  0.000037
   11.5043     0.9096  0.000042
   11.7042     0.9096  0.000037
   11.9040     0.9096  0.000038
   12.1040     0.9096  0.000050
   12.3039     0.9096  0.000064
   12.5037     0.9096  0.000081
   12.7037     0.9096  0.000089
   12.9036     0.9096  0.000092
   13.1034     0.9096  0.000096
   13.3034     0.9096  0.000092
   13.5033     0.9096  0.000097
   13.7031     0.9096  0.000095
   13.9031     0.9096  0.000105
   14.1030     0.9096  0.000096
   14.3028     0.9096  0.000096
   14.5028     0.9096  0.000082
   14.7027     0.9096  0.000082
   14.9025     0.9096  0.000079
   15.1025     0.9096  0.000086
   15.3024     0.9096  0.000093
   15.5022     0.9096  0.000093
   15.7022     0.9096  0.000093
   15.9021     0.9096  0.000085
   16.1019     0.9096  0.000078
   16.3018     0.9096  0.000079
   16.5017     0.9096  0.000078
   16.7016     0.9096  0.000088
   16.9015     0.9096  0.000096
   17.1014     0.9096  0.000090
   17.3013     0.9096  0.000083
   17.5012     0.9096  0.000072
   17.7011     0.9096  0.000068
   17.9010     0.9096  0.000065
   18.1009     0.9096  0.000073
   18.3008     0.9096  0.000078
   18.5007     0.9096  0.000082
   18.7006     0.9096  0.000077
   18.9005     0.9096  0.000067
   19.1004     0.9096  0.000054
   19.3003     0.9096  0.000050
   19.5002     0.9096  0.000044
   19.7001     0.9096  0.000063
   19.9000     0.9096  0.000082
    0.1099     1.1094  0.000145
    0.3099     1.1094  0.000184
    0.5098     1.1094  0.000213
    0.7096     1.1094  0.000288
    0.9096     1.1094  0.000345
    1.1094     1.1094  0.000358
    1.3093     1.1094  0.000359
    1.5092     1.1094  0.000339
    1.7091     1.1094  0.000319
    1.9090     1.1094  0.000331
    2.1090     1.1094  0.000389
    2.3089     1.1094  0.000482
    2.5087     1.1094  0.000485
    2.7087     1.1094  0.000470
    2.9086     1.1094  0.000444
    3.1085     1.1094  0.000439
    3.3084     1.1094  0.000433
    3.5082     1.1094  0.000399
    3.7082     1.1094  0.000274
    3.9081     1.1094  0.000104
    4.1080     1.1094  0.000000
    4.3078     1.1094  0.000000
    4.5078     1.1094  0.000000
    4.7077     1.1094  0.000000
    4.9075     1.1094  0.000000
    5.1075     1.1094  0.000000
    5.3074     1.1094  0.000000
    5.5073     1.1094  0.000000
    5.7071     1.1094  0.000000
    5.9071     1.1094  0.000000
    6.1070     1.1094  0.000000
    6.3068     1.1094  0.000000
    6.5068     1.1094  0.000001
    6.7067     1.1094  0.000001
    6.9065     1.1094  0.000000
    7.1065     1.1094  0.000000
    7.3064     1.1094  0.000001
    7.5062     1.1094  0.000000
    7.7062     1.1094  0.000001
    7.9061     1.1094  0.000001
    8.1060     1.1094  0.000001
    8.3059     1.1094  0.000003
    8.5057     1.1094  0.000005
    8.7057     1.1094  0.000004
    8.9056     1.1094  0.000002
    9.1054     1.1094  0.000003
    9.3054     1.1094  0.000003
    9.5052     1.1094  0.000003
    9.7051     1.1094  0.000002
    9.9051     1.1094  0.000002
   10.1049     1.1094  0.000004
   10.3049     1.1094  0.000022
   10.5048     1.1094  0.000035
   10.7046     1.1094  0.000036
   10.9046     1.1094  0.000029
   11.1045     1.1094  0.000033
   11.3043     1.1094  0.000033
   11.5043     1.1094  0.000032
   11.7042     1.1094  0.000023
   11.9040     1.1094  0.000026
   12.1040     1.1094  0.000040
   12.3039     1.1094  0.000053
   12.5037     1.1094  0.000078
   12.7037     1.1094  0.000087
   12.9036     1.1094  0.000084
   13.1034     1.1094  0.000078
   13.3034     1.1094  0.000084
   13.5033     1.1094  0.000082
   13.7031     1.1094  0.000083
   13.9031     1.1094  0.000084
   14.1030     1.1094  0.000091
   14.3028     1.1094  0.000086
   14.5028     1.1094  0.000077
   14.7027     1.1094  0.000063
   14.9025     1.1094  0.000063
   15.1025     1.1094  0.000074
   15.3024     1.1094  0.000075
   15.5022     1.1094  0.000081
   15.7022     1.1094  0.000084
   15.9021     1.1094  0.000078
   16.1019     1.1094  0.000070
   16.3018     1.1094  0.000072
   16.5017     1.1094  0.000071
   16.7016     1.1094  0.000082
   16.9015     1.1094  0.000082
   17.1014     1.1094  0.000079
   17.3013     1.1094  0.000071
   17.5012     1.1094  0.000064
   17.7011     1.1094  0.000055
   17.9010     1.1094  0.000055
   18.1009     1.1094  0.000054
   18.3008     1.1094  0.000070
   18.5007     1.1094  0.000069
   18.7006     1.1094  0.000062
   18.9005     1.1094  0.000050
   19.1004     1.1094  0.000047
   19.3003     1.1094  0.000040
   19.5002     1.1094  0.000033
   19.7001     1.1094  0.000051
   19.9000     1.1094  0.000076
    0.1099     1.3093  0.000157
    0.3099     1.3093  0.000200
    0.5098     1.3093  0.000254
    0.7096     1.3093  0.000313
    0.9096     1.3093  0.000372
    1.1094     1.3093  0.000397
    1.3093     1.3093  0.000402
    1.5092     1.3093  0.000376
    1.7091     1.3093  0.000354
    1.9090     1.3093  0.000362
    2.1090     1.3093  0.000410
    2.3089     1.3093  0.000515
    2.5087     1.3093  0.000535
    2.7087     1.3093  0.000511
    2.9086     1.3093  0.000468
    3.1085     1.3093  0.000471
    3.3084     1.3093  0.000457
    3.5082     1.3093  0.000430
    3.7082     1.3093  0.000305
    3.9081     1.3093  0.000137
    4.1080     1.3093  0.000000
    4.3078     1.3093  0.000000
    4.5078     1.3093  0.000000
    4.7077     1.3093  0.000000
    4.9075     1.3093  0.000000
    5.1075     1.3093  0.000000
    5.3074     1.3093  0.000000
    5.5073     1.3093  0.000000
    5.7071     1.3093  0.000000
    5.9071     1.3093  0.000000
    6.1070     1.3093  0.000000
    6.3068     1.3093  0.000000
    6.5068     1.3093  0.000001
    6.7067     1.3093  0.000000
    6.9065     1.3093  0.000000
    7.1065     1.3093  0.000000
    7.3064     1.3093  0.000001
    7.5062     1.3093  0.000000
    7.7062     1.3093  0.000001
    7.9061     1.3093  0.000001
    8.1060     1.3093  0.000001
    8.3059     1.3093  0.000002
    8.5057     1.3093  0.000002
    8.7057     1.3093  0.000002
    8.9056     1.3093  0.000002
    9.1054     1.3093  0.000002
    9.3054     1.3093  0.000001
    9.5052     1.3093  0.000002
    9.7051     1.3093  0.000003
    9.9051     1.3093  0.000002
   10.1049     1.3093  0.000002
   10.3049     1.3093  0.000019
   10.5048     1.3093  0.000022
   10.7046     1.3093  0.000026
   10.9046     1.3093  0.000023
   11.1045     1.3093  0.000023
   11.3043     1.3093  0.000022
   11.5043     1.3093  0.000027
   11.7042     1.3093  0.000018
   11.9040     1.3093  0.000024
   12.1040     1.3093  0.000032
   12.3039     1.3093  0.000038
   12.5037     1.3093  0.000057
   12.7037     1.3093  0.000067
   12.9036     1.3093  0.000068
   13.1034     1.3093  0.000071
   13.3034     1.3093  0.000072
   13.5033     1.3093  0.000071
   13.7031     1.3093  0.000070
   13.9031     1.3093  0.000081
   14.1030     1.3093  0.000080
   14.3028     1.3093  0.000075
   14.5028     1.3093  0.000061
   14.7027     1.3093  0.000053
   14.9025     1.3093  0.000058
   15.1025     1.3093  0.000061
   15.3024     1.3093  0.000062
   15.5022     1.3093  0.000064
   15.7022     1.3093  0.000067
   15.9021     1.3093  0.000066
   16.1019     1.3093  0.000055
   16.3018     1.3093  0.000054
   16.5017     1.3093  0.000058
   16.7016     1.3093  0.000063
   16.9015     1.3093  0.000071
   17.1014     1.3093  0.000065
   17.3013     1.3093  0.000062
   17.5012     1.3093  0.000052
   17.7011     1.3093  0.000042
   17.9010     1.3093  0.000047
   18.1009     1.3093  0.000055
   18.3008     1.3093  0.000057
   18.5007     1.3093  0.000056
   18.7006     1.3093  0.000052
   18.9005     1.3093  0.000043
   19.1004     1.3093  0.000034
   19.3003     1.3093  0.000026
   19.5002     1.3093  0.000025
   19.7001     1.3093  0.000043
   19.9000     1.3093  0.000071
    0.1099     1.5092  0.000171
    0.3099     1.5092  0.000235
    0.5098     1.5092  0.000286
    0.7096     1.5092  0.000349
    0.9096     1.5092  0.000415
    1.1094     1.5092  0.000442
    1.3093     1.5092  0.000429
    1.5092     1.5092  0.000402
    1.7091     1.5092  0.000392
    1.9090     1.5092  0.000383
    2.1090     1.5092  0.000445
    2.3089     1.5092  0.000554
    2.5087     1.5092  0.000558
    2.7087     1.5092  0.000554
    2.9086     1.5092  0.000526
    3.1085     1.5092  0.000503
    3.3084     1.5092  0.000494
    3.5082     1.5092  0.000453
    3.7082     1.5092  0.000346
    3.9081     1.5092  0.000151
    4.1080     1.5092  0.000000
    4.3078     1.5092  0.000000
    4.5078     1.5092  0.000000
    4.7077     1.5092  0.000000
    4.9075     1.5092  0.000000
    5.1075     1.5092  0.000000
    5.3074     1.5092  0.000000
    5.5073     1.5092  0.000000
    5.7071     1.5092  0.000000
    5.9071     1.5092  0.000000
    6.1070     1.5092  0.000000
    6.3068     1.5092  0.000001
    6.5068     1.5092  0.000001
    6.7067     1.5092  0.000001
    6.9065     1.5092  0.000000
    7.1065     1.5092  0.000000
    7.3064     1.5092  0.000001
    7.5062     1.5092  0.000000
    7.7062     1.5092  0.000001
    7.9061     1.5092  0.000000
    8.1060     1.5092  0.000000
    8.3059     1.5092  0.000001
    8.5057     1.5092  0.000002
    8.7057     1.5092  0.000003
    8.9056     1.5092  0.000001
    9.1054     1.5092  0.000001
    9.3054     1.5092  0.000002
    9.5052     1.5092  0.000001
    9.7051     1.5092  0.000002
    9.9051     1.5092  0.000002
   10.1049     1.5092  0.000002
   10.3049     1.5092  0.000011
   10.5048     1.5092  0.000015
   10.7046     1.5092  0.000020
   10.9046     1.5092  0.000013
   11.1045     1.5092  0.000007
   11.3043     1.5092  0.000010
   11.5043     1.5092  0.000012
   11.7042     1.5092  0.000013
   11.9040     1.5092  0.000010
   12.1040     1.5092  0.000017
   12.3039     1.5092  0.000032
   12.5037     1.5092  0.000041
   12.7037     1.5092  0.000056
   12.9036     1.5092  0.000058
   13.1034     1.5092  0.000050
   13.3034     1.5092  0.000050
   13.5033     1.5092  0.000049
   13.7031     1.5092  0.000055
   13.9031     1.5092  0.000059
   14.1030     1.5092  0.000060
   14.3028     1.5092  0.000055
   14.5028     1.5092  0.000054
   14.7027     1.5092  0.000041
   14.9025     1.5092  0.000045
   15.1025     1.5092  0.000040
   15.3024     1.5092  0.000051
   15.5022     1.5092  0.000058
   15.7022     1.5092  0.000053
   15.9021     1.5092  0.000050
   16.1019     1.5092  0.000042
   16.3018     1.5092  0.000041
   16.5017     1.5092  0.000040
   16.7016     1.5092  0.000045
   16.9015     1.5092  0.000056
   17.1014     1.5092  0.000046
   17.3013     1.5092  0.000049
   17.5012     1.5092  0.000041
   17.7011     1.5092  0.000042
   17.9010     1.5092  0.000034
   18.1009     1.5092  0.000034
   18.3008     1.5092  0.000042
   18.5007     1.5092  0.000049
   18.7006     1.5092  0.000035
   18.9005     1.5092  0.000037
   19.1004     1.5092  0.000025
   19.3003     1.5092  0.000020
   19.5002     1.5092  0.000019
   19.7001     1.5092  0.000023
   19.9000     1.5092  0.000064
    0.1099     1.7091  0.000192
    0.3099     1.7091  0.000264
    0.5098     1.7091  0.000324
    0.7096     1.7091  0.000377
    0.9096     1.7091  0.000440
    1.1094     1.7091  0.000473
    1.3093     1.7091  0.000467
    1.5092     1.7091  0.000436
    1.7091     1.7091  0.000421
    1.9090     1.7091  0.000436
    2.1090     1.7091  0.000476
    2.3089     1.7091  0.000557
    2.5087     1.7091  0.000592
    2.7087     1.7091  0.000575
    2.9086     1.7091  0.000556
    3.1085     1.7091  0.000537
    3.3084     1.7091  0.000522
    3.5082     1.7091  0.000495
    3.7082     1.7091  0.000397
    3.9081     1.7091  0.000181
    4.1080     1.7091  0.000001
    4.3078     1.7091  0.000000
    4.5078     1.7091  0.000000
    4.7077     1.7091  0.000000
    4.9075     1.7091  0.000000
    5.1075     1.7091  0.000000
    5.3074     1.7091  0.000000
    5.5073     1.7091  0.000000
    5.7071     1.7091  0.000000
    5.9071     1.7091  0.000000
    6.1070     1.7091  0.000000
    6.3068     1.7091  0.000000
    6.5068     1.7091  0.000001
    6.7067     1.7091  0.000000
    6.9065     1.7091  0.000001
    7.1065     1.7091  0.000001
    7.3064     1.7091  0.000000
    7.5062     1.7091  0.000000
    7.7062     1.7091  0.000001
    7.9061     1.7091  0.000001
    8.1060     1.7091  0.000000
    8.3059     1.7091  0.000002
    8.5057     1.7091  0.000002
    8.7057     1.7091  0.000001
    8.9056     1.7091  0.000001
    9.1054     1.7091  0.000001
    9.3054     1.7091  0.000001
    9.5052     1.7091  0.000001
    9.7051     1.7091  0.000001
    9.9051     1.7091  0.000001
   10.1049     1.7091  0.000001
   10.3049     1.7091  0.000004
   10.5048     1.7091  0.000011
   10.7046     1.7091  0.000005
   10.9046     1.7091  0.000007
   11.1045     1.7091  0.000006
   11.3043     1.7091  0.000006
   11.5043     1.7091  0.000009
   11.7042     1.7091  0.000008
   11.9040     1.7091  0.000005
   12.1040     1.7091  0.000005
   12.3039     1.7091  0.000015
   12.5037     1.7091  0.000031
   12.7037     1.7091  0.000039
   12.9036     1.7091  0.000042
   13.1034     1.7091  0.000040
   13.3034     1.7091  0.000033
   13.5033     1.7091  0.000040
   13.7031     1.7091  0.000041
   13.9031     1.7091  0.000039
   14.1030     1.7091  0.000040
   14.3028     1.7091  0.000047
   14.5028     1.7091  0.000035
   14.7027     1.7091  0.000027
   14.9025     1.7091  0.000021
   15.1025     1.7091  0.000029
   15.3024     1.7091  0.000032
   15.5022     1.7091  0.000038
   15.7022     1.7091  0.000041
   15.9021     1.7091  0.000037
   16.1019     1.7091  0.000031
   16.3018     1.7091  0.000028
   16.5017     1.7091  0.000032
   16.7016     1.7091  0.000032
   16.9015     1.7091  0.000036
   17.1014     1.7091  0.000034
   17.3013     1.7091  0.000033
   17.5012     1.7091  0.000028
   17.7011     1.7091  0.000025
   17.9010     1.7091  0.000028
   18.1009     1.7091  0.000019
   18.3008     1.7091  0.000023
   18.5007     1.7091  0.000035
   18.7006     1.7091  0.000025
   18.9005     1.7091  0.000017
   19.1004     1.7091  0.000013
   19.3003     1.7091  0.000018
   19.5002     1.7091  0.000009
   19.7001     1.7091  0.000014
   19.9000     1.7091  0.000056
    0.1099     1.9090  0.000204
    0.3099     1.9090  0.000285
    0.5098     1.9090  0.000345
    0.7096     1.9090  0.000413
    0.9096     1.9090  0.000478
    1.1094     1.9090  0.000512
    1.3093     1.9090  0.000493
    1.5092     1.9090  0.000468
    1.7091     1.9090  0.000452
    1.9090     1.9090  0.000471
    2.1090     1.9090  0.000510
    2.3089     1.9090  0.000600
    2.5087     1.9090  0.000615
    2.7087     1.9090  0.000607
    2.9086     1.9090  0.000576
    3.1085     1.9090  0.000552
    3.3084     1.9090  0.000537
    3.5082     1.9090  0.000509
    3.7082     1.9090  0.000418
    3.9081     1.9090  0.000213
    4.1080     1.9090  0.000001
    4.3078     1.9090  0.000000
    4.5078     1.9090  0.000000
    4.7077     1.9090  0.000000
    4.9075     1.9090  0.000000
    5.1075     1.9090  0.000000
    5.3074     1.9090  0.000000
    5.5073     1.9090  0.000000
    5.7071     1.9090  0.000000
    5.9071     1.9090  0.000000
    6.1070     1.9090  0.000000
    6.3068     1.9090  0.000000
    6.5068     1.9090  0.000001
    6.7067     1.9090  0.000001
    6.9065     1.9090  0.000000
    7.1065     1.9090  0.000000
    7.3064     1.9090  0.000001
    7.5062     1.9090  0.000001
    7.7062     1.9090  0.000001
    7.9061     1.9090  0.000000
    8.1060     1.9090  0.000001
    8.3059     1.9090  0.000001
    8.5057     1.9090  0.000001
    8.7057     1.9090  0.000001
    8.9056     1.9090  0.000001
    9.1054     1.9090  0.000001
    9.3054     1.9090  0.000001
    9.5052     1.9090  0.000001
    9.7051     1.9090  0.000001
    9.9051     1.9090  0.000001
   10.1049     1.9090  0.000001
   10.3049     1.9090  0.000001
   10.5048     1.9090  0.000004
   10.7046     1.9090  0.000004
   10.9046     1.9090  0.000004
   11.1045     1.9090  0.000003
   11.3043     1.9090  0.000002
   11.5043     1.9090  0.000002
   11.7042     1.9090  0.000002
   11.9040     1.9090  0.000002
   12.1040     1.9090  0.000003
   12.3039     1.9090  0.000008
   12.5037     1.9090  0.000022
   12.7037     1.9090  0.000027
   12.9036     1.9090  0.000025
   13.1034     1.9090  0.000024
   13.3034     1.9090  0.000028
   13.5033     1.9090  0.000023
   13.7031     1.9090  0.000025
   13.9031     1.9090  0.000029
   14.1030     1.9090  0.000031
   14.3028     1.9090  0.000024
   14.5028     1.9090  0.000022
   14.7027     1.9090  0.000011
   14.9025     1.9090  0.000014
   15.1025     1.9090  0.000018
   15.3024     1.9090  0.000019
   15.5022     1.9090  0.000026
   15.7022     1.9090  0.000029
   15.9021     1.9090  0.000017
   16.1019     1.9090  0.000013
   16.3018     1.9090  0.000014
   16.5017     1.9090  0.000018
   16.7016     1.9090  0.000018
   16.9015     1.9090  0.000021
   17.1014     1.9090  0.000022
   17.3013     1.9090  0.000025
   17.5012     1.9090  0.000024
   17.7011     1.9090  0.000012
   17.9010     1.9090  0.000013
   18.1009     1.9090  0.000008
   18.3008     1.9090  0.000014
   18.5007     1.9090  0.000016
   18.7006     1.9090  0.000017
   18.9005     1.9090  0.000014
   19.1004     1.9090  0.000011
   19.3003     1.9090  0.000004
   19.5002     1.9090  0.000003
   19.7001     1.9090  0.000003
   19.9000     1.9090  0.000041
    0.1099     2.1090  0.000209
    0.3099     2.1090  0.000301
    0.5098     2.1090  0.000377
    0.7096     2.1090  0.000447
    0.9096     2.1090  0.000509
    1.1094     2.1090  0.000531
    1.3093     2.1090  0.000520
    1.5092     2.1090  0.000491
    1.7091     2.1090  0.000471
    1.9090     2.1090  0.000484
    2.1090     2.1090  0.000526
    2.3089     2.1090  0.000618
    2.5087     2.1090  0.000639
    2.7087     2.1090  0.000631
    2.9086     2.1090  0.000605
    3.1085     2.1090  0.000573
    3.3084     2.1090  0.000553
    3.5082     2.1090  0.000531
    3.7082     2.1090  0.000461
    3.9081     2.1090  0.000257
    4.1080     2.1090  0.000002
    4.3078     2.1090  0.000000
    4.5078     2.1090  0.000000
    4.7077     2.1090  0.000000
    4.9075     2.1090  0.000000
    5.1075     2.1090  0.000000
    5.3074     2.1090  0.000000
    5.5073     2.1090  0.000000
    5.7071     2.1090  0.000000
    5.9071     2.1090  0.000000
    6.1070     2.1090  0.000000
    6.3068     2.1090  0.000000
    6.5068     2.1090  0.000000
    6.7067     2.1090  0.000001
    6.9065     2.1090  0.000000
    7.1065     2.1090  0.000000
    7.3064     2.1090  0.000001
    7.5062     2.1090  0.000001
    7.7062     2.1090  0.000001
    7.9061     2.1090  0.000000
    8.1060     2.1090  0.000001
    8.3059     2.1090  0.000001
    8.5057     2.1090  0.000001
    8.7057     2.1090  0.000001
    8.9056     2.1090  0.000001
    9.1054     2.1090  0.000001
    9.3054     2.1090  0.000001
    9.5052     2.1090  0.000001
    9.7051     2.1090  0.000001
    9.9051     2.1090  0.000001
   10.1049     2.1090  0.000000
   10.3049     2.1090  0.000002
   10.5048     2.1090  0.000002
   10.7046     2.1090  0.000004
   10.9046     2.1090  0.000002
   11.1045     2.1090  0.000002
   11.3043     2.1090  0.000002
   11.5043     2.1090  0.000002
   11.7042     2.1090  0.000001
   11.9040     2.1090  0.000001
   12.1040     2.1090  0.000002
   12.3039     2.1090  0.000005
   12.5037     2.1090  0.000005
   12.7037     2.1090  0.000013
   12.9036     2.1090  0.000013
   13.1034     2.1090  0.000009
   13.3034     2.1090  0.000008
   13.5033     2.1090  0.000011
   13.7031     2.1090  0.000014
   13.9031     2.1090  0.000013
   14.1030     2.1090  0.000016
   14.3028     2.1090  0.000014
   14.5028     2.1090  0.000014
   14.7027     2.1090  0.000005
   14.9025     2.1090  0.000003
   15.1025     2.1090  0.000004
   15.3024     2.1090  0.000008
   15.5022     2.1090  0.000014
   15.7022     2.1090  0.000012
   15.9021     2.1090  0.000012
   16.1019     2.1090  0.000010
   16.3018     2.1090  0.000005
   16.5017     2.1090  0.000012
   16.7016     2.1090  0.000010
   16.9015     2.1090  0.000010
   17.1014     2.1090  0.000010
   17.3013     2.1090  0.000012
   17.5012     2.1090  0.000009
   17.7011     2.1090  0.000009
   17.9010     2.1090  0.000007
   18.1009     2.1090  0.000005
   18.3008     2.1090  0.000007
   18.5007     2.1090  0.000008
   18.7006     2.1090  0.000005
   18.9005     2.1090  0.000005
   19.1004     2.1090  0.000003
   19.3003     2.1090  0.000002
   19.5002     2.1090  0.000002
   19.7001     2.1090  0.000002
   19.9000     2.1090  0.000035
    0.1099     2.3089  0.000264
    0.3099     2.3089  0.000364
    0.5098     2.3089  0.000452
    0.7096     2.3089  0.000520
    0.9096     2.3089  0.000577
    1.1094     2.3089  0.000607
    1.3093     2.3089  0.000592
    1.5092     2.3089  0.000557
    1.7091     2.3089  0.000542
    1.9090     2.3089  0.000567
    2.1090     2.3089  0.000609
    2.3089     2.3089  0.000657
    2.5087     2.3089  0.000679
    2.7087     2.3089  0.000680
    2.9086     2.3089  0.000659
    3.1085     2.3089  0.000616
    3.3084     2.3089  0.000609
    3.5082     2.3089  0.000605
    3.7082     2.3089  0.000532
    3.9081     2.3089  0.000341
    4.1080     2.3089  0.000085
    4.3078     2.3089  0.000003
    4.5078     2.3089  0.000001
    4.7077     2.3089  0.000001
    4.9075     2.3089  0.000000
    5.1075     2.3089  0.000003
    5.3074     2.3089  0.000001
    5.5073     2.3089  0.000002
    5.7071     2.3089  0.000001
    5.9071     2.3089  0.000001
    6.1070     2.3089  0.000003
    6.3068     2.3089  0.000000
    6.5068     2.3089  0.000000
    6.7067     2.3089  0.000001
    6.9065     2.3089  0.000000
    7.1065     2.3089  0.000000
    7.3064     2.3089  0.000001
    7.5062     2.3089  0.000001
    7.7062     2.3089  0.000000
    7.9061     2.3089  0.000000
    8.1060     2.3089  0.000000
    8.3059     2.3089  0.000000
    8.5057     2.3089  0.000000
    8.7057     2.3089  0.000000
    8.9056     2.3089  0.000000
    9.1054     2.3089  0.000000
    9.3054     2.3089  0.000000
    9.5052     2.3089  0.000000
    9.7051     2.3089  0.000000
    9.9051     2.3089  0.000000
   10.1049     2.3089  0.000000
   10.3049     2.3089  0.000000
   10.5048     2.3089  0.000000
   10.7046     2.3089  0.000000
   10.9046     2.3089  0.000000
   11.1045     2.3089  0.000000
   11.3043     2.3089  0.000000
   11.5043     2.3089  0.000000
   11.7042     2.3089  0.000000
   11.9040     2.3089  0.000000
   12.1040     2.3089  0.000000
   12.3039     2.3089  0.000000
   12.5037     2.3089  0.000001
   12.7037     2.3089  0.000001
   12.9036     2.3089  0.000002
   13.1034     2.3089  0.000002
   13.3034     2.3089  0.000001
   13.5033     2.3089  0.000001
   13.7031     2.3089  0.000002
   13.9031     2.3089  0.000002
   14.1030     2.3089  0.000002
   14.3028     2.3089  0.000002
   14.5028     2.3089  0.000001
   14.7027     2.3089  0.000001
   14.9025     2.3089  0.000001
   15.1025     2.3089  0.000001
   15.3024     2.3089  0.000001
   15.5022     2.3089  0.000001
   15.7022     2.3089  0.000001
   15.9021     2.3089  0.000001
   16.1019     2.3089  0.000001
   16.3018     2.3089  0.000001
   16.5017     2.3089  0.000001
   16.7016     2.3089  0.000001
   16.9015     2.3089  0.000002
   17.1014     2.3089  0.000001
   17.3013     2.3089  0.000002
   17.5012     2.3089  0.000000
   17.7011     2.3089  0.000001
   17.9010     2.3089  0.000000
   18.1009     2.3089  0.000001
   18.3008     2.3089  0.000001
   18.5007     2.3089  0.000001
   18.7006     2.3089  0.000001
   18.9005     2.3089  0.000001
   19.1004     2.3089  0.000001
   19.3003     2.3089  0.000001
   19.5002     2.3089  0.000000
   19.7001     2.3089  0.000000
   19.9000     2.3089  0.000005
    0.1099     2.5087  0.000265
    0.3099     2.5087  0.000383
    0.5098     2.5087  0.000458
    0.7096     2.5087  0.000522
    0.9096     2.5087  0.000590
    1.1094     2.5087  0.000597
    1.3093     2.5087  0.000582
    1.5092     2.5087  0.000554
    1.7091     2.5087  0.000535
    1.9090     2.5087  0.000554
    2.1090     2.5087  0.000615
    2.3089     2.5087  0.000669
    2.5087     2.5087  0.000683
    2.7087     2.5087  0.000680
    2.9086     2.5087  0.000675
    3.1085     2.5087  0.000641
    3.3084     2.5087  0.000618
    3.5082     2.5087  0.000603
    3.7082     2.5087  0.000549
    3.9081     2.5087  0.000387
    4.1080     2.5087  0.000127
    4.3078     2.5087  0.000003
    4.5078     2.5087  0.000001
    4.7077     2.5087  0.000001
    4.9075     2.5087  0.000001
    5.1075     2.5087  0.000001
    5.3074     2.5087  0.000002
    5.5073     2.5087  0.000002
    5.7071     2.5087  0.000001
    5.9071     2.5087  0.000002
    6.1070     2.5087  0.000001
    6.3068     2.5087  0.000000
    6.5068     2.5087  0.000000
    6.7067     2.5087  0.000000
    6.9065     2.5087  0.000001
    7.1065     2.5087  0.000000
    7.3064     2.5087  0.000000
    7.5062     2.5087  0.000000
    7.7062     2.5087  0.000000
    7.9061     2.5087  0.000000
    8.1060     2.5087  0.000000
    8.3059     2.5087  0.000000
    8.5057     2.5087  0.000000
    8.7057     2.5087  0.000000
    8.9056     2.5087  0.000000
    9.1054     2.5087  0.000000
    9.3054     2.5087  0.000000
    9.5052     2.5087  0.000000
    9.7051     2.5087  0.000000
    9.9051     2.5087  0.000000
   10.1049     2.5087  0.000000
   10.3049     2.5087  0.000000
   10.5048     2.5087  0.000000
   10.7046     2.5087  0.000000
   10.9046     2.5087  0.000000
   11.1045     2.5087  0.000000
   11.3043     2.5087  0.000001
   11.5043     2.5087  0.000000
   11.7042     2.5087  0.000000
   11.9040     2.5087  0.000000
   12.1040     2.5087  0.000000
   12.3039     2.5087  0.000001
   12.5037     2.5087  0.000001
   12.7037     2.5087  0.000001
   12.9036     2.5087  0.000001
   13.1034     2.5087  0.000001
   13.3034     2.5087  0.000001
   13.5033     2.5087  0.000000
   13.7031     2.5087  0.000001
   13.9031     2.5087  0.000001
   14.1030     2.5087  0.000001
   14.3028     2.5087  0.000001
   14.5028     2.5087  0.000001
   14.7027     2.5087  0.000001
   14.9025     2.5087  0.000000
   15.1025     2.5087  0.000000
   15.3024     2.5087  0.000000
   15.5022     2.5087  0.000001
   15.7022     2.5087  0.000001
   15.9021     2.5087  0.000001
   16.1019     2.5087  0.000001
   16.3018     2.5087  0.000001
   16.5017     2.5087  0.000001
   16.7016     2.5087  0.000001
   16.9015     2.5087  0.000000
   17.1014     2.5087  0.000001
   17.3013     2.5087  0.000001
   17.5012     2.5087  0.000000
   17.7011     2.5087  0.000001
   17.9010     2.5087  0.000000
   18.1009     2.5087  0.000000
   18.3008     2.5087  0.000000
   18.5007     2.5087  0.000001
   18.7006     2.5087  0.000000
   18.9005     2.5087  0.000000
   19.1004     2.5087  0.000000
   19.3003     2.5087  0.000001
   19.5002     2.5087  0.000001
   19.7001     2.5087  0.000000
   19.9000     2.5087  0.000002
    0.1099     2.7087  0.000259
    0.3099     2.7087  0.000375
    0.5098     2.7087  0.000453
    0.7096     2.7087  0.000530
    0.9096     2.7087  0.000569
    1.1094     2.7087  0.000588
    1.3093     2.7087  0.000576
    1.5092     2.7087  0.000549
    1.7091     2.7087  0.000535
    1.9090     2.7087  0.000551
    2.1090     2.7087  0.000607
    2.3089     2.7087  0.000665
    2.5087     2.7087  0.000678
    2.7087     2.7087  0.000679
    2.9086     2.7087  0.000672
    3.1085     2.7087  0.000649
    3.3084     2.7087  0.000629
    3.5082     2.7087  0.000624
    3.7082     2.7087  0.000576
    3.9081     2.7087  0.000446
    4.1080     2.7087  0.000186
    4.3078     2.7087  0.000010
    4.5078     2.7087  0.000001
    4.7077     2.7087  0.000001
    4.9075     2.7087  0.000002
    5.1075     2.7087  0.000003
    5.3074     2.7087  0.000001
    5.5073     2.7087  0.000003
    5.7071     2.7087  0.000001
    5.9071     2.7087  0.000001
    6.1070     2.7087  0.000001
    6.3068     2.7087  0.000000
    6.5068     2.7087  0.000000
    6.7067     2.7087  0.000000
    6.9065     2.7087  0.000000
    7.1065     2.7087  0.000000
    7.3064     2.7087  0.000000
    7.5062     2.7087  0.000000
    7.7062     2.7087  0.000000
    7.9061     2.7087  0.000000
    8.1060     2.7087  0.000000
    8.3059     2.7087  0.000000
    8.5057     2.7087  0.000000
    8.7057     2.7087  0.000000
    8.9056     2.7087  0.000000
    9.1054     2.7087  0.000000
    9.3054     2.7087  0.000000
    9.5052     2.7087  0.000000
    9.7051     2.7087  0.000000
    9.9051     2.7087  0.000000
   10.1049     2.7087  0.000000
   10.3049     2.7087  0.000000
   10.5048     2.7087  0.000000
   10.7046     2.7087  0.000000
   10.9046     2.7087  0.000000
   11.1045     2.7087  0.000000
   11.3043     2.7087  0.000000
   11.5043     2.7087  0.000000
   11.7042     2.7087  0.000001
   11.9040     2.7087  0.000000
   12.1040     2.7087  0.000000
   12.3039     2.7087  0.000000
   12.5037     2.7087  0.000001
   12.7037     2.7087  0.000000
   12.9036     2.7087  0.000001
   13.1034     2.7087  0.000001
   13.3034     2.7087  0.000001
   13.5033     2.7087  0.000000
   13.7031     2.7087  0.000001
   13.9031     2.7087  0.000001
   14.1030     2.7087  0.000000
   14.3028     2.7087  0.000001
   14.5028     2.7087  0.000001
   14.7027     2.7087  0.000001
   14.9025     2.7087  0.000000
   15.1025     2.7087  0.000000
   15.3024     2.7087  0.000001
   15.5022     2.7087  0.000001
   15.7022     2.7087  0.000001
   15.9021     2.7087  0.000000
   16.1019     2.7087  0.000001
   16.3018     2.7087  0.000000
   16.5017     2.7087  0.000000
   16.7016     2.7087  0.000001
   16.9015     2.7087  0.000000
   17.1014     2.7087  0.000001
   17.3013     2.7087  0.000000
   17.5012     2.7087  0.000001
   17.7011     2.7087  0.000000
   17.9010     2.7087  0.000000
   18.1009     2.7087  0.000000
   18.3008     2.7087  0.000000
   18.5007     2.7087  0.000001
   18.7006     2.7087  0.000001
   18.9005     2.7087  0.000000
   19.1004     2.7087  0.000001
   19.3003     2.7087  0.000000
   19.5002     2.7087  0.000000
   19.7001     2.7087  0.000001
   19.9000     2.7087  0.000001
    0.1099     2.9086  0.000242
    0.3099     2.9086  0.000363
    0.5098     2.9086  0.000429
    0.7096     2.9086  0.000498
    0.9096     2.9086  0.000550
    1.1094     2.9086  0.000562
    1.3093     2.9086  0.000546
    1.5092     2.9086  0.000513
    1.7091     2.9086  0.000491
    1.9090     2.9086  0.000532
    2.1090     2.9086  0.000599
    2.3089     2.9086  0.000659
    2.5087     2.9086  0.000655
    2.7087     2.9086  0.000672
    2.9086     2.9086  0.000677
    3.1085     2.9086  0.000649
    3.3084     2.9086  0.000633
    3.5082     2.9086  0.000638
    3.7082     2.9086  0.000607
    3.9081     2.9086  0.000499
    4.1080     2.9086  0.000257
    4.3078     2.9086  0.000076
    4.5078     2.9086  0.000009
    4.7077     2.9086  0.000004
    4.9075     2.9086  0.000006
    5.1075     2.9086  0.000013
    5.3074     2.9086  0.000023
    5.5073     2.9086  0.000023
    5.7071     2.9086  0.000008
    5.9071     2.9086  0.000002
    6.1070     2.9086  0.000001
    6.3068     2.9086  0.000001
    6.5068     2.9086  0.000001
    6.7067     2.9086  0.000000
    6.9065     2.9086  0.000000
    7.1065     2.9086  0.000000
    7.3064     2.9086  0.000000
    7.5062     2.9086  0.000000
    7.7062     2.9086  0.000000
    7.9061     2.9086  0.000000
    8.1060     2.9086  0.000000
    8.3059     2.9086  0.000001
    8.5057     2.9086  0.000000
    8.7057     2.9086  0.000000
    8.9056     2.9086  0.000000
    9.1054     2.9086  0.000000
    9.3054     2.9086  0.000000
    9.5052     2.9086  0.000000
    9.7051     2.9086  0.000000
    9.9051     2.9086  0.000001
   10.1049     2.9086  0.000000
   10.3049     2.9086  0.000000
   10.5048     2.9086  0.000000
   10.7046     2.9086  0.000000
   10.9046     2.9086  0.000001
   11.1045     2.9086  0.000000
   11.3043     2.9086  0.000000
   11.5043     2.9086  0.000000
   11.7042     2.9086  0.000000
   11.9040     2.9086  0.000000
   12.1040     2.9086  0.000000
   12.3039     2.9086  0.000001
   12.5037     2.9086  0.000001
   12.7037     2.9086  0.000000
   12.9036     2.9086  0.000001
   13.1034     2.9086  0.000001
   13.3034     2.9086  0.000001
   13.5033     2.9086  0.000001
   13.7031     2.9086  0.000001
   13.9031     2.9086  0.000000
   14.1030     2.9086  0.000000
   14.3028     2.9086  0.000001
   14.5028     2.9086  0.000000
   14.7027     2.9086  0.000001
   14.9025     2.9086  0.000001
   15.1025     2.9086  0.000000
   15.3024     2.9086  0.000000
   15.5022     2.9086  0.000000
   15.7022     2.9086  0.000000
   15.9021     2.9086  0.000001
   16.1019     2.9086  0.000000
   16.3018     2.9086  0.000001
   16.5017     2.9086  0.000001
   16.7016     2.9086  0.000000
   16.9015     2.9086  0.000000
   17.1014     2.9086  0.000000
   17.3013     2.9086  0.000000
   17.5012     2.9086  0.000000
   17.7011     2.9086  0.000000
   17.9010     2.9086  0.000000
   18.1009     2.9086  0.000000
   18.3008     2.9086  0.000000
   18.5007     2.9086  0.000000
   18.7006     2.9086  0.000000
   18.9005     2.9086  0.000001
   19.1004     2.9086  0.000001
   19.3003     2.9086  0.000000
   19.5002     2.9086  0.000000
   19.7001     2.9086  0.000000
   19.9000     2.9086  0.000002
    0.1099     3.1085  0.000211
    0.3099     3.1085  0.000321
    0.5098     3.1085  0.000404
    0.7096     3.1085  0.000444
    0.9096     3.1085  0.000500
    1.1094     3.1085  0.000528
    1.3093     3.1085  0.000506
    1.5092     3.1085  0.000466
    1.7091     3.1085  0.000442
    1.9090     3.1085  0.000477
    2.1090     3.1085  0.000576
    2.3089     3.1085  0.000634
    2.5087     3.1085  0.000645
    2.7087     3.1085  0.000658
    2.9086     3.1085  0.000658
    3.1085     3.1085  0.000645
    3.3084     3.1085  0.000626
    3.5082     3.1085  0.000630
    3.7082     3.1085  0.000632
    3.9081     3.1085  0.000562
    4.1080     3.1085  0.000341
    4.3078     3.1085  0.000135
    4.5078     3.1085  0.000067
    4.7077     3.1085  0.000049
    4.9075     3.1085  0.000055
    5.1075     3.1085  0.000066
    5.3074     3.1085  0.000077
    5.5073     3.1085  0.000072
    5.7071     3.1085  0.000051
    5.9071     3.1085  0.000011
    6.1070     3.1085  0.000001
    6.3068     3.1085  0.000001
    6.5068     3.1085  0.000001
    6.7067     3.1085  0.000000
    6.9065     3.1085  0.000000
    7.1065     3.1085  0.000000
    7.3064     3.1085  0.000000
    7.5062     3.1085  0.000001
    7.7062     3.1085  0.000000
    7.9061     3.1085  0.000000
    8.1060     3.1085  0.000000
    8.3059     3.1085  0.000000
    8.5057     3.1085  0.000000
    8.7057     3.1085  0.000000
    8.9056     3.1085  0.000000
    9.1054     3.1085  0.000000
    9.3054     3.1085  0.000000
    9.5052     3.1085  0.000000
    9.7051     3.1085  0.000000
    9.9051     3.1085  0.000000
   10.1049     3.1085  0.000000
   10.3049     3.1085  0.000000
   10.5048     3.1085  0.000000
   10.7046     3.1085  0.000000
   10.9046     3.1085  0.000000
   11.1045     3.1085  0.000000
   11.3043     3.1085  0.000001
   11.5043     3.1085  0.000000
   11.7042     3.1085  0.000000
   11.9040     3.1085  0.000000
   12.1040     3.1085  0.000000
   12.3039     3.1085  0.000000
   12.5037     3.1085  0.000001
   12.7037     3.1085  0.000000
   12.9036     3.1085  0.000000
   13.1034     3.1085  0.000000
   13.3034     3.1085  0.000000
   13.5033     3.1085  0.000000
   13.7031     3.1085  0.000001
   13.9031     3.1085  0.000000
   14.1030     3.1085  0.000000
   14.3028     3.1085  0.000000
   14.5028     3.1085  0.000001
   14.7027     3.1085  0.000001
   14.9025     3.1085  0.000001
   15.1025     3.1085  0.000000
   15.3024     3.1085  0.000000
   15.5022     3.1085  0.000000
   15.7022     3.1085  0.000000
   15.9021     3.1085  0.000000
   16.1019     3.1085  0.000001
   16.3018     3.1085  0.000001
   16.5017     3.1085  0.000000
   16.7016     3.1085  0.000000
   16.9015     3.1085  0.000000
   17.1014     3.1085  0.000000
   17.3013     3.1085  0.000000
   17.5012     3.1085  0.000000
   17.7011     3.1085  0.000000
   17.9010     3.1085  0.000001
   18.1009     3.1085  0.000000
   18.3008     3.1085  0.000000
   18.5007     3.1085  0.000000
   18.7006     3.1085  0.000000
   18.9005     3.1085  0.000000
   19.1004     3.1085  0.000000
   19.3003     3.1085  0.000000
   19.5002     3.1085  0.000001
   19.7001     3.1085  0.000000
   19.9000     3.1085  0.000001
    0.1099     3.3084  0.000172
    0.3099     3.3084  0.000271
    0.5098     3.3084  0.000352
    0.7096     3.3084  0.000398
    0.9096     3.3084  0.000442
    1.1094     3.3084  0.000448
    1.3093     3.3084  0.000442
    1.5092     3.3084  0.000402
    1.7091     3.3084  0.000385
    1.9090     3.3084  0.000418
    2.1090     3.3084  0.000517
    2.3089     3.3084  0.000606
    2.5087     3.3084  0.000619
    2.7087     3.3084  0.000618
    2.9086     3.3084  0.000636
    3.1085     3.3084  0.000640
    3.3084     3.3084  0.000615
    3.5082     3.3084  0.000628
    3.7082     3.3084  0.000635
    3.9081     3.3084  0.000629
    4.1080     3.3084  0.000439
    4.3078     3.3084  0.000230
    4.5078     3.3084  0.000147
    4.7077     3.3084  0.000117
    4.9075     3.3084  0.000122
    5.1075     3.3084  0.000144
    5.3074     3.3084  0.000152
    5.5073     3.3084  0.000155
    5.7071     3.3084  0.000130
    5.9071     3.3084  0.000068
    6.1070     3.3084  0.000011
    6.3068     3.3084  0.000001
    6.5068     3.3084  0.000001
    6.7067     3.3084  0.000000
    6.9065     3.3084  0.000000
    7.1065     3.3084  0.000000
    7.3064     3.3084  0.000000
    7.5062     3.3084  0.000000
    7.7062     3.3084  0.000000
    7.9061     3.3084  0.000000
    8.1060     3.3084  0.000000
    8.3059     3.3084  0.000000
    8.5057     3.3084  0.000000
    8.7057     3.3084  0.000000
    8.9056     3.3084  0.000000
    9.1054     3.3084  0.000000
    9.3054     3.3084  0.000000
    9.5052     3.3084  0.000000
    9.7051     3.3084  0.000000
    9.9051     3.3084  0.000000
   10.1049     3.3084  0.000000
   10.3049     3.3084  0.000000
   10.5048     3.3084  0.000000
   10.7046     3.3084  0.000000
   10.9046     3.3084  0.000000
   11.1045     3.3084  0.000000
   11.3043     3.3084  0.000000
   11.5043     3.3084  0.000000
   11.7042     3.3084  0.000000
   11.9040     3.3084  0.000000
   12.1040     3.3084  0.000000
   12.3039     3.3084  0.000000
   12.5037     3.3084  0.000000
   12.7037     3.3084  0.000000
   12.9036     3.3084  0.000000
   13.1034     3.3084  0.000000
   13.3034     3.3084  0.000001
   13.5033     3.3084  0.000000
   13.7031     3.3084  0.000000
   13.9031     3.3084  0.000001
   14.1030     3.3084  0.000000
   14.3028     3.3084  0.000000
   14.5028     3.3084  0.000000
   14.7027     3.3084  0.000000
   14.9025     3.3084  0.000001
   15.1025     3.3084  0.000000
   15.3024     3.3084  0.000001
   15.5022     3.3084  0.000000
   15.7022     3.3084  0.000000
   15.9021     3.3084  0.000000
   16.1019     3.3084  0.000000
   16.3018     3.3084  0.000000
   16.5017     3.3084  0.000000
   16.7016     3.3084  0.000000
   16.9015     3.3084  0.000000
   17.1014     3.3084  0.000001
   17.3013     3.3084  0.000000
   17.5012     3.3084  0.000000
   17.7011     3.3084  0.000000
   17.9010     3.3084  0.000000
   18.1009     3.3084  0.000001
   18.3008     3.3084  0.000000
   18.5007     3.3084  0.000000
   18.7006     3.3084  0.000000
   18.9005     3.3084  0.000000
   19.1004     3.3084  0.000000
   19.3003     3.3084  0.000000
   19.5002     3.3084  0.000000
   19.7001     3.3084  0.000000
   19.9000     3.3084  0.000001
    0.1099     3.5082  0.000146
    0.3099     3.5082  0.000236
    0.5098     3.5082  0.000284
    0.7096     3.5082  0.000333
    0.9096     3.5082  0.000358
    1.1094     3.5082  0.000378
    1.3093     3.5082  0.000363
    1.5092     3.5082  0.000343
    1.7091     3.5082  0.000319
    1.9090     3.5082  0.000353
    2.1090     3.5082  0.000451
    2.3089     3.5082  0.000558
    2.5087     3.5082  0.000564
    2.7087     3.5082  0.000577
    2.9086     3.5082  0.000602
    3.1085     3.5082  0.000609
    3.3084     3.5082  0.000598
    3.5082     3.5082  0.000599
    3.7082     3.5082  0.000639
    3.9081     3.5082  0.000655
    4.1080     3.5082  0.000527
    4.3078     3.5082  0.000342
    4.5078     3.5082  0.000238
    4.7077     3.5082  0.000216
    4.9075     3.5082  0.000207
    5.1075     3.5082  0.000229
    5.3074     3.5082  0.000239
    5.5073     3.5082  0.000254
    5.7071     3.5082  0.000208
    5.9071     3.5082  0.000152
    6.1070     3.5082  0.000051
    6.3068     3.5082  0.000001
    6.5068     3.5082  0.000000
    6.7067     3.5082  0.000001
    6.9065     3.5082  0.000000
    7.1065     3.5082  0.000000
    7.3064     3.5082  0.000000
    7.5062     3.5082  0.000001
    7.7062     3.5082  0.000001
    7.9061     3.5082  0.000000
    8.1060     3.5082  0.000000
    8.3059     3.5082  0.000000
    8.5057     3.5082  0.000001
    8.7057     3.5082  0.000000
    8.9056     3.5082  0.000000
    9.1054     3.5082  0.000000
    9.3054     3.5082  0.000000
    9.5052     3.5082  0.000000
    9.7051     3.5082  0.000000
    9.9051     3.5082  0.000000
   10.1049     3.5082  0.000000
   10.3049     3.5082  0.000000
   10.5048     3.5082  0.000000
   10.7046     3.5082  0.000000
   10.9046     3.5082  0.000000
   11.1045     3.5082  0.000000
   11.3043     3.5082  0.000000
   11.5043     3.5082  0.000001
   11.7042     3.5082  0.000000
   11.9040     3.5082  0.000000
   12.1040     3.5082  0.000000
   12.3039     3.5082  0.000000
   12.5037     3.5082  0.000001
   12.7037     3.5082  0.000001
   12.9036     3.5082  0.000000
   13.1034     3.5082  0.000000
   13.3034     3.5082  0.000000
   13.5033     3.5082  0.000000
   13.7031     3.5082  0.000000
   13.9031     3.5082  0.000000
   14.1030     3.5082  0.000000
   14.3028     3.5082  0.000000
   14.5028     3.5082  0.000000
   14.7027     3.5082  0.000000
   14.9025     3.5082  0.000000
   15.1025     3.5082  0.000000
   15.3024     3.5082  0.000000
   15.5022     3.5082  0.000000
   15.7022     3.5082  0.000000
   15.9021     3.5082  0.000000
   16.1019     3.5082  0.000000
   16.3018     3.5082  0.000000
   16.5017     3.5082  0.000000
   16.7016     3.5082  0.000001
   16.9015     3.5082  0.000000
   17.1014     3.5082  0.000000
   17.3013     3.5082  0.000000
   17.5012     3.5082  0.000000
   17.7011     3.5082  0.000000
   17.9010     3.5082  0.000001
   18.1009     3.5082  0.000000
   18.3008     3.5082  0.000000
   18.5007     3.5082  0.000000
   18.7006     3.5082  0.000000
   18.9005     3.5082  0.000000
   19.1004     3.5082  0.000000
   19.3003     3.5082  0.000000
   19.5002     3.5082  0.000001
   19.7001     3.5082  0.000000
   19.9000     3.5082  0.000001
    0.1099     3.7082  0.000115
    0.3099     3.7082  0.000176
    0.5098     3.7082  0.000216
    0.7096     3.7082  0.000257
    0.9096     3.7082  0.000283
    1.1094     3.7082  0.000294
    1.3093     3.7082  0.000292
    1.5092     3.7082  0.000262
    1.7091     3.7082  0.000247
    1.9090     3.7082  0.000268
    2.1090     3.7082  0.000376
    2.3089     3.7082  0.000493
    2.5087     3.7082  0.000537
    2.7087     3.7082  0.000528
    2.9086     3.7082  0.000550
    3.1085     3.7082  0.000563
    3.3084     3.7082  0.000571
    3.5082     3.7082  0.000582
    3.7082     3.7082  0.000658
    3.9081     3.7082  0.000726
    4.1080     3.7082  0.000612
    4.3078     3.7082  0.000452
    4.5078     3.7082  0.000351
    4.7077     3.7082  0.000308
    4.9075     3.7082  0.000325
    5.1075     3.7082  0.000339
    5.3074     3.7082  0.000350
    5.5073     3.7082  0.000351
    5.7071     3.7082  0.000333
    5.9071     3.7082  0.000241
    6.1070     3.7082  0.000117
    6.3068     3.7082  0.000001
    6.5068     3.7082  0.000000
    6.7067     3.7082  0.000000
    6.9065     3.7082  0.000000
    7.1065     3.7082  0.000000
    7.3064     3.7082  0.000001
    7.5062     3.7082  0.000000
    7.7062     3.7082  0.000001
    7.9061     3.7082  0.000000
    8.1060     3.7082  0.000000
    8.3059     3.7082  0.000000
    8.5057     3.7082  0.000000
    8.7057     3.7082  0.000000
    8.9056     3.7082  0.000000
    9.1054     3.7082  0.000000
    9.3054     3.7082  0.000000
    9.5052     3.7082  0.000000
    9.7051     3.7082  0.000000
    9.9051     3.7082  0.000000
   10.1049     3.7082  0.000000
   10.3049     3.7082  0.000000
   10.5048     3.7082  0.000000
   10.7046     3.7082  0.000000
   10.9046     3.7082  0.000000
   11.1045     3.7082  0.000000
   11.3043     3.7082  0.000000
   11.5043     3.7082  0.000000
   11.7042     3.7082  0.000000
   11.9040     3.7082  0.000000
   12.1040     3.7082  0.000000
   12.3039     3.7082  0.000000
   12.5037     3.7082  0.000000
   12.7037     3.7082  0.000000
   12.9036     3.7082  0.000000
   13.1034     3.7082  0.000000
   13.3034     3.7082  0.000000
   13.5033     3.7082  0.000001
   13.7031     3.7082  0.000000
   13.9031     3.7082  0.000000
   14.1030     3.7082  0.000000
   14.3028     3.7082  0.000000
   14.5028     3.7082  0.000000
   14.7027     3.7082  0.000000
   14.9025     3.7082  0.000000
   15.1025     3.7082  0.000000
   15.3024     3.7082  0.000000
   15.5022     3.7082  0.000000
   15.7022     3.7082  0.000000
   15.9021     3.7082  0.000000
   16.1019     3.7082  0.000000
   16.3018     3.7082  0.000000
   16.5017     3.7082  0.000000
   16.7016     3.7082  0.000000
   16.9015     3.7082  0.000000
   17.1014     3.7082  0.000001
   17.3013     3.7082  0.000000
   17.5012     3.7082  0.000000
   17.7011     3.7082  0.000000
   17.9010     3.7082  0.000000
   18.1009     3.7082  0.000000
   18.3008     3.7082  0.000000
   18.5007     3.7082  0.000000
   18.7006     3.7082  0.000000
   18.9005     3.7082  0.000000
   19.1004     3.7082  0.000000
   19.3003     3.7082  0.000000
   19.5002     3.7082  0.000000
   19.7001     3.7082  0.000000
   19.9000     3.7082  0.000000
    0.1099     3.9081  0.000084
    0.3099     3.9081  0.000124
    0.5098     3.9081  0.000159
    0.7096     3.9081  0.000187
    0.9096     3.9081  0.000213
    1.1094     3.9081  0.000219
    1.3093     3.9081  0.000216
    1.5092     3.9081  0.000202
    1.7091     3.9081  0.000183
    1.9090     3.9081  0.000190
    2.1090     3.9081  0.000289
    2.3089     3.9081  0.000415
    2.5087     3.9081  0.000462
    2.7087     3.9081  0.000471
    2.9086     3.9081  0.000495
    3.1085     3.9081  0.000516
    3.3084     3.9081  0.000521
    3.5082     3.9081  0.000559
    3.7082     3.9081  0.000628
    3.9081     3.9081  0.000714
    4.1080     3.9081  0.000694
    4.3078     3.9081  0.000574
    4.5078     3.9081  0.000461
    4.7077     3.9081  0.000431
    4.9075     3.9081  0.000426
    5.1075     3.9081  0.000447
    5.3074     3.9081  0.000464
    5.5073     3.9081  0.000471
    5.7071     3.9081  0.000451
    5.9071     3.9081  0.000351
    6.1070     3.9081  0.000176
    6.3068     3.9081  0.000004
    6.5068     3.9081  0.000000
    6.7067     3.9081  0.000000
    6.9065     3.9081  0.000000
    7.1065     3.9081  0.000000
    7.3064     3.9081  0.000001
    7.5062     3.9081  0.000000
    7.7062     3.9081  0.000002
    7.9061     3.9081  0.000001
    8.1060     3.9081  0.000000
    8.3059     3.9081  0.000000
    8.5057     3.9081  0.000000
    8.7057     3.9081  0.000000
    8.9056     3.9081  0.000000
    9.1054     3.9081  0.000000
    9.3054     3.9081  0.000000
    9.5052     3.9081  0.000000
    9.7051     3.9081  0.000000
    9.9051     3.9081  0.000000
   10.1049     3.9081  0.000000
   10.3049     3.9081  0.000000
   10.5048     3.9081  0.000000
   10.7046     3.9081  0.000000
   10.9046     3.9081  0.000000
   11.1045     3.9081  0.000000
   11.3043     3.9081  0.000000
   11.5043     3.9081  0.000000
   11.7042     3.9081  0.000000
   11.9040     3.9081  0.000000
   12.1040     3.9081  0.000000
   12.3039     3.9081  0.000000
   12.5037     3.9081  0.000000
   12.7037     3.9081  0.000000
   12.9036     3.9081  0.000000
   13.1034     3.9081  0.000000
   13.3034     3.9081  0.000000
   13.5033     3.9081  0.000000
   13.7031     3.9081  0.000000
   13.9031     3.9081  0.000000
   14.1030     3.9081  0.000000
   14.3028     3.9081  0.000001
   14.5028     3.9081  0.000001
   14.7027     3.9081  0.000000
   14.9025     3.9081  0.000000
   15.1025     3.9081  0.000001
   15.3024     3.9081  0.000000
   15.5022     3.9081  0.000000
   15.7022     3.9081  0.000000
   15.9021     3.9081  0.000000
   16.1019     3.9081  0.000000
   16.3018     3.9081  0.000001
   16.5017     3.9081  0.000000
   16.7016     3.9081  0.000000
   16.9015     3.9081  0.000000
   17.1014     3.9081  0.000000
   17.3013     3.9081  0.000000
   17.5012     3.9081  0.000001
   17.7011     3.9081  0.000000
   17.9010     3.9081  0.000001
   18.1009     3.9081  0.000000
   18.3008     3.9081  0.000000
   18.5007     3.9081  0.000000
   18.7006     3.9081  0.000000
   18.9005     3.9081  0.000000
   19.1004     3.9081  0.000000
   19.3003     3.9081  0.000000
   19.5002     3.9081  0.000000
   19.7001     3.9081  0.000000
   19.9000     3.9081  0.000000
    0.1099     4.1080  0.000001
    0.3099     4.1080  0.000009
    0.5098     4.1080  0.000024
    0.7096     4.1080  0.000042
    0.9096     4.1080  0.000064
    1.1094     4.1080  0.000072
    1.3093     4.1080  0.000068
    1.5092     4.1080  0.000055
    1.7091     4.1080  0.000040
    1.9090     4.1080  0.000053
    2.1090     4.1080  0.000135
    2.3089     4.1080  0.000369
    2.5087     4.1080  0.000426
    2.7087     4.1080  0.000441
    2.9086     4.1080  0.000457
    3.1085     4.1080  0.000474
    3.3084     4.1080  0.000498
    3.5082     4.1080  0.000541
    3.7082     4.1080  0.000637
    3.9081     4.1080  0.000764
    4.1080     4.1080  0.000876
    4.3078     4.1080  0.000775
    4.5078     4.1080  0.000693
    4.7077     4.1080  0.000651
    4.9075     4.1080  0.000643
    5.1075     4.1080  0.000648
    5.3074     4.1080  0.000683
    5.5073     4.1080  0.000695
    5.7071     4.1080  0.000668
    5.9071     4.1080  0.000573
    6.1070     4.1080  0.000370
    6.3068     4.1080  0.000126
    6.5068     4.1080  0.000033
    6.7067     4.1080  0.000013
    6.9065     4.1080  0.000008
    7.1065     4.1080  0.000013
    7.3064     4.1080  0.000023
    7.5062     4.1080  0.000034
    7.7062     4.1080  0.000043
    7.9061     4.1080  0.000030
    8.1060     4.1080  0.000016
    8.3059     4.1080  0.000000
    8.5057     4.1080  0.000000
    8.7057     4.1080  0.000000
    8.9056     4.1080  0.000000
    9.1054     4.1080  0.000000
    9.3054     4.1080  0.000000
    9.5052     4.1080  0.000000
    9.7051     4.1080  0.000000
    9.9051     4.1080  0.000000
   10.1049     4.1080  0.000000
   10.3049     4.1080  0.000000
   10.5048     4.1080  0.000000
   10.7046     4.1080  0.000000
   10.9046     4.1080  0.000000
   11.1045     4.1080  0.000000
   11.3043     4.1080  0.000000
   11.5043     4.1080  0.000000
   11.7042     4.1080  0.000000
   11.9040     4.1080  0.000000
   12.1040     4.1080  0.000000
   12.3039     4.1080  0.000000
   12.5037     4.1080  0.000000
   12.7037     4.1080  0.000000
   12.9036     4.1080  0.000000
   13.1034     4.1080  0.000000
   13.3034     4.1080  0.000000
   13.5033     4.1080  0.000000
   13.7031     4.1080  0.000000
   13.9031     4.1080  0.000000
   14.1030     4.1080  0.000000
   14.3028     4.1080  0.000000
   14.5028     4.1080  0.000000
   14.7027     4.1080  0.000000
   14.9025     4.1080  0.000000
   15.1025     4.1080  0.000000
   15.3024     4.1080  0.000000
   15.5022     4.1080  0.000000
   15.7022     4.1080  0.000000
   15.9021     4.1080  0.000000
   16.1019     4.1080  0.000000
   16.3018     4.1080  0.000000
   16.5017     4.1080  0.000000
   16.7016     4.1080  0.000000
   16.9015     4.1080  0.000000
   17.1014     4.1080  0.000000
   17.3013     4.1080  0.000000
   17.5012     4.1080  0.000000
   17.7011     4.1080  0.000000
   17.9010     4.1080  0.000000
   18.1009     4.1080  0.000000
   18.3008     4.1080  0.000000
   18.5007     4.1080  0.000000
   18.7006     4.1080  0.000001
   18.9005     4.1080  0.000000
   19.1004     4.1080  0.000000
   19.3003     4.1080  0.000000
   19.5002     4.1080  0.000000
   19.7001     4.1080  0.000000
   19.9000     4.1080  0.000000
    0.1099     4.3078  0.000000
    0.3099     4.3078  0.000001
    0.5098     4.3078  0.000001
    0.7096     4.3078  0.000003
    0.9096     4.3078  0.000012
    1.1094     4.3078  0.000009
    1.3093     4.3078  0.000012
    1.5092     4.3078  0.000003
    1.7091     4.3078  0.000002
    1.9090     4.3078  0.000001
    2.1090     4.3078  0.000065
    2.3089     4.3078  0.000295
    2.5087     4.3078  0.000353
    2.7087     4.3078  0.000370
    2.9086     4.3078  0.000388
    3.1085     4.3078  0.000411
    3.3084     4.3078  0.000440
    3.5082     4.3078  0.000466
    3.7082     4.3078  0.000602
    3.9081     4.3078  0.000760
    4.1080     4.3078  0.000920
    4.3078     4.3078  0.000874
    4.5078     4.3078  0.000793
    4.7077     4.3078  0.000757
    4.9075     4.3078  0.000733
    5.1075     4.3078  0.000762
    5.3074     4.3078  0.000779
    5.5073     4.3078  0.000802
    5.7071     4.3078  0.000792
    5.9071     4.3078  0.000684
    6.1070     4.3078  0.000490
    6.3068     4.3078  0.000173
    6.5068     4.3078  0.000048
    6.7067     4.3078  0.000016
    6.9065     4.3078  0.000007
    7.1065     4.3078  0.000008
    7.3064     4.3078  0.000019
    7.5062     4.3078  0.000039
    7.7062     4.3078  0.000041
    7.9061     4.3078  0.000017
    8.1060     4.3078  0.000011
    8.3059     4.3078  0.000000
    8.5057     4.3078  0.000000
    8.7057     4.3078  0.000000
    8.9056     4.3078  0.000000
    9.1054     4.3078  0.000000
    9.3054     4.3078  0.000000
    9.5052     4.3078  0.000000
    9.7051     4.3078  0.000000
    9.9051     4.3078  0.000000
   10.1049     4.3078  0.000000
   10.3049     4.3078  0.000000
   10.5048     4.3078  0.000000
   10.7046     4.3078  0.000001
   10.9046     4.3078  0.000000
   11.1045     4.3078  0.000000
   11.3043     4.3078  0.000000
   11.5043     4.3078  0.000000
   11.7042     4.3078  0.000000
   11.9040     4.3078  0.000000
   12.1040     4.3078  0.000000
   12.3039     4.3078  0.000000
   12.5037     4.3078  0.000000
   12.7037     4.3078  0.000000
   12.9036     4.3078  0.000000
   13.1034     4.3078  0.000000
   13.3034     4.3078  0.000001
   13.5033     4.3078  0.000000
   13.7031     4.3078  0.000000
   13.9031     4.3078  0.000000
   14.1030     4.3078  0.000000
   14.3028     4.3078  0.000000
   14.5028     4.3078  0.000000
   14.7027     4.3078  0.000000
   14.9025     4.3078  0.000000
   15.1025     4.3078  0.000000
   15.3024     4.3078  0.000000
   15.5022     4.3078  0.000000
   15.7022     4.3078  0.000000
   15.9021     4.3078  0.000000
   16.1019     4.3078  0.000000
   16.3018     4.3078  0.000000
   16.5017     4.3078  0.000000
   16.7016     4.3078  0.000000
   16.9015     4.3078  0.000000
   17.1014     4.3078  0.000000
   17.3013     4.3078  0.000000
   17.5012     4.3078  0.000000
   17.7011     4.3078  0.000000
   17.9010     4.3078  0.000000
   18.1009     4.3078  0.000000
   18.3008     4.3078  0.000000
   18.5007     4.3078  0.000000
   18.7006     4.3078  0.000000
   18.9005     4.3078  0.000000
   19.1004     4.3078  0.000000
   19.3003     4.3078  0.000000
   19.5002     4.3078  0.000000
   19.7001     4.3078  0.000000
   19.9000     4.3078  0.000000
    0.1099     4.5078  0.000000
    0.3099     4.5078  0.000000
    0.5098     4.5078  0.000000
    0.7096     4.5078  0.000001
    0.9096     4.5078  0.000001
    1.1094     4.5078  0.000000
    1.3093     4.5078  0.000000
    1.5092     4.5078  0.000000
    1.7091     4.5078  0.000001
    1.9090     4.5078  0.000000
    2.1090     4.5078  0.000004
    2.3089     4.5078  0.000213
    2.5087     4.5078  0.000288
    2.7087     4.5078  0.000301
    2.9086     4.5078  0.000310
    3.1085     4.5078  0.000343
    3.3084     4.5078  0.000357
    3.5082     4.5078  0.000423
    3.7082     4.5078  0.000549
    3.9081     4.5078  0.000746
    4.1080     4.5078  0.000952
    4.3078     4.5078  0.000933
    4.5078     4.5078  0.000895
    4.7077     4.5078  0.000842
    4.9075     4.5078  0.000831
    5.1075     4.5078  0.000833
    5.3074     4.5078  0.000861
    5.5073     4.5078  0.000905
    5.7071     4.5078  0.000883
    5.9071     4.5078  0.000795
    6.1070     4.5078  0.000572
    6.3068     4.5078  0.000235
    6.5068     4.5078  0.000072
    6.7067     4.5078  0.000014
    6.9065     4.5078  0.000003
    7.1065     4.5078  0.000004
    7.3064     4.5078  0.000020
    7.5062     4.5078  0.000041
    7.7062     4.5078  0.000045
    7.9061     4.5078  0.000018
    8.1060     4.5078  0.000010
    8.3059     4.5078  0.000000
    8.5057     4.5078  0.000000
    8.7057     4.5078  0.000000
    8.9056     4.5078  0.000000
    9.1054     4.5078  0.000000
    9.3054     4.5078  0.000000
    9.5052     4.5078  0.000000
    9.7051     4.5078  0.000000
    9.9051     4.5078  0.000000
   10.1049     4.5078  0.000000
   10.3049     4.5078  0.000000
   10.5048     4.5078  0.000000
   10.7046     4.5078  0.000000
   10.9046     4.5078  0.000000
   11.1045     4.5078  0.000000
   11.3043     4.5078  0.000000
   11.5043     4.5078  0.000000
   11.7042     4.5078  0.000000
   11.9040     4.5078  0.000000
   12.1040     4.5078  0.000000
   12.3039     4.5078  0.000000
   12.5037     4.5078  0.000000
   12.7037     4.5078  0.000000
   12.9036     4.5078  0.000000
   13.1034     4.5078  0.000000
   13.3034     4.5078  0.000000
   13.5033     4.5078  0.000000
   13.7031     4.5078  0.000000
   13.9031     4.5078  0.000000
   14.1030     4.5078  0.000000
   14.3028     4.5078  0.000000
   14.5028     4.5078  0.000000
   14.7027     4.5078  0.000000
   14.9025     4.5078  0.000000
   15.1025     4.5078  0.000000
   15.3024     4.5078  0.000000
   15.5022     4.5078  0.000000
   15.7022     4.5078  0.000000
   15.9021     4.5078  0.000000
   16.1019     4.5078  0.000000
   16.3018     4.5078  0.000000
   16.5017     4.5078  0.000000
   16.7016     4.5078  0.000000
   16.9015     4.5078  0.000000
   17.1014     4.5078  0.000000
   17.3013     4.5078  0.000000
   17.5012     4.5078  0.000000
   17.7011     4.5078  0.000000
   17.9010     4.5078  0.000000
   18.1009     4.5078  0.000000
   18.3008     4.5078  0.000000
   18.5007     4.5078  0.000000
   18.7006     4.5078  0.000000
   18.9005     4.5078  0.000000
   19.1004     4.5078  0.000000
   19.3003     4.5078  0.000000
   19.5002     4.5078  0.000000
   19.7001     4.5078  0.000000
   19.9000     4.5078  0.000000
    0.1099     4.7077  0.000000
    0.3099     4.7077  0.000000
    0.5098     4.7077  0.000000
    0.7096     4.7077  0.000000
    0.9096     4.7077  0.000000
    1.1094     4.7077  0.000000
    1.3093     4.7077  0.000000
    1.5092     4.7077  0.000000
    1.7091     4.7077  0.000000
    1.9090     4.7077  0.000000
    2.1090     4.7077  0.000001
    2.3089     4.7077  0.000143
    2.5087     4.7077  0.000211
    2.7087     4.7077  0.000237
    2.9086     4.7077  0.000250
    3.1085     4.7077  0.000267
    3.3084     4.7077  0.000297
    3.5082     4.7077  0.000348
    3.7082     4.7077  0.000470
    3.9081     4.7077  0.000691
    4.1080     4.7077  0.000955
    4.3078     4.7077  0.000989
    4.5078     4.7077  0.000943
    4.7077     4.7077  0.000933
    4.9075     4.7077  0.000909
    5.1075     4.7077  0.000913
    5.3074     4.7077  0.000944
    5.5073     4.7077  0.000952
    5.7071     4.7077  0.000948
    5.9071     4.7077  0.000865
    6.1070     4.7077  0.000660
    6.3068     4.7077  0.000300
    6.5068     4.7077  0.000106
    6.7067     4.7077  0.000025
    6.9065     4.7077  0.000004
    7.1065     4.7077  0.000005
    7.3064     4.7077  0.000022
    7.5062     4.7077  0.000047
    7.7062     4.7077  0.000059
    7.9061     4.7077  0.000019
    8.1060     4.7077  0.000002
    8.3059     4.7077  0.000000
    8.5057     4.7077  0.000000
    8.7057     4.7077  0.000000
    8.9056     4.7077  0.000000
    9.1054     4.7077  0.000000
    9.3054     4.7077  0.000000
    9.5052     4.7077  0.000000
    9.7051     4.7077  0.000000
    9.9051     4.7077  0.000000
   10.1049     4.7077  0.000000
   10.3049     4.7077  0.000000
   10.5048     4.7077  0.000000
   10.7046     4.7077  0.000000
   10.9046     4.7077  0.000000
   11.1045     4.7077  0.000000
   11.3043     4.7077  0.000000
   11.5043     4.7077  0.000000
   11.7042     4.7077  0.000000
   11.9040     4.7077  0.000000
   12.1040     4.7077  0.000000
   12.3039     4.7077  0.000000
   12.5037     4.7077  0.000000
   12.7037     4.7077  0.000000
   12.9036     4.7077  0.000000
   13.1034     4.7077  0.000000
   13.3034     4.7077  0.000000
   13.5033     4.7077  0.000000
   13.7031     4.7077  0.000000
   13.9031     4.7077  0.000000
   14.1030     4.7077  0.000000
   14.3028     4.7077  0.000000
   14.5028     4.7077  0.000000
   14.7027     4.7077  0.000000
   14.9025     4.7077  0.000000
   15.1025     4.7077  0.000000
   15.3024     4.7077  0.000000
   15.5022     4.7077  0.000000
   15.7022     4.7077  0.000000
   15.9021     4.7077  0.000000
   16.1019     4.7077  0.000000
   16.3018     4.7077  0.000000
   16.5017     4.7077  0.000000
   16.7016     4.7077  0.000000
   16.9015     4.7077  0.000000
   17.1014     4.7077  0.000000
   17.3013     4.7077  0.000000
   17.5012     4.7077  0.000000
   17.7011     4.7077  0.000000
   17.9010     4.7077  0.000000
   18.1009     4.7077  0.000000
   18.3008     4.7077  0.000001
   18.5007     4.7077  0.000000
   18.7006     4.7077  0.000000
   18.9005     4.7077  0.000000
   19.1004     4.7077  0.000000
   19.3003     4.7077  0.000000
   19.5002     4.7077  0.000000
   19.7001     4.7077  0.000000
   19.9000     4.7077  0.000000
    0.1099     4.9075  0.000000
    0.3099     4.9075  0.000000
    0.5098     4.9075  0.000000
    0.7096     4.9075  0.000000
    0.9096     4.9075  0.000000
    1.1094     4.9075  0.000000
    1.3093     4.9075  0.000000
    1.5092     4.9075  0.000000
    1.7091     4.9075  0.000000
    1.9090     4.9075  0.000000
    2.1090     4.9075  0.000001
    2.3089     4.9075  0.000096
    2.5087     4.9075  0.000145
    2.7087     4.9075  0.000175
    2.9086     4.9075  0.000186
    3.1085     4.9075  0.000204
    3.3084     4.9075  0.000234
    3.5082     4.9075  0.000279
    3.7082     4.9075  0.000395
    3.9081     4.9075  0.000647
    4.1080     4.9075  0.000906
    4.3078     4.9075  0.001015
    4.5078     4.9075  0.000988
    4.7077     4.9075  0.000976
    4.9075     4.9075  0.000950
    5.1075     4.9075  0.000971
    5.3074     4.9075  0.000985
    5.5073     4.9075  0.001010
    5.7071     4.9075  0.001011
    5.9071     4.9075  0.000971
    6.1070     4.9075  0.000748
    6.3068     4.9075  0.000386
    6.5068     4.9075  0.000155
    6.7067     4.9075  0.000052
    6.9065     4.9075  0.000023
    7.1065     4.9075  0.000011
    7.3064     4.9075  0.000034
    7.5062     4.9075  0.000072
    7.7062     4.9075  0.000065
    7.9061     4.9075  0.000031
    8.1060     4.9075  0.000001
    8.3059     4.9075  0.000000
    8.5057     4.9075  0.000000
    8.7057     4.9075  0.000000
    8.9056     4.9075  0.000000
    9.1054     4.9075  0.000000
    9.3054     4.9075  0.000000
    9.5052     4.9075  0.000000
    9.7051     4.9075  0.000001
    9.9051     4.9075  0.000000
   10.1049     4.9075  0.000000
   10.3049     4.9075  0.000000
   10.5048     4.9075  0.000000
   10.7046     4.9075  0.000000
   10.9046     4.9075  0.000000
   11.1045     4.9075  0.000000
   11.3043     4.9075  0.000000
   11.5043     4.9075  0.000000
   11.7042     4.9075  0.000000
   11.9040     4.9075  0.000000
   12.1040     4.9075  0.000000
   12.3039     4.9075  0.000000
   12.5037     4.9075  0.000000
   12.7037     4.9075  0.000000
   12.9036     4.9075  0.000000
   13.1034     4.9075  0.000000
   13.3034     4.9075  0.000000
   13.5033     4.9075  0.000000
   13.7031     4.9075  0.000000
   13.9031     4.9075  0.000000
   14.1030     4.9075  0.000000
   14.3028     4.9075  0.000000
   14.5028     4.9075  0.000000
   14.7027     4.9075  0.000000
   14.9025     4.9075  0.000000
   15.1025     4.9075  0.000000
   15.3024     4.9075  0.000000
   15.5022     4.9075  0.000000
   15.7022     4.9075  0.000000
   15.9021     4.9075  0.000000
   16.1019     4.9075  0.000000
   16.3018     4.9075  0.000000
   16.5017     4.9075  0.000000
   16.7016     4.9075  0.000000
   16.9015     4.9075  0.000000
   17.1014     4.9075  0.000000
   17.3013     4.9075  0.000000
   17.5012     4.9075  0.000000
   17.7011     4.9075  0.000000
   17.9010     4.9075  0.000000
   18.1009     4.9075  0.000000
   18.3008     4.9075  0.000000
   18.5007     4.9075  0.000000
   18.7006     4.9075  0.000000
   18.9005     4.9075  0.000000
   19.1004     4.9075  0.000000
   19.3003     4.9075  0.000000
   19.5002     4.9075  0.000000
   19.7001     4.9075  0.000000
   19.9000     4.9075  0.000000
    0.1099     5.1075  0.000000
    0.3099     5.1075  0.000000
    0.5098     5.1075  0.000001
    0.7096     5.1075  0.000000
    0.9096     5.1075  0.000000
    1.1094     5.1075  0.000000
    1.3093     5.1075  0.000000
    1.5092     5.1075  0.000000
    1.7091     5.1075  0.000000
    1.9090     5.1075  0.000000
    2.1090     5.1075  0.000000
    2.3089     5.1075  0.000046
    2.5087     5.1075  0.000106
    2.7087     5.1075  0.000116
    2.9086     5.1075  0.000129
    3.1085     5.1075  0.000154
    3.3084     5.1075  0.000177
    3.5082     5.1075  0.000217
    3.7082     5.1075  0.000320
    3.9081     5.1075  0.000587
    4.1080     5.1075  0.000857
    4.3078     5.1075  0.001029
    4.5078     5.1075  0.001013
    4.7077     5.1075  0.001002
    4.9075     5.1075  0.000994
    5.1075     5.1075  0.000998
    5.3074     5.1075  0.000984
    5.5073     5.1075  0.001022
    5.7071     5.1075  0.001033
    5.9071     5.1075  0.001015
    6.1070     5.1075  0.000813
    6.3068     5.1075  0.000474
    6.5068     5.1075  0.000218
    6.7067     5.1075  0.000098
    6.9065     5.1075  0.000055
    7.1065     5.1075  0.000040
    7.3064     5.1075  0.000057
    7.5062     5.1075  0.000100
    7.7062     5.1075  0.000102
    7.9061     5.1075  0.000053
    8.1060     5.1075  0.000002
    8.3059     5.1075  0.000000
    8.5057     5.1075  0.000000
    8.7057     5.1075  0.000000
    8.9056     5.1075  0.000000
    9.1054     5.1075  0.000000
    9.3054     5.1075  0.000000
    9.5052     5.1075  0.000000
    9.7051     5.1075  0.000000
    9.9051     5.1075  0.000000
   10.1049     5.1075  0.000000
   10.3049     5.1075  0.000000
   10.5048     5.1075  0.000000
   10.7046     5.1075  0.000000
   10.9046     5.1075  0.000000
   11.1045     5.1075  0.000000
   11.3043     5.1075  0.000000
   11.5043     5.1075  0.000000
   11.7042     5.1075  0.000000
   11.9040     5.1075  0.000000
   12.1040     5.1075  0.000000
   12.3039     5.1075  0.000000
   12.5037     5.1075  0.000000
   12.7037     5.1075  0.000000
   12.9036     5.1075  0.000000
   13.1034     5.1075  0.000000
   13.3034     5.1075  0.000000
   13.5033     5.1075  0.000000
   13.7031     5.1075  0.000000
   13.9031     5.1075  0.000000
   14.1030     5.1075  0.000000
   14.3028     5.1075  0.000000
   14.5028     5.1075  0.000000
   14.7027     5.1075  0.000000
   14.9025     5.1075  0.000000
   15.1025     5.1075  0.000000
   15.3024     5.1075  0.000000
   15.5022     5.1075  0.000000
   15.7022     5.1075  0.000000
   15.9021     5.1075  0.000000
   16.1019     5.1075  0.000000
   16.3018     5.1075  0.000000
   16.5017     5.1075  0.000000
   16.7016     5.1075  0.000000
   16.9015     5.1075  0.000000
   17.1014     5.1075  0.000000
   17.3013     5.1075  0.000000
   17.5012     5.1075  0.000000
   17.7011     5.1075  0.000000
   17.9010     5.1075  0.000000
   18.1009     5.1075  0.000000
   18.3008     5.1075  0.000000
   18.5007     5.1075  0.000000
   18.7006     5.1075  0.000000
   18.9005     5.1075  0.000000
   19.1004     5.1075  0.000000
   19.3003     5.1075  0.000000
   19.5002     5.1075  0.000000
   19.7001     5.1075  0.000000
   19.9000     5.1075  0.000000
    0.1099     5.3074  0.000000
    0.3099     5.3074  0.000000
    0.5098     5.3074  0.000000
    0.7096     5.3074  0.000000
    0.9096     5.3074  0.000000
    1.1094     5.3074  0.000000
    1.3093     5.3074  0.000000
    1.5092     5.3074  0.000000
    1.7091     5.3074  0.000001
    1.9090     5.3074  0.000000
    2.1090     5.3074  0.000001
    2.3089     5.3074  0.000025
    2.5087     5.3074  0.000067
    2.7087     5.3074  0.000077
    2.9086     5.3074  0.000093
    3.1085     5.3074  0.000102
    3.3084     5.3074  0.000130
    3.5082     5.3074  0.000159
    3.7082     5.3074  0.000265
    3.9081     5.3074  0.000494
    4.1080     5.3074  0.000819
    4.3078     5.3074  0.000959
    4.5078     5.3074  0.000989
    4.7077     5.3074  0.000995
    4.9075     5.3074  0.000998
    5.1075     5.3074  0.000994
    5.3074     5.3074  0.000995
    5.5073     5.3074  0.001011
    5.7071     5.3074  0.001022
    5.9071     5.3074  0.001023
    6.1070     5.3074  0.000889
    6.3068     5.3074  0.000544
    6.5068     5.3074  0.000290
    6.7067     5.3074  0.000158
    6.9065     5.3074  0.000102
    7.1065     5.3074  0.000082
    7.3064     5.3074  0.000095
    7.5062     5.3074  0.000131
    7.7062     5.3074  0.000147
    7.9061     5.3074  0.000100
    8.1060     5.3074  0.000023
    8.3059     5.3074  0.000000
    8.5057     5.3074  0.000000
    8.7057     5.3074  0.000000
    8.9056     5.3074  0.000000
    9.1054     5.3074  0.000000
    9.3054     5.3074  0.000000
    9.5052     5.3074  0.000000
    9.7051     5.3074  0.000000
    9.9051     5.3074  0.000000
   10.1049     5.3074  0.000000
   10.3049     5.3074  0.000000
   10.5048     5.3074  0.000001
   10.7046     5.3074  0.000000
   10.9046     5.3074  0.000000
   11.1045     5.3074  0.000000
   11.3043     5.3074  0.000000
   11.5043     5.3074  0.000000
   11.7042     5.3074  0.000000
   11.9040     5.3074  0.000000
   12.1040     5.3074  0.000000
   12.3039     5.3074  0.000000
   12.5037     5.3074  0.000000
   12.7037     5.3074  0.000000
   12.9036     5.3074  0.000000
   13.1034     5.3074  0.000000
   13.3034     5.3074  0.000000
   13.5033     5.3074  0.000000
   13.7031     5.3074  0.000000
   13.9031     5.3074  0.000000
   14.1030     5.3074  0.000000
   14.3028     5.3074  0.000000
   14.5028     5.3074  0.000000
   14.7027     5.3074  0.000000
   14.9025     5.3074  0.000000
   15.1025     5.3074  0.000000
   15.3024     5.3074  0.000000
   15.5022     5.3074  0.000000
   15.7022     5.3074  0.000000
   15.9021     5.3074  0.000000
   16.1019     5.3074  0.000000
   16.3018     5.3074  0.000000
   16.5017     5.3074  0.000000
   16.7016     5.3074  0.000000
   16.9015     5.3074  0.000000
   17.1014     5.3074  0.000000
   17.3013     5.3074  0.000000
   17.5012     5.3074  0.000000
   17.7011     5.3074  0.000000
   17.9010     5.3074  0.000000
   18.1009     5.3074  0.000000
   18.3008     5.3074  0.000000
   18.5007     5.3074  0.000000
   18.7006     5.3074  0.000000
   18.9005     5.3074  0.000000
   19.1004     5.3074  0.000000
   19.3003     5.3074  0.000000
   19.5002     5.3074  0.000000
   19.7001     5.3074  0.000000
   19.9000     5.3074  0.000000
    0.1099     5.5073  0.000000
    0.3099     5.5073  0.000000
    0.5098     5.5073  0.000000
    0.7096     5.5073  0.000000
    0.9096     5.5073  0.000000
    1.1094     5.5073  0.000000
    1.3093     5.5073  0.000001
    1.5092     5.5073  0.000000
    1.7091     5.5073  0.000000
    1.9090     5.5073  0.000000
    2.1090     5.5073  0.000000
    2.3089     5.5073  0.000022
    2.5087     5.5073  0.000043
    2.7087     5.5073  0.000057
    2.9086     5.5073  0.000060
    3.1085     5.5073  0.000067
    3.3084     5.5073  0.000089
    3.5082     5.5073  0.000112
    3.7082     5.5073  0.000194
    3.9081     5.5073  0.000414
    4.1080     5.5073  0.000728
    4.3078     5.5073  0.000922
    4.5078     5.5073  0.000960
    4.7077     5.5073  0.000970
    4.9075     5.5073  0.000962
    5.1075     5.5073  0.000973
    5.3074     5.5073  0.000951
    5.5073     5.5073  0.000971
    5.7071     5.5073  0.001004
    5.9071     5.5073  0.001015
    6.1070     5.5073  0.000923
    6.3068     5.5073  0.000622
    6.5068     5.5073  0.000370
    6.7067     5.5073  0.000226
    6.9065     5.5073  0.000166
    7.1065     5.5073  0.000143
    7.3064     5.5073  0.000142
    7.5062     5.5073  0.000170
    7.7062     5.5073  0.000201
    7.9061     5.5073  0.000143
    8.1060     5.5073  0.000057
    8.3059     5.5073  0.000001
    8.5057     5.5073  0.000000
    8.7057     5.5073  0.000000
    8.9056     5.5073  0.000000
    9.1054     5.5073  0.000000
    9.3054     5.5073  0.000000
    9.5052     5.5073  0.000000
    9.7051     5.5073  0.000000
    9.9051     5.5073  0.000000
   10.1049     5.5073  0.000000
   10.3049     5.5073  0.000000
   10.5048     5.5073  0.000000
   10.7046     5.5073  0.000000
   10.9046     5.5073  0.000000
   11.1045     5.5073  0.000000
   11.3043     5.5073  0.000000
   11.5043     5.5073  0.000000
   11.7042     5.5073  0.000000
   11.9040     5.5073  0.000000
   12.1040     5.5073  0.000000
   12.3039     5.5073  0.000000
   12.5037     5.5073  0.000000
   12.7037     5.5073  0.000000
   12.9036     5.5073  0.000000
   13.1034     5.5073  0.000000
   13.3034     5.5073  0.000000
   13.5033     5.5073  0.000000
   13.7031     5.5073  0.000000
   13.9031     5.5073  0.000000
   14.1030     5.5073  0.000000
   14.3028     5.5073  0.000000
   14.5028     5.5073  0.000000
   14.7027     5.5073  0.000000
   14.9025     5.5073  0.000000
   15.1025     5.5073  0.000000
   15.3024     5.5073  0.000000
   15.5022     5.5073  0.000000
   15.7022     5.5073  0.000000
   15.9021     5.5073  0.000000
   16.1019     5.5073  0.000000
   16.3018     5.5073  0.000000
   16.5017     5.5073  0.000000
   16.7016     5.5073  0.000000
   16.9015     5.5073  0.000000
   17.1014     5.5073  0.000000
   17.3013     5.5073  0.000000
   17.5012     5.5073  0.000000
   17.7011     5.5073  0.000000
   17.9010     5.5073  0.000000
   18.1009     5.5073  0.000000
   18.3008     5.5073  0.000000
   18.5007     5.5073  0.000000
   18.7006     5.5073  0.000000
   18.9005     5.5073  0.000000
   19.1004     5.5073  0.000000
   19.3003     5.5073  0.000000
   19.5002     5.5073  0.000000
   19.7001     5.5073  0.000000
   19.9000     5.5073  0.000000
    0.1099     5.7071  0.000000
    0.3099     5.7071  0.000000
    0.5098     5.7071  0.000000
    0.7096     5.7071  0.000000
    0.9096     5.7071  0.000000
    1.1094     5.7071  0.000000
    1.3093     5.7071  0.000000
    1.5092     5.7071  0.000000
    1.7091     5.7071  0.000000
    1.9090     5.7071  0.000000
    2.1090     5.7071  0.000000
    2.3089     5.7071  0.000018
    2.5087     5.7071  0.000024
    2.7087     5.7071  0.000034
    2.9086     5.7071  0.000039
    3.1085     5.7071  0.000047
    3.3084     5.7071  0.000055
    3.5082     5.7071  0.000078
    3.7082     5.7071  0.000136
    3.9081     5.7071  0.000335
    4.1080     5.7071  0.000652
    4.3078     5.7071  0.000841
    4.5078     5.7071  0.000898
    4.7077     5.7071  0.000925
    4.9075     5.7071  0.000921
    5.1075     5.7071  0.000915
    5.3074     5.7071  0.000910
    5.5073     5.7071  0.000908
    5.7071     5.7071  0.000939
    5.9071     5.7071  0.000967
    6.1070     5.7071  0.000930
    6.3068     5.7071  0.000671
    6.5068     5.7071  0.000448
    6.7067     5.7071  0.000312
    6.9065     5.7071  0.000243
    7.1065     5.7071  0.000213
    7.3064     5.7071  0.000202
    7.5062     5.7071  0.000230
    7.7062     5.7071  0.000265
    7.9061     5.7071  0.000220
    8.1060     5.7071  0.000107
    8.3059     5.7071  0.000000
    8.5057     5.7071  0.000000
    8.7057     5.7071  0.000000
    8.9056     5.7071  0.000000
    9.1054     5.7071  0.000000
    9.3054     5.7071  0.000000
    9.5052     5.7071  0.000000
    9.7051     5.7071  0.000000
    9.9051     5.7071  0.000000
   10.1049     5.7071  0.000000
   10.3049     5.7071  0.000000
   10.5048     5.7071  0.000000
   10.7046     5.7071  0.000000
   10.9046     5.7071  0.000000
   11.1045     5.7071  0.000000
   11.3043     5.7071  0.000000
   11.5043     5.7071  0.000000
   11.7042     5.7071  0.000000
   11.9040     5.7071  0.000000
   12.1040     5.7071  0.000000
   12.3039     5.7071  0.000000
   12.5037     5.7071  0.000000
   12.7037     5.7071  0.000000
   12.9036     5.7071  0.000000
   13.1034     5.7071  0.000000
   13.3034     5.7071  0.000000
   13.5033     5.7071  0.000000
   13.7031     5.7071  0.000000
   13.9031     5.7071  0.000000
   14.1030     5.7071  0.000000
   14.3028     5.7071  0.000000
   14.5028     5.7071  0.000000
   14.7027     5.7071  0.000000
   14.9025     5.7071  0.000000
   15.1025     5.7071  0.000000
   15.3024     5.7071  0.000000
   15.5022     5.7071  0.000000
   15.7022     5.7071  0.000000
   15.9021     5.7071  0.000000
   16.1019     5.7071  0.000000
   16.3018     5.7071  0.000000
   16.5017     5.7071  0.000000
   16.7016     5.7071  0.000000
   16.9015     5.7071  0.000000
   17.1014     5.7071  0.000000
   17.3013     5.7071  0.000000
   17.5012     5.7071  0.000000
   17.7011     5.7071  0.000000
   17.9010     5.7071  0.000000
   18.1009     5.7071  0.000000
   18.3008     5.7071  0.000000
   18.5007     5.7071  0.000000
   18.7006     5.7071  0.000000
   18.9005     5.7071  0.000000
   19.1004     5.7071  0.000000
   19.3003     5.7071  0.000000
   19.5002     5.7071  0.000000
   19.7001     5.7071  0.000000
   19.9000     5.7071  0.000000
    0.1099     5.9071  0.000001
    0.3099     5.9071  0.000000
    0.5098     5.9071  0.000000
    0.7096     5.9071  0.000000
    0.9096     5.9071  0.000000
    1.1094     5.9071  0.000000
    1.3093     5.9071  0.000000
    1.5092     5.9071  0.000000
    1.7091     5.9071  0.000000
    1.9090     5.9071  0.000000
    2.1090     5.9071  0.000000
    2.3089     5.9071  0.000018
    2.5087     5.9071  0.000022
    2.7087     5.9071  0.000025
    2.9086     5.9071  0.000031
    3.1085     5.9071  0.000032
    3.3084     5.9071  0.000043
    3.5082     5.9071  0.000061
    3.7082     5.9071  0.000100
    3.9081     5.9071  0.000268
    4.1080     5.9071  0.000551
    4.3078     5.9071  0.000746
    4.5078     5.9071  0.000832
    4.7077     5.9071  0.000854
    4.9075     5.9071  0.000867
    5.1075     5.9071  0.000842
    5.3074     5.9071  0.000837
    5.5073     5.9071  0.000830
    5.7071     5.9071  0.000875
    5.9071     5.9071  0.000928
    6.1070     5.9071  0.000916
    6.3068     5.9071  0.000732
    6.5068     5.9071  0.000532
    6.7067     5.9071  0.000397
    6.9065     5.9071  0.000328
    7.1065     5.9071  0.000292
    7.3064     5.9071  0.000265
    7.5062     5.9071  0.000285
    7.7062     5.9071  0.000319
    7.9061     5.9071  0.000283
    8.1060     5.9071  0.000156
    8.3059     5.9071  0.000002
    8.5057     5.9071  0.000000
    8.7057     5.9071  0.000001
    8.9056     5.9071  0.000000
    9.1054     5.9071  0.000000
    9.3054     5.9071  0.000000
    9.5052     5.9071  0.000001
    9.7051     5.9071  0.000001
    9.9051     5.9071  0.000000
   10.1049     5.9071  0.000000
   10.3049     5.9071  0.000000
   10.5048     5.9071  0.000000
   10.7046     5.9071  0.000000
   10.9046     5.9071  0.000000
   11.1045     5.9071  0.000000
   11.3043     5.9071  0.000000
   11.5043     5.9071  0.000000
   11.7042     5.9071  0.000000
   11.9040     5.9071  0.000000
   12.1040     5.9071  0.000000
   12.3039     5.9071  0.000000
   12.5037     5.9071  0.000000
   12.7037     5.9071  0.000000
   12.9036     5.9071  0.000000
   13.1034     5.9071  0.000000
   13.3034     5.9071  0.000000
   13.5033     5.9071  0.000000
   13.7031     5.9071  0.000000
   13.9031     5.9071  0.000000
   14.1030     5.9071  0.000000
   14.3028     5.9071  0.000000
   14.5028     5.9071  0.000001
   14.7027     5.9071  0.000000
   14.9025     5.9071  0.000000
   15.1025     5.9071  0.000000
   15.3024     5.9071  0.000000
   15.5022     5.9071  0.000000
   15.7022     5.9071  0.000000
   15.9021     5.9071  0.000000
   16.1019     5.9071  0.000000
   16.3018     5.9071  0.000000
   16.5017     5.9071  0.000000
   16.7016     5.9071  0.000000
   16.9015     5.9071  0.000000
   17.1014     5.9071  0.000000
   17.3013     5.9071  0.000000
   17.5012     5.9071  0.000000
   17.7011     5.9071  0.000000
   17.9010     5.9071  0.000000
   18.1009     5.9071  0.000000
   18.3008     5.9071  0.000000
   18.5007     5.9071  0.000000
   18.7006     5.9071  0.000000
   18.9005     5.9071  0.000000
   19.1004     5.9071  0.000000
   19.3003     5.9071  0.000000
   19.5002     5.9071  0.000000
   19.7001     5.9071  0.000000
   19.9000     5.9071  0.000000
    0.1099     6.1070  0.000000
    0.3099     6.1070  0.000000
    0.5098     6.1070  0.000000
    0.7096     6.1070  0.000000
    0.9096     6.1070  0.000000
    1.1094     6.1070  0.000000
    1.3093     6.1070  0.000000
    1.5092     6.1070  0.000000
    1.7091     6.1070  0.000000
    1.9090     6.1070  0.000000
    2.1090     6.1070  0.000000
    2.3089     6.1070  0.000025
    2.5087     6.1070  0.000023
    2.7087     6.1070  0.000021
    2.9086     6.1070  0.000026
    3.1085     6.1070  0.000022
    3.3084     6.1070  0.000028
    3.5082     6.1070  0.000041
    3.7082     6.1070  0.000067
    3.9081     6.1070  0.000193
    4.1080     6.1070  0.000456
    4.3078     6.1070  0.000639
    4.5078     6.1070  0.000751
    4.7077     6.1070  0.000773
    4.9075     6.1070  0.000773
    5.1075     6.1070  0.000766
    5.3074     6.1070  0.000744
    5.5073     6.1070  0.000732
    5.7071     6.1070  0.000778
    5.9071     6.1070  0.000827
    6.1070     6.1070  0.000888
    6.3068     6.1070  0.000754
    6.5068     6.1070  0.000607
    6.7067     6.1070  0.000484
    6.9065     6.1070  0.000425
    7.1065     6.1070  0.000382
    7.3064     6.1070  0.000339
    7.5062     6.1070  0.000353
    7.7062     6.1070  0.000392
    7.9061     6.1070  0.000367
    8.1060     6.1070  0.000238
    8.3059     6.1070  0.000016
    8.5057     6.1070  0.000001
    8.7057     6.1070  0.000002
    8.9056     6.1070  0.000001
    9.1054     6.1070  0.000002
    9.3054     6.1070  0.000001
    9.5052     6.1070  0.000001
    9.7051     6.1070  0.000002
    9.9051     6.1070  0.000001
   10.1049     6.1070  0.000000
   10.3049     6.1070  0.000000
   10.5048     6.1070  0.000000
   10.7046     6.1070  0.000000
   10.9046     6.1070  0.000000
   11.1045     6.1070  0.000000
   11.3043     6.1070  0.000000
   11.5043     6.1070  0.000000
   11.7042     6.1070  0.000001
   11.9040     6.1070  0.000000
   12.1040     6.1070  0.000000
   12.3039     6.1070  0.000000
   12.5037     6.1070  0.000000
   12.7037     6.1070  0.000000
   12.9036     6.1070  0.000000
   13.1034     6.1070  0.000000
   13.3034     6.1070  0.000000
   13.5033     6.1070  0.000000
   13.7031     6.1070  0.000000
   13.9031     6.1070  0.000000
   14.1030     6.1070  0.000000
   14.3028     6.1070  0.000000
   14.5028     6.1070  0.000000
   14.7027     6.1070  0.000000
   14.9025     6.1070  0.000000
   15.1025     6.1070  0.000000
   15.3024     6.1070  0.000000
   15.5022     6.1070  0.000000
   15.7022     6.1070  0.000000
   15.9021     6.1070  0.000000
   16.1019     6.1070  0.000000
   16.3018     6.1070  0.000000
   16.5017     6.1070  0.000000
   16.7016     6.1070  0.000000
   16.9015     6.1070  0.000000
   17.1014     6.1070  0.000000
   17.3013     6.1070  0.000000
   17.5012     6.1070  0.000000
   17.7011     6.1070  0.000000
   17.9010     6.1070  0.000000
   18.1009     6.1070  0.000000
   18.3008     6.1070  0.000000
   18.5007     6.1070  0.000001
   18.7006     6.1070  0.000000
   18.9005     6.1070  0.000001
   19.1004     6.1070  0.000000
   19.3003     6.1070  0.000000
   19.5002     6.1070  0.000000
   19.7001     6.1070  0.000000
   19.9000     6.1070  0.000000
    0.1099     6.3068  0.000000
    0.3099     6.3068  0.000000
    0.5098     6.3068  0.000000
    0.7096     6.3068  0.000000
    0.9096     6.3068  0.000000
    1.1094     6.3068  0.000001
    1.3093     6.3068  0.000000
    1.5092     6.3068  0.000000
    1.7091     6.3068  0.000000
    1.9090     6.3068  0.000000
    2.1090     6.3068  0.000000
    2.3089     6.3068  0.000000
    2.5087     6.3068  0.000000
    2.7087     6.3068  0.000000
    2.9086     6.3068  0.000000
    3.1085     6.3068  0.000000
    3.3084     6.3068  0.000000
    3.5082     6.3068  0.000000
    3.7082     6.3068  0.000000
    3.9081     6.3068  0.000001
    4.1080     6.3068  0.000281
    4.3078     6.3068  0.000467
    4.5078     6.3068  0.000569
    4.7077     6.3068  0.000592
    4.9075     6.3068  0.000606
    5.1075     6.3068  0.000577
    5.3074     6.3068  0.000555
    5.5073     6.3068  0.000550
    5.7071     6.3068  0.000580
    5.9071     6.3068  0.000663
    6.1070     6.3068  0.000748
    6.3068     6.3068  0.000766
    6.5068     6.3068  0.000644
    6.7067     6.3068  0.000558
    6.9065     6.3068  0.000500
    7.1065     6.3068  0.000458
    7.3064     6.3068  0.000409
    7.5062     6.3068  0.000393
    7.7062     6.3068  0.000437
    7.9061     6.3068  0.000416
    8.1060     6.3068  0.000313
    8.3059     6.3068  0.000158
    8.5057     6.3068  0.000108
    8.7057     6.3068  0.000093
    8.9056     6.3068  0.000094
    9.1054     6.3068  0.000090
    9.3054     6.3068  0.000103
    9.5052     6.3068  0.000104
    9.7051     6.3068  0.000094
    9.9051     6.3068  0.000053
   10.1049     6.3068  0.000012
   10.3049     6.3068  0.000000
   10.5048     6.3068  0.000000
   10.7046     6.3068  0.000000
   10.9046     6.3068  0.000000
   11.1045     6.3068  0.000000
   11.3043     6.3068  0.000000
   11.5043     6.3068  0.000000
   11.7042     6.3068  0.000000
   11.9040     6.3068  0.000000
   12.1040     6.3068  0.000000
   12.3039     6.3068  0.000000
   12.5037     6.3068  0.000000
   12.7037     6.3068  0.000000
   12.9036     6.3068  0.000000
   13.1034     6.3068  0.000000
   13.3034     6.3068  0.000001
   13.5033     6.3068  0.000000
   13.7031     6.3068  0.000000
   13.9031     6.3068  0.000000
   14.1030     6.3068  0.000001
   14.3028     6.3068  0.000000
   14.5028     6.3068  0.000000
   14.7027     6.3068  0.000001
   14.9025     6.3068  0.000000
   15.1025     6.3068  0.000000
   15.3024     6.3068  0.000000
   15.5022     6.3068  0.000000
   15.7022     6.3068  0.000000
   15.9021     6.3068  0.000001
   16.1019     6.3068  0.000000
   16.3018     6.3068  0.000000
   16.5017     6.3068  0.000000
   16.7016     6.3068  0.000000
   16.9015     6.3068  0.000000
   17.1014     6.3068  0.000000
   17.3013     6.3068  0.000000
   17.5012     6.3068  0.000000
   17.7011     6.3068  0.000000
   17.9010     6.3068  0.000000
   18.1009     6.3068  0.000000
   18.3008     6.3068  0.000000
   18.5007     6.3068  0.000000
   18.7006     6.3068  0.000000
   18.9005     6.3068  0.000000
   19.1004     6.3068  0.000000
   19.3003     6.3068  0.000000
   19.5002     6.3068  0.000000
   19.7001     6.3068  0.000000
   19.9000     6.3068  0.000001
    0.1099     6.5068  0.000000
    0.3099     6.5068  0.000000
    0.5098     6.5068  0.000000
    0.7096     6.5068  0.000000
    0.9096     6.5068  0.000000
    1.1094     6.5068  0.000000
    1.3093     6.5068  0.000000
    1.5092     6.5068  0.000000
    1.7091     6.5068  0.000000
    1.9090     6.5068  0.000000
    2.1090     6.5068  0.000000
    2.3089     6.5068  0.000000
    2.5087     6.5068  0.000000
    2.7087     6.5068  0.000000
    2.9086     6.5068  0.000000
    3.1085     6.5068  0.000000
    3.3084     6.5068  0.000000
    3.5082     6.5068  0.000000
    3.7082     6.5068  0.000000
    3.9081     6.5068  0.000000
    4.1080     6.5068  0.000198
    4.3078     6.5068  0.000362
    4.5078     6.5068  0.000466
    4.7077     6.5068  0.000487
    4.9075     6.5068  0.000495
    5.1075     6.5068  0.000480
    5.3074     6.5068  0.000462
    5.5073     6.5068  0.000445
    5.7071     6.5068  0.000465
    5.9071     6.5068  0.000568
    6.1070     6.5068  0.000696
    6.3068     6.5068  0.000749
    6.5068     6.5068  0.000702
    6.7067     6.5068  0.000629
    6.9065     6.5068  0.000581
    7.1065     6.5068  0.000539
    7.3064     6.5068  0.000476
    7.5062     6.5068  0.000438
    7.7062     6.5068  0.000483
    7.9061     6.5068  0.000512
    8.1060     6.5068  0.000381
    8.3059     6.5068  0.000225
    8.5057     6.5068  0.000146
    8.7057     6.5068  0.000150
    8.9056     6.5068  0.000130
    9.1054     6.5068  0.000143
    9.3054     6.5068  0.000146
    9.5052     6.5068  0.000161
    9.7051     6.5068  0.000146
    9.9051     6.5068  0.000096
   10.1049     6.5068  0.000032
   10.3049     6.5068  0.000000
   10.5048     6.5068  0.000000
   10.7046     6.5068  0.000000
   10.9046     6.5068  0.000000
   11.1045     6.5068  0.000000
   11.3043     6.5068  0.000000
   11.5043     6.5068  0.000000
   11.7042     6.5068  0.000000
   11.9040     6.5068  0.000000
   12.1040     6.5068  0.000000
   12.3039     6.5068  0.000000
   12.5037     6.5068  0.000001
   12.7037     6.5068  0.000001
   12.9036     6.5068  0.000000
   13.1034     6.5068  0.000000
   13.3034     6.5068  0.000000
   13.5033     6.5068  0.000000
   13.7031     6.5068  0.000000
   13.9031     6.5068  0.000000
   14.1030     6.5068  0.000000
   14.3028     6.5068  0.000000
   14.5028     6.5068  0.000001
   14.7027     6.5068  0.000000
   14.9025     6.5068  0.000000
   15.1025     6.5068  0.000000
   15.3024     6.5068  0.000001
   15.5022     6.5068  0.000000
   15.7022     6.5068  0.000000
   15.9021     6.5068  0.000000
   16.1019     6.5068  0.000000
   16.3018     6.5068  0.000001
   16.5017     6.5068  0.000000
   16.7016     6.5068  0.000000
   16.9015     6.5068  0.000000
   17.1014     6.5068  0.000000
   17.3013     6.5068  0.000001
   17.5012     6.5068  0.000000
   17.7011     6.5068  0.000000
   17.9010     6.5068  0.000000
   18.1009     6.5068  0.000000
   18.3008     6.5068  0.000000
   18.5007     6.5068  0.000000
   18.7006     6.5068  0.000000
   18.9005     6.5068  0.000001
   19.1004     6.5068  0.000000
   19.3003     6.5068  0.000000
   19.5002     6.5068  0.000001
   19.7001     6.5068  0.000000
   19.9000     6.5068  0.000000
    0.1099     6.7067  0.000000
    0.3099     6.7067  0.000000
    0.5098     6.7067  0.000000
    0.7096     6.7067  0.000000
    0.9096     6.7067  0.000000
    1.1094     6.7067  0.000000
    1.3093     6.7067  0.000000
    1.5092     6.7067  0.000000
    1.7091     6.7067  0.000000
    1.9090     6.7067  0.000000
    2.1090     6.7067  0.000000
    2.3089     6.7067  0.000000
    2.5087     6.7067  0.000000
    2.7087     6.7067  0.000000
    2.9086     6.7067  0.000000
    3.1085     6.7067  0.000000
    3.3084     6.7067  0.000000
    3.5082     6.7067  0.000000
    3.7082     6.7067  0.000000
    3.9081     6.7067  0.000000
    4.1080     6.7067  0.000127
    4.3078     6.7067  0.000268
    4.5078     6.7067  0.000353
    4.7077     6.7067  0.000384
    4.9075     6.7067  0.000394
    5.1075     6.7067  0.000371
    5.3074     6.7067  0.000350
    5.5073     6.7067  0.000337
    5.7071     6.7067  0.000354
    5.9071     6.7067  0.000442
    6.1070     6.7067  0.000597
    6.3068     6.7067  0.000726
    6.5068     6.7067  0.000730
    6.7067     6.7067  0.000686
    6.9065     6.7067  0.000649
    7.1065     6.7067  0.000613
    7.3064     6.7067  0.000546
    7.5062     6.7067  0.000476
    7.7062     6.7067  0.000506
    7.9061     6.7067  0.000555
    8.1060     6.7067  0.000463
    8.3059     6.7067  0.000320
    8.5057     6.7067  0.000216
    8.7057     6.7067  0.000196
    8.9056     6.7067  0.000193
    9.1054     6.7067  0.000197
    9.3054     6.7067  0.000206
    9.5052     6.7067  0.000212
    9.7051     6.7067  0.000192
    9.9051     6.7067  0.000142
   10.1049     6.7067  0.000047
   10.3049     6.7067  0.000000
   10.5048     6.7067  0.000000
   10.7046     6.7067  0.000000
   10.9046     6.7067  0.000000
   11.1045     6.7067  0.000000
   11.3043     6.7067  0.000000
   11.5043     6.7067  0.000000
   11.7042     6.7067  0.000000
   11.9040     6.7067  0.000000
   12.1040     6.7067  0.000001
   12.3039     6.7067  0.000000
   12.5037     6.7067  0.000000
   12.7037     6.7067  0.000000
   12.9036     6.7067  0.000000
   13.1034     6.7067  0.000000
   13.3034     6.7067  0.000000
   13.5033     6.7067  0.000001
   13.7031     6.7067  0.000000
   13.9031     6.7067  0.000000
   14.1030     6.7067  0.000001
   14.3028     6.7067  0.000000
   14.5028     6.7067  0.000000
   14.7027     6.7067  0.000000
   14.9025     6.7067  0.000000
   15.1025     6.7067  0.000000
   15.3024     6.7067  0.000000
   15.5022     6.7067  0.000001
   15.7022     6.7067  0.000001
   15.9021     6.7067  0.000001
   16.1019     6.7067  0.000000
   16.3018     6.7067  0.000000
   16.5017     6.7067  0.000000
   16.7016     6.7067  0.000000
   16.9015     6.7067  0.000000
   17.1014     6.7067  0.000000
   17.3013     6.7067  0.000000
   17.5012     6.7067  0.000000
   17.7011     6.7067  0.000000
   17.9010     6.7067  0.000000
   18.1009     6.7067  0.000000
   18.3008     6.7067  0.000000
   18.5007     6.7067  0.000000
   18.7006     6.7067  0.000000
   18.9005     6.7067  0.000000
   19.1004     6.7067  0.000000
   19.3003     6.7067  0.000000
   19.5002     6.7067  0.000000
   19.7001     6.7067  0.000000
   19.9000     6.7067  0.000001
    0.1099     6.9065  0.000000
    0.3099     6.9065  0.000000
    0.5098     6.9065  0.000000
    0.7096     6.9065  0.000000
    0.9096     6.9065  0.000000
    1.1094     6.9065  0.000000
    1.3093     6.9065  0.000000
    1.5092     6.9065  0.000000
    1.7091     6.9065  0.000000
    1.9090     6.9065  0.000000
    2.1090     6.9065  0.000000
    2.3089     6.9065  0.000000
    2.5087     6.9065  0.000000
    2.7087     6.9065  0.000000
    2.9086     6.9065  0.000000
    3.1085     6.9065  0.000000
    3.3084     6.9065  0.000000
    3.5082     6.9065  0.000000
    3.7082     6.9065  0.000000
    3.9081     6.9065  0.000000
    4.1080     6.9065  0.000067
    4.3078     6.9065  0.000181
    4.5078     6.9065  0.000256
    4.7077     6.9065  0.000305
    4.9075     6.9065  0.000304
    5.1075     6.9065  0.000295
    5.3074     6.9065  0.000261
    5.5073     6.9065  0.000250
    5.7071     6.9065  0.000263
    5.9071     6.9065  0.000357
    6.1070     6.9065  0.000518
    6.3068     6.9065  0.000676
    6.5068     6.9065  0.000745
    6.7067     6.9065  0.000739
    6.9065     6.9065  0.000700
    7.1065     6.9065  0.000682
    7.3064     6.9065  0.000611
    7.5062     6.9065  0.000548
    7.7062     6.9065  0.000535
    7.9061     6.9065  0.000606
    8.1060     6.9065  0.000540
    8.3059     6.9065  0.000229
    8.5057     6.9065  0.000276
    8.7057     6.9065  0.000256
    8.9056     6.9065  0.000249
    9.1054     6.9065  0.000247
    9.3054     6.9065  0.000263
    9.5052     6.9065  0.000269
    9.7051     6.9065  0.000254
    9.9051     6.9065  0.000200
   10.1049     6.9065  0.000092
   10.3049     6.9065  0.000000
   10.5048     6.9065  0.000000
   10.7046     6.9065  0.000000
   10.9046     6.9065  0.000000
   11.1045     6.9065  0.000000
   11.3043     6.9065  0.000000
   11.5043     6.9065  0.000000
   11.7042     6.9065  0.000000
   11.9040     6.9065  0.000000
   12.1040     6.9065  0.000000
   12.3039     6.9065  0.000000
   12.5037     6.9065  0.000000
   12.7037     6.9065  0.000000
   12.9036     6.9065  0.000000
   13.1034     6.9065  0.000000
   13.3034     6.9065  0.000000
   13.5033     6.9065  0.000000
   13.7031     6.9065  0.000000
   13.9031     6.9065  0.000001
   14.1030     6.9065  0.000001
   14.3028     6.9065  0.000000
   14.5028     6.9065  0.000000
   14.7027     6.9065  0.000000
   14.9025     6.9065  0.000000
   15.1025     6.9065  0.000000
   15.3024     6.9065  0.000001
   15.5022     6.9065  0.000000
   15.7022     6.9065  0.000001
   15.9021     6.9065  0.000000
   16.1019     6.9065  0.000000
   16.3018     6.9065  0.000000
   16.5017     6.9065  0.000000
   16.7016     6.9065  0.000000
   16.9015     6.9065  0.000000
   17.1014     6.9065  0.000000
   17.3013     6.9065  0.000000
   17.5012     6.9065  0.000000
   17.7011     6.9065  0.000000
   17.9010     6.9065  0.000000
   18.1009     6.9065  0.000000
   18.3008     6.9065  0.000000
   18.5007     6.9065  0.000000
   18.7006     6.9065  0.000001
   18.9005     6.9065  0.000000
   19.1004     6.9065  0.000000
   19.3003     6.9065  0.000000
   19.5002     6.9065  0.000000
   19.7001     6.9065  0.000000
   19.9000     6.9065  0.000001
    0.1099     7.1065  0.000000
    0.3099     7.1065  0.000000
    0.5098     7.1065  0.000000
    0.7096     7.1065  0.000000
    0.9096     7.1065  0.000000
    1.1094     7.1065  0.000000
    1.3093     7.1065  0.000000
    1.5092     7.1065  0.000000
    1.7091     7.1065  0.000000
    1.9090     7.1065  0.000000
    2.1090     7.1065  0.000000
    2.3089     7.1065  0.000000
    2.5087     7.1065  0.000000
    2.7087     7.1065  0.000000
    2.9086     7.1065  0.000000
    3.1085     7.1065  0.000000
    3.3084     7.1065  0.000000
    3.5082     7.1065  0.000000
    3.7082     7.1065  0.000000
    3.9081     7.1065  0.000000
    4.1080     7.1065  0.000021
    4.3078     7.1065  0.000112
    4.5078     7.1065  0.000168
    4.7077     7.1065  0.000211
    4.9075     7.1065  0.000210
    5.1075     7.1065  0.000196
    5.3074     7.1065  0.000181
    5.5073     7.1065  0.000165
    5.7071     7.1065  0.000168
    5.9071     7.1065  0.000250
    6.1070     7.1065  0.000431
    6.3068     7.1065  0.000651
    6.5068     7.1065  0.000734
    6.7067     7.1065  0.000748
    6.9065     7.1065  0.000751
    7.1065     7.1065  0.000710
    7.3064     7.1065  0.000668
    7.5062     7.1065  0.000572
    7.7062     7.1065  0.000573
    7.9061     7.1065  0.000610
    8.1060     7.1065  0.000597
    8.3059     7.1065  0.000468
    8.5057     7.1065  0.000340
    8.7057     7.1065  0.000318
    8.9056     7.1065  0.000292
    9.1054     7.1065  0.000296
    9.3054     7.1065  0.000316
    9.5052     7.1065  0.000320
    9.7051     7.1065  0.000315
    9.9051     7.1065  0.000253
   10.1049     7.1065  0.000116
   10.3049     7.1065  0.000001
   10.5048     7.1065  0.000000
   10.7046     7.1065  0.000000
   10.9046     7.1065  0.000000
   11.1045     7.1065  0.000000
   11.3043     7.1065  0.000000
   11.5043     7.1065  0.000000
   11.7042     7.1065  0.000000
   11.9040     7.1065  0.000000
   12.1040     7.1065  0.000000
   12.3039     7.1065  0.000000
   12.5037     7.1065  0.000001
   12.7037     7.1065  0.000001
   12.9036     7.1065  0.000000
   13.1034     7.1065  0.000000
   13.3034     7.1065  0.000000
   13.5033     7.1065  0.000000
   13.7031     7.1065  0.000000
   13.9031     7.1065  0.000000
   14.1030     7.1065  0.000000
   14.3028     7.1065  0.000000
   14.5028     7.1065  0.000000
   14.7027     7.1065  0.000000
   14.9025     7.1065  0.000000
   15.1025     7.1065  0.000000
   15.3024     7.1065  0.000000
   15.5022     7.1065  0.000000
   15.7022     7.1065  0.000000
   15.9021     7.1065  0.000000
   16.1019     7.1065  0.000000
   16.3018     7.1065  0.000000
   16.5017     7.1065  0.000000
   16.7016     7.1065  0.000000
   16.9015     7.1065  0.000001
   17.1014     7.1065  0.000000
   17.3013     7.1065  0.000000
   17.5012     7.1065  0.000000
   17.7011     7.1065  0.000000
   17.9010     7.1065  0.000000
   18.1009     7.1065  0.000000
   18.3008     7.1065  0.000000
   18.5007     7.1065  0.000000
   18.7006     7.1065  0.000000
   18.9005     7.1065  0.000000
   19.1004     7.1065  0.000001
   19.3003     7.1065  0.000000
   19.5002     7.1065  0.000000
   19.7001     7.1065  0.000001
   19.9000     7.1065  0.000001
    0.1099     7.3064  0.000000
    0.3099     7.3064  0.000000
    0.5098     7.3064  0.000000
    0.7096     7.3064  0.000000
    0.9096     7.3064  0.000000
    1.1094     7.3064  0.000000
    1.3093     7.3064  0.000000
    1.5092     7.3064  0.000000
    1.7091     7.3064  0.000000
    1.9090     7.3064  0.000000
    2.1090     7.3064  0.000000
    2.3089     7.3064  0.000000
    2.5087     7.3064  0.000000
    2.7087     7.3064  0.000000
    2.9086     7.3064  0.000000
    3.1085     7.3064  0.000000
    3.3084     7.3064  0.000000
    3.5082     7.3064  0.000000
    3.7082     7.3064  0.000000
    3.9081     7.3064  0.000000
    4.1080     7.3064  0.000005
    4.3078     7.3064  0.000052
    4.5078     7.3064  0.000098
    4.7077     7.3064  0.000134
    4.9075     7.3064  0.000148
    5.1075     7.3064  0.000138
    5.3074     7.3064  0.000112
    5.5073     7.3064  0.000095
    5.7071     7.3064  0.000101
    5.9071     7.3064  0.000167
    6.1070     7.3064  0.000353
    6.3068     7.3064  0.000570
    6.5068     7.3064  0.000720
    6.7067     7.3064  0.000746
    6.9065     7.3064  0.000778
    7.1065     7.3064  0.000758
    7.3064     7.3064  0.000701
    7.5062     7.3064  0.000597
    7.7062     7.3064  0.000588
    7.9061     7.3064  0.000629
    8.1060     7.3064  0.000645
    8.3059     7.3064  0.000531
    8.5057     7.3064  0.000405
    8.7057     7.3064  0.000364
    8.9056     7.3064  0.000347
    9.1054     7.3064  0.000337
    9.3054     7.3064  0.000340
    9.5052     7.3064  0.000367
    9.7051     7.3064  0.000366
    9.9051     7.3064  0.000299
   10.1049     7.3064  0.000167
   10.3049     7.3064  0.000001
   10.5048     7.3064  0.000000
   10.7046     7.3064  0.000000
   10.9046     7.3064  0.000000
   11.1045     7.3064  0.000000
   11.3043     7.3064  0.000000
   11.5043     7.3064  0.000000
   11.7042     7.3064  0.000000
   11.9040     7.3064  0.000000
   12.1040     7.3064  0.000000
   12.3039     7.3064  0.000000
   12.5037     7.3064  0.000001
   12.7037     7.3064  0.000001
   12.9036     7.3064  0.000000
   13.1034     7.3064  0.000000
   13.3034     7.3064  0.000000
   13.5033     7.3064  0.000000
   13.7031     7.3064  0.000000
   13.9031     7.3064  0.000000
   14.1030     7.3064  0.000000
   14.3028     7.3064  0.000000
   14.5028     7.3064  0.000000
   14.7027     7.3064  0.000000
   14.9025     7.3064  0.000000
   15.1025     7.3064  0.000000
   15.3024     7.3064  0.000000
   15.5022     7.3064  0.000001
   15.7022     7.3064  0.000000
   15.9021     7.3064  0.000000
   16.1019     7.3064  0.000000
   16.3018     7.3064  0.000000
   16.5017     7.3064  0.000000
   16.7016     7.3064  0.000000
   16.9015     7.3064  0.000000
   17.1014     7.3064  0.000001
   17.3013     7.3064  0.000000
   17.5012     7.3064  0.000001
   17.7011     7.3064  0.000000
   17.9010     7.3064  0.000001
   18.1009     7.3064  0.000000
   18.3008     7.3064  0.000000
   18.5007     7.3064  0.000000
   18.7006     7.3064  0.000000
   18.9005     7.3064  0.000000
   19.1004     7.3064  0.000000
   19.3003     7.3064  0.000000
   19.5002     7.3064  0.000000
   19.7001     7.3064  0.000000
   19.9000     7.3064  0.000001
    0.1099     7.5062  0.000001
    0.3099     7.5062  0.000000
    0.5098     7.5062  0.000000
    0.7096     7.5062  0.000001
    0.9096     7.5062  0.000000
    1.1094     7.5062  0.000000
    1.3093     7.5062  0.000000
    1.5092     7.5062  0.000000
    1.7091     7.5062  0.000000
    1.9090     7.5062  0.000000
    2.1090     7.5062  0.000000
    2.3089     7.5062  0.000000
    2.5087     7.5062  0.000000
    2.7087     7.5062  0.000000
    2.9086     7.5062  0.000000
    3.1085     7.5062  0.000000
    3.3084     7.5062  0.000000
    3.5082     7.5062  0.000000
    3.7082     7.5062  0.000000
    3.9081     7.5062  0.000000
    4.1080     7.5062  0.000006
    4.3078     7.5062  0.000027
    4.5078     7.5062  0.000075
    4.7077     7.5062  0.000098
    4.9075     7.5062  0.000100
    5.1075     7.5062  0.000087
    5.3074     7.5062  0.000072
    5.5073     7.5062  0.000062
    5.7071     7.5062  0.000065
    5.9071     7.5062  0.000111
    6.1070     7.5062  0.000271
    6.3068     7.5062  0.000494
    6.5068     7.5062  0.000677
    6.7067     7.5062  0.000744
    6.9065     7.5062  0.000765
    7.1065     7.5062  0.000772
    7.3064     7.5062  0.000720
    7.5062     7.5062  0.000633
    7.7062     7.5062  0.000287
    7.9061     7.5062  0.000635
    8.1060     7.5062  0.000694
    8.3059     7.5062  0.000581
    8.5057     7.5062  0.000463
    8.7057     7.5062  0.000408
    8.9056     7.5062  0.000392
    9.1054     7.5062  0.000382
    9.3054     7.5062  0.000386
    9.5052     7.5062  0.000398
    9.7051     7.5062  0.000415
    9.9051     7.5062  0.000351
   10.1049     7.5062  0.000210
   10.3049     7.5062  0.000019
   10.5048     7.5062  0.000000
   10.7046     7.5062  0.000000
   10.9046     7.5062  0.000000
   11.1045     7.5062  0.000001
   11.3043     7.5062  0.000000
   11.5043     7.5062  0.000000
   11.7042     7.5062  0.000000
   11.9040     7.5062  0.000000
   12.1040     7.5062  0.000000
   12.3039     7.5062  0.000001
   12.5037     7.5062  0.000001
   12.7037     7.5062  0.000001
   12.9036     7.5062  0.000001
   13.1034     7.5062  0.000001
   13.3034     7.5062  0.000001
   13.5033     7.5062  0.000001
   13.7031     7.5062  0.000001
   13.9031     7.5062  0.000000
   14.1030     7.5062  0.000001
   14.3028     7.5062  0.000001
   14.5028     7.5062  0.000001
   14.7027     7.5062  0.000000
   14.9025     7.5062  0.000000
   15.1025     7.5062  0.000000
   15.3024     7.5062  0.000000
   15.5022     7.5062  0.000001
   15.7022     7.5062  0.000000
   15.9021     7.5062  0.000000
   16.1019     7.5062  0.000001
   16.3018     7.5062  0.000000
   16.5017     7.5062  0.000001
   16.7016     7.5062  0.000001
   16.9015     7.5062  0.000001
   17.1014     7.5062  0.000001
   17.3013     7.5062  0.000001
   17.5012     7.5062  0.000001
   17.7011     7.5062  0.000000
   17.9010     7.5062  0.000000
   18.1009     7.5062  0.000000
   18.3008     7.5062  0.000000
   18.5007     7.5062  0.000000
   18.7006     7.5062  0.000000
   18.9005     7.5062  0.000001
   19.1004     7.5062  0.000000
   19.3003     7.5062  0.000001
   19.5002     7.5062  0.000000
   19.7001     7.5062  0.000000
   19.9000     7.5062  0.000003
    0.1099     7.7062  0.000001
    0.3099     7.7062  0.000000
    0.5098     7.7062  0.000000
    0.7096     7.7062  0.000000
    0.9096     7.7062  0.000000
    1.1094     7.7062  0.000000
    1.3093     7.7062  0.000000
    1.5092     7.7062  0.000000
    1.7091     7.7062  0.000000
    1.9090     7.7062  0.000000
    2.1090     7.7062  0.000000
    2.3089     7.7062  0.000000
    2.5087     7.7062  0.000000
    2.7087     7.7062  0.000000
    2.9086     7.7062  0.000000
    3.1085     7.7062  0.000000
    3.3084     7.7062  0.000000
    3.5082     7.7062  0.000000
    3.7082     7.7062  0.000000
    3.9081     7.7062  0.000000
    4.1080     7.7062  0.000004
    4.3078     7.7062  0.000012
    4.5078     7.7062  0.000037
    4.7077     7.7062  0.000056
    4.9075     7.7062  0.000058
    5.1075     7.7062  0.000056
    5.3074     7.7062  0.000036
    5.5073     7.7062  0.000028
    5.7071     7.7062  0.000023
    5.9071     7.7062  0.000066
    6.1070     7.7062  0.000204
    6.3068     7.7062  0.000418
    6.5068     7.7062  0.000612
    6.7067     7.7062  0.000707
    6.9065     7.7062  0.000752
    7.1065     7.7062  0.000751
    7.3064     7.7062  0.000721
    7.5062     7.7062  0.000627
    7.7062     7.7062  0.000573
    7.9061     7.7062  0.000623
    8.1060     7.7062  0.000697
    8.3059     7.7062  0.000605
    8.5057     7.7062  0.000495
    8.7057     7.7062  0.000442
    8.9056     7.7062  0.000404
    9.1054     7.7062  0.000392
    9.3054     7.7062  0.000400
    9.5052     7.7062  0.000427
    9.7051     7.7062  0.000425
    9.9051     7.7062  0.000386
   10.1049     7.7062  0.000252
   10.3049     7.7062  0.000050
   10.5048     7.7062  0.000000
   10.7046     7.7062  0.000001
   10.9046     7.7062  0.000000
   11.1045     7.7062  0.000000
   11.3043     7.7062  0.000001
   11.5043     7.7062  0.000001
   11.7042     7.7062  0.000000
   11.9040     7.7062  0.000000
   12.1040     7.7062  0.000001
   12.3039     7.7062  0.000001
   12.5037     7.7062  0.000000
   12.7037     7.7062  0.000001
   12.9036     7.7062  0.000001
   13.1034     7.7062  0.000001
   13.3034     7.7062  0.000001
   13.5033     7.7062  0.000000
   13.7031     7.7062  0.000001
   13.9031     7.7062  0.000001
   14.1030     7.7062  0.000001
   14.3028     7.7062  0.000001
   14.5028     7.7062  0.000001
   14.7027     7.7062  0.000001
   14.9025     7.7062  0.000001
   15.1025     7.7062  0.000000
   15.3024     7.7062  0.000000
   15.5022     7.7062  0.000001
   15.7022     7.7062  0.000001
   15.9021     7.7062  0.000001
   16.1019     7.7062  0.000000
   16.3018     7.7062  0.000001
   16.5017     7.7062  0.000001
   16.7016     7.7062  0.000001
   16.9015     7.7062  0.000001
   17.1014     7.7062  0.000001
   17.3013     7.7062  0.000001
   17.5012     7.7062  0.000001
   17.7011     7.7062  0.000000
   17.9010     7.7062  0.000001
   18.1009     7.7062  0.000000
   18.3008     7.7062  0.000000
   18.5007     7.7062  0.000000
   18.7006     7.7062  0.000000
   18.9005     7.7062  0.000000
   19.1004     7.7062  0.000001
   19.3003     7.7062  0.000001
   19.5002     7.7062  0.000001
   19.7001     7.7062  0.000001
   19.9000     7.7062  0.000002
    0.1099     7.9061  0.000001
    0.3099     7.9061  0.000000
    0.5098     7.9061  0.000000
    0.7096     7.9061  0.000000
    0.9096     7.9061  0.000000
    1.1094     7.9061  0.000000
    1.3093     7.9061  0.000000
    1.5092     7.9061  0.000000
    1.7091     7.9061  0.000001
    1.9090     7.9061  0.000000
    2.1090     7.9061  0.000000
    2.3089     7.9061  0.000001
    2.5087     7.9061  0.000000
    2.7087     7.9061  0.000000
    2.9086     7.9061  0.000000
    3.1085     7.9061  0.000000
    3.3084     7.9061  0.000000
    3.5082     7.9061  0.000000
    3.7082     7.9061  0.000000
    3.9081     7.9061  0.000000
    4.1080     7.9061  0.000010
    4.3078     7.9061  0.000008
    4.5078     7.9061  0.000022
    4.7077     7.9061  0.000034
    4.9075     7.9061  0.000035
    5.1075     7.9061  0.000029
    5.3074     7.9061  0.000025
    5.5073     7.9061  0.000016
    5.7071     7.9061  0.000007
    5.9071     7.9061  0.000032
    6.1070     7.9061  0.000154
    6.3068     7.9061  0.000347
    6.5068     7.9061  0.000543
    6.7067     7.9061  0.000657
    6.9065     7.9061  0.000713
    7.1065     7.9061  0.000732
    7.3064     7.9061  0.000715
    7.5062     7.9061  0.000611
    7.7062     7.9061  0.000581
    7.9061     7.9061  0.000617
    8.1060     7.9061  0.000665
    8.3059     7.9061  0.000645
    8.5057     7.9061  0.000518
    8.7057     7.9061  0.000471
    8.9056     7.9061  0.000427
    9.1054     7.9061  0.000401
    9.3054     7.9061  0.000408
    9.5052     7.9061  0.000425
    9.7051     7.9061  0.000439
    9.9051     7.9061  0.000407
   10.1049     7.9061  0.000291
   10.3049     7.9061  0.000093
   10.5048     7.9061  0.000004
   10.7046     7.9061  0.000001
   10.9046     7.9061  0.000003
   11.1045     7.9061  0.000002
   11.3043     7.9061  0.000005
   11.5043     7.9061  0.000004
   11.7042     7.9061  0.000002
   11.9040     7.9061  0.000000
   12.1040     7.9061  0.000000
   12.3039     7.9061  0.000001
   12.5037     7.9061  0.000001
   12.7037     7.9061  0.000001
   12.9036     7.9061  0.000001
   13.1034     7.9061  0.000002
   13.3034     7.9061  0.000001
   13.5033     7.9061  0.000001
   13.7031     7.9061  0.000001
   13.9031     7.9061  0.000001
   14.1030     7.9061  0.000001
   14.3028     7.9061  0.000001
   14.5028     7.9061  0.000001
   14.7027     7.9061  0.000001
   14.9025     7.9061  0.000001
   15.1025     7.9061  0.000001
   15.3024     7.9061  0.000001
   15.5022     7.9061  0.000002
   15.7022     7.9061  0.000001
   15.9021     7.9061  0.000001
   16.1019     7.9061  0.000001
   16.3018     7.9061  0.000001
   16.5017     7.9061  0.000001
   16.7016     7.9061  0.000001
   16.9015     7.9061  0.000001
   17.1014     7.9061  0.000001
   17.3013     7.9061  0.000001
   17.5012     7.9061  0.000001
   17.7011     7.9061  0.000001
   17.9010     7.9061  0.000001
   18.1009     7.9061  0.000001
   18.3008     7.9061  0.000000
   18.5007     7.9061  0.000001
   18.7006     7.9061  0.000001
   18.9005     7.9061  0.000001
   19.1004     7.9061  0.000000
   19.3003     7.9061  0.000001
   19.5002     7.9061  0.000001
   19.7001     7.9061  0.000001
   19.9000     7.9061  0.000012
    0.1099     8.1060  0.000002
    0.3099     8.1060  0.000000
    0.5098     8.1060  0.000000
    0.7096     8.1060  0.000000
    0.9096     8.1060  0.000001
    1.1094     8.1060  0.000000
    1.3093     8.1060  0.000000
    1.5092     8.1060  0.000001
    1.7091     8.1060  0.000000
    1.9090     8.1060  0.000000
    2.1090     8.1060  0.000000
    2.3089     8.1060  0.000000
    2.5087     8.1060  0.000000
    2.7087     8.1060  0.000000
    2.9086     8.1060  0.000000
    3.1085     8.1060  0.000000
    3.3084     8.1060  0.000000
    3.5082     8.1060  0.000000
    3.7082     8.1060  0.000000
    3.9081     8.1060  0.000000
    4.1080     8.1060  0.000015
    4.3078     8.1060  0.000007
    4.5078     8.1060  0.000010
    4.7077     8.1060  0.000014
    4.9075     8.1060  0.000022
    5.1075     8.1060  0.000022
    5.3074     8.1060  0.000007
    5.5073     8.1060  0.000006
    5.7071     8.1060  0.000004
    5.9071     8.1060  0.000016
    6.1070     8.1060  0.000108
    6.3068     8.1060  0.000292
    6.5068     8.1060  0.000483
    6.7067     8.1060  0.000602
    6.9065     8.1060  0.000652
    7.1065     8.1060  0.000687
    7.3064     8.1060  0.000680
    7.5062     8.1060  0.000635
    7.7062     8.1060  0.000564
    7.9061     8.1060  0.000582
    8.1060     8.1060  0.000653
    8.3059     8.1060  0.000629
    8.5057     8.1060  0.000526
    8.7057     8.1060  0.000465
    8.9056     8.1060  0.000432
    9.1054     8.1060  0.000410
    9.3054     8.1060  0.000407
    9.5052     8.1060  0.000417
    9.7051     8.1060  0.000440
    9.9051     8.1060  0.000417
   10.1049     8.1060  0.000325
   10.3049     8.1060  0.000133
   10.5048     8.1060  0.000043
   10.7046     8.1060  0.000028
   10.9046     8.1060  0.000035
   11.1045     8.1060  0.000029
   11.3043     8.1060  0.000028
   11.5043     8.1060  0.000027
   11.7042     8.1060  0.000007
   11.9040     8.1060  0.000003
   12.1040     8.1060  0.000001
   12.3039     8.1060  0.000004
   12.5037     8.1060  0.000002
   12.7037     8.1060  0.000006
   12.9036     8.1060  0.000005
   13.1034     8.1060  0.000004
   13.3034     8.1060  0.000005
   13.5033     8.1060  0.000003
   13.7031     8.1060  0.000004
   13.9031     8.1060  0.000001
   14.1030     8.1060  0.000002
   14.3028     8.1060  0.000001
   14.5028     8.1060  0.000002
   14.7027     8.1060  0.000002
   14.9025     8.1060  0.000002
   15.1025     8.1060  0.000004
   15.3024     8.1060  0.000004
   15.5022     8.1060  0.000007
   15.7022     8.1060  0.000006
   15.9021     8.1060  0.000005
   16.1019     8.1060  0.000004
   16.3018     8.1060  0.000003
   16.5017     8.1060  0.000006
   16.7016     8.1060  0.000003
   16.9015     8.1060  0.000005
   17.1014     8.1060  0.000004
   17.3013     8.1060  0.000005
   17.5012     8.1060  0.000002
   17.7011     8.1060  0.000001
   17.9010     8.1060  0.000002
   18.1009     8.1060  0.000003
   18.3008     8.1060  0.000001
   18.5007     8.1060  0.000002
   18.7006     8.1060  0.000001
   18.9005     8.1060  0.000002
   19.1004     8.1060  0.000001
   19.3003     8.1060  0.000001
   19.5002     8.1060  0.000001
   19.7001     8.1060  0.000001
   19.9000     8.1060  0.000018
    0.1099     8.3059  0.000020
    0.3099     8.3059  0.000002
    0.5098     8.3059  0.000001
    0.7096     8.3059  0.000002
    0.9096     8.3059  0.000001
    1.1094     8.3059  0.000001
    1.3093     8.3059  0.000001
    1.5092     8.3059  0.000001
    1.7091     8.3059  0.000001
    1.9090     8.3059  0.000002
    2.1090     8.3059  0.000002
    2.3089     8.3059  0.000000
    2.5087     8.3059  0.000000
    2.7087     8.3059  0.000000
    2.9086     8.3059  0.000000
    3.1085     8.3059  0.000000
    3.3084     8.3059  0.000000
    3.5082     8.3059  0.000000
    3.7082     8.3059  0.000000
    3.9081     8.3059  0.000000
    4.1080     8.3059  0.000000
    4.3078     8.3059  0.000002
    4.5078     8.3059  0.000003
    4.7077     8.3059  0.000000
    4.9075     8.3059  0.000001
    5.1075     8.3059  0.000002
    5.3074     8.3059  0.000001
    5.5073     8.3059  0.000000
    5.7071     8.3059  0.000000
    5.9071     8.3059  0.000000
    6.1070     8.3059  0.000008
    6.3068     8.3059  0.000158
    6.5068     8.3059  0.000347
    6.7067     8.3059  0.000476
    6.9065     8.3059  0.000551
    7.1065     8.3059  0.000578
    7.3064     8.3059  0.000584
    7.5062     8.3059  0.000545
    7.7062     8.3059  0.000476
    7.9061     8.3059  0.000465
    8.1060     8.3059  0.000553
    8.3059     8.3059  0.000559
    8.5057     8.3059  0.000488
    8.7057     8.3059  0.000417
    8.9056     8.3059  0.000379
    9.1054     8.3059  0.000351
    9.3054     8.3059  0.000346
    9.5052     8.3059  0.000353
    9.7051     8.3059  0.000374
    9.9051     8.3059  0.000378
   10.1049     8.3059  0.000303
   10.3049     8.3059  0.000200
   10.5048     8.3059  0.000112
   10.7046     8.3059  0.000093
   10.9046     8.3059  0.000096
   11.1045     8.3059  0.000099
   11.3043     8.3059  0.000096
   11.5043     8.3059  0.000080
   11.7042     8.3059  0.000062
   11.9040     8.3059  0.000048
   12.1040     8.3059  0.000034
   12.3039     8.3059  0.000007
   12.5037     8.3059  0.000012
   12.7037     8.3059  0.000012
   12.9036     8.3059  0.000019
   13.1034     8.3059  0.000025
   13.3034     8.3059  0.000016
   13.5033     8.3059  0.000016
   13.7031     8.3059  0.000011
   13.9031     8.3059  0.000007
   14.1030     8.3059  0.000006
   14.3028     8.3059  0.000009
   14.5028     8.3059  0.000008
   14.7027     8.3059  0.000006
   14.9025     8.3059  0.000016
   15.1025     8.3059  0.000012
   15.3024     8.3059  0.000013
   15.5022     8.3059  0.000020
   15.7022     8.3059  0.000021
   15.9021     8.3059  0.000017
   16.1019     8.3059  0.000011
   16.3018     8.3059  0.000013
   16.5017     8.3059  0.000017
   16.7016     8.3059  0.000018
   16.9015     8.3059  0.000024
   17.1014     8.3059  0.000021
   17.3013     8.3059  0.000016
   17.5012     8.3059  0.000006
   17.7011     8.3059  0.000010
   17.9010     8.3059  0.000005
   18.1009     8.3059  0.000005
   18.3008     8.3059  0.000011
   18.5007     8.3059  0.000021
   18.7006     8.3059  0.000014
   18.9005     8.3059  0.000011
   19.1004     8.3059  0.000005
   19.3003     8.3059  0.000004
   19.5002     8.3059  0.000006
   19.7001     8.3059  0.000014
   19.9000     8.3059  0.000037
    0.1099     8.5057  0.000026
    0.3099     8.5057  0.000003
    0.5098     8.5057  0.000002
    0.7096     8.5057  0.000003
    0.9096     8.5057  0.000002
    1.1094     8.5057  0.000001
    1.3093     8.5057  0.000001
    1.5092     8.5057  0.000003
    1.7091     8.5057  0.000002
    1.9090     8.5057  0.000003
    2.1090     8.5057  0.000001
    2.3089     8.5057  0.000000
    2.5087     8.5057  0.000000
    2.7087     8.5057  0.000000
    2.9086     8.5057  0.000000
    3.1085     8.5057  0.000000
    3.3084     8.5057  0.000000
    3.5082     8.5057  0.000000
    3.7082     8.5057  0.000000
    3.9081     8.5057  0.000000
    4.1080     8.5057  0.000000
    4.3078     8.5057  0.000000
    4.5078     8.5057  0.000000
    4.7077     8.5057  0.000000
    4.9075     8.5057  0.000001
    5.1075     8.5057  0.000001
    5.3074     8.5057  0.000001
    5.5073     8.5057  0.000000
    5.7071     8.5057  0.000000
    5.9071     8.5057  0.000001
    6.1070     8.5057  0.000001
    6.3068     8.5057  0.000112
    6.5068     8.5057  0.000272
    6.7067     8.5057  0.000404
    6.9065     8.5057  0.000468
    7.1065     8.5057  0.000512
    7.3064     8.5057  0.000520
    7.5062     8.5057  0.000506
    7.7062     8.5057  0.000463
    7.9061     8.5057  0.000446
    8.1060     8.5057  0.000505
    8.3059     8.5057  0.000518
    8.5057     8.5057  0.000462
    8.7057     8.5057  0.000396
    8.9056     8.5057  0.000362
    9.1054     8.5057  0.000337
    9.3054     8.5057  0.000328
    9.5052     8.5057  0.000343
    9.7051     8.5057  0.000360
    9.9051     8.5057  0.000364
   10.1049     8.5057  0.000314
   10.3049     8.5057  0.000249
   10.5048     8.5057  0.000153
   10.7046     8.5057  0.000125
   10.9046     8.5057  0.000136
   11.1045     8.5057  0.000132
   11.3043     8.5057  0.000124
   11.5043     8.5057  0.000117
   11.7042     8.5057  0.000099
   11.9040     8.5057  0.000081
   12.1040     8.5057  0.000061
   12.3039     8.5057  0.000029
   12.5037     8.5057  0.000018
   12.7037     8.5057  0.000020
   12.9036     8.5057  0.000030
   13.1034     8.5057  0.000026
   13.3034     8.5057  0.000030
   13.5033     8.5057  0.000025
   13.7031     8.5057  0.000025
   13.9031     8.5057  0.000020
   14.1030     8.5057  0.000012
   14.3028     8.5057  0.000012
   14.5028     8.5057  0.000011
   14.7027     8.5057  0.000012
   14.9025     8.5057  0.000017
   15.1025     8.5057  0.000024
   15.3024     8.5057  0.000033
   15.5022     8.5057  0.000035
   15.7022     8.5057  0.000033
   15.9021     8.5057  0.000023
   16.1019     8.5057  0.000023
   16.3018     8.5057  0.000025
   16.5017     8.5057  0.000024
   16.7016     8.5057  0.000027
   16.9015     8.5057  0.000032
   17.1014     8.5057  0.000033
   17.3013     8.5057  0.000022
   17.5012     8.5057  0.000024
   17.7011     8.5057  0.000014
   17.9010     8.5057  0.000011
   18.1009     8.5057  0.000010
   18.3008     8.5057  0.000014
   18.5007     8.5057  0.000030
   18.7006     8.5057  0.000026
   18.9005     8.5057  0.000018
   19.1004     8.5057  0.000007
   19.3003     8.5057  0.000008
   19.5002     8.5057  0.000007
   19.7001     8.5057  0.000015
   19.9000     8.5057  0.000046
    0.1099     8.7057  0.000035
    0.3099     8.7057  0.000003
    0.5098     8.7057  0.000002
    0.7096     8.7057  0.000002
    0.9096     8.7057  0.000001
    1.1094     8.7057  0.000003
    1.3093     8.7057  0.000001
    1.5092     8.7057  0.000002
    1.7091     8.7057  0.000002
    1.9090     8.7057  0.000003
    2.1090     8.7057  0.000003
    2.3089     8.7057  0.000000
    2.5087     8.7057  0.000000
    2.7087     8.7057  0.000000
    2.9086     8.7057  0.000000
    3.1085     8.7057  0.000000
    3.3084     8.7057  0.000000
    3.5082     8.7057  0.000000
    3.7082     8.7057  0.000000
    3.9081     8.7057  0.000000
    4.1080     8.7057  0.000000
    4.3078     8.7057  0.000000
    4.5078     8.7057  0.000000
    4.7077     8.7057  0.000000
    4.9075     8.7057  0.000000
    5.1075     8.7057  0.000001
    5.3074     8.7057  0.000000
    5.5073     8.7057  0.000001
    5.7071     8.7057  0.000000
    5.9071     8.7057  0.000001
    6.1070     8.7057  0.000001
    6.3068     8.7057  0.000055
    6.5068     8.7057  0.000200
    6.7067     8.7057  0.000320
    6.9065     8.7057  0.000395
    7.1065     8.7057  0.000437
    7.3064     8.7057  0.000452
    7.5062     8.7057  0.000443
    7.7062     8.7057  0.000405
    7.9061     8.7057  0.000397
    8.1060     8.7057  0.000453
    8.3059     8.7057  0.000467
    8.5057     8.7057  0.000435
    8.7057     8.7057  0.000376
    8.9056     8.7057  0.000345
    9.1054     8.7057  0.000321
    9.3054     8.7057  0.000302
    9.5052     8.7057  0.000314
    9.7051     8.7057  0.000338
    9.9051     8.7057  0.000342
   10.1049     8.7057  0.000331
   10.3049     8.7057  0.000276
   10.5048     8.7057  0.000194
   10.7046     8.7057  0.000164
   10.9046     8.7057  0.000169
   11.1045     8.7057  0.000177
   11.3043     8.7057  0.000174
   11.5043     8.7057  0.000153
   11.7042     8.7057  0.000134
   11.9040     8.7057  0.000112
   12.1040     8.7057  0.000077
   12.3039     8.7057  0.000041
   12.5037     8.7057  0.000022
   12.7037     8.7057  0.000033
   12.9036     8.7057  0.000038
   13.1034     8.7057  0.000043
   13.3034     8.7057  0.000036
   13.5033     8.7057  0.000045
   13.7031     8.7057  0.000033
   13.9031     8.7057  0.000026
   14.1030     8.7057  0.000024
   14.3028     8.7057  0.000027
   14.5028     8.7057  0.000023
   14.7027     8.7057  0.000030
   14.9025     8.7057  0.000026
   15.1025     8.7057  0.000034
   15.3024     8.7057  0.000045
   15.5022     8.7057  0.000049
   15.7022     8.7057  0.000039
   15.9021     8.7057  0.000042
   16.1019     8.7057  0.000039
   16.3018     8.7057  0.000033
   16.5017     8.7057  0.000035
   16.7016     8.7057  0.000040
   16.9015     8.7057  0.000040
   17.1014     8.7057  0.000045
   17.3013     8.7057  0.000036
   17.5012     8.7057  0.000033
   17.7011     8.7057  0.000028
   17.9010     8.7057  0.000022
   18.1009     8.7057  0.000016
   18.3008     8.7057  0.000027
   18.5007     8.7057  0.000035
   18.7006     8.7057  0.000040
   18.9005     8.7057  0.000028
   19.1004     8.7057  0.000015
   19.3003     8.7057  0.000012
   19.5002     8.7057  0.000013
   19.7001     8.7057  0.000035
   19.9000     8.7057  0.000052
    0.1099     8.9056  0.000033
    0.3099     8.9056  0.000004
    0.5098     8.9056  0.000002
    0.7096     8.9056  0.000002
    0.9096     8.9056  0.000003
    1.1094     8.9056  0.000002
    1.3093     8.9056  0.000001
    1.5092     8.9056  0.000001
    1.7091     8.9056  0.000002
    1.9090     8.9056  0.000002
    2.1090     8.9056  0.000001
    2.3089     8.9056  0.000000
    2.5087     8.9056  0.000000
    2.7087     8.9056  0.000000
    2.9086     8.9056  0.000000
    3.1085     8.9056  0.000000
    3.3084     8.9056  0.000000
    3.5082     8.9056  0.000000
    3.7082     8.9056  0.000000
    3.9081     8.9056  0.000000
    4.1080     8.9056  0.000000
    4.3078     8.9056  0.000000
    4.5078     8.9056  0.000000
    4.7077     8.9056  0.000000
    4.9075     8.9056  0.000000
    5.1075     8.9056  0.000001
    5.3074     8.9056  0.000001
    5.5073     8.9056  0.000000
    5.7071     8.9056  0.000000
    5.9071     8.9056  0.000000
    6.1070     8.9056  0.000001
    6.3068     8.9056  0.000029
    6.5068     8.9056  0.000149
    6.7067     8.9056  0.000252
    6.9065     8.9056  0.000316
    7.1065     8.9056  0.000354
    7.3064     8.9056  0.000378
    7.5062     8.9056  0.000390
    7.7062     8.9056  0.000371
    7.9061     8.9056  0.000351
    8.1060     8.9056  0.000381
    8.3059     8.9056  0.000422
    8.5057     8.9056  0.000407
    8.7057     8.9056  0.000350
    8.9056     8.9056  0.000312
    9.1054     8.9056  0.000291
    9.3054     8.9056  0.000286
    9.5052     8.9056  0.000281
    9.7051     8.9056  0.000306
    9.9051     8.9056  0.000323
   10.1049     8.9056  0.000333
   10.3049     8.9056  0.000306
   10.5048     8.9056  0.000240
   10.7046     8.9056  0.000208
   10.9046     8.9056  0.000207
   11.1045     8.9056  0.000207
   11.3043     8.9056  0.000207
   11.5043     8.9056  0.000193
   11.7042     8.9056  0.000165
   11.9040     8.9056  0.000137
   12.1040     8.9056  0.000102
   12.3039     8.9056  0.000056
   12.5037     8.9056  0.000038
   12.7037     8.9056  0.000046
   12.9036     8.9056  0.000054
   13.1034     8.9056  0.000053
   13.3034     8.9056  0.000052
   13.5033     8.9056  0.000054
   13.7031     8.9056  0.000045
   13.9031     8.9056  0.000041
   14.1030     8.9056  0.000036
   14.3028     8.9056  0.000027
   14.5028     8.9056  0.000031
   14.7027     8.9056  0.000034
   14.9025     8.9056  0.000038
   15.1025     8.9056  0.000056
   15.3024     8.9056  0.000063
   15.5022     8.9056  0.000061
   15.7022     8.9056  0.000059
   15.9021     8.9056  0.000054
   16.1019     8.9056  0.000049
   16.3018     8.9056  0.000047
   16.5017     8.9056  0.000049
   16.7016     8.9056  0.000058
   16.9015     8.9056  0.000055
   17.1014     8.9056  0.000058
   17.3013     8.9056  0.000049
   17.5012     8.9056  0.000040
   17.7011     8.9056  0.000042
   17.9010     8.9056  0.000032
   18.1009     8.9056  0.000032
   18.3008     8.9056  0.000041
   18.5007     8.9056  0.000046
   18.7006     8.9056  0.000048
   18.9005     8.9056  0.000043
   19.1004     8.9056  0.000038
   19.3003     8.9056  0.000025
   19.5002     8.9056  0.000027
   19.7001     8.9056  0.000036
   19.9000     8.9056  0.000055
    0.1099     9.1054  0.000049
    0.3099     9.1054  0.000013
    0.5098     9.1054  0.000002
    0.7096     9.1054  0.000003
    0.9096     9.1054  0.000004
    1.1094     9.1054  0.000001
    1.3093     9.1054  0.000002
    1.5092     9.1054  0.000003
    1.7091     9.1054  0.000001
    1.9090     9.1054  0.000003
    2.1090     9.1054  0.000001
    2.3089     9.1054  0.000000
    2.5087     9.1054  0.000000
    2.7087     9.1054  0.000000
    2.9086     9.1054  0.000000
    3.1085     9.1054  0.000000
    3.3084     9.1054  0.000000
    3.5082     9.1054  0.000000
    3.7082     9.1054  0.000000
    3.9081     9.1054  0.000000
    4.1080     9.1054  0.000000
    4.3078     9.1054  0.000000
    4.5078     9.1054  0.000000
    4.7077     9.1054  0.000000
    4.9075     9.1054  0.000000
    5.1075     9.1054  0.000000
    5.3074     9.1054  0.000000
    5.5073     9.1054  0.000000
    5.7071     9.1054  0.000000
    5.9071     9.1054  0.000000
    6.1070     9.1054  0.000000
    6.3068     9.1054  0.000005
    6.5068     9.1054  0.000088
    6.7067     9.1054  0.000183
    6.9065     9.1054  0.000257
    7.1065     9.1054  0.000286
    7.3064     9.1054  0.000322
    7.5062     9.1054  0.000329
    7.7062     9.1054  0.000314
    7.9061     9.1054  0.000296
    8.1060     9.1054  0.000331
    8.3059     9.1054  0.000361
    8.5057     9.1054  0.000360
    8.7057     9.1054  0.000322
    8.9056     9.1054  0.000290
    9.1054     9.1054  0.000279
    9.3054     9.1054  0.000264
    9.5052     9.1054  0.000260
    9.7051     9.1054  0.000277
    9.9051     9.1054  0.000312
   10.1049     9.1054  0.000324
   10.3049     9.1054  0.000321
   10.5048     9.1054  0.000270
   10.7046     9.1054  0.000240
   10.9046     9.1054  0.000239
   11.1045     9.1054  0.000244
   11.3043     9.1054  0.000235
   11.5043     9.1054  0.000228
   11.7042     9.1054  0.000203
   11.9040     9.1054  0.000169
   12.1040     9.1054  0.000124
   12.3039     9.1054  0.000079
   12.5037     9.1054  0.000058
   12.7037     9.1054  0.000053
   12.9036     9.1054  0.000070
   13.1034     9.1054  0.000069
   13.3034     9.1054  0.000073
   13.5033     9.1054  0.000061
   13.7031     9.1054  0.000053
   13.9031     9.1054  0.000050
   14.1030     9.1054  0.000042
   14.3028     9.1054  0.000046
   14.5028     9.1054  0.000035
   14.7027     9.1054  0.000044
   14.9025     9.1054  0.000043
   15.1025     9.1054  0.000056
   15.3024     9.1054  0.000067
   15.5022     9.1054  0.000074
   15.7022     9.1054  0.000081
   15.9021     9.1054  0.000071
   16.1019     9.1054  0.000067
   16.3018     9.1054  0.000051
   16.5017     9.1054  0.000057
   16.7016     9.1054  0.000064
   16.9015     9.1054  0.000069
   17.1014     9.1054  0.000077
   17.3013     9.1054  0.000058
   17.5012     9.1054  0.000054
   17.7011     9.1054  0.000049
   17.9010     9.1054  0.000048
   18.1009     9.1054  0.000036
   18.3008     9.1054  0.000049
   18.5007     9.1054  0.000051
   18.7006     9.1054  0.000072
   18.9005     9.1054  0.000056
   19.1004     9.1054  0.000041
   19.3003     9.1054  0.000039
   19.5002     9.1054  0.000041
   19.7001     9.1054  0.000050
   19.9000     9.1054  0.000063
    0.1099     9.3054  0.000050
    0.3099     9.3054  0.000024
    0.5098     9.3054  0.000007
    0.7096     9.3054  0.000002
    0.9096     9.3054  0.000002
    1.1094     9.3054  0.000004
    1.3093     9.3054  0.000003
    1.5092     9.3054  0.000005
    1.7091     9.3054  0.000002
    1.9090     9.3054  0.000004
    2.1090     9.3054  0.000003
    2.3089     9.3054  0.000000
    2.5087     9.3054  0.000000
    2.7087     9.3054  0.000000
    2.9086     9.3054  0.000000
    3.1085     9.3054  0.000000
    3.3084     9.3054  0.000000
    3.5082     9.3054  0.000000
    3.7082     9.3054  0.000000
    3.9081     9.3054  0.000000
    4.1080     9.3054  0.000000
    4.3078     9.3054  0.000000
    4.5078     9.3054  0.000000
    4.7077     9.3054  0.000001
    4.9075     9.3054  0.000000
    5.1075     9.3054  0.000000
    5.3074     9.3054  0.000000
    5.5073     9.3054  0.000000
    5.7071     9.3054  0.000001
    5.9071     9.3054  0.000000
    6.1070     9.3054  0.000001
    6.3068     9.3054  0.000002
    6.5068     9.3054  0.000049
    6.7067     9.3054  0.000119
    6.9065     9.3054  0.000174
    7.1065     9.3054  0.000218
    7.3064     9.3054  0.000255
    7.5062     9.3054  0.000269
    7.7062     9.3054  0.000259
    7.9061     9.3054  0.000260
    8.1060     9.3054  0.000276
    8.3059     9.3054  0.000322
    8.5057     9.3054  0.000327
    8.7057     9.3054  0.000300
    8.9056     9.3054  0.000275
    9.1054     9.3054  0.000257
    9.3054     9.3054  0.000246
    9.5052     9.3054  0.000236
    9.7051     9.3054  0.000255
    9.9051     9.3054  0.000281
   10.1049     9.3054  0.000318
   10.3049     9.3054  0.000323
   10.5048     9.3054  0.000303
   10.7046     9.3054  0.000266
   10.9046     9.3054  0.000266
   11.1045     9.3054  0.000273
   11.3043     9.3054  0.000272
   11.5043     9.3054  0.000252
   11.7042     9.3054  0.000224
   11.9040     9.3054  0.000197
   12.1040     9.3054  0.000163
   12.3039     9.3054  0.000094
   12.5037     9.3054  0.000038
   12.7037     9.3054  0.000066
   12.9036     9.3054  0.000078
   13.1034     9.3054  0.000088
   13.3034     9.3054  0.000083
   13.5033     9.3054  0.000079
   13.7031     9.3054  0.000075
   13.9031     9.3054  0.000056
   14.1030     9.3054  0.000050
   14.3028     9.3054  0.000052
   14.5028     9.3054  0.000049
   14.7027     9.3054  0.000056
   14.9025     9.3054  0.000062
   15.1025     9.3054  0.000074
   15.3024     9.3054  0.000086
   15.5022     9.3054  0.000094
   15.7022     9.3054  0.000092
   15.9021     9.3054  0.000095
   16.1019     9.3054  0.000082
   16.3018     9.3054  0.000073
   16.5017     9.3054  0.000073
   16.7016     9.3054  0.000075
   16.9015     9.3054  0.000087
   17.1014     9.3054  0.000081
   17.3013     9.3054  0.000079
   17.5012     9.3054  0.000070
   17.7011     9.3054  0.000063
   17.9010     9.3054  0.000060
   18.1009     9.3054  0.000049
   18.3008     9.3054  0.000000
   18.5007     9.3054  0.000072
   18.7006     9.3054  0.000078
   18.9005     9.3054  0.000076
   19.1004     9.3054  0.000060
   19.3003     9.3054  0.000043
   19.5002     9.3054  0.000044
   19.7001     9.3054  0.000057
   19.9000     9.3054  0.000075
    0.1099     9.5052  0.000055
    0.3099     9.5052  0.000029
    0.5098     9.5052  0.000010
    0.7096     9.5052  0.000003
    0.9096     9.5052  0.000003
    1.1094     9.5052  0.000002
    1.3093     9.5052  0.000003
    1.5092     9.5052  0.000005
    1.7091     9.5052  0.000003
    1.9090     9.5052  0.000003
    2.1090     9.5052  0.000003
    2.3089     9.5052  0.000000
    2.5087     9.5052  0.000000
    2.7087     9.5052  0.000000
    2.9086     9.5052  0.000000
    3.1085     9.5052  0.000000
    3.3084     9.5052  0.000000
    3.5082     9.5052  0.000000
    3.7082     9.5052  0.000000
    3.9081     9.5052  0.000000
    4.1080     9.5052  0.000000
    4.3078     9.5052  0.000000
    4.5078     9.5052  0.000000
    4.7077     9.5052  0.000000
    4.9075     9.5052  0.000001
    5.1075     9.5052  0.000000
    5.3074     9.5052  0.000000
    5.5073     9.5052  0.000000
    5.7071     9.5052  0.000000
    5.9071     9.5052  0.000000
    6.1070     9.5052  0.000000
    6.3068     9.5052  0.000001
    6.5068     9.5052  0.000027
    6.7067     9.5052  0.000074
    6.9065     9.5052  0.000125
    7.1065     9.5052  0.000154
    7.3064     9.5052  0.000184
    7.5062     9.5052  0.000213
    7.7062     9.5052  0.000209
    7.9061     9.5052  0.000203
    8.1060     9.5052  0.000232
    8.3059     9.5052  0.000274
    8.5057     9.5052  0.000288
    8.7057     9.5052  0.000277
    8.9056     9.5052  0.000262
    9.1054     9.5052  0.000240
    9.3054     9.5052  0.000226
    9.5052     9.5052  0.000220
    9.7051     9.5052  0.000238
    9.9051     9.5052  0.000264
   10.1049     9.5052  0.000306
   10.3049     9.5052  0.000337
   10.5048     9.5052  0.000321
   10.7046     9.5052  0.000285
   10.9046     9.5052  0.000285
   11.1045     9.5052  0.000278
   11.3043     9.5052  0.000279
   11.5043     9.5052  0.000279
   11.7042     9.5052  0.000246
   11.9040     9.5052  0.000215
   12.1040     9.5052  0.000177
   12.3039     9.5052  0.000113
   12.5037     9.5052  0.000074
   12.7037     9.5052  0.000076
   12.9036     9.5052  0.000094
   13.1034     9.5052  0.000099
   13.3034     9.5052  0.000095
   13.5033     9.5052  0.000093
   13.7031     9.5052  0.000084
   13.9031     9.5052  0.000075
   14.1030     9.5052  0.000065
   14.3028     9.5052  0.000058
   14.5028     9.5052  0.000061
   14.7027     9.5052  0.000071
   14.9025     9.5052  0.000072
   15.1025     9.5052  0.000082
   15.3024     9.5052  0.000097
   15.5022     9.5052  0.000101
   15.7022     9.5052  0.000104
   15.9021     9.5052  0.000101
   16.1019     9.5052  0.000094
   16.3018     9.5052  0.000089
   16.5017     9.5052  0.000084
   16.7016     9.5052  0.000082
   16.9015     9.5052  0.000092
   17.1014     9.5052  0.000104
   17.3013     9.5052  0.000093
   17.5012     9.5052  0.000073
   17.7011     9.5052  0.000069
   17.9010     9.5052  0.000067
   18.1009     9.5052  0.000060
   18.3008     9.5052  0.000057
   18.5007     9.5052  0.000081
   18.7006     9.5052  0.000084
   18.9005     9.5052  0.000089
   19.1004     9.5052  0.000074
   19.3003     9.5052  0.000052
   19.5002     9.5052  0.000052
   19.7001     9.5052  0.000069
   19.9000     9.5052  0.000082
    0.1099     9.7051  0.000068
    0.3099     9.7051  0.000030
    0.5098     9.7051  0.000005
    0.7096     9.7051  0.000002
    0.9096     9.7051  0.000001
    1.1094     9.7051  0.000004
    1.3093     9.7051  0.000002
    1.5092     9.7051  0.000009
    1.7091     9.7051  0.000002
    1.9090     9.7051  0.000004
    2.1090     9.7051  0.000002
    2.3089     9.7051  0.000000
    2.5087     9.7051  0.000000
    2.7087     9.7051  0.000000
    2.9086     9.7051  0.000000
    3.1085     9.7051  0.000000
    3.3084     9.7051  0.000000
    3.5082     9.7051  0.000000
    3.7082     9.7051  0.000000
    3.9081     9.7051  0.000000
    4.1080     9.7051  0.000001
    4.3078     9.7051  0.000000
    4.5078     9.7051  0.000000
    4.7077     9.7051  0.000000
    4.9075     9.7051  0.000001
    5.1075     9.7051  0.000001
    5.3074     9.7051  0.000000
    5.5073     9.7051  0.000000
    5.7071     9.7051  0.000000
    5.9071     9.7051  0.000000
    6.1070     9.7051  0.000000
    6.3068     9.7051  0.000002
    6.5068     9.7051  0.000006
    6.7067     9.7051  0.000054
    6.9065     9.7051  0.000083
    7.1065     9.7051  0.000112
    7.3064     9.7051  0.000134
    7.5062     9.7051  0.000157
    7.7062     9.7051  0.000169
    7.9061     9.7051  0.000163
    8.1060     9.7051  0.000190
    8.3059     9.7051  0.000229
    8.5057     9.7051  0.000252
    8.7057     9.7051  0.000256
    8.9056     9.7051  0.000239
    9.1054     9.7051  0.000231
    9.3054     9.7051  0.000226
    9.5052     9.7051  0.000218
    9.7051     9.7051  0.000232
    9.9051     9.7051  0.000255
   10.1049     9.7051  0.000301
   10.3049     9.7051  0.000338
   10.5048     9.7051  0.000326
   10.7046     9.7051  0.000298
   10.9046     9.7051  0.000293
   11.1045     9.7051  0.000292
   11.3043     9.7051  0.000288
   11.5043     9.7051  0.000277
   11.7042     9.7051  0.000266
   11.9040     9.7051  0.000228
   12.1040     9.7051  0.000191
   12.3039     9.7051  0.000124
   12.5037     9.7051  0.000086
   12.7037     9.7051  0.000080
   12.9036     9.7051  0.000094
   13.1034     9.7051  0.000103
   13.3034     9.7051  0.000105
   13.5033     9.7051  0.000106
   13.7031     9.7051  0.000093
   13.9031     9.7051  0.000087
   14.1030     9.7051  0.000080
   14.3028     9.7051  0.000072
   14.5028     9.7051  0.000077
   14.7027     9.7051  0.000072
   14.9025     9.7051  0.000081
   15.1025     9.7051  0.000094
   15.3024     9.7051  0.000104
   15.5022     9.7051  0.000113
   15.7022     9.7051  0.000112
   15.9021     9.7051  0.000115
   16.1019     9.7051  0.000112
   16.3018     9.7051  0.000099
   16.5017     9.7051  0.000087
   16.7016     9.7051  0.000090
   16.9015     9.7051  0.000103
   17.1014     9.7051  0.000114
   17.3013     9.7051  0.000101
   17.5012     9.7051  0.000092
   17.7011     9.7051  0.000082
   17.9010     9.7051  0.000078
   18.1009     9.7051  0.000066
   18.3008     9.7051  0.000070
   18.5007     9.7051  0.000085
   18.7006     9.7051  0.000100
   18.9005     9.7051  0.000093
   19.1004     9.7051  0.000084
   19.3003     9.7051  0.000074
   19.5002     9.7051  0.000065
   19.7001     9.7051  0.000077
   19.9000     9.7051  0.000085
    0.1099     9.9051  0.000075
    0.3099     9.9051  0.000045
    0.5098     9.9051  0.000013
    0.7096     9.9051  0.000003
    0.9096     9.9051  0.000002
    1.1094     9.9051  0.000006
    1.3093     9.9051  0.000007
    1.5092     9.9051  0.000005
    1.7091     9.9051  0.000008
    1.9090     9.9051  0.000005
    2.1090     9.9051  0.000003
    2.3089     9.9051  0.000000
    2.5087     9.9051  0.000000
    2.7087     9.9051  0.000000
    2.9086     9.9051  0.000000
    3.1085     9.9051  0.000000
    3.3084     9.9051  0.000000
    3.5082     9.9051  0.000000
    3.7082     9.9051  0.000000
    3.9081     9.9051  0.000000
    4.1080     9.9051  0.000000
    4.3078     9.9051  0.000000
    4.5078     9.9051  0.000000
    4.7077     9.9051  0.000000
    4.9075     9.9051  0.000000
    5.1075     9.9051  0.000000
    5.3074     9.9051  0.000000
    5.5073     9.9051  0.000000
    5.7071     9.9051  0.000000
    5.9071     9.9051  0.000000
    6.1070     9.9051  0.000000
    6.3068     9.9051  0.000001
    6.5068     9.9051  0.000004
    6.7067     9.9051  0.000025
    6.9065     9.9051  0.000050
    7.1065     9.9051  0.000077
    7.3064     9.9051  0.000093
    7.5062     9.9051  0.000116
    7.7062     9.9051  0.000122
    7.9061     9.9051  0.000131
    8.1060     9.9051  0.000156
    8.3059     9.9051  0.000195
    8.5057     9.9051  0.000221
    8.7057     9.9051  0.000239
    8.9056     9.9051  0.000225
    9.1054     9.9051  0.000221
    9.3054     9.9051  0.000215
    9.5052     9.9051  0.000214
    9.7051     9.9051  0.000219
    9.9051     9.9051  0.000244
   10.1049     9.9051  0.000284
   10.3049     9.9051  0.000331
   10.5048     9.9051  0.000340
   10.7046     9.9051  0.000320
   10.9046     9.9051  0.000297
   11.1045     9.9051  0.000294
   11.3043     9.9051  0.000291
   11.5043     9.9051  0.000283
   11.7042     9.9051  0.000272
   11.9040     9.9051  0.000237
   12.1040     9.9051  0.000202
   12.3039     9.9051  0.000141
   12.5037     9.9051  0.000104
   12.7037     9.9051  0.000088
   12.9036     9.9051  0.000101
   13.1034     9.9051  0.000116
   13.3034     9.9051  0.000122
   13.5033     9.9051  0.000108
   13.7031     9.9051  0.000107
   13.9031     9.9051  0.000095
   14.1030     9.9051  0.000079
   14.3028     9.9051  0.000085
   14.5028     9.9051  0.000090
   14.7027     9.9051  0.000084
   14.9025     9.9051  0.000084
   15.1025     9.9051  0.000093
   15.3024     9.9051  0.000112
   15.5022     9.9051  0.000119
   15.7022     9.9051  0.000117
   15.9021     9.9051  0.000123
   16.1019     9.9051  0.000121
   16.3018     9.9051  0.000108
   16.5017     9.9051  0.000096
   16.7016     9.9051  0.000098
   16.9015     9.9051  0.000107
   17.1014     9.9051  0.000111
   17.3013     9.9051  0.000111
   17.5012     9.9051  0.000105
   17.7011     9.9051  0.000086
   17.9010     9.9051  0.000078
   18.1009     9.9051  0.000080
   18.3008     9.9051  0.000085
   18.5007     9.9051  0.000093
   18.7006     9.9051  0.000106
   18.9005     9.9051  0.000114
   19.1004     9.9051  0.000104
   19.3003     9.9051  0.000080
   19.5002     9.9051  0.000075
   19.7001     9.9051  0.000085
   19.9000     9.9051  0.000093
    0.1099    10.1049  0.000078
    0.3099    10.1049  0.000054
    0.5098    10.1049  0.000021
    0.7096    10.1049  0.000008
    0.9096    10.1049  0.000006
    1.1094    10.1049  0.000002
    1.3093    10.1049  0.000010
    1.5092    10.1049  0.000012
    1.7091    10.1049  0.000013
    1.9090    10.1049  0.000007
    2.1090    10.1049  0.000003
    2.3089    10.1049  0.000000
    2.5087    10.1049  0.000000
    2.7087    10.1049  0.000000
    2.9086    10.1049  0.000001
    3.1085    10.1049  0.000000
    3.3084    10.1049  0.000000
    3.5082    10.1049  0.000000
    3.7082    10.1049  0.000000
    3.9081    10.1049  0.000000
    4.1080    10.1049  0.000000
    4.3078    10.1049  0.000000
    4.5078    10.1049  0.000000
    4.7077    10.1049  0.000000
    4.9075    10.1049  0.000000
    5.1075    10.1049  0.000001
    5.3074    10.1049  0.000001
    5.5073    10.1049  0.000000
    5.7071    10.1049  0.000000
    5.9071    10.1049  0.000000
    6.1070    10.1049  0.000000
    6.3068    10.1049  0.000002
    6.5068    10.1049  0.000002
    6.7067    10.1049  0.000007
    6.9065    10.1049  0.000024
    7.1065    10.1049  0.000040
    7.3064    10.1049  0.000059
    7.5062    10.1049  0.000079
    7.7062    10.1049  0.000092
    7.9061    10.1049  0.000092
    8.1060    10.1049  0.000124
    8.3059    10.1049  0.000167
    8.5057    10.1049  0.000207
    8.7057    10.1049  0.000219
    8.9056    10.1049  0.000218
    9.1054    10.1049  0.000209
    9.3054    10.1049  0.000214
    9.5052    10.1049  0.000209
    9.7051    10.1049  0.000210
    9.9051    10.1049  0.000236
   10.1049    10.1049  0.000277
   10.3049    10.1049  0.000323
   10.5048    10.1049  0.000341
   10.7046    10.1049  0.000317
   10.9046    10.1049  0.000302
   11.1045    10.1049  0.000286
   11.3043    10.1049  0.000280
   11.5043    10.1049  0.000273
   11.7042    10.1049  0.000263
   11.9040    10.1049  0.000245
   12.1040    10.1049  0.000216
   12.3039    10.1049  0.000159
   12.5037    10.1049  0.000113
   12.7037    10.1049  0.000095
   12.9036    10.1049  0.000106
   13.1034    10.1049  0.000121
   13.3034    10.1049  0.000135
   13.5033    10.1049  0.000119
   13.7031    10.1049  0.000110
   13.9031    10.1049  0.000107
   14.1030    10.1049  0.000094
   14.3028    10.1049  0.000092
   14.5028    10.1049  0.000085
   14.7027    10.1049  0.000092
   14.9025    10.1049  0.000095
   15.1025    10.1049  0.000105
   15.3024    10.1049  0.000118
   15.5022    10.1049  0.000120
   15.7022    10.1049  0.000132
   15.9021    10.1049  0.000132
   16.1019    10.1049  0.000130
   16.3018    10.1049  0.000128
   16.5017    10.1049  0.000108
   16.7016    10.1049  0.000094
   16.9015    10.1049  0.000109
   17.1014    10.1049  0.000114
   17.3013    10.1049  0.000115
   17.5012    10.1049  0.000101
   17.7011    10.1049  0.000094
   17.9010    10.1049  0.000095
   18.1009    10.1049  0.000091
   18.3008    10.1049  0.000086
   18.5007    10.1049  0.000102
   18.7006    10.1049  0.000115
   18.9005    10.1049  0.000123
   19.1004    10.1049  0.000116
   19.3003    10.1049  0.000099
   19.5002    10.1049  0.000081
   19.7001    10.1049  0.000094
   19.9000    10.1049  0.000098
    0.1099    10.3049  0.000090
    0.3099    10.3049  0.000062
    0.5098    10.3049  0.000037
    0.7096    10.3049  0.000019
    0.9096    10.3049  0.000008
    1.1094    10.3049  0.000004
    1.3093    10.3049  0.000007
    1.5092    10.3049  0.000015
    1.7091    10.3049  0.000021
    1.9090    10.3049  0.000009
    2.1090    10.3049  0.000003
    2.3089    10.3049  0.000000
    2.5087    10.3049  0.000000
    2.7087    10.3049  0.000000
    2.9086    10.3049  0.000000
    3.1085    10.3049  0.000000
    3.3084    10.3049  0.000000
    3.5082    10.3049  0.000000
    3.7082    10.3049  0.000000
    3.9081    10.3049  0.000000
    4.1080    10.3049  0.000000
    4.3078    10.3049  0.000000
    4.5078    10.3049  0.000001
    4.7077    10.3049  0.000000
    4.9075    10.3049  0.000000
    5.1075    10.3049  0.000001
    5.3074    10.3049  0.000000
    5.5073    10.3049  0.000000
    5.7071    10.3049  0.000000
    5.9071    10.3049  0.000000
    6.1070    10.3049  0.000000
    6.3068    10.3049  0.000001
    6.5068    10.3049  0.000001
    6.7067    10.3049  0.000003
    6.9065    10.3049  0.000005
    7.1065    10.3049  0.000005
    7.3064    10.3049  0.000024
    7.5062    10.3049  0.000030
    7.7062    10.3049  0.000050
    7.9061    10.3049  0.000052
    8.1060    10.3049  0.000074
    8.3059    10.3049  0.000143
    8.5057    10.3049  0.000190
    8.7057    10.3049  0.000208
    8.9056    10.3049  0.000224
    9.1054    10.3049  0.000216
    9.3054    10.3049  0.000210
    9.5052    10.3049  0.000213
    9.7051    10.3049  0.000215
    9.9051    10.3049  0.000243
   10.1049    10.3049  0.000277
   10.3049    10.3049  0.000306
   10.5048    10.3049  0.000315
   10.7046    10.3049  0.000298
   10.9046    10.3049  0.000286
   11.1045    10.3049  0.000269
   11.3043    10.3049  0.000249
   11.5043    10.3049  0.000258
   11.7042    10.3049  0.000244
   11.9040    10.3049  0.000229
   12.1040    10.3049  0.000201
   12.3039    10.3049  0.000158
   12.5037    10.3049  0.000113
   12.7037    10.3049  0.000097
   12.9036    10.3049  0.000101
   13.1034    10.3049  0.000128
   13.3034    10.3049  0.000130
   13.5033    10.3049  0.000124
   13.7031    10.3049  0.000109
   13.9031    10.3049  0.000106
   14.1030    10.3049  0.000095
   14.3028    10.3049  0.000092
   14.5028    10.3049  0.000094
   14.7027    10.3049  0.000088
   14.9025    10.3049  0.000090
   15.1025    10.3049  0.000100
   15.3024    10.3049  0.000113
   15.5022    10.3049  0.000119
   15.7022    10.3049  0.000123
   15.9021    10.3049  0.000120
   16.1019    10.3049  0.000131
   16.3018    10.3049  0.000130
   16.5017    10.3049  0.000111
   16.7016    10.3049  0.000098
   16.9015    10.3049  0.000099
   17.1014    10.3049  0.000113
   17.3013    10.3049  0.000115
   17.5012    10.3049  0.000109
   17.7011    10.3049  0.000098
   17.9010    10.3049  0.000091
   18.1009    10.3049  0.000088
   18.3008    10.3049  0.000088
   18.5007    10.3049  0.000091
   18.7006    10.3049  0.000117
   18.9005    10.3049  0.000128
   19.1004    10.3049  0.000123
   19.3003    10.3049  0.000110
   19.5002    10.3049  0.000096
   19.7001    10.3049  0.000095
   19.9000    10.3049  0.000096
    0.1099    10.5048  0.000092
    0.3099    10.5048  0.000072
    0.5098    10.5048  0.000039
    0.7096    10.5048  0.000025
    0.9096    10.5048  0.000010
    1.1094    10.5048  0.000006
    1.3093    10.5048  0.000007
    1.5092    10.5048  0.000020
    1.7091    10.5048  0.000020
    1.9090    10.5048  0.000016
    2.1090    10.5048  0.000003
    2.3089    10.5048  0.000000
    2.5087    10.5048  0.000000
    2.7087    10.5048  0.000000
    2.9086    10.5048  0.000000
    3.1085    10.5048  0.000000
    3.3084    10.5048  0.000000
    3.5082    10.5048  0.000000
    3.7082    10.5048  0.000000
    3.9081    10.5048  0.000000
    4.1080    10.5048  0.000000
    4.3078    10.5048  0.000000
    4.5078    10.5048  0.000000
    4.7077    10.5048  0.000000
    4.9075    10.5048  0.000000
    5.1075    10.5048  0.000000
    5.3074    10.5048  0.000000
    5.5073    10.5048  0.000000
    5.7071    10.5048  0.000000
    5.9071    10.5048  0.000000
    6.1070    10.5048  0.000000
    6.3068    10.5048  0.000000
    6.5068    10.5048  0.000001
    6.7067    10.5048  0.000001
    6.9065    10.5048  0.000002
    7.1065    10.5048  0.000001
    7.3064    10.5048  0.000003
    7.5062    10.5048  0.000015
    7.7062    10.5048  0.000024
    7.9061    10.5048  0.000026
    8.1060    10.5048  0.000059
    8.3059    10.5048  0.000119
    8.5057    10.5048  0.000168
    8.7057    10.5048  0.000198
    8.9056    10.5048  0.000210
    9.1054    10.5048  0.000215
    9.3054    10.5048  0.000209
    9.5052    10.5048  0.000207
    9.7051    10.5048  0.000210
    9.9051    10.5048  0.000238
   10.1049    10.5048  0.000277
   10.3049    10.5048  0.000304
   10.5048    10.5048  0.000317
   10.7046    10.5048  0.000302
   10.9046    10.5048  0.000282
   11.1045    10.5048  0.000257
   11.3043    10.5048  0.000232
   11.5043    10.5048  0.000224
   11.7042    10.5048  0.000239
   11.9040    10.5048  0.000224
   12.1040    10.5048  0.000210
   12.3039    10.5048  0.000169
   12.5037    10.5048  0.000117
   12.7037    10.5048  0.000097
   12.9036    10.5048  0.000112
   13.1034    10.5048  0.000130
   13.3034    10.5048  0.000138
   13.5033    10.5048  0.000135
   13.7031    10.5048  0.000120
   13.9031    10.5048  0.000107
   14.1030    10.5048  0.000099
   14.3028    10.5048  0.000105
   14.5028    10.5048  0.000095
   14.7027    10.5048  0.000102
   14.9025    10.5048  0.000094
   15.1025    10.5048  0.000106
   15.3024    10.5048  0.000121
   15.5022    10.5048  0.000121
   15.7022    10.5048  0.000123
   15.9021    10.5048  0.000129
   16.1019    10.5048  0.000137
   16.3018    10.5048  0.000135
   16.5017    10.5048  0.000118
   16.7016    10.5048  0.000109
   16.9015    10.5048  0.000100
   17.1014    10.5048  0.000115
   17.3013    10.5048  0.000119
   17.5012    10.5048  0.000116
   17.7011    10.5048  0.000104
   17.9010    10.5048  0.000097
   18.1009    10.5048  0.000090
   18.3008    10.5048  0.000097
   18.5007    10.5048  0.000091
   18.7006    10.5048  0.000119
   18.9005    10.5048  0.000128
   19.1004    10.5048  0.000131
   19.3003    10.5048  0.000117
   19.5002    10.5048  0.000107
   19.7001    10.5048  0.000103
   19.9000    10.5048  0.000098
    0.1099    10.7046  0.000098
    0.3099    10.7046  0.000076
    0.5098    10.7046  0.000050
    0.7096    10.7046  0.000025
    0.9096    10.7046  0.000012
    1.1094    10.7046  0.000015
    1.3093    10.7046  0.000013
    1.5092    10.7046  0.000021
    1.7091    10.7046  0.000027
    1.9090    10.7046  0.000018
    2.1090    10.7046  0.000007
    2.3089    10.7046  0.000001
    2.5087    10.7046  0.000000
    2.7087    10.7046  0.000000
    2.9086    10.7046  0.000000
    3.1085    10.7046  0.000001
    3.3084    10.7046  0.000000
    3.5082    10.7046  0.000000
    3.7082    10.7046  0.000000
    3.9081    10.7046  0.000000
    4.1080    10.7046  0.000000
    4.3078    10.7046  0.000000
    4.5078    10.7046  0.000000
    4.7077    10.7046  0.000000
    4.9075    10.7046  0.000000
    5.1075    10.7046  0.000000
    5.3074    10.7046  0.000000
    5.5073    10.7046  0.000000
    5.7071    10.7046  0.000000
    5.9071    10.7046  0.000000
    6.1070    10.7046  0.000000
    6.3068    10.7046  0.000001
    6.5068    10.7046  0.000001
    6.7067    10.7046  0.000001
    6.9065    10.7046  0.000001
    7.1065    10.7046  0.000001
    7.3064    10.7046  0.000001
    7.5062    10.7046  0.000006
    7.7062    10.7046  0.000012
    7.9061    10.7046  0.000010
    8.1060    10.7046  0.000044
    8.3059    10.7046  0.000093
    8.5057    10.7046  0.000156
    8.7057    10.7046  0.000181
    8.9056    10.7046  0.000207
    9.1054    10.7046  0.000204
    9.3054    10.7046  0.000206
    9.5052    10.7046  0.000200
    9.7051    10.7046  0.000213
    9.9051    10.7046  0.000231
   10.1049    10.7046  0.000264
   10.3049    10.7046  0.000289
   10.5048    10.7046  0.000303
   10.7046    10.7046  0.000303
   10.9046    10.7046  0.000271
   11.1045    10.7046  0.000253
   11.3043    10.7046  0.000212
   11.5043    10.7046  0.000203
   11.7042    10.7046  0.000218
   11.9040    10.7046  0.000220
   12.1040    10.7046  0.000210
   12.3039    10.7046  0.000162
   12.5037    10.7046  0.000124
   12.7037    10.7046  0.000103
   12.9036    10.7046  0.000117
   13.1034    10.7046  0.000123
   13.3034    10.7046  0.000135
   13.5033    10.7046  0.000134
   13.7031    10.7046  0.000132
   13.9031    10.7046  0.000124
   14.1030    10.7046  0.000108
   14.3028    10.7046  0.000113
   14.5028    10.7046  0.000106
   14.7027    10.7046  0.000105
   14.9025    10.7046  0.000109
   15.1025    10.7046  0.000113
   15.3024    10.7046  0.000117
   15.5022    10.7046  0.000125
   15.7022    10.7046  0.000119
   15.9021    10.7046  0.000125
   16.1019    10.7046  0.000143
   16.3018    10.7046  0.000145
   16.5017    10.7046  0.000134
   16.7016    10.7046  0.000109
   16.9015    10.7046  0.000107
   17.1014    10.7046  0.000114
   17.3013    10.7046  0.000120
   17.5012    10.7046  0.000120
   17.7011    10.7046  0.000116
   17.9010    10.7046  0.000112
   18.1009    10.7046  0.000102
   18.3008    10.7046  0.000093
   18.5007    10.7046  0.000103
   18.7006    10.7046  0.000116
   18.9005    10.7046  0.000128
   19.1004    10.7046  0.000135
   19.3003    10.7046  0.000130
   19.5002    10.7046  0.000117
   19.7001    10.7046  0.000113
   19.9000    10.7046  0.000104
    0.1099    10.9046  0.000104
    0.3099    10.9046  0.000088
    0.5098    10.9046  0.000053
    0.7096    10.9046  0.000025
    0.9096    10.9046  0.000018
    1.1094    10.9046  0.000012
    1.3093    10.9046  0.000011
    1.5092    10.9046  0.000026
    1.7091    10.9046  0.000025
    1.9090    10.9046  0.000019
    2.1090    10.9046  0.000007
    2.3089    10.9046  0.000000
    2.5087    10.9046  0.000000
    2.7087    10.9046  0.000000
    2.9086    10.9046  0.000000
    3.1085    10.9046  0.000000
    3.3084    10.9046  0.000000
    3.5082    10.9046  0.000000
    3.7082    10.9046  0.000000
    3.9081    10.9046  0.000000
    4.1080    10.9046  0.000000
    4.3078    10.9046  0.000000
    4.5078    10.9046  0.000000
    4.7077    10.9046  0.000000
    4.9075    10.9046  0.000000
    5.1075    10.9046  0.000000
    5.3074    10.9046  0.000000
    5.5073    10.9046  0.000000
    5.7071    10.9046  0.000000
    5.9071    10.9046  0.000000
    6.1070    10.9046  0.000000
    6.3068    10.9046  0.000001
    6.5068    10.9046  0.000001
    6.7067    10.9046  0.000001
    6.9065    10.9046  0.000001
    7.1065    10.9046  0.000000
    7.3064    10.9046  0.000001
    7.5062    10.9046  0.000001
    7.7062    10.9046  0.000003
    7.9061    10.9046  0.000003
    8.1060    10.9046  0.000021
    8.3059    10.9046  0.000088
    8.5057    10.9046  0.000132
    8.7057    10.9046  0.000178
    8.9056    10.9046  0.000202
    9.1054    10.9046  0.000206
    9.3054    10.9046  0.000205
    9.5052    10.9046  0.000199
    9.7051    10.9046  0.000203
    9.9051    10.9046  0.000224
   10.1049    10.9046  0.000255
   10.3049    10.9046  0.000279
   10.5048    10.9046  0.000304
   10.7046    10.9046  0.000288
   10.9046    10.9046  0.000276
   11.1045    10.9046  0.000246
   11.3043    10.9046  0.000195
   11.5043    10.9046  0.000187
   11.7042    10.9046  0.000198
   11.9040    10.9046  0.000211
   12.1040    10.9046  0.000192
   12.3039    10.9046  0.000159
   12.5037    10.9046  0.000128
   12.7037    10.9046  0.000111
   12.9036    10.9046  0.000113
   13.1034    10.9046  0.000126
   13.3034    10.9046  0.000139
   13.5033    10.9046  0.000141
   13.7031    10.9046  0.000135
   13.9031    10.9046  0.000125
   14.1030    10.9046  0.000120
   14.3028    10.9046  0.000117
   14.5028    10.9046  0.000120
   14.7027    10.9046  0.000111
   14.9025    10.9046  0.000117
   15.1025    10.9046  0.000121
   15.3024    10.9046  0.000129
   15.5022    10.9046  0.000129
   15.7022    10.9046  0.000124
   15.9021    10.9046  0.000125
   16.1019    10.9046  0.000146
   16.3018    10.9046  0.000146
   16.5017    10.9046  0.000144
   16.7016    10.9046  0.000117
   16.9015    10.9046  0.000096
   17.1014    10.9046  0.000107
   17.3013    10.9046  0.000121
   17.5012    10.9046  0.000123
   17.7011    10.9046  0.000127
   17.9010    10.9046  0.000115
   18.1009    10.9046  0.000113
   18.3008    10.9046  0.000092
   18.5007    10.9046  0.000104
   18.7006    10.9046  0.000112
   18.9005    10.9046  0.000126
   19.1004    10.9046  0.000137
   19.3003    10.9046  0.000138
   19.5002    10.9046  0.000129
   19.7001    10.9046  0.000127
   19.9000    10.9046  0.000112
    0.1099    11.1045  0.000104
    0.3099    11.1045  0.000097
    0.5098    11.1045  0.000059
    0.7096    11.1045  0.000041
    0.9096    11.1045  0.000017
    1.1094    11.1045  0.000010
    1.3093    11.1045  0.000021
    1.5092    11.1045  0.000028
    1.7091    11.1045  0.000032
    1.9090    11.1045  0.000023
    2.1090    11.1045  0.000011
    2.3089    11.1045  0.000000
    2.5087    11.1045  0.000000
    2.7087    11.1045  0.000000
    2.9086    11.1045  0.000000
    3.1085    11.1045  0.000000
    3.3084    11.1045  0.000000
    3.5082    11.1045  0.000000
    3.7082    11.1045  0.000000
    3.9081    11.1045  0.000000
    4.1080    11.1045  0.000000
    4.3078    11.1045  0.000000
    4.5078    11.1045  0.000000
    4.7077    11.1045  0.000000
    4.9075    11.1045  0.000000
    5.1075    11.1045  0.000000
    5.3074    11.1045  0.000000
    5.5073    11.1045  0.000000
    5.7071    11.1045  0.000000
    5.9071    11.1045  0.000000
    6.1070    11.1045  0.000000
    6.3068    11.1045  0.000001
    6.5068    11.1045  0.000001
    6.7067    11.1045  0.000001
    6.9065    11.1045  0.000001
    7.1065    11.1045  0.000001
    7.3064    11.1045  0.000001
    7.5062    11.1045  0.000001
    7.7062    11.1045  0.000002
    7.9061    11.1045  0.000001
    8.1060    11.1045  0.000011
    8.3059    11.1045  0.000072
    8.5057    11.1045  0.000120
    8.7057    11.1045  0.000164
    8.9056    11.1045  0.000191
    9.1054    11.1045  0.000194
    9.3054    11.1045  0.000192
    9.5052    11.1045  0.000196
    9.7051    11.1045  0.000202
    9.9051    11.1045  0.000217
   10.1049    11.1045  0.000250
   10.3049    11.1045  0.000273
   10.5048    11.1045  0.000297
   10.7046    11.1045  0.000291
   10.9046    11.1045  0.000268
   11.1045    11.1045  0.000229
   11.3043    11.1045  0.000192
   11.5043    11.1045  0.000168
   11.7042    11.1045  0.000174
   11.9040    11.1045  0.000203
   12.1040    11.1045  0.000185
   12.3039    11.1045  0.000161
   12.5037    11.1045  0.000132
   12.7037    11.1045  0.000107
   12.9036    11.1045  0.000115
   13.1034    11.1045  0.000132
   13.3034    11.1045  0.000137
   13.5033    11.1045  0.000140
   13.7031    11.1045  0.000138
   13.9031    11.1045  0.000130
   14.1030    11.1045  0.000130
   14.3028    11.1045  0.000124
   14.5028    11.1045  0.000124
   14.7027    11.1045  0.000122
   14.9025    11.1045  0.000113
   15.1025    11.1045  0.000120
   15.3024    11.1045  0.000128
   15.5022    11.1045  0.000133
   15.7022    11.1045  0.000118
   15.9021    11.1045  0.000126
   16.1019    11.1045  0.000145
   16.3018    11.1045  0.000156
   16.5017    11.1045  0.000150
   16.7016    11.1045  0.000135
   16.9015    11.1045  0.000101
   17.1014    11.1045  0.000106
   17.3013    11.1045  0.000127
   17.5012    11.1045  0.000134
   17.7011    11.1045  0.000127
   17.9010    11.1045  0.000123
   18.1009    11.1045  0.000117
   18.3008    11.1045  0.000099
   18.5007    11.1045  0.000093
   18.7006    11.1045  0.000112
   18.9005    11.1045  0.000134
   19.1004    11.1045  0.000145
   19.3003    11.1045  0.000147
   19.5002    11.1045  0.000142
   19.7001    11.1045  0.000134
   19.9000    11.1045  0.000115
    0.1099    11.3043  0.000113
    0.3099    11.3043  0.000105
    0.5098    11.3043  0.000070
    0.7096    11.3043  0.000045
    0.9096    11.3043  0.000025
    1.1094    11.3043  0.000024
    1.3093    11.3043  0.000020
    1.5092    11.3043  0.000033
    1.7091    11.3043  0.000035
    1.9090    11.3043  0.000027
    2.1090    11.3043  0.000012
    2.3089    11.3043  0.000000
    2.5087    11.3043  0.000000
    2.7087    11.3043  0.000000
    2.9086    11.3043  0.000000
    3.1085    11.3043  0.000000
    3.3084    11.3043  0.000000
    3.5082    11.3043  0.000000
    3.7082    11.3043  0.000000
    3.9081    11.3043  0.000000
    4.1080    11.3043  0.000000
    4.3078    11.3043  0.000000
    4.5078    11.3043  0.000000
    4.7077    11.3043  0.000000
    4.9075    11.3043  0.000000
    5.1075    11.3043  0.000000
    5.3074    11.3043  0.000000
    5.5073    11.3043  0.000000
    5.7071    11.3043  0.000000
    5.9071    11.3043  0.000000
    6.1070    11.3043  0.000000
    6.3068    11.3043  0.000000
    6.5068    11.3043  0.000001
    6.7067    11.3043  0.000001
    6.9065    11.3043  0.000001
    7.1065    11.3043  0.000001
    7.3064    11.3043  0.000001
    7.5062    11.3043  0.000001
    7.7062    11.3043  0.000002
    7.9061    11.3043  0.000001
    8.1060    11.3043  0.000006
    8.3059    11.3043  0.000055
    8.5057    11.3043  0.000112
    8.7057    11.3043  0.000161
    8.9056    11.3043  0.000173
    9.1054    11.3043  0.000188
    9.3054    11.3043  0.000188
    9.5052    11.3043  0.000185
    9.7051    11.3043  0.000191
    9.9051    11.3043  0.000213
   10.1049    11.3043  0.000250
   10.3049    11.3043  0.000272
   10.5048    11.3043  0.000279
   10.7046    11.3043  0.000280
   10.9046    11.3043  0.000256
   11.1045    11.3043  0.000221
   11.3043    11.3043  0.000182
   11.5043    11.3043  0.000003
   11.7042    11.3043  0.000163
   11.9040    11.3043  0.000187
   12.1040    11.3043  0.000190
   12.3039    11.3043  0.000159
   12.5037    11.3043  0.000140
   12.7037    11.3043  0.000121
   12.9036    11.3043  0.000121
   13.1034    11.3043  0.000128
   13.3034    11.3043  0.000139
   13.5033    11.3043  0.000143
   13.7031    11.3043  0.000149
   13.9031    11.3043  0.000144
   14.1030    11.3043  0.000138
   14.3028    11.3043  0.000136
   14.5028    11.3043  0.000128
   14.7027    11.3043  0.000133
   14.9025    11.3043  0.000127
   15.1025    11.3043  0.000129
   15.3024    11.3043  0.000134
   15.5022    11.3043  0.000132
   15.7022    11.3043  0.000123
   15.9021    11.3043  0.000130
   16.1019    11.3043  0.000144
   16.3018    11.3043  0.000159
   16.5017    11.3043  0.000161
   16.7016    11.3043  0.000135
   16.9015    11.3043  0.000110
   17.1014    11.3043  0.000101
   17.3013    11.3043  0.000127
   17.5012    11.3043  0.000138
   17.7011    11.3043  0.000138
   17.9010    11.3043  0.000137
   18.1009    11.3043  0.000121
   18.3008    11.3043  0.000111
   18.5007    11.3043  0.000099
   18.7006    11.3043  0.000106
   18.9005    11.3043  0.000134
   19.1004    11.3043  0.000148
   19.3003    11.3043  0.000160
   19.5002    11.3043  0.000145
   19.7001    11.3043  0.000142
   19.9000    11.3043  0.000119
    0.1099    11.5043  0.000112
    0.3099    11.5043  0.000108
    0.5098    11.5043  0.000074
    0.7096    11.5043  0.000051
    0.9096    11.5043  0.000035
    1.1094    11.5043  0.000022
    1.3093    11.5043  0.000025
    1.5092    11.5043  0.000036
    1.7091    11.5043  0.000032
    1.9090    11.5043  0.000024
    2.1090    11.5043  0.000016
    2.3089    11.5043  0.000000
    2.5087    11.5043  0.000000
    2.7087    11.5043  0.000000
    2.9086    11.5043  0.000000
    3.1085    11.5043  0.000000
    3.3084    11.5043  0.000000
    3.5082    11.5043  0.000000
    3.7082    11.5043  0.000000
    3.9081    11.5043  0.000000
    4.1080    11.5043  0.000000
    4.3078    11.5043  0.000000
    4.5078    11.5043  0.000000
    4.7077    11.5043  0.000000
    4.9075    11.5043  0.000000
    5.1075    11.5043  0.000000
    5.3074    11.5043  0.000000
    5.5073    11.5043  0.000000
    5.7071    11.5043  0.000000
    5.9071    11.5043  0.000000
    6.1070    11.5043  0.000000
    6.3068    11.5043  0.000001
    6.5068    11.5043  0.000001
    6.7067    11.5043  0.000001
    6.9065    11.5043  0.000001
    7.1065    11.5043  0.000000
    7.3064    11.5043  0.000000
    7.5062    11.5043  0.000001
    7.7062    11.5043  0.000001
    7.9061    11.5043  0.000001
    8.1060    11.5043  0.000003
    8.3059    11.5043  0.000048
    8.5057    11.5043  0.000094
    8.7057    11.5043  0.000142
    8.9056    11.5043  0.000170
    9.1054    11.5043  0.000175
    9.3054    11.5043  0.000175
    9.5052    11.5043  0.000168
    9.7051    11.5043  0.000176
    9.9051    11.5043  0.000197
   10.1049    11.5043  0.000232
   10.3049    11.5043  0.000254
   10.5048    11.5043  0.000279
   10.7046    11.5043  0.000274
   10.9046    11.5043  0.000249
   11.1045    11.5043  0.000221
   11.3043    11.5043  0.000179
   11.5043    11.5043  0.000149
   11.7042    11.5043  0.000147
   11.9040    11.5043  0.000175
   12.1040    11.5043  0.000184
   12.3039    11.5043  0.000158
   12.5037    11.5043  0.000132
   12.7037    11.5043  0.000113
   12.9036    11.5043  0.000115
   13.1034    11.5043  0.000127
   13.3034    11.5043  0.000139
   13.5033    11.5043  0.000148
   13.7031    11.5043  0.000142
   13.9031    11.5043  0.000154
   14.1030    11.5043  0.000141
   14.3028    11.5043  0.000143
   14.5028    11.5043  0.000142
   14.7027    11.5043  0.000134
   14.9025    11.5043  0.000133
   15.1025    11.5043  0.000135
   15.3024    11.5043  0.000138
   15.5022    11.5043  0.000142
   15.7022    11.5043  0.000130
   15.9021    11.5043  0.000123
   16.1019    11.5043  0.000142
   16.3018    11.5043  0.000162
   16.5017    11.5043  0.000160
   16.7016    11.5043  0.000143
   16.9015    11.5043  0.000110
   17.1014    11.5043  0.000106
   17.3013    11.5043  0.000112
   17.5012    11.5043  0.000136
   17.7011    11.5043  0.000148
   17.9010    11.5043  0.000153
   18.1009    11.5043  0.000136
   18.3008    11.5043  0.000113
   18.5007    11.5043  0.000103
   18.7006    11.5043  0.000107
   18.9005    11.5043  0.000132
   19.1004    11.5043  0.000146
   19.3003    11.5043  0.000160
   19.5002    11.5043  0.000160
   19.7001    11.5043  0.000146
   19.9000    11.5043  0.000121
    0.1099    11.7042  0.000109
    0.3099    11.7042  0.000116
    0.5098    11.7042  0.000085
    0.7096    11.7042  0.000050
    0.9096    11.7042  0.000035
    1.1094    11.7042  0.000025
    1.3093    11.7042  0.000026
    1.5092    11.7042  0.000037
    1.7091    11.7042  0.000046
    1.9090    11.7042  0.000032
    2.1090    11.7042  0.000009
    2.3089    11.7042  0.000000
    2.5087    11.7042  0.000000
    2.7087    11.7042  0.000000
    2.9086    11.7042  0.000000
    3.1085    11.7042  0.000001
    3.3084    11.7042  0.000000
    3.5082    11.7042  0.000000
    3.7082    11.7042  0.000000
    3.9081    11.7042  0.000000
    4.1080    11.7042  0.000000
    4.3078    11.7042  0.000000
    4.5078    11.7042  0.000000
    4.7077    11.7042  0.000000
    4.9075    11.7042  0.000000
    5.1075    11.7042  0.000000
    5.3074    11.7042  0.000000
    5.5073    11.7042  0.000000
    5.7071    11.7042  0.000000
    5.9071    11.7042  0.000000
    6.1070    11.7042  0.000000
    6.3068    11.7042  0.000001
    6.5068    11.7042  0.000001
    6.7067    11.7042  0.000001
    6.9065    11.7042  0.000001
    7.1065    11.7042  0.000001
    7.3064    11.7042  0.000001
    7.5062    11.7042  0.000001
    7.7062    11.7042  0.000001
    7.9061    11.7042  0.000001
    8.1060    11.7042  0.000002
    8.3059    11.7042  0.000035
    8.5057    11.7042  0.000088
    8.7057    11.7042  0.000128
    8.9056    11.7042  0.000153
    9.1054    11.7042  0.000170
    9.3054    11.7042  0.000165
    9.5052    11.7042  0.000169
    9.7051    11.7042  0.000166
    9.9051    11.7042  0.000187
   10.1049    11.7042  0.000216
   10.3049    11.7042  0.000254
   10.5048    11.7042  0.000268
   10.7046    11.7042  0.000273
   10.9046    11.7042  0.000246
   11.1045    11.7042  0.000223
   11.3043    11.7042  0.000181
   11.5043    11.7042  0.000143
   11.7042    11.7042  0.000145
   11.9040    11.7042  0.000176
   12.1040    11.7042  0.000183
   12.3039    11.7042  0.000157
   12.5037    11.7042  0.000131
   12.7037    11.7042  0.000122
   12.9036    11.7042  0.000116
   13.1034    11.7042  0.000132
   13.3034    11.7042  0.000139
   13.5033    11.7042  0.000142
   13.7031    11.7042  0.000147
   13.9031    11.7042  0.000149
   14.1030    11.7042  0.000149
   14.3028    11.7042  0.000158
   14.5028    11.7042  0.000147
   14.7027    11.7042  0.000150
   14.9025    11.7042  0.000137
   15.1025    11.7042  0.000133
   15.3024    11.7042  0.000141
   15.5022    11.7042  0.000138
   15.7022    11.7042  0.000124
   15.9021    11.7042  0.000123
   16.1019    11.7042  0.000139
   16.3018    11.7042  0.000162
   16.5017    11.7042  0.000164
   16.7016    11.7042  0.000158
   16.9015    11.7042  0.000119
   17.1014    11.7042  0.000099
   17.3013    11.7042  0.000111
   17.5012    11.7042  0.000142
   17.7011    11.7042  0.000153
   17.9010    11.7042  0.000155
   18.1009    11.7042  0.000145
   18.3008    11.7042  0.000127
   18.5007    11.7042  0.000000
   18.7006    11.7042  0.000113
   18.9005    11.7042  0.000123
   19.1004    11.7042  0.000145
   19.3003    11.7042  0.000162
   19.5002    11.7042  0.000167
   19.7001    11.7042  0.000160
   19.9000    11.7042  0.000133
    0.1099    11.9040  0.000112
    0.3099    11.9040  0.000116
    0.5098    11.9040  0.000090
    0.7096    11.9040  0.000058
    0.9096    11.9040  0.000036
    1.1094    11.9040  0.000030
    1.3093    11.9040  0.000033
    1.5092    11.9040  0.000037
    1.7091    11.9040  0.000050
    1.9090    11.9040  0.000035
    2.1090    11.9040  0.000013
    2.3089    11.9040  0.000000
    2.5087    11.9040  0.000000
    2.7087    11.9040  0.000000
    2.9086    11.9040  0.000000
    3.1085    11.9040  0.000000
    3.3084    11.9040  0.000000
    3.5082    11.9040  0.000000
    3.7082    11.9040  0.000000
    3.9081    11.9040  0.000000
    4.1080    11.9040  0.000000
    4.3078    11.9040  0.000000
    4.5078    11.9040  0.000000
    4.7077    11.9040  0.000000
    4.9075    11.9040  0.000000
    5.1075    11.9040  0.000000
    5.3074    11.9040  0.000000
    5.5073    11.9040  0.000000
    5.7071    11.9040  0.000000
    5.9071    11.9040  0.000000
    6.1070    11.9040  0.000000
    6.3068    11.9040  0.000001
    6.5068    11.9040  0.000001
    6.7067    11.9040  0.000001
    6.9065    11.9040  0.000001
    7.1065    11.9040  0.000001
    7.3064    11.9040  0.000001
    7.5062    11.9040  0.000002
    7.7062    11.9040  0.000002
    7.9061    11.9040  0.000001
    8.1060    11.9040  0.000002
    8.3059    11.9040  0.000030
    8.5057    11.9040  0.000079
    8.7057    11.9040  0.000110
    8.9056    11.9040  0.000140
    9.1054    11.9040  0.000152
    9.3054    11.9040  0.000146
    9.5052    11.9040  0.000142
    9.7051    11.9040  0.000157
    9.9051    11.9040  0.000166
   10.1049    11.9040  0.000197
   10.3049    11.9040  0.000235
   10.5048    11.9040  0.000258
   10.7046    11.9040  0.000258
   10.9046    11.9040  0.000243
   11.1045    11.9040  0.000223
   11.3043    11.9040  0.000190
   11.5043    11.9040  0.000145
   11.7042    11.9040  0.000136
   11.9040    11.9040  0.000162
   12.1040    11.9040  0.000181
   12.3039    11.9040  0.000163
   12.5037    11.9040  0.000143
   12.7037    11.9040  0.000122
   12.9036    11.9040  0.000126
   13.1034    11.9040  0.000132
   13.3034    11.9040  0.000134
   13.5033    11.9040  0.000141
   13.7031    11.9040  0.000150
   13.9031    11.9040  0.000155
   14.1030    11.9040  0.000156
   14.3028    11.9040  0.000161
   14.5028    11.9040  0.000153
   14.7027    11.9040  0.000147
   14.9025    11.9040  0.000140
   15.1025    11.9040  0.000136
   15.3024    11.9040  0.000141
   15.5022    11.9040  0.000141
   15.7022    11.9040  0.000131
   15.9021    11.9040  0.000128
   16.1019    11.9040  0.000139
   16.3018    11.9040  0.000166
   16.5017    11.9040  0.000176
   16.7016    11.9040  0.000163
   16.9015    11.9040  0.000126
   17.1014    11.9040  0.000058
   17.3013    11.9040  0.000119
   17.5012    11.9040  0.000137
   17.7011    11.9040  0.000154
   17.9010    11.9040  0.000164
   18.1009    11.9040  0.000153
   18.3008    11.9040  0.000131
   18.5007    11.9040  0.000120
   18.7006    11.9040  0.000113
   18.9005    11.9040  0.000130
   19.1004    11.9040  0.000148
   19.3003    11.9040  0.000157
   19.5002    11.9040  0.000159
   19.7001    11.9040  0.000163
   19.9000    11.9040  0.000140
    0.1099    12.1040  0.000113
    0.3099    12.1040  0.000115
    0.5098    12.1040  0.000085
    0.7096    12.1040  0.000062
    0.9096    12.1040  0.000047
    1.1094    12.1040  0.000028
    1.3093    12.1040  0.000037
    1.5092    12.1040  0.000044
    1.7091    12.1040  0.000045
    1.9090    12.1040  0.000039
    2.1090    12.1040  0.000012
    2.3089    12.1040  0.000000
    2.5087    12.1040  0.000000
    2.7087    12.1040  0.000000
    2.9086    12.1040  0.000000
    3.1085    12.1040  0.000000
    3.3084    12.1040  0.000000
    3.5082    12.1040  0.000001
    3.7082    12.1040  0.000000
    3.9081    12.1040  0.000000
    4.1080    12.1040  0.000000
    4.3078    12.1040  0.000000
    4.5078    12.1040  0.000000
    4.7077    12.1040  0.000000
    4.9075    12.1040  0.000000
    5.1075    12.1040  0.000000
    5.3074    12.1040  0.000000
    5.5073    12.1040  0.000000
    5.7071    12.1040  0.000000
    5.9071    12.1040  0.000000
    6.1070    12.1040  0.000000
    6.3068    12.1040  0.000001
    6.5068    12.1040  0.000001
    6.7067    12.1040  0.000002
    6.9065    12.1040  0.000002
    7.1065    12.1040  0.000001
    7.3064    12.1040  0.000001
    7.5062    12.1040  0.000002
    7.7062    12.1040  0.000003
    7.9061    12.1040  0.000002
    8.1060    12.1040  0.000003
    8.3059    12.1040  0.000031
    8.5057    12.1040  0.000055
    8.7057    12.1040  0.000103
    8.9056    12.1040  0.000129
    9.1054    12.1040  0.000132
    9.3054    12.1040  0.000133
    9.5052    12.1040  0.000126
    9.7051    12.1040  0.000128
    9.9051    12.1040  0.000148
   10.1049    12.1040  0.000185
   10.3049    12.1040  0.000217
   10.5048    12.1040  0.000243
   10.7046    12.1040  0.000255
   10.9046    12.1040  0.000239
   11.1045    12.1040  0.000218
   11.3043    12.1040  0.000193
   11.5043    12.1040  0.000155
   11.7042    12.1040  0.000138
   11.9040    12.1040  0.000161
   12.1040    12.1040  0.000181
   12.3039    12.1040  0.000170
   12.5037    12.1040  0.000146
   12.7037    12.1040  0.000131
   12.9036    12.1040  0.000128
   13.1034    12.1040  0.000133
   13.3034    12.1040  0.000141
   13.5033    12.1040  0.000148
   13.7031    12.1040  0.000141
   13.9031    12.1040  0.000153
   14.1030    12.1040  0.000157
   14.3028    12.1040  0.000160
   14.5028    12.1040  0.000155
   14.7027    12.1040  0.000149
   14.9025    12.1040  0.000142
   15.1025    12.1040  0.000144
   15.3024    12.1040  0.000148
   15.5022    12.1040  0.000147
   15.7022    12.1040  0.000141
   15.9021    12.1040  0.000127
   16.1019    12.1040  0.000139
   16.3018    12.1040  0.000160
   16.5017    12.1040  0.000174
   16.7016    12.1040  0.000167
   16.9015    12.1040  0.000131
   17.1014    12.1040  0.000114
   17.3013    12.1040  0.000115
   17.5012    12.1040  0.000138
   17.7011    12.1040  0.000157
   17.9010    12.1040  0.000164
   18.1009    12.1040  0.000160
   18.3008    12.1040  0.000142
   18.5007    12.1040  0.000129
   18.7006    12.1040  0.000112
   18.9005    12.1040  0.000132
   19.1004    12.1040  0.000141
   19.3003    12.1040  0.000158
   19.5002    12.1040  0.000170
   19.7001    12.1040  0.000164
   19.9000    12.1040  0.000140
    0.1099    12.3039  0.000117
    0.3099    12.3039  0.000115
    0.5098    12.3039  0.000088
    0.7096    12.3039  0.000059
    0.9096    12.3039  0.000038
    1.1094    12.3039  0.000035
    1.3093    12.3039  0.000042
    1.5092    12.3039  0.000042
    1.7091    12.3039  0.000040
    1.9090    12.3039  0.000037
    2.1090    12.3039  0.000013
    2.3089    12.3039  0.000000
    2.5087    12.3039  0.000000
    2.7087    12.3039  0.000000
    2.9086    12.3039  0.000000
    3.1085    12.3039  0.000000
    3.3084    12.3039  0.000000
    3.5082    12.3039  0.000000
    3.7082    12.3039  0.000000
    3.9081    12.3039  0.000000
    4.1080    12.3039  0.000000
    4.3078    12.3039  0.000000
    4.5078    12.3039  0.000000
    4.7077    12.3039  0.000000
    4.9075    12.3039  0.000000
    5.1075    12.3039  0.000000
    5.3074    12.3039  0.000000
    5.5073    12.3039  0.000000
    5.7071    12.3039  0.000000
    5.9071    12.3039  0.000000
    6.1070    12.3039  0.000000
    6.3068    12.3039  0.000001
    6.5068    12.3039  0.000003
    6.7067    12.3039  0.000002
    6.9065    12.3039  0.000002
    7.1065    12.3039  0.000001
    7.3064    12.3039  0.000002
    7.5062    12.3039  0.000003
    7.7062    12.3039  0.000009
    7.9061    12.3039  0.000002
    8.1060    12.3039  0.000005
    8.3059    12.3039  0.000013
    8.5057    12.3039  0.000051
    8.7057    12.3039  0.000074
    8.9056    12.3039  0.000106
    9.1054    12.3039  0.000117
    9.3054    12.3039  0.000106
    9.5052    12.3039  0.000101
    9.7051    12.3039  0.000107
    9.9051    12.3039  0.000127
   10.1049    12.3039  0.000163
   10.3049    12.3039  0.000200
   10.5048    12.3039  0.000227
   10.7046    12.3039  0.000236
   10.9046    12.3039  0.000228
   11.1045    12.3039  0.000218
   11.3043    12.3039  0.000192
   11.5043    12.3039  0.000165
   11.7042    12.3039  0.000141
   11.9040    12.3039  0.000165
   12.1040    12.3039  0.000181
   12.3039    12.3039  0.000174
   12.5037    12.3039  0.000156
   12.7037    12.3039  0.000132
   12.9036    12.3039  0.000126
   13.1034    12.3039  0.000134
   13.3034    12.3039  0.000141
   13.5033    12.3039  0.000138
   13.7031    12.3039  0.000143
   13.9031    12.3039  0.000154
   14.1030    12.3039  0.000150
   14.3028    12.3039  0.000164
   14.5028    12.3039  0.000168
   14.7027    12.3039  0.000156
   14.9025    12.3039  0.000141
   15.1025    12.3039  0.000140
   15.3024    12.3039  0.000149
   15.5022    12.3039  0.000149
   15.7022    12.3039  0.000140
   15.9021    12.3039  0.000123
   16.1019    12.3039  0.000141
   16.3018    12.3039  0.000162
   16.5017    12.3039  0.000173
   16.7016    12.3039  0.000162
   16.9015    12.3039  0.000140
   17.1014    12.3039  0.000114
   17.3013    12.3039  0.000114
   17.5012    12.3039  0.000138
   17.7011    12.3039  0.000155
   17.9010    12.3039  0.000163
   18.1009    12.3039  0.000168
   18.3008    12.3039  0.000164
   18.5007    12.3039  0.000138
   18.7006    12.3039  0.000116
   18.9005    12.3039  0.000118
   19.1004    12.3039  0.000138
   19.3003    12.3039  0.000149
   19.5002    12.3039  0.000162
   19.7001    12.3039  0.000173
   19.9000    12.3039  0.000141
    0.1099    12.5037  0.000119
    0.3099    12.5037  0.000110
    0.5098    12.5037  0.000097
    0.7096    12.5037  0.000070
    0.9096    12.5037  0.000042
    1.1094    12.5037  0.000028
    1.3093    12.5037  0.000035
    1.5092    12.5037  0.000042
    1.7091    12.5037  0.000050
    1.9090    12.5037  0.000042
    2.1090    12.5037  0.000014
    2.3089    12.5037  0.000000
    2.5087    12.5037  0.000000
    2.7087    12.5037  0.000000
    2.9086    12.5037  0.000000
    3.1085    12.5037  0.000000
    3.3084    12.5037  0.000000
    3.5082    12.5037  0.000000
    3.7082    12.5037  0.000000
    3.9081    12.5037  0.000000
    4.1080    12.5037  0.000000
    4.3078    12.5037  0.000000
    4.5078    12.5037  0.000000
    4.7077    12.5037  0.000000
    4.9075    12.5037  0.000000
    5.1075    12.5037  0.000000
    5.3074    12.5037  0.000000
    5.5073    12.5037  0.000000
    5.7071    12.5037  0.000000
    5.9071    12.5037  0.000000
    6.1070    12.5037  0.000000
    6.3068    12.5037  0.000001
    6.5068    12.5037  0.000003
    6.7067    12.5037  0.000001
    6.9065    12.5037  0.000002
    7.1065    12.5037  0.000001
    7.3064    12.5037  0.000002
    7.5062    12.5037  0.000008
    7.7062    12.5037  0.000006
    7.9061    12.5037  0.000001
    8.1060    12.5037  0.000008
    8.3059    12.5037  0.000014
    8.5057    12.5037  0.000041
    8.7057    12.5037  0.000067
    8.9056    12.5037  0.000089
    9.1054    12.5037  0.000100
    9.3054    12.5037  0.000097
    9.5052    12.5037  0.000093
    9.7051    12.5037  0.000090
    9.9051    12.5037  0.000106
   10.1049    12.5037  0.000143
   10.3049    12.5037  0.000180
   10.5048    12.5037  0.000208
   10.7046    12.5037  0.000228
   10.9046    12.5037  0.000232
   11.1045    12.5037  0.000215
   11.3043    12.5037  0.000197
   11.5043    12.5037  0.000177
   11.7042    12.5037  0.000152
   11.9040    12.5037  0.000168
   12.1040    12.5037  0.000175
   12.3039    12.5037  0.000178
   12.5037    12.5037  0.000155
   12.7037    12.5037  0.000136
   12.9036    12.5037  0.000134
   13.1034    12.5037  0.000135
   13.3034    12.5037  0.000138
   13.5033    12.5037  0.000144
   13.7031    12.5037  0.000138
   13.9031    12.5037  0.000149
   14.1030    12.5037  0.000158
   14.3028    12.5037  0.000171
   14.5028    12.5037  0.000164
   14.7027    12.5037  0.000160
   14.9025    12.5037  0.000151
   15.1025    12.5037  0.000141
   15.3024    12.5037  0.000152
   15.5022    12.5037  0.000148
   15.7022    12.5037  0.000143
   15.9021    12.5037  0.000135
   16.1019    12.5037  0.000130
   16.3018    12.5037  0.000167
   16.5017    12.5037  0.000175
   16.7016    12.5037  0.000165
   16.9015    12.5037  0.000143
   17.1014    12.5037  0.000121
   17.3013    12.5037  0.000111
   17.5012    12.5037  0.000136
   17.7011    12.5037  0.000152
   17.9010    12.5037  0.000170
   18.1009    12.5037  0.000171
   18.3008    12.5037  0.000169
   18.5007    12.5037  0.000149
   18.7006    12.5037  0.000126
   18.9005    12.5037  0.000121
   19.1004    12.5037  0.000132
   19.3003    12.5037  0.000148
   19.5002    12.5037  0.000166
   19.7001    12.5037  0.000172
   19.9000    12.5037  0.000149
    0.1099    12.7037  0.000116
    0.3099    12.7037  0.000121
    0.5098    12.7037  0.000094
    0.7096    12.7037  0.000063
    0.9096    12.7037  0.000045
    1.1094    12.7037  0.000034
    1.3093    12.7037  0.000033
    1.5092    12.7037  0.000043
    1.7091    12.7037  0.000048
    1.9090    12.7037  0.000044
    2.1090    12.7037  0.000009
    2.3089    12.7037  0.000001
    2.5087    12.7037  0.000000
    2.7087    12.7037  0.000000
    2.9086    12.7037  0.000000
    3.1085    12.7037  0.000000
    3.3084    12.7037  0.000000
    3.5082    12.7037  0.000000
    3.7082    12.7037  0.000000
    3.9081    12.7037  0.000000
    4.1080    12.7037  0.000000
    4.3078    12.7037  0.000000
    4.5078    12.7037  0.000000
    4.7077    12.7037  0.000000
    4.9075    12.7037  0.000000
    5.1075    12.7037  0.000000
    5.3074    12.7037  0.000000
    5.5073    12.7037  0.000000
    5.7071    12.7037  0.000000
    5.9071    12.7037  0.000000
    6.1070    12.7037  0.000000
    6.3068    12.7037  0.000001
    6.5068    12.7037  0.000004
    6.7067    12.7037  0.000002
    6.9065    12.7037  0.000001
    7.1065    12.7037  0.000001
    7.3064    12.7037  0.000002
    7.5062    12.7037  0.000013
    7.7062    12.7037  0.000010
    7.9061    12.7037  0.000007
    8.1060    12.7037  0.000012
    8.3059    12.7037  0.000020
    8.5057    12.7037  0.000040
    8.7057    12.7037  0.000057
    8.9056    12.7037  0.000083
    9.1054    12.7037  0.000085
    9.3054    12.7037  0.000079
    9.5052    12.7037  0.000076
    9.7051    12.7037  0.000083
    9.9051    12.7037  0.000090
   10.1049    12.7037  0.000122
   10.3049    12.7037  0.000157
   10.5048    12.7037  0.000203
   10.7046    12.7037  0.000216
   10.9046    12.7037  0.000222
   11.1045    12.7037  0.000215
   11.3043    12.7037  0.000195
   11.5043    12.7037  0.000179
   11.7042    12.7037  0.000166
   11.9040    12.7037  0.000164
   12.1040    12.7037  0.000187
   12.3039    12.7037  0.000179
   12.5037    12.7037  0.000167
   12.7037    12.7037  0.000148
   12.9036    12.7037  0.000138
   13.1034    12.7037  0.000132
   13.3034    12.7037  0.000138
   13.5033    12.7037  0.000132
   13.7031    12.7037  0.000143
   13.9031    12.7037  0.000147
   14.1030    12.7037  0.000162
   14.3028    12.7037  0.000165
   14.5028    12.7037  0.000171
   14.7027    12.7037  0.000163
   14.9025    12.7037  0.000149
   15.1025    12.7037  0.000150
   15.3024    12.7037  0.000152
   15.5022    12.7037  0.000155
   15.7022    12.7037  0.000145
   15.9021    12.7037  0.000142
   16.1019    12.7037  0.000129
   16.3018    12.7037  0.000161
   16.5017    12.7037  0.000178
   16.7016    12.7037  0.000168
   16.9015    12.7037  0.000146
   17.1014    12.7037  0.000121
   17.3013    12.7037  0.000122
   17.5012    12.7037  0.000136
   17.7011    12.7037  0.000152
   17.9010    12.7037  0.000169
   18.1009    12.7037  0.000175
   18.3008    12.7037  0.000179
   18.5007    12.7037  0.000163
   18.7006    12.7037  0.000140
   18.9005    12.7037  0.000133
   19.1004    12.7037  0.000133
   19.3003    12.7037  0.000142
   19.5002    12.7037  0.000158
   19.7001    12.7037  0.000166
   19.9000    12.7037  0.000153
    0.1099    12.9036  0.000122
    0.3099    12.9036  0.000115
    0.5098    12.9036  0.000091
    0.7096    12.9036  0.000065
    0.9096    12.9036  0.000043
    1.1094    12.9036  0.000035
    1.3093    12.9036  0.000038
    1.5092    12.9036  0.000055
    1.7091    12.9036  0.000052
    1.9090    12.9036  0.000040
    2.1090    12.9036  0.000018
    2.3089    12.9036  0.000000
    2.5087    12.9036  0.000000
    2.7087    12.9036  0.000000
    2.9086    12.9036  0.000000
    3.1085    12.9036  0.000000
    3.3084    12.9036  0.000000
    3.5082    12.9036  0.000000
    3.7082    12.9036  0.000001
    3.9081    12.9036  0.000000
    4.1080    12.9036  0.000000
    4.3078    12.9036  0.000000
    4.5078    12.9036  0.000000
    4.7077    12.9036  0.000000
    4.9075    12.9036  0.000000
    5.1075    12.9036  0.000000
    5.3074    12.9036  0.000000
    5.5073    12.9036  0.000000
    5.7071    12.9036  0.000000
    5.9071    12.9036  0.000000
    6.1070    12.9036  0.000000
    6.3068    12.9036  0.000001
    6.5068    12.9036  0.000004
    6.7067    12.9036  0.000005
    6.9065    12.9036  0.000002
    7.1065    12.9036  0.000001
    7.3064    12.9036  0.000005
    7.5062    12.9036  0.000015
    7.7062    12.9036  0.000017
    7.9061    12.9036  0.000005
    8.1060    12.9036  0.000017
    8.3059    12.9036  0.000020
    8.5057    12.9036  0.000034
    8.7057    12.9036  0.000050
    8.9056    12.9036  0.000068
    9.1054    12.9036  0.000077
    9.3054    12.9036  0.000077
    9.5052    12.9036  0.000058
    9.7051    12.9036  0.000055
    9.9051    12.9036  0.000074
   10.1049    12.9036  0.000101
   10.3049    12.9036  0.000143
   10.5048    12.9036  0.000180
   10.7046    12.9036  0.000197
   10.9046    12.9036  0.000209
   11.1045    12.9036  0.000214
   11.3043    12.9036  0.000198
   11.5043    12.9036  0.000189
   11.7042    12.9036  0.000168
   11.9040    12.9036  0.000166
   12.1040    12.9036  0.000188
   12.3039    12.9036  0.000181
   12.5037    12.9036  0.000172
   12.7037    12.9036  0.000156
   12.9036    12.9036  0.000137
   13.1034    12.9036  0.000134
   13.3034    12.9036  0.000137
   13.5033    12.9036  0.000135
   13.7031    12.9036  0.000136
   13.9031    12.9036  0.000145
   14.1030    12.9036  0.000157
   14.3028    12.9036  0.000172
   14.5028    12.9036  0.000176
   14.7027    12.9036  0.000161
   14.9025    12.9036  0.000158
   15.1025    12.9036  0.000149
   15.3024    12.9036  0.000160
   15.5022    12.9036  0.000158
   15.7022    12.9036  0.000154
   15.9021    12.9036  0.000137
   16.1019    12.9036  0.000142
   16.3018    12.9036  0.000159
   16.5017    12.9036  0.000174
   16.7016    12.9036  0.000173
   16.9015    12.9036  0.000152
   17.1014    12.9036  0.000126
   17.3013    12.9036  0.000125
   17.5012    12.9036  0.000141
   17.7011    12.9036  0.000158
   17.9010    12.9036  0.000171
   18.1009    12.9036  0.000177
   18.3008    12.9036  0.000186
   18.5007    12.9036  0.000175
   18.7006    12.9036  0.000146
   18.9005    12.9036  0.000142
   19.1004    12.9036  0.000132
   19.3003    12.9036  0.000144
   19.5002    12.9036  0.000156
   19.7001    12.9036  0.000174
   19.9000    12.9036  0.000150
    0.1099    13.1034  0.000119
    0.3099    13.1034  0.000119
    0.5098    13.1034  0.000099
    0.7096    13.1034  0.000067
    0.9096    13.1034  0.000041
    1.1094    13.1034  0.000043
    1.3093    13.1034  0.000043
    1.5092    13.1034  0.000041
    1.7091    13.1034  0.000053
    1.9090    13.1034  0.000040
    2.1090    13.1034  0.000013
    2.3089    13.1034  0.000000
    2.5087    13.1034  0.000000
    2.7087    13.1034  0.000000
    2.9086    13.1034  0.000000
    3.1085    13.1034  0.000000
    3.3084    13.1034  0.000000
    3.5082    13.1034  0.000000
    3.7082    13.1034  0.000000
    3.9081    13.1034  0.000000
    4.1080    13.1034  0.000001
    4.3078    13.1034  0.000000
    4.5078    13.1034  0.000000
    4.7077    13.1034  0.000000
    4.9075    13.1034  0.000000
    5.1075    13.1034  0.000000
    5.3074    13.1034  0.000000
    5.5073    13.1034  0.000000
    5.7071    13.1034  0.000000
    5.9071    13.1034  0.000000
    6.1070    13.1034  0.000000
    6.3068    13.1034  0.000001
    6.5068    13.1034  0.000002
    6.7067    13.1034  0.000002
    6.9065    13.1034  0.000001
    7.1065    13.1034  0.000002
    7.3064    13.1034  0.000003
    7.5062    13.1034  0.000012
    7.7062    13.1034  0.000019
    7.9061    13.1034  0.000003
    8.1060    13.1034  0.000013
    8.3059    13.1034  0.000018
    8.5057    13.1034  0.000027
    8.7057    13.1034  0.000044
    8.9056    13.1034  0.000064
    9.1054    13.1034  0.000073
    9.3054    13.1034  0.000062
    9.5052    13.1034  0.000052
    9.7051    13.1034  0.000048
    9.9051    13.1034  0.000065
   10.1049    13.1034  0.000091
   10.3049    13.1034  0.000119
   10.5048    13.1034  0.000155
   10.7046    13.1034  0.000184
   10.9046    13.1034  0.000202
   11.1045    13.1034  0.000196
   11.3043    13.1034  0.000195
   11.5043    13.1034  0.000177
   11.7042    13.1034  0.000184
   11.9040    13.1034  0.000178
   12.1040    13.1034  0.000187
   12.3039    13.1034  0.000193
   12.5037    13.1034  0.000190
   12.7037    13.1034  0.000171
   12.9036    13.1034  0.000152
   13.1034    13.1034  0.000148
   13.3034    13.1034  0.000138
   13.5033    13.1034  0.000143
   13.7031    13.1034  0.000145
   13.9031    13.1034  0.000142
   14.1030    13.1034  0.000153
   14.3028    13.1034  0.000170
   14.5028    13.1034  0.000178
   14.7027    13.1034  0.000164
   14.9025    13.1034  0.000160
   15.1025    13.1034  0.000151
   15.3024    13.1034  0.000161
   15.5022    13.1034  0.000165
   15.7022    13.1034  0.000154
   15.9021    13.1034  0.000142
   16.1019    13.1034  0.000146
   16.3018    13.1034  0.000154
   16.5017    13.1034  0.000170
   16.7016    13.1034  0.000171
   16.9015    13.1034  0.000160
   17.1014    13.1034  0.000146
   17.3013    13.1034  0.000128
   17.5012    13.1034  0.000142
   17.7011    13.1034  0.000151
   17.9010    13.1034  0.000163
   18.1009    13.1034  0.000180
   18.3008    13.1034  0.000191
   18.5007    13.1034  0.000182
   18.7006    13.1034  0.000168
   18.9005    13.1034  0.000144
   19.1004    13.1034  0.000145
   19.3003    13.1034  0.000145
   19.5002    13.1034  0.000165
   19.7001    13.1034  0.000169
   19.9000    13.1034  0.000147
    0.1099    13.3034  0.000118
    0.3099    13.3034  0.000120
    0.5098    13.3034  0.000091
    0.7096    13.3034  0.000071
    0.9096    13.3034  0.000053
    1.1094    13.3034  0.000041
    1.3093    13.3034  0.000048
    1.5092    13.3034  0.000051
    1.7091    13.3034  0.000058
    1.9090    13.3034  0.000042
    2.1090    13.3034  0.000020
    2.3089    13.3034  0.000001
    2.5087    13.3034  0.000000
    2.7087    13.3034  0.000000
    2.9086    13.3034  0.000000
    3.1085    13.3034  0.000000
    3.3084    13.3034  0.000000
    3.5082    13.3034  0.000000
    3.7082    13.3034  0.000000
    3.9081    13.3034  0.000000
    4.1080    13.3034  0.000000
    4.3078    13.3034  0.000000
    4.5078    13.3034  0.000000
    4.7077    13.3034  0.000000
    4.9075    13.3034  0.000000
    5.1075    13.3034  0.000000
    5.3074    13.3034  0.000000
    5.5073    13.3034  0.000000
    5.7071    13.3034  0.000000
    5.9071    13.3034  0.000000
    6.1070    13.3034  0.000000
    6.3068    13.3034  0.000001
    6.5068    13.3034  0.000002
    6.7067    13.3034  0.000003
    6.9065    13.3034  0.000002
    7.1065    13.3034  0.000001
    7.3064    13.3034  0.000003
    7.5062    13.3034  0.000016
    7.7062    13.3034  0.000016
    7.9061    13.3034  0.000015
    8.1060    13.3034  0.000017
    8.3059    13.3034  0.000021
    8.5057    13.3034  0.000037
    8.7057    13.3034  0.000042
    8.9056    13.3034  0.000056
    9.1054    13.3034  0.000056
    9.3054    13.3034  0.000055
    9.5052    13.3034  0.000039
    9.7051    13.3034  0.000035
    9.9051    13.3034  0.000050
   10.1049    13.3034  0.000076
   10.3049    13.3034  0.000110
   10.5048    13.3034  0.000144
   10.7046    13.3034  0.000176
   10.9046    13.3034  0.000185
   11.1045    13.3034  0.000187
   11.3043    13.3034  0.000186
   11.5043    13.3034  0.000179
   11.7042    13.3034  0.000181
   11.9040    13.3034  0.000179
   12.1040    13.3034  0.000183
   12.3039    13.3034  0.000196
   12.5037    13.3034  0.000195
   12.7037    13.3034  0.000183
   12.9036    13.3034  0.000161
   13.1034    13.3034  0.000148
   13.3034    13.3034  0.000142
   13.5033    13.3034  0.000140
   13.7031    13.3034  0.000138
   13.9031    13.3034  0.000144
   14.1030    13.3034  0.000150
   14.3028    13.3034  0.000166
   14.5028    13.3034  0.000174
   14.7027    13.3034  0.000171
   14.9025    13.3034  0.000157
   15.1025    13.3034  0.000153
   15.3024    13.3034  0.000165
   15.5022    13.3034  0.000161
   15.7022    13.3034  0.000159
   15.9021    13.3034  0.000150
   16.1019    13.3034  0.000135
   16.3018    13.3034  0.000151
   16.5017    13.3034  0.000172
   16.7016    13.3034  0.000175
   16.9015    13.3034  0.000165
   17.1014    13.3034  0.000145
   17.3013    13.3034  0.000139
   17.5012    13.3034  0.000140
   17.7011    13.3034  0.000156
   17.9010    13.3034  0.000167
   18.1009    13.3034  0.000176
   18.3008    13.3034  0.000188
   18.5007    13.3034  0.000190
   18.7006    13.3034  0.000175
   18.9005    13.3034  0.000152
   19.1004    13.3034  0.000146
   19.3003    13.3034  0.000147
   19.5002    13.3034  0.000159
   19.7001    13.3034  0.000164
   19.9000    13.3034  0.000153
    0.1099    13.5033  0.000123
    0.3099    13.5033  0.000115
    0.5098    13.5033  0.000099
    0.7096    13.5033  0.000066
    0.9096    13.5033  0.000046
    1.1094    13.5033  0.000040
    1.3093    13.5033  0.000045
    1.5092    13.5033  0.000059
    1.7091    13.5033  0.000053
    1.9090    13.5033  0.000042
    2.1090    13.5033  0.000021
    2.3089    13.5033  0.000000
    2.5087    13.5033  0.000000
    2.7087    13.5033  0.000000
    2.9086    13.5033  0.000000
    3.1085    13.5033  0.000000
    3.3084    13.5033  0.000000
    3.5082    13.5033  0.000000
    3.7082    13.5033  0.000000
    3.9081    13.5033  0.000000
    4.1080    13.5033  0.000001
    4.3078    13.5033  0.000000
    4.5078    13.5033  0.000000
    4.7077    13.5033  0.000000
    4.9075    13.5033  0.000000
    5.1075    13.5033  0.000000
    5.3074    13.5033  0.000000
    5.5073    13.5033  0.000000
    5.7071    13.5033  0.000000
    5.9071    13.5033  0.000000
    6.1070    13.5033  0.000000
    6.3068    13.5033  0.000001
    6.5068    13.5033  0.000002
    6.7067    13.5033  0.000003
    6.9065    13.5033  0.000004
    7.1065    13.5033  0.000002
    7.3064    13.5033  0.000005
    7.5062    13.5033  0.000014
    7.7062    13.5033  0.000022
    7.9061    13.5033  0.000014
    8.1060    13.5033  0.000014
    8.3059    13.5033  0.000029
    8.5057    13.5033  0.000039
    8.7057    13.5033  0.000044
    8.9056    13.5033  0.000053
    9.1054    13.5033  0.000059
    9.3054    13.5033  0.000049
    9.5052    13.5033  0.000036
    9.7051    13.5033  0.000033
    9.9051    13.5033  0.000039
   10.1049    13.5033  0.000063
   10.3049    13.5033  0.000094
   10.5048    13.5033  0.000127
   10.7046    13.5033  0.000164
   10.9046    13.5033  0.000168
   11.1045    13.5033  0.000180
   11.3043    13.5033  0.000183
   11.5043    13.5033  0.000191
   11.7042    13.5033  0.000178
   11.9040    13.5033  0.000178
   12.1040    13.5033  0.000186
   12.3039    13.5033  0.000191
   12.5037    13.5033  0.000199
   12.7037    13.5033  0.000193
   12.9036    13.5033  0.000170
   13.1034    13.5033  0.000153
   13.3034    13.5033  0.000149
   13.5033    13.5033  0.000137
   13.7031    13.5033  0.000141
   13.9031    13.5033  0.000142
   14.1030    13.5033  0.000157
   14.3028    13.5033  0.000173
   14.5028    13.5033  0.000181
   14.7027    13.5033  0.000176
   14.9025    13.5033  0.000160
   15.1025    13.5033  0.000160
   15.3024    13.5033  0.000166
   15.5022    13.5033  0.000167
   15.7022    13.5033  0.000167
   15.9021    13.5033  0.000151
   16.1019    13.5033  0.000144
   16.3018    13.5033  0.000148
   16.5017    13.5033  0.000167
   16.7016    13.5033  0.000179
   16.9015    13.5033  0.000161
   17.1014    13.5033  0.000146
   17.3013    13.5033  0.000137
   17.5012    13.5033  0.000144
   17.7011    13.5033  0.000151
   17.9010    13.5033  0.000167
   18.1009    13.5033  0.000176
   18.3008    13.5033  0.000189
   18.5007    13.5033  0.000191
   18.7006    13.5033  0.000184
   18.9005    13.5033  0.000168
   19.1004    13.5033  0.000157
   19.3003    13.5033  0.000147
   19.5002    13.5033  0.000151
   19.7001    13.5033  0.000166
   19.9000    13.5033  0.000146
    0.1099    13.7031  0.000118
    0.3099    13.7031  0.000119
    0.5098    13.7031  0.000094
    0.7096    13.7031  0.000063
    0.9096    13.7031  0.000047
    1.1094    13.7031  0.000039
    1.3093    13.7031  0.000053
    1.5092    13.7031  0.000055
    1.7091    13.7031  0.000057
    1.9090    13.7031  0.000039
    2.1090    13.7031  0.000020
    2.3089    13.7031  0.000000
    2.5087    13.7031  0.000000
    2.7087    13.7031  0.000000
    2.9086    13.7031  0.000000
    3.1085    13.7031  0.000000
    3.3084    13.7031  0.000000
    3.5082    13.7031  0.000000
    3.7082    13.7031  0.000000
    3.9081    13.7031  0.000000
    4.1080    13.7031  0.000000
    4.3078    13.7031  0.000000
    4.5078    13.7031  0.000000
    4.7077    13.7031  0.000000
    4.9075    13.7031  0.000000
    5.1075    13.7031  0.000000
    5.3074    13.7031  0.000000
    5.5073    13.7031  0.000000
    5.7071    13.7031  0.000000
    5.9071    13.7031  0.000000
    6.1070    13.7031  0.000000
    6.3068    13.7031  0.000001
    6.5068    13.7031  0.000004
    6.7067    13.7031  0.000003
    6.9065    13.7031  0.000003
    7.1065    13.7031  0.000001
    7.3064    13.7031  0.000003
    7.5062    13.7031  0.000014
    7.7062    13.7031  0.000021
    7.9061    13.7031  0.000017
    8.1060    13.7031  0.000020
    8.3059    13.7031  0.000028
    8.5057    13.7031  0.000037
    8.7057    13.7031  0.000046
    8.9056    13.7031  0.000053
    9.1054    13.7031  0.000055
    9.3054    13.7031  0.000052
    9.5052    13.7031  0.000037
    9.7051    13.7031  0.000026
    9.9051    13.7031  0.000035
   10.1049    13.7031  0.000055
   10.3049    13.7031  0.000077
   10.5048    13.7031  0.000104
   10.7046    13.7031  0.000135
   10.9046    13.7031  0.000167
   11.1045    13.7031  0.000177
   11.3043    13.7031  0.000178
   11.5043    13.7031  0.000182
   11.7042    13.7031  0.000176
   11.9040    13.7031  0.000174
   12.1040    13.7031  0.000179
   12.3039    13.7031  0.000195
   12.5037    13.7031  0.000201
   12.7037    13.7031  0.000203
   12.9036    13.7031  0.000173
   13.1034    13.7031  0.000155
   13.3034    13.7031  0.000153
   13.5033    13.7031  0.000143
   13.7031    13.7031  0.000138
   13.9031    13.7031  0.000145
   14.1030    13.7031  0.000154
   14.3028    13.7031  0.000164
   14.5028    13.7031  0.000174
   14.7027    13.7031  0.000174
   14.9025    13.7031  0.000167
   15.1025    13.7031  0.000159
   15.3024    13.7031  0.000166
   15.5022    13.7031  0.000173
   15.7022    13.7031  0.000167
   15.9021    13.7031  0.000155
   16.1019    13.7031  0.000145
   16.3018    13.7031  0.000146
   16.5017    13.7031  0.000172
   16.7016    13.7031  0.000182
   16.9015    13.7031  0.000179
   17.1014    13.7031  0.000158
   17.3013    13.7031  0.000139
   17.5012    13.7031  0.000143
   17.7011    13.7031  0.000158
   17.9010    13.7031  0.000165
   18.1009    13.7031  0.000177
   18.3008    13.7031  0.000188
   18.5007    13.7031  0.000195
   18.7006    13.7031  0.000195
   18.9005    13.7031  0.000182
   19.1004    13.7031  0.000158
   19.3003    13.7031  0.000145
   19.5002    13.7031  0.000155
   19.7001    13.7031  0.000167
   19.9000    13.7031  0.000150
    0.1099    13.9031  0.000118
    0.3099    13.9031  0.000126
    0.5098    13.9031  0.000094
    0.7096    13.9031  0.000067
    0.9096    13.9031  0.000051
    1.1094    13.9031  0.000043
    1.3093    13.9031  0.000046
    1.5092    13.9031  0.000052
    1.7091    13.9031  0.000055
    1.9090    13.9031  0.000048
    2.1090    13.9031  0.000017
    2.3089    13.9031  0.000000
    2.5087    13.9031  0.000000
    2.7087    13.9031  0.000000
    2.9086    13.9031  0.000000
    3.1085    13.9031  0.000000
    3.3084    13.9031  0.000000
    3.5082    13.9031  0.000000
    3.7082    13.9031  0.000001
    3.9081    13.9031  0.000000
    4.1080    13.9031  0.000000
    4.3078    13.9031  0.000000
    4.5078    13.9031  0.000000
    4.7077    13.9031  0.000000
    4.9075    13.9031  0.000000
    5.1075    13.9031  0.000000
    5.3074    13.9031  0.000000
    5.5073    13.9031  0.000000
    5.7071    13.9031  0.000000
    5.9071    13.9031  0.000000
    6.1070    13.9031  0.000000
    6.3068    13.9031  0.000001
    6.5068    13.9031  0.000004
    6.7067    13.9031  0.000003
    6.9065    13.9031  0.000002
    7.1065    13.9031  0.000002
    7.3064    13.9031  0.000006
    7.5062    13.9031  0.000009
    7.7062    13.9031  0.000021
    7.9061    13.9031  0.000019
    8.1060    13.9031  0.000017
    8.3059    13.9031  0.000029
    8.5057    13.9031  0.000041
    8.7057    13.9031  0.000050
    8.9056    13.9031  0.000060
    9.1054    13.9031  0.000062
    9.3054    13.9031  0.000046
    9.5052    13.9031  0.000035
    9.7051    13.9031  0.000030
    9.9051    13.9031  0.000036
   10.1049    13.9031  0.000050
   10.3049    13.9031  0.000064
   10.5048    13.9031  0.000095
   10.7046    13.9031  0.000123
   10.9046    13.9031  0.000148
   11.1045    13.9031  0.000162
   11.3043    13.9031  0.000175
   11.5043    13.9031  0.000169
   11.7042    13.9031  0.000169
   11.9040    13.9031  0.000173
   12.1040    13.9031  0.000182
   12.3039    13.9031  0.000197
   12.5037    13.9031  0.000203
   12.7037    13.9031  0.000209
   12.9036    13.9031  0.000189
   13.1034    13.9031  0.000167
   13.3034    13.9031  0.000154
   13.5033    13.9031  0.000149
   13.7031    13.9031  0.000141
   13.9031    13.9031  0.000145
   14.1030    13.9031  0.000150
   14.3028    13.9031  0.000160
   14.5028    13.9031  0.000183
   14.7027    13.9031  0.000171
   14.9025    13.9031  0.000160
   15.1025    13.9031  0.000158
   15.3024    13.9031  0.000169
   15.5022    13.9031  0.000172
   15.7022    13.9031  0.000177
   15.9021    13.9031  0.000161
   16.1019    13.9031  0.000141
   16.3018    13.9031  0.000150
   16.5017    13.9031  0.000159
   16.7016    13.9031  0.000171
   16.9015    13.9031  0.000177
   17.1014    13.9031  0.000156
   17.3013    13.9031  0.000150
   17.5012    13.9031  0.000150
   17.7011    13.9031  0.000163
   17.9010    13.9031  0.000162
   18.1009    13.9031  0.000167
   18.3008    13.9031  0.000182
   18.5007    13.9031  0.000193
   18.7006    13.9031  0.000199
   18.9005    13.9031  0.000185
   19.1004    13.9031  0.000164
   19.3003    13.9031  0.000159
   19.5002    13.9031  0.000157
   19.7001    13.9031  0.000168
   19.9000    13.9031  0.000151
    0.1099    14.1030  0.000122
    0.3099    14.1030  0.000116
    0.5098    14.1030  0.000102
    0.7096    14.1030  0.000067
    0.9096    14.1030  0.000045
    1.1094    14.1030  0.000038
    1.3093    14.1030  0.000046
    1.5092    14.1030  0.000066
    1.7091    14.1030  0.000065
    1.9090    14.1030  0.000044
    2.1090    14.1030  0.000016
    2.3089    14.1030  0.000001
    2.5087    14.1030  0.000000
    2.7087    14.1030  0.000000
    2.9086    14.1030  0.000000
    3.1085    14.1030  0.000000
    3.3084    14.1030  0.000000
    3.5082    14.1030  0.000000
    3.7082    14.1030  0.000000
    3.9081    14.1030  0.000001
    4.1080    14.1030  0.000000
    4.3078    14.1030  0.000000
    4.5078    14.1030  0.000000
    4.7077    14.1030  0.000000
    4.9075    14.1030  0.000000
    5.1075    14.1030  0.000000
    5.3074    14.1030  0.000000
    5.5073    14.1030  0.000000
    5.7071    14.1030  0.000000
    5.9071    14.1030  0.000000
    6.1070    14.1030  0.000000
    6.3068    14.1030  0.000001
    6.5068    14.1030  0.000003
    6.7067    14.1030  0.000005
    6.9065    14.1030  0.000005
    7.1065    14.1030  0.000002
    7.3064    14.1030  0.000005
    7.5062    14.1030  0.000015
    7.7062    14.1030  0.000019
    7.9061    14.1030  0.000021
    8.1060    14.1030  0.000027
    8.3059    14.1030  0.000035
    8.5057    14.1030  0.000043
    8.7057    14.1030  0.000052
    8.9056    14.1030  0.000056
    9.1054    14.1030  0.000053
    9.3054    14.1030  0.000052
    9.5052    14.1030  0.000032
    9.7051    14.1030  0.000022
    9.9051    14.1030  0.000027
   10.1049    14.1030  0.000048
   10.3049    14.1030  0.000064
   10.5048    14.1030  0.000039
   10.7046    14.1030  0.000112
   10.9046    14.1030  0.000143
   11.1045    14.1030  0.000149
   11.3043    14.1030  0.000164
   11.5043    14.1030  0.000164
   11.7042    14.1030  0.000165
   11.9040    14.1030  0.000172
   12.1040    14.1030  0.000176
   12.3039    14.1030  0.000190
   12.5037    14.1030  0.000209
   12.7037    14.1030  0.000203
   12.9036    14.1030  0.000196
   13.1034    14.1030  0.000173
   13.3034    14.1030  0.000166
   13.5033    14.1030  0.000149
   13.7031    14.1030  0.000143
   13.9031    14.1030  0.000145
   14.1030    14.1030  0.000155
   14.3028    14.1030  0.000164
   14.5028    14.1030  0.000172
   14.7027    14.1030  0.000174
   14.9025    14.1030  0.000168
   15.1025    14.1030  0.000157
   15.3024    14.1030  0.000168
   15.5022    14.1030  0.000174
   15.7022    14.1030  0.000176
   15.9021    14.1030  0.000164
   16.1019    14.1030  0.000151
   16.3018    14.1030  0.000140
   16.5017    14.1030  0.000161
   16.7016    14.1030  0.000177
   16.9015    14.1030  0.000189
   17.1014    14.1030  0.000173
   17.3013    14.1030  0.000153
   17.5012    14.1030  0.000152
   17.7011    14.1030  0.000164
   17.9010    14.1030  0.000165
   18.1009    14.1030  0.000170
   18.3008    14.1030  0.000186
   18.5007    14.1030  0.000197
   18.7006    14.1030  0.000205
   18.9005    14.1030  0.000194
   19.1004    14.1030  0.000173
   19.3003    14.1030  0.000157
   19.5002    14.1030  0.000154
   19.7001    14.1030  0.000164
   19.9000    14.1030  0.000148
    0.1099    14.3028  0.000120
    0.3099    14.3028  0.000124
    0.5098    14.3028  0.000106
    0.7096    14.3028  0.000067
    0.9096    14.3028  0.000043
    1.1094    14.3028  0.000044
    1.3093    14.3028  0.000049
    1.5092    14.3028  0.000065
    1.7091    14.3028  0.000060
    1.9090    14.3028  0.000045
    2.1090    14.3028  0.000019
    2.3089    14.3028  0.000000
    2.5087    14.3028  0.000000
    2.7087    14.3028  0.000000
    2.9086    14.3028  0.000000
    3.1085    14.3028  0.000000
    3.3084    14.3028  0.000000
    3.5082    14.3028  0.000000
    3.7082    14.3028  0.000000
    3.9081    14.3028  0.000000
    4.1080    14.3028  0.000000
    4.3078    14.3028  0.000000
    4.5078    14.3028  0.000000
    4.7077    14.3028  0.000000
    4.9075    14.3028  0.000000
    5.1075    14.3028  0.000000
    5.3074    14.3028  0.000000
    5.5073    14.3028  0.000000
    5.7071    14.3028  0.000000
    5.9071    14.3028  0.000000
    6.1070    14.3028  0.000000
    6.3068    14.3028  0.000000
    6.5068    14.3028  0.000003
    6.7067    14.3028  0.000004
    6.9065    14.3028  0.000003
    7.1065    14.3028  0.000001
    7.3064    14.3028  0.000003
    7.5062    14.3028  0.000013
    7.7062    14.3028  0.000021
    7.9061    14.3028  0.000015
    8.1060    14.3028  0.000025
    8.3059    14.3028  0.000038
    8.5057    14.3028  0.000053
    8.7057    14.3028  0.000060
    8.9056    14.3028  0.000059
    9.1054    14.3028  0.000059
    9.3054    14.3028  0.000053
    9.5052    14.3028  0.000045
    9.7051    14.3028  0.000032
    9.9051    14.3028  0.000038
   10.1049    14.3028  0.000046
   10.3049    14.3028  0.000055
   10.5048    14.3028  0.000075
   10.7046    14.3028  0.000093
   10.9046    14.3028  0.000119
   11.1045    14.3028  0.000148
   11.3043    14.3028  0.000150
   11.5043    14.3028  0.000154
   11.7042    14.3028  0.000150
   11.9040    14.3028  0.000162
   12.1040    14.3028  0.000173
   12.3039    14.3028  0.000188
   12.5037    14.3028  0.000206
   12.7037    14.3028  0.000212
   12.9036    14.3028  0.000196
   13.1034    14.3028  0.000178
   13.3034    14.3028  0.000159
   13.5033    14.3028  0.000160
   13.7031    14.3028  0.000138
   13.9031    14.3028  0.000143
   14.1030    14.3028  0.000152
   14.3028    14.3028  0.000161
   14.5028    14.3028  0.000173
   14.7027    14.3028  0.000177
   14.9025    14.3028  0.000160
   15.1025    14.3028  0.000156
   15.3024    14.3028  0.000167
   15.5022    14.3028  0.000180
   15.7022    14.3028  0.000176
   15.9021    14.3028  0.000169
   16.1019    14.3028  0.000147
   16.3018    14.3028  0.000136
   16.5017    14.3028  0.000153
   16.7016    14.3028  0.000167
   16.9015    14.3028  0.000180
   17.1014    14.3028  0.000178
   17.3013    14.3028  0.000154
   17.5012    14.3028  0.000153
   17.7011    14.3028  0.000157
   17.9010    14.3028  0.000161
   18.1009    14.3028  0.000163
   18.3008    14.3028  0.000170
   18.5007    14.3028  0.000191
   18.7006    14.3028  0.000202
   18.9005    14.3028  0.000203
   19.1004    14.3028  0.000184
   19.3003    14.3028  0.000164
   19.5002    14.3028  0.000158
   19.7001    14.3028  0.000158
   19.9000    14.3028  0.000149
    0.1099    14.5028  0.000117
    0.3099    14.5028  0.000114
    0.5098    14.5028  0.000097
    0.7096    14.5028  0.000071
    0.9096    14.5028  0.000054
    1.1094    14.5028  0.000041
    1.3093    14.5028  0.000043
    1.5092    14.5028  0.000067
    1.7091    14.5028  0.000066
    1.9090    14.5028  0.000051
    2.1090    14.5028  0.000024
    2.3089    14.5028  0.000000
    2.5087    14.5028  0.000000
    2.7087    14.5028  0.000000
    2.9086    14.5028  0.000000
    3.1085    14.5028  0.000000
    3.3084    14.5028  0.000000
    3.5082    14.5028  0.000000
    3.7082    14.5028  0.000000
    3.9081    14.5028  0.000000
    4.1080    14.5028  0.000000
    4.3078    14.5028  0.000000
    4.5078    14.5028  0.000000
    4.7077    14.5028  0.000000
    4.9075    14.5028  0.000000
    5.1075    14.5028  0.000000
    5.3074    14.5028  0.000000
    5.5073    14.5028  0.000000
    5.7071    14.5028  0.000000
    5.9071    14.5028  0.000000
    6.1070    14.5028  0.000000
    6.3068    14.5028  0.000001
    6.5068    14.5028  0.000003
    6.7067    14.5028  0.000002
    6.9065    14.5028  0.000002
    7.1065    14.5028  0.000001
    7.3064    14.5028  0.000003
    7.5062    14.5028  0.000009
    7.7062    14.5028  0.000027
    7.9061    14.5028  0.000026
    8.1060    14.5028  0.000022
    8.3059    14.5028  0.000038
    8.5057    14.5028  0.000050
    8.7057    14.5028  0.000054
    8.9056    14.5028  0.000067
    9.1054    14.5028  0.000069
    9.3054    14.5028  0.000063
    9.5052    14.5028  0.000048
    9.7051    14.5028  0.000035
    9.9051    14.5028  0.000034
   10.1049    14.5028  0.000049
   10.3049    14.5028  0.000052
   10.5048    14.5028  0.000066
   10.7046    14.5028  0.000088
   10.9046    14.5028  0.000110
   11.1045    14.5028  0.000128
   11.3043    14.5028  0.000148
   11.5043    14.5028  0.000145
   11.7042    14.5028  0.000144
   11.9040    14.5028  0.000149
   12.1040    14.5028  0.000159
   12.3039    14.5028  0.000179
   12.5037    14.5028  0.000198
   12.7037    14.5028  0.000208
   12.9036    14.5028  0.000201
   13.1034    14.5028  0.000183
   13.3034    14.5028  0.000162
   13.5033    14.5028  0.000155
   13.7031    14.5028  0.000151
   13.9031    14.5028  0.000146
   14.1030    14.5028  0.000152
   14.3028    14.5028  0.000160
   14.5028    14.5028  0.000175
   14.7027    14.5028  0.000182
   14.9025    14.5028  0.000167
   15.1025    14.5028  0.000165
   15.3024    14.5028  0.000169
   15.5022    14.5028  0.000179
   15.7022    14.5028  0.000179
   15.9021    14.5028  0.000167
   16.1019    14.5028  0.000152
   16.3018    14.5028  0.000137
   16.5017    14.5028  0.000147
   16.7016    14.5028  0.000169
   16.9015    14.5028  0.000188
   17.1014    14.5028  0.000179
   17.3013    14.5028  0.000164
   17.5012    14.5028  0.000156
   17.7011    14.5028  0.000158
   17.9010    14.5028  0.000161
   18.1009    14.5028  0.000154
   18.3008    14.5028  0.000168
   18.5007    14.5028  0.000187
   18.7006    14.5028  0.000202
   18.9005    14.5028  0.000201
   19.1004    14.5028  0.000196
   19.3003    14.5028  0.000168
   19.5002    14.5028  0.000153
   19.7001    14.5028  0.000161
   19.9000    14.5028  0.000147
    0.1099    14.7027  0.000121
    0.3099    14.7027  0.000129
    0.5098    14.7027  0.000097
    0.7096    14.7027  0.000064
    0.9096    14.7027  0.000049
    1.1094    14.7027  0.000040
    1.3093    14.7027  0.000049
    1.5092    14.7027  0.000058
    1.7091    14.7027  0.000064
    1.9090    14.7027  0.000054
    2.1090    14.7027  0.000019
    2.3089    14.7027  0.000000
    2.5087    14.7027  0.000000
    2.7087    14.7027  0.000000
    2.9086    14.7027  0.000000
    3.1085    14.7027  0.000000
    3.3084    14.7027  0.000001
    3.5082    14.7027  0.000000
    3.7082    14.7027  0.000000
    3.9081    14.7027  0.000000
    4.1080    14.7027  0.000000
    4.3078    14.7027  0.000000
    4.5078    14.7027  0.000000
    4.7077    14.7027  0.000000
    4.9075    14.7027  0.000000
    5.1075    14.7027  0.000000
    5.3074    14.7027  0.000000
    5.5073    14.7027  0.000000
    5.7071    14.7027  0.000000
    5.9071    14.7027  0.000000
    6.1070    14.7027  0.000000
    6.3068    14.7027  0.000001
    6.5068    14.7027  0.000003
    6.7067    14.7027  0.000003
    6.9065    14.7027  0.000002
    7.1065    14.7027  0.000003
    7.3064    14.7027  0.000002
    7.5062    14.7027  0.000016
    7.7062    14.7027  0.000032
    7.9061    14.7027  0.000027
    8.1060    14.7027  0.000029
    8.3059    14.7027  0.000045
    8.5057    14.7027  0.000052
    8.7057    14.7027  0.000060
    8.9056    14.7027  0.000065
    9.1054    14.7027  0.000071
    9.3054    14.7027  0.000055
    9.5052    14.7027  0.000050
    9.7051    14.7027  0.000044
    9.9051    14.7027  0.000037
   10.1049    14.7027  0.000054
   10.3049    14.7027  0.000056
   10.5048    14.7027  0.000067
   10.7046    14.7027  0.000081
   10.9046    14.7027  0.000106
   11.1045    14.7027  0.000126
   11.3043    14.7027  0.000138
   11.5043    14.7027  0.000136
   11.7042    14.7027  0.000140
   11.9040    14.7027  0.000141
   12.1040    14.7027  0.000150
   12.3039    14.7027  0.000169
   12.5037    14.7027  0.000188
   12.7037    14.7027  0.000202
   12.9036    14.7027  0.000203
   13.1034    14.7027  0.000182
   13.3034    14.7027  0.000167
   13.5033    14.7027  0.000152
   13.7031    14.7027  0.000152
   13.9031    14.7027  0.000143
   14.1030    14.7027  0.000148
   14.3028    14.7027  0.000158
   14.5028    14.7027  0.000173
   14.7027    14.7027  0.000176
   14.9025    14.7027  0.000162
   15.1025    14.7027  0.000157
   15.3024    14.7027  0.000165
   15.5022    14.7027  0.000172
   15.7022    14.7027  0.000184
   15.9021    14.7027  0.000174
   16.1019    14.7027  0.000148
   16.3018    14.7027  0.000145
   16.5017    14.7027  0.000146
   16.7016    14.7027  0.000164
   16.9015    14.7027  0.000181
   17.1014    14.7027  0.000192
   17.3013    14.7027  0.000173
   17.5012    14.7027  0.000159
   17.7011    14.7027  0.000165
   17.9010    14.7027  0.000163
   18.1009    14.7027  0.000161
   18.3008    14.7027  0.000162
   18.5007    14.7027  0.000180
   18.7006    14.7027  0.000193
   18.9005    14.7027  0.000204
   19.1004    14.7027  0.000206
   19.3003    14.7027  0.000180
   19.5002    14.7027  0.000160
   19.7001    14.7027  0.000159
   19.9000    14.7027  0.000141
    0.1099    14.9025  0.000121
    0.3099    14.9025  0.000120
    0.5098    14.9025  0.000094
    0.7096    14.9025  0.000072
    0.9096    14.9025  0.000038
    1.1094    14.9025  0.000031
    1.3093    14.9025  0.000039
    1.5092    14.9025  0.000064
    1.7091    14.9025  0.000068
    1.9090    14.9025  0.000058
    2.1090    14.9025  0.000015
    2.3089    14.9025  0.000000
    2.5087    14.9025  0.000000
    2.7087    14.9025  0.000000
    2.9086    14.9025  0.000000
    3.1085    14.9025  0.000000
    3.3084    14.9025  0.000000
    3.5082    14.9025  0.000000
    3.7082    14.9025  0.000000
    3.9081    14.9025  0.000000
    4.1080    14.9025  0.000000
    4.3078    14.9025  0.000000
    4.5078    14.9025  0.000000
    4.7077    14.9025  0.000000
    4.9075    14.9025  0.000000
    5.1075    14.9025  0.000000
    5.3074    14.9025  0.000000
    5.5073    14.9025  0.000000
    5.7071    14.9025  0.000000
    5.9071    14.9025  0.000000
    6.1070    14.9025  0.000000
    6.3068    14.9025  0.000001
    6.5068    14.9025  0.000004
    6.7067    14.9025  0.000003
    6.9065    14.9025  0.000004
    7.1065    14.9025  0.000002
    7.3064    14.9025  0.000003
    7.5062    14.9025  0.000014
    7.7062    14.9025  0.000028
    7.9061    14.9025  0.000018
    8.1060    14.9025  0.000027
    8.3059    14.9025  0.000050
    8.5057    14.9025  0.000058
    8.7057    14.9025  0.000059
    8.9056    14.9025  0.000070
    9.1054    14.9025  0.000074
    9.3054    14.9025  0.000068
    9.5052    14.9025  0.000053
    9.7051    14.9025  0.000041
    9.9051    14.9025  0.000041
   10.1049    14.9025  0.000056
   10.3049    14.9025  0.000061
   10.5048    14.9025  0.000059
   10.7046    14.9025  0.000075
   10.9046    14.9025  0.000101
   11.1045    14.9025  0.000124
   11.3043    14.9025  0.000124
   11.5043    14.9025  0.000136
   11.7042    14.9025  0.000132
   11.9040    14.9025  0.000136
   12.1040    14.9025  0.000150
   12.3039    14.9025  0.000161
   12.5037    14.9025  0.000192
   12.7037    14.9025  0.000204
   12.9036    14.9025  0.000202
   13.1034    14.9025  0.000190
   13.3034    14.9025  0.000165
   13.5033    14.9025  0.000155
   13.7031    14.9025  0.000151
   13.9031    14.9025  0.000152
   14.1030    14.9025  0.000154
   14.3028    14.9025  0.000162
   14.5028    14.9025  0.000176
   14.7027    14.9025  0.000173
   14.9025    14.9025  0.000169
   15.1025    14.9025  0.000157
   15.3024    14.9025  0.000160
   15.5022    14.9025  0.000173
   15.7022    14.9025  0.000177
   15.9021    14.9025  0.000181
   16.1019    14.9025  0.000151
   16.3018    14.9025  0.000141
   16.5017    14.9025  0.000146
   16.7016    14.9025  0.000157
   16.9015    14.9025  0.000182
   17.1014    14.9025  0.000193
   17.3013    14.9025  0.000184
   17.5012    14.9025  0.000169
   17.7011    14.9025  0.000174
   17.9010    14.9025  0.000165
   18.1009    14.9025  0.000159
   18.3008    14.9025  0.000164
   18.5007    14.9025  0.000179
   18.7006    14.9025  0.000193
   18.9005    14.9025  0.000203
   19.1004    14.9025  0.000208
   19.3003    14.9025  0.000189
   19.5002    14.9025  0.000160
   19.7001    14.9025  0.000157
   19.9000    14.9025  0.000140
    0.1099    15.1025  0.000113
    0.3099    15.1025  0.000121
    0.5098    15.1025  0.000094
    0.7096    15.1025  0.000060
    0.9096    15.1025  0.000037
    1.1094    15.1025  0.000032
    1.3093    15.1025  0.000046
    1.5092    15.1025  0.000064
    1.7091    15.1025  0.000073
    1.9090    15.1025  0.000058
    2.1090    15.1025  0.000023
    2.3089    15.1025  0.000000
    2.5087    15.1025  0.000000
    2.7087    15.1025  0.000000
    2.9086    15.1025  0.000000
    3.1085    15.1025  0.000000
    3.3084    15.1025  0.000000
    3.5082    15.1025  0.000000
    3.7082    15.1025  0.000000
    3.9081    15.1025  0.000000
    4.1080    15.1025  0.000000
    4.3078    15.1025  0.000000
    4.5078    15.1025  0.000000
    4.7077    15.1025  0.000000
    4.9075    15.1025  0.000000
    5.1075    15.1025  0.000000
    5.3074    15.1025  0.000000
    5.5073    15.1025  0.000000
    5.7071    15.1025  0.000000
    5.9071    15.1025  0.000000
    6.1070    15.1025  0.000000
    6.3068    15.1025  0.000001
    6.5068    15.1025  0.000005
    6.7067    15.1025  0.000005
    6.9065    15.1025  0.000002
    7.1065    15.1025  0.000002
    7.3064    15.1025  0.000010
    7.5062    15.1025  0.000019
    7.7062    15.1025  0.000022
    7.9061    15.1025  0.000020
    8.1060    15.1025  0.000027
    8.3059    15.1025  0.000042
    8.5057    15.1025  0.000055
    8.7057    15.1025  0.000065
    8.9056    15.1025  0.000073
    9.1054    15.1025  0.000070
    9.3054    15.1025  0.000068
    9.5052    15.1025  0.000061
    9.7051    15.1025  0.000049
    9.9051    15.1025  0.000047
   10.1049    15.1025  0.000051
   10.3049    15.1025  0.000057
   10.5048    15.1025  0.000063
   10.7046    15.1025  0.000071
   10.9046    15.1025  0.000095
   11.1045    15.1025  0.000110
   11.3043    15.1025  0.000125
   11.5043    15.1025  0.000130
   11.7042    15.1025  0.000133
   11.9040    15.1025  0.000131
   12.1040    15.1025  0.000140
   12.3039    15.1025  0.000156
   12.5037    15.1025  0.000184
   12.7037    15.1025  0.000199
   12.9036    15.1025  0.000195
   13.1034    15.1025  0.000184
   13.3034    15.1025  0.000163
   13.5033    15.1025  0.000161
   13.7031    15.1025  0.000158
   13.9031    15.1025  0.000152
   14.1030    15.1025  0.000144
   14.3028    15.1025  0.000158
   14.5028    15.1025  0.000172
   14.7027    15.1025  0.000182
   14.9025    15.1025  0.000173
   15.1025    15.1025  0.000162
   15.3024    15.1025  0.000158
   15.5022    15.1025  0.000169
   15.7022    15.1025  0.000178
   15.9021    15.1025  0.000181
   16.1019    15.1025  0.000161
   16.3018    15.1025  0.000140
   16.5017    15.1025  0.000142
   16.7016    15.1025  0.000159
   16.9015    15.1025  0.000174
   17.1014    15.1025  0.000201
   17.3013    15.1025  0.000193
   17.5012    15.1025  0.000187
   17.7011    15.1025  0.000168
   17.9010    15.1025  0.000167
   18.1009    15.1025  0.000163
   18.3008    15.1025  0.000160
   18.5007    15.1025  0.000174
   18.7006    15.1025  0.000185
   18.9005    15.1025  0.000209
   19.1004    15.1025  0.000210
   19.3003    15.1025  0.000188
   19.5002    15.1025  0.000170
   19.7001    15.1025  0.000153
   19.9000    15.1025  0.000141
    0.1099    15.3024  0.000121
    0.3099    15.3024  0.000119
    0.5098    15.3024  0.000087
    0.7096    15.3024  0.000065
    0.9096    15.3024  0.000047
    1.1094    15.3024  0.000032
    1.3093    15.3024  0.000049
    1.5092    15.3024  0.000061
    1.7091    15.3024  0.000063
    1.9090    15.3024  0.000044
    2.1090    15.3024  0.000024
    2.3089    15.3024  0.000000
    2.5087    15.3024  0.000000
    2.7087    15.3024  0.000000
    2.9086    15.3024  0.000000
    3.1085    15.3024  0.000000
    3.3084    15.3024  0.000000
    3.5082    15.3024  0.000000
    3.7082    15.3024  0.000000
    3.9081    15.3024  0.000000
    4.1080    15.3024  0.000000
    4.3078    15.3024  0.000000
    4.5078    15.3024  0.000000
    4.7077    15.3024  0.000000
    4.9075    15.3024  0.000000
    5.1075    15.3024  0.000000
    5.3074    15.3024  0.000000
    5.5073    15.3024  0.000000
    5.7071    15.3024  0.000000
    5.9071    15.3024  0.000000
    6.1070    15.3024  0.000000
    6.3068    15.3024  0.000001
    6.5068    15.3024  0.000003
    6.7067    15.3024  0.000004
    6.9065    15.3024  0.000002
    7.1065    15.3024  0.000002
    7.3064    15.3024  0.000004
    7.5062    15.3024  0.000014
    7.7062    15.3024  0.000026
    7.9061    15.3024  0.000019
    8.1060    15.3024  0.000029
    8.3059    15.3024  0.000049
    8.5057    15.3024  0.000059
    8.7057    15.3024  0.000069
    8.9056    15.3024  0.000072
    9.1054    15.3024  0.000079
    9.3054    15.3024  0.000072
    9.5052    15.3024  0.000064
    9.7051    15.3024  0.000051
    9.9051    15.3024  0.000049
   10.1049    15.3024  0.000067
   10.3049    15.3024  0.000065
   10.5048    15.3024  0.000068
   10.7046    15.3024  0.000071
   10.9046    15.3024  0.000090
   11.1045    15.3024  0.000109
   11.3043    15.3024  0.000122
   11.5043    15.3024  0.000128
   11.7042    15.3024  0.000124
   11.9040    15.3024  0.000126
   12.1040    15.3024  0.000135
   12.3039    15.3024  0.000150
   12.5037    15.3024  0.000167
   12.7037    15.3024  0.000191
   12.9036    15.3024  0.000193
   13.1034    15.3024  0.000178
   13.3034    15.3024  0.000170
   13.5033    15.3024  0.000150
   13.7031    15.3024  0.000155
   13.9031    15.3024  0.000151
   14.1030    15.3024  0.000161
   14.3028    15.3024  0.000164
   14.5028    15.3024  0.000177
   14.7027    15.3024  0.000181
   14.9025    15.3024  0.000172
   15.1025    15.3024  0.000159
   15.3024    15.3024  0.000155
   15.5022    15.3024  0.000168
   15.7022    15.3024  0.000182
   15.9021    15.3024  0.000183
   16.1019    15.3024  0.000167
   16.3018    15.3024  0.000147
   16.5017    15.3024  0.000136
   16.7016    15.3024  0.000155
   16.9015    15.3024  0.000171
   17.1014    15.3024  0.000202
   17.3013    15.3024  0.000195
   17.5012    15.3024  0.000185
   17.7011    15.3024  0.000171
   17.9010    15.3024  0.000162
   18.1009    15.3024  0.000159
   18.3008    15.3024  0.000159
   18.5007    15.3024  0.000163
   18.7006    15.3024  0.000180
   18.9005    15.3024  0.000204
   19.1004    15.3024  0.000208
   19.3003    15.3024  0.000198
   19.5002    15.3024  0.000175
   19.7001    15.3024  0.000173
   19.9000    15.3024  0.000141
    0.1099    15.5022  0.000118
    0.3099    15.5022  0.000123
    0.5098    15.5022  0.000091
    0.7096    15.5022  0.000067
    0.9096    15.5022  0.000037
    1.1094    15.5022  0.000036
    1.3093    15.5022  0.000045
    1.5092    15.5022  0.000054
    1.7091    15.5022  0.000063
    1.9090    15.5022  0.000056
    2.1090    15.5022  0.000022
    2.3089    15.5022  0.000000
    2.5087    15.5022  0.000000
    2.7087    15.5022  0.000000
    2.9086    15.5022  0.000000
    3.1085    15.5022  0.000000
    3.3084    15.5022  0.000000
    3.5082    15.5022  0.000000
    3.7082    15.5022  0.000000
    3.9081    15.5022  0.000000
    4.1080    15.5022  0.000000
    4.3078    15.5022  0.000000
    4.5078    15.5022  0.000000
    4.7077    15.5022  0.000000
    4.9075    15.5022  0.000000
    5.1075    15.5022  0.000000
    5.3074    15.5022  0.000000
    5.5073    15.5022  0.000000
    5.7071    15.5022  0.000000
    5.9071    15.5022  0.000000
    6.1070    15.5022  0.000000
    6.3068    15.5022  0.000001
    6.5068    15.5022  0.000003
    6.7067    15.5022  0.000002
    6.9065    15.5022  0.000003
    7.1065    15.5022  0.000002
    7.3064    15.5022  0.000006
    7.5062    15.5022  0.000012
    7.7062    15.5022  0.000021
    7.9061    15.5022  0.000029
    8.1060    15.5022  0.000027
    8.3059    15.5022  0.000051
    8.5057    15.5022  0.000053
    8.7057    15.5022  0.000067
    8.9056    15.5022  0.000068
    9.1054    15.5022  0.000079
    9.3054    15.5022  0.000073
    9.5052    15.5022  0.000064
    9.7051    15.5022  0.000058
    9.9051    15.5022  0.000056
   10.1049    15.5022  0.000062
   10.3049    15.5022  0.000064
   10.5048    15.5022  0.000066
   10.7046    15.5022  0.000074
   10.9046    15.5022  0.000093
   11.1045    15.5022  0.000112
   11.3043    15.5022  0.000123
   11.5043    15.5022  0.000129
   11.7042    15.5022  0.000122
   11.9040    15.5022  0.000125
   12.1040    15.5022  0.000126
   12.3039    15.5022  0.000141
   12.5037    15.5022  0.000162
   12.7037    15.5022  0.000181
   12.9036    15.5022  0.000180
   13.1034    15.5022  0.000181
   13.3034    15.5022  0.000155
   13.5033    15.5022  0.000148
   13.7031    15.5022  0.000156
   13.9031    15.5022  0.000156
   14.1030    15.5022  0.000150
   14.3028    15.5022  0.000160
   14.5028    15.5022  0.000179
   14.7027    15.5022  0.000181
   14.9025    15.5022  0.000175
   15.1025    15.5022  0.000162
   15.3024    15.5022  0.000156
   15.5022    15.5022  0.000166
   15.7022    15.5022  0.000185
   15.9021    15.5022  0.000184
   16.1019    15.5022  0.000173
   16.3018    15.5022  0.000153
   16.5017    15.5022  0.000138
   16.7016    15.5022  0.000151
   16.9015    15.5022  0.000177
   17.1014    15.5022  0.000203
   17.3013    15.5022  0.000199
   17.5012    15.5022  0.000183
   17.7011    15.5022  0.000171
   17.9010    15.5022  0.000167
   18.1009    15.5022  0.000161
   18.3008    15.5022  0.000165
   18.5007    15.5022  0.000159
   18.7006    15.5022  0.000175
   18.9005    15.5022  0.000203
   19.1004    15.5022  0.000209
   19.3003    15.5022  0.000208
   19.5002    15.5022  0.000174
   19.7001    15.5022  0.000167
   19.9000    15.5022  0.000138
    0.1099    15.7022  0.000123
    0.3099    15.7022  0.000119
    0.5098    15.7022  0.000094
    0.7096    15.7022  0.000062
    0.9096    15.7022  0.000045
    1.1094    15.7022  0.000033
    1.3093    15.7022  0.000033
    1.5092    15.7022  0.000055
    1.7091    15.7022  0.000064
    1.9090    15.7022  0.000059
    2.1090    15.7022  0.000022
    2.3089    15.7022  0.000000
    2.5087    15.7022  0.000000
    2.7087    15.7022  0.000000
    2.9086    15.7022  0.000000
    3.1085    15.7022  0.000000
    3.3084    15.7022  0.000000
    3.5082    15.7022  0.000000
    3.7082    15.7022  0.000000
    3.9081    15.7022  0.000000
    4.1080    15.7022  0.000000
    4.3078    15.7022  0.000000
    4.5078    15.7022  0.000000
    4.7077    15.7022  0.000000
    4.9075    15.7022  0.000000
    5.1075    15.7022  0.000000
    5.3074    15.7022  0.000000
    5.5073    15.7022  0.000000
    5.7071    15.7022  0.000000
    5.9071    15.7022  0.000000
    6.1070    15.7022  0.000000
    6.3068    15.7022  0.000001
    6.5068    15.7022  0.000003
    6.7067    15.7022  0.000007
    6.9065    15.7022  0.000002
    7.1065    15.7022  0.000001
    7.3064    15.7022  0.000006
    7.5062    15.7022  0.000016
    7.7062    15.7022  0.000022
    7.9061    15.7022  0.000019
    8.1060    15.7022  0.000027
    8.3059    15.7022  0.000039
    8.5057    15.7022  0.000061
    8.7057    15.7022  0.000066
    8.9056    15.7022  0.000067
    9.1054    15.7022  0.000077
    9.3054    15.7022  0.000080
    9.5052    15.7022  0.000075
    9.7051    15.7022  0.000055
    9.9051    15.7022  0.000057
   10.1049    15.7022  0.000066
   10.3049    15.7022  0.000067
   10.5048    15.7022  0.000068
   10.7046    15.7022  0.000073
   10.9046    15.7022  0.000087
   11.1045    15.7022  0.000107
   11.3043    15.7022  0.000124
   11.5043    15.7022  0.000135
   11.7042    15.7022  0.000127
   11.9040    15.7022  0.000125
   12.1040    15.7022  0.000127
   12.3039    15.7022  0.000136
   12.5037    15.7022  0.000159
   12.7037    15.7022  0.000168
   12.9036    15.7022  0.000173
   13.1034    15.7022  0.000178
   13.3034    15.7022  0.000156
   13.5033    15.7022  0.000155
   13.7031    15.7022  0.000159
   13.9031    15.7022  0.000161
   14.1030    15.7022  0.000157
   14.3028    15.7022  0.000159
   14.5028    15.7022  0.000184
   14.7027    15.7022  0.000184
   14.9025    15.7022  0.000178
   15.1025    15.7022  0.000150
   15.3024    15.7022  0.000151
   15.5022    15.7022  0.000162
   15.7022    15.7022  0.000173
   15.9021    15.7022  0.000195
   16.1019    15.7022  0.000172
   16.3018    15.7022  0.000155
   16.5017    15.7022  0.000145
   16.7016    15.7022  0.000147
   16.9015    15.7022  0.000175
   17.1014    15.7022  0.000196
   17.3013    15.7022  0.000202
   17.5012    15.7022  0.000192
   17.7011    15.7022  0.000174
   17.9010    15.7022  0.000169
   18.1009    15.7022  0.000162
   18.3008    15.7022  0.000158
   18.5007    15.7022  0.000157
   18.7006    15.7022  0.000175
   18.9005    15.7022  0.000191
   19.1004    15.7022  0.000219
   19.3003    15.7022  0.000213
   19.5002    15.7022  0.000189
   19.7001    15.7022  0.000171
   19.9000    15.7022  0.000139
    0.1099    15.9021  0.000115
    0.3099    15.9021  0.000121
    0.5098    15.9021  0.000093
    0.7096    15.9021  0.000064
    0.9096    15.9021  0.000048
    1.1094    15.9021  0.000040
    1.3093    15.9021  0.000042
    1.5092    15.9021  0.000053
    1.7091    15.9021  0.000066
    1.9090    15.9021  0.000051
    2.1090    15.9021  0.000020
    2.3089    15.9021  0.000001
    2.5087    15.9021  0.000000
    2.7087    15.9021  0.000000
    2.9086    15.9021  0.000000
    3.1085    15.9021  0.000000
    3.3084    15.9021  0.000000
    3.5082    15.9021  0.000000
    3.7082    15.9021  0.000000
    3.9081    15.9021  0.000000
    4.1080    15.9021  0.000000
    4.3078    15.9021  0.000000
    4.5078    15.9021  0.000000
    4.7077    15.9021  0.000000
    4.9075    15.9021  0.000000
    5.1075    15.9021  0.000000
    5.3074    15.9021  0.000000
    5.5073    15.9021  0.000000
    5.7071    15.9021  0.000000
    5.9071    15.9021  0.000000
    6.1070    15.9021  0.000000
    6.3068    15.9021  0.000001
    6.5068    15.9021  0.000004
    6.7067    15.9021  0.000002
    6.9065    15.9021  0.000003
    7.1065    15.9021  0.000001
    7.3064    15.9021  0.000003
    7.5062    15.9021  0.000015
    7.7062    15.9021  0.000023
    7.9061    15.9021  0.000017
    8.1060    15.9021  0.000025
    8.3059    15.9021  0.000046
    8.5057    15.9021  0.000059
    8.7057    15.9021  0.000061
    8.9056    15.9021  0.000066
    9.1054    15.9021  0.000073
    9.3054    15.9021  0.000076
    9.5052    15.9021  0.000072
    9.7051    15.9021  0.000061
    9.9051    15.9021  0.000065
   10.1049    15.9021  0.000074
   10.3049    15.9021  0.000080
   10.5048    15.9021  0.000073
   10.7046    15.9021  0.000072
   10.9046    15.9021  0.000088
   11.1045    15.9021  0.000103
   11.3043    15.9021  0.000126
   11.5043    15.9021  0.000134
   11.7042    15.9021  0.000133
   11.9040    15.9021  0.000120
   12.1040    15.9021  0.000121
   12.3039    15.9021  0.000135
   12.5037    15.9021  0.000158
   12.7037    15.9021  0.000169
   12.9036    15.9021  0.000174
   13.1034    15.9021  0.000168
   13.3034    15.9021  0.000162
   13.5033    15.9021  0.000162
   13.7031    15.9021  0.000161
   13.9031    15.9021  0.000164
   14.1030    15.9021  0.000152
   14.3028    15.9021  0.000166
   14.5028    15.9021  0.000181
   14.7027    15.9021  0.000188
   14.9025    15.9021  0.000174
   15.1025    15.9021  0.000161
   15.3024    15.9021  0.000144
   15.5022    15.9021  0.000154
   15.7022    15.9021  0.000175
   15.9021    15.9021  0.000182
   16.1019    15.9021  0.000181
   16.3018    15.9021  0.000163
   16.5017    15.9021  0.000145
   16.7016    15.9021  0.000146
   16.9015    15.9021  0.000165
   17.1014    15.9021  0.000191
   17.3013    15.9021  0.000205
   17.5012    15.9021  0.000197
   17.7011    15.9021  0.000181
   17.9010    15.9021  0.000169
   18.1009    15.9021  0.000170
   18.3008    15.9021  0.000161
   18.5007    15.9021  0.000163
   18.7006    15.9021  0.000162
   18.9005    15.9021  0.000193
   19.1004    15.9021  0.000210
   19.3003    15.9021  0.000210
   19.5002    15.9021  0.000192
   19.7001    15.9021  0.000168
   19.9000    15.9021  0.000141
    0.1099    16.1019  0.000113
    0.3099    16.1019  0.000126
    0.5098    16.1019  0.000096
    0.7096    16.1019  0.000069
    0.9096    16.1019  0.000045
    1.1094    16.1019  0.000030
    1.3093    16.1019  0.000041
    1.5092    16.1019  0.000056
    1.7091    16.1019  0.000066
    1.9090    16.1019  0.000053
    2.1090    16.1019  0.000020
    2.3089    16.1019  0.000001
    2.5087    16.1019  0.000000
    2.7087    16.1019  0.000000
    2.9086    16.1019  0.000000
    3.1085    16.1019  0.000000
    3.3084    16.1019  0.000000
    3.5082    16.1019  0.000000
    3.7082    16.1019  0.000000
    3.9081    16.1019  0.000000
    4.1080    16.1019  0.000000
    4.3078    16.1019  0.000000
    4.5078    16.1019  0.000000
    4.7077    16.1019  0.000000
    4.9075    16.1019  0.000000
    5.1075    16.1019  0.000000
    5.3074    16.1019  0.000000
    5.5073    16.1019  0.000000
    5.7071    16.1019  0.000000
    5.9071    16.1019  0.000000
    6.1070    16.1019  0.000000
    6.3068    16.1019  0.000001
    6.5068    16.1019  0.000004
    6.7067    16.1019  0.000006
    6.9065    16.1019  0.000003
    7.1065    16.1019  0.000002
    7.3064    16.1019  0.000005
    7.5062    16.1019  0.000012
    7.7062    16.1019  0.000020
    7.9061    16.1019  0.000023
    8.1060    16.1019  0.000035
    8.3059    16.1019  0.000048
    8.5057    16.1019  0.000054
    8.7057    16.1019  0.000072
    8.9056    16.1019  0.000072
    9.1054    16.1019  0.000087
    9.3054    16.1019  0.000082
    9.5052    16.1019  0.000075
    9.7051    16.1019  0.000064
    9.9051    16.1019  0.000057
   10.1049    16.1019  0.000074
   10.3049    16.1019  0.000082
   10.5048    16.1019  0.000078
   10.7046    16.1019  0.000078
   10.9046    16.1019  0.000083
   11.1045    16.1019  0.000104
   11.3043    16.1019  0.000127
   11.5043    16.1019  0.000133
   11.7042    16.1019  0.000130
   11.9040    16.1019  0.000118
   12.1040    16.1019  0.000123
   12.3039    16.1019  0.000131
   12.5037    16.1019  0.000149
   12.7037    16.1019  0.000157
   12.9036    16.1019  0.000164
   13.1034    16.1019  0.000171
   13.3034    16.1019  0.000168
   13.5033    16.1019  0.000157
   13.7031    16.1019  0.000159
   13.9031    16.1019  0.000163
   14.1030    16.1019  0.000166
   14.3028    16.1019  0.000163
   14.5028    16.1019  0.000170
   14.7027    16.1019  0.000189
   14.9025    16.1019  0.000174
   15.1025    16.1019  0.000157
   15.3024    16.1019  0.000144
   15.5022    16.1019  0.000146
   15.7022    16.1019  0.000175
   15.9021    16.1019  0.000183
   16.1019    16.1019  0.000188
   16.3018    16.1019  0.000167
   16.5017    16.1019  0.000145
   16.7016    16.1019  0.000150
   16.9015    16.1019  0.000153
   17.1014    16.1019  0.000173
   17.3013    16.1019  0.000197
   17.5012    16.1019  0.000194
   17.7011    16.1019  0.000190
   17.9010    16.1019  0.000174
   18.1009    16.1019  0.000167
   18.3008    16.1019  0.000154
   18.5007    16.1019  0.000153
   18.7006    16.1019  0.000157
   18.9005    16.1019  0.000189
   19.1004    16.1019  0.000207
   19.3003    16.1019  0.000214
   19.5002    16.1019  0.000199
   19.7001    16.1019  0.000174
   19.9000    16.1019  0.000146
    0.1099    16.3018  0.000115
    0.3099    16.3018  0.000117
    0.5098    16.3018  0.000099
    0.7096    16.3018  0.000069
    0.9096    16.3018  0.000047
    1.1094    16.3018  0.000033
    1.3093    16.3018  0.000034
    1.5092    16.3018  0.000052
    1.7091    16.3018  0.000071
    1.9090    16.3018  0.000060
    2.1090    16.3018  0.000027
    2.3089    16.3018  0.000000
    2.5087    16.3018  0.000000
    2.7087    16.3018  0.000000
    2.9086    16.3018  0.000000
    3.1085    16.3018  0.000000
    3.3084    16.3018  0.000000
    3.5082    16.3018  0.000001
    3.7082    16.3018  0.000000
    3.9081    16.3018  0.000000
    4.1080    16.3018  0.000000
    4.3078    16.3018  0.000000
    4.5078    16.3018  0.000000
    4.7077    16.3018  0.000000
    4.9075    16.3018  0.000000
    5.1075    16.3018  0.000000
    5.3074    16.3018  0.000000
    5.5073    16.3018  0.000000
    5.7071    16.3018  0.000000
    5.9071    16.3018  0.000000
    6.1070    16.3018  0.000000
    6.3068    16.3018  0.000000
    6.5068    16.3018  0.000003
    6.7067    16.3018  0.000004
    6.9065    16.3018  0.000002
    7.1065    16.3018  0.000001
    7.3064    16.3018  0.000004
    7.5062    16.3018  0.000018
    7.7062    16.3018  0.000023
    7.9061    16.3018  0.000027
    8.1060    16.3018  0.000028
    8.3059    16.3018  0.000042
    8.5057    16.3018  0.000063
    8.7057    16.3018  0.000058
    8.9056    16.3018  0.000074
    9.1054    16.3018  0.000074
    9.3054    16.3018  0.000079
    9.5052    16.3018  0.000073
    9.7051    16.3018  0.000072
    9.9051    16.3018  0.000065
   10.1049    16.3018  0.000069
   10.3049    16.3018  0.000084
   10.5048    16.3018  0.000077
   10.7046    16.3018  0.000079
   10.9046    16.3018  0.000083
   11.1045    16.3018  0.000099
   11.3043    16.3018  0.000124
   11.5043    16.3018  0.000140
   11.7042    16.3018  0.000137
   11.9040    16.3018  0.000124
   12.1040    16.3018  0.000122
   12.3039    16.3018  0.000125
   12.5037    16.3018  0.000144
   12.7037    16.3018  0.000152
   12.9036    16.3018  0.000160
   13.1034    16.3018  0.000162
   13.3034    16.3018  0.000168
   13.5033    16.3018  0.000165
   13.7031    16.3018  0.000173
   13.9031    16.3018  0.000164
   14.1030    16.3018  0.000162
   14.3028    16.3018  0.000156
   14.5028    16.3018  0.000181
   14.7027    16.3018  0.000196
   14.9025    16.3018  0.000182
   15.1025    16.3018  0.000163
   15.3024    16.3018  0.000142
   15.5022    16.3018  0.000150
   15.7022    16.3018  0.000168
   15.9021    16.3018  0.000193
   16.1019    16.3018  0.000180
   16.3018    16.3018  0.000164
   16.5017    16.3018  0.000148
   16.7016    16.3018  0.000137
   16.9015    16.3018  0.000151
   17.1014    16.3018  0.000184
   17.3013    16.3018  0.000199
   17.5012    16.3018  0.000197
   17.7011    16.3018  0.000186
   17.9010    16.3018  0.000168
   18.1009    16.3018  0.000159
   18.3008    16.3018  0.000165
   18.5007    16.3018  0.000160
   18.7006    16.3018  0.000160
   18.9005    16.3018  0.000182
   19.1004    16.3018  0.000201
   19.3003    16.3018  0.000214
   19.5002    16.3018  0.000205
   19.7001    16.3018  0.000174
   19.9000    16.3018  0.000138
    0.1099    16.5017  0.000115
    0.3099    16.5017  0.000125
    0.5098    16.5017  0.000094
    0.7096    16.5017  0.000072
    0.9096    16.5017  0.000043
    1.1094    16.5017  0.000032
    1.3093    16.5017  0.000042
    1.5092    16.5017  0.000061
    1.7091    16.5017  0.000066
    1.9090    16.5017  0.000057
    2.1090    16.5017  0.000028
    2.3089    16.5017  0.000000
    2.5087    16.5017  0.000000
    2.7087    16.5017  0.000000
    2.9086    16.5017  0.000000
    3.1085    16.5017  0.000000
    3.3084    16.5017  0.000000
    3.5082    16.5017  0.000000
    3.7082    16.5017  0.000000
    3.9081    16.5017  0.000000
    4.1080    16.5017  0.000000
    4.3078    16.5017  0.000001
    4.5078    16.5017  0.000000
    4.7077    16.5017  0.000000
    4.9075    16.5017  0.000000
    5.1075    16.5017  0.000000
    5.3074    16.5017  0.000000
    5.5073    16.5017  0.000000
    5.7071    16.5017  0.000000
    5.9071    16.5017  0.000000
    6.1070    16.5017  0.000000
    6.3068    16.5017  0.000001
    6.5068    16.5017  0.000004
    6.7067    16.5017  0.000005
    6.9065    16.5017  0.000002
    7.1065    16.5017  0.000002
    7.3064    16.5017  0.000003
    7.5062    16.5017  0.000011
    7.7062    16.5017  0.000027
    7.9061    16.5017  0.000022
    8.1060    16.5017  0.000031
    8.3059    16.5017  0.000040
    8.5057    16.5017  0.000051
    8.7057    16.5017  0.000066
    8.9056    16.5017  0.000070
    9.1054    16.5017  0.000075
    9.3054    16.5017  0.000079
    9.5052    16.5017  0.000076
    9.7051    16.5017  0.000067
    9.9051    16.5017  0.000065
   10.1049    16.5017  0.000075
   10.3049    16.5017  0.000077
   10.5048    16.5017  0.000070
   10.7046    16.5017  0.000077
   10.9046    16.5017  0.000082
   11.1045    16.5017  0.000103
   11.3043    16.5017  0.000122
   11.5043    16.5017  0.000141
   11.7042    16.5017  0.000140
   11.9040    16.5017  0.000127
   12.1040    16.5017  0.000124
   12.3039    16.5017  0.000126
   12.5037    16.5017  0.000141
   12.7037    16.5017  0.000143
   12.9036    16.5017  0.000152
   13.1034    16.5017  0.000163
   13.3034    16.5017  0.000173
   13.5033    16.5017  0.000163
   13.7031    16.5017  0.000163
   13.9031    16.5017  0.000172
   14.1030    16.5017  0.000161
   14.3028    16.5017  0.000158
   14.5028    16.5017  0.000174
   14.7027    16.5017  0.000196
   14.9025    16.5017  0.000187
   15.1025    16.5017  0.000163
   15.3024    16.5017  0.000144
   15.5022    16.5017  0.000146
   15.7022    16.5017  0.000162
   15.9021    16.5017  0.000188
   16.1019    16.5017  0.000192
   16.3018    16.5017  0.000174
   16.5017    16.5017  0.000150
   16.7016    16.5017  0.000151
   16.9015    16.5017  0.000147
   17.1014    16.5017  0.000169
   17.3013    16.5017  0.000186
   17.5012    16.5017  0.000191
   17.7011    16.5017  0.000188
   17.9010    16.5017  0.000178
   18.1009    16.5017  0.000168
   18.3008    16.5017  0.000159
   18.5007    16.5017  0.000157
   18.7006    16.5017  0.000156
   18.9005    16.5017  0.000172
   19.1004    16.5017  0.000194
   19.3003    16.5017  0.000215
   19.5002    16.5017  0.000205
   19.7001    16.5017  0.000185
   19.9000    16.5017  0.000147
    0.1099    16.7016  0.000117
    0.3099    16.7016  0.000120
    0.5098    16.7016  0.000099
    0.7096    16.7016  0.000063
    0.9096    16.7016  0.000037
    1.1094    16.7016  0.000033
    1.3093    16.7016  0.000043
    1.5092    16.7016  0.000046
    1.7091    16.7016  0.000062
    1.9090    16.7016  0.000054
    2.1090    16.7016  0.000031
    2.3089    16.7016  0.000000
    2.5087    16.7016  0.000000
    2.7087    16.7016  0.000000
    2.9086    16.7016  0.000000
    3.1085    16.7016  0.000000
    3.3084    16.7016  0.000000
    3.5082    16.7016  0.000000
    3.7082    16.7016  0.000000
    3.9081    16.7016  0.000000
    4.1080    16.7016  0.000000
    4.3078    16.7016  0.000000
    4.5078    16.7016  0.000000
    4.7077    16.7016  0.000000
    4.9075    16.7016  0.000000
    5.1075    16.7016  0.000000
    5.3074    16.7016  0.000000
    5.5073    16.7016  0.000000
    5.7071    16.7016  0.000000
    5.9071    16.7016  0.000000
    6.1070    16.7016  0.000000
    6.3068    16.7016  0.000001
    6.5068    16.7016  0.000001
    6.7067    16.7016  0.000003
    6.9065    16.7016  0.000003
    7.1065    16.7016  0.000001
    7.3064    16.7016  0.000004
    7.5062    16.7016  0.000015
    7.7062    16.7016  0.000023
    7.9061    16.7016  0.000018
    8.1060    16.7016  0.000029
    8.3059    16.7016  0.000045
    8.5057    16.7016  0.000046
    8.7057    16.7016  0.000059
    8.9056    16.7016  0.000060
    9.1054    16.7016  0.000072
    9.3054    16.7016  0.000080
    9.5052    16.7016  0.000082
    9.7051    16.7016  0.000069
    9.9051    16.7016  0.000061
   10.1049    16.7016  0.000068
   10.3049    16.7016  0.000079
   10.5048    16.7016  0.000085
   10.7046    16.7016  0.000073
   10.9046    16.7016  0.000081
   11.1045    16.7016  0.000100
   11.3043    16.7016  0.000123
   11.5043    16.7016  0.000132
   11.7042    16.7016  0.000142
   11.9040    16.7016  0.000129
   12.1040    16.7016  0.000128
   12.3039    16.7016  0.000127
   12.5037    16.7016  0.000141
   12.7037    16.7016  0.000141
   12.9036    16.7016  0.000149
   13.1034    16.7016  0.000160
   13.3034    16.7016  0.000169
   13.5033    16.7016  0.000175
   13.7031    16.7016  0.000176
   13.9031    16.7016  0.000174
   14.1030    16.7016  0.000164
   14.3028    16.7016  0.000167
   14.5028    16.7016  0.000173
   14.7027    16.7016  0.000189
   14.9025    16.7016  0.000188
   15.1025    16.7016  0.000162
   15.3024    16.7016  0.000150
   15.5022    16.7016  0.000146
   15.7022    16.7016  0.000166
   15.9021    16.7016  0.000189
   16.1019    16.7016  0.000196
   16.3018    16.7016  0.000176
   16.5017    16.7016  0.000156
   16.7016    16.7016  0.000154
   16.9015    16.7016  0.000148
   17.1014    16.7016  0.000170
   17.3013    16.7016  0.000185
   17.5012    16.7016  0.000192
   17.7011    16.7016  0.000188
   17.9010    16.7016  0.000175
   18.1009    16.7016  0.000170
   18.3008    16.7016  0.000164
   18.5007    16.7016  0.000161
   18.7006    16.7016  0.000152
   18.9005    16.7016  0.000172
   19.1004    16.7016  0.000200
   19.3003    16.7016  0.000214
   19.5002    16.7016  0.000217
   19.7001    16.7016  0.000179
   19.9000    16.7016  0.000142
    0.1099    16.9015  0.000110
    0.3099    16.9015  0.000113
    0.5098    16.9015  0.000094
    0.7096    16.9015  0.000068
    0.9096    16.9015  0.000041
    1.1094    16.9015  0.000028
    1.3093    16.9015  0.000034
    1.5092    16.9015  0.000044
    1.7091    16.9015  0.000069
    1.9090    16.9015  0.000052
    2.1090    16.9015  0.000028
    2.3089    16.9015  0.000000
    2.5087    16.9015  0.000000
    2.7087    16.9015  0.000000
    2.9086    16.9015  0.000000
    3.1085    16.9015  0.000000
    3.3084    16.9015  0.000000
    3.5082    16.9015  0.000000
    3.7082    16.9015  0.000000
    3.9081    16.9015  0.000000
    4.1080    16.9015  0.000000
    4.3078    16.9015  0.000000
    4.5078    16.9015  0.000000
    4.7077    16.9015  0.000000
    4.9075    16.9015  0.000000
    5.1075    16.9015  0.000000
    5.3074    16.9015  0.000000
    5.5073    16.9015  0.000000
    5.7071    16.9015  0.000000
    5.9071    16.9015  0.000000
    6.1070    16.9015  0.000000
    6.3068    16.9015  0.000001
    6.5068    16.9015  0.000002
    6.7067    16.9015  0.000002
    6.9065    16.9015  0.000003
    7.1065    16.9015  0.000002
    7.3064    16.9015  0.000004
    7.5062    16.9015  0.000013
    7.7062    16.9015  0.000026
    7.9061    16.9015  0.000026
    8.1060    16.9015  0.000028
    8.3059    16.9015  0.000039
    8.5057    16.9015  0.000052
    8.7057    16.9015  0.000052
    8.9056    16.9015  0.000058
    9.1054    16.9015  0.000068
    9.3054    16.9015  0.000077
    9.5052    16.9015  0.000075
    9.7051    16.9015  0.000067
    9.9051    16.9015  0.000064
   10.1049    16.9015  0.000075
   10.3049    16.9015  0.000083
   10.5048    16.9015  0.000081
   10.7046    16.9015  0.000080
   10.9046    16.9015  0.000075
   11.1045    16.9015  0.000091
   11.3043    16.9015  0.000125
   11.5043    16.9015  0.000143
   11.7042    16.9015  0.000141
   11.9040    16.9015  0.000139
   12.1040    16.9015  0.000134
   12.3039    16.9015  0.000138
   12.5037    16.9015  0.000146
   12.7037    16.9015  0.000145
   12.9036    16.9015  0.000142
   13.1034    16.9015  0.000159
   13.3034    16.9015  0.000174
   13.5033    16.9015  0.000180
   13.7031    16.9015  0.000176
   13.9031    16.9015  0.000185
   14.1030    16.9015  0.000169
   14.3028    16.9015  0.000161
   14.5028    16.9015  0.000174
   14.7027    16.9015  0.000185
   14.9025    16.9015  0.000180
   15.1025    16.9015  0.000165
   15.3024    16.9015  0.000141
   15.5022    16.9015  0.000132
   15.7022    16.9015  0.000161
   15.9021    16.9015  0.000185
   16.1019    16.9015  0.000190
   16.3018    16.9015  0.000180
   16.5017    16.9015  0.000159
   16.7016    16.9015  0.000149
   16.9015    16.9015  0.000155
   17.1014    16.9015  0.000162
   17.3013    16.9015  0.000186
   17.5012    16.9015  0.000197
   17.7011    16.9015  0.000193
   17.9010    16.9015  0.000178
   18.1009    16.9015  0.000174
   18.3008    16.9015  0.000166
   18.5007    16.9015  0.000167
   18.7006    16.9015  0.000156
   18.9005    16.9015  0.000157
   19.1004    16.9015  0.000187
   19.3003    16.9015  0.000216
   19.5002    16.9015  0.000216
   19.7001    16.9015  0.000187
   19.9000    16.9015  0.000152
    0.1099    17.1014  0.000108
    0.3099    17.1014  0.000112
    0.5098    17.1014  0.000087
    0.7096    17.1014  0.000064
    0.9096    17.1014  0.000036
    1.1094    17.1014  0.000027
    1.3093    17.1014  0.000036
    1.5092    17.1014  0.000039
    1.7091    17.1014  0.000062
    1.9090    17.1014  0.000048
    2.1090    17.1014  0.000025
    2.3089    17.1014  0.000001
    2.5087    17.1014  0.000000
    2.7087    17.1014  0.000000
    2.9086    17.1014  0.000000
    3.1085    17.1014  0.000000
    3.3084    17.1014  0.000000
    3.5082    17.1014  0.000000
    3.7082    17.1014  0.000000
    3.9081    17.1014  0.000000
    4.1080    17.1014  0.000000
    4.3078    17.1014  0.000000
    4.5078    17.1014  0.000000
    4.7077    17.1014  0.000000
    4.9075    17.1014  0.000000
    5.1075    17.1014  0.000000
    5.3074    17.1014  0.000000
    5.5073    17.1014  0.000000
    5.7071    17.1014  0.000000
    5.9071    17.1014  0.000000
    6.1070    17.1014  0.000000
    6.3068    17.1014  0.000001
    6.5068    17.1014  0.000003
    6.7067    17.1014  0.000003
    6.9065    17.1014  0.000004
    7.1065    17.1014  0.000001
    7.3064    17.1014  0.000003
    7.5062    17.1014  0.000013
    7.7062    17.1014  0.000021
    7.9061    17.1014  0.000018
    8.1060    17.1014  0.000019
    8.3059    17.1014  0.000034
    8.5057    17.1014  0.000044
    8.7057    17.1014  0.000051
    8.9056    17.1014  0.000060
    9.1054    17.1014  0.000066
    9.3054    17.1014  0.000077
    9.5052    17.1014  0.000075
    9.7051    17.1014  0.000069
    9.9051    17.1014  0.000067
   10.1049    17.1014  0.000067
   10.3049    17.1014  0.000086
   10.5048    17.1014  0.000080
   10.7046    17.1014  0.000075
   10.9046    17.1014  0.000074
   11.1045    17.1014  0.000084
   11.3043    17.1014  0.000115
   11.5043    17.1014  0.000137
   11.7042    17.1014  0.000146
   11.9040    17.1014  0.000144
   12.1040    17.1014  0.000140
   12.3039    17.1014  0.000143
   12.5037    17.1014  0.000148
   12.7037    17.1014  0.000150
   12.9036    17.1014  0.000157
   13.1034    17.1014  0.000159
   13.3034    17.1014  0.000169
   13.5033    17.1014  0.000187
   13.7031    17.1014  0.000187
   13.9031    17.1014  0.000187
   14.1030    17.1014  0.000173
   14.3028    17.1014  0.000165
   14.5028    17.1014  0.000176
   14.7027    17.1014  0.000181
   14.9025    17.1014  0.000195
   15.1025    17.1014  0.000174
   15.3024    17.1014  0.000146
   15.5022    17.1014  0.000142
   15.7022    17.1014  0.000149
   15.9021    17.1014  0.000182
   16.1019    17.1014  0.000192
   16.3018    17.1014  0.000180
   16.5017    17.1014  0.000166
   16.7016    17.1014  0.000147
   16.9015    17.1014  0.000149
   17.1014    17.1014  0.000165
   17.3013    17.1014  0.000185
   17.5012    17.1014  0.000193
   17.7011    17.1014  0.000183
   17.9010    17.1014  0.000187
   18.1009    17.1014  0.000176
   18.3008    17.1014  0.000175
   18.5007    17.1014  0.000163
   18.7006    17.1014  0.000160
   18.9005    17.1014  0.000164
   19.1004    17.1014  0.000186
   19.3003    17.1014  0.000215
   19.5002    17.1014  0.000215
   19.7001    17.1014  0.000198
   19.9000    17.1014  0.000150
    0.1099    17.3013  0.000106
    0.3099    17.3013  0.000107
    0.5098    17.3013  0.000081
    0.7096    17.3013  0.000059
    0.9096    17.3013  0.000036
    1.1094    17.3013  0.000027
    1.3093    17.3013  0.000032
    1.5092    17.3013  0.000040
    1.7091    17.3013  0.000057
    1.9090    17.3013  0.000051
    2.1090    17.3013  0.000027
    2.3089    17.3013  0.000000
    2.5087    17.3013  0.000000
    2.7087    17.3013  0.000000
    2.9086    17.3013  0.000000
    3.1085    17.3013  0.000000
    3.3084    17.3013  0.000000
    3.5082    17.3013  0.000000
    3.7082    17.3013  0.000000
    3.9081    17.3013  0.000000
    4.1080    17.3013  0.000000
    4.3078    17.3013  0.000000
    4.5078    17.3013  0.000000
    4.7077    17.3013  0.000000
    4.9075    17.3013  0.000000
    5.1075    17.3013  0.000000
    5.3074    17.3013  0.000000
    5.5073    17.3013  0.000000
    5.7071    17.3013  0.000000
    5.9071    17.3013  0.000000
    6.1070    17.3013  0.000000
    6.3068    17.3013  0.000001
    6.5068    17.3013  0.000003
    6.7067    17.3013  0.000001
    6.9065    17.3013  0.000002
    7.1065    17.3013  0.000001
    7.3064    17.3013  0.000002
    7.5062    17.3013  0.000008
    7.7062    17.3013  0.000023
    7.9061    17.3013  0.000017
    8.1060    17.3013  0.000021
    8.3059    17.3013  0.000032
    8.5057    17.3013  0.000047
    8.7057    17.3013  0.000042
    8.9056    17.3013  0.000052
    9.1054    17.3013  0.000062
    9.3054    17.3013  0.000069
    9.5052    17.3013  0.000067
    9.7051    17.3013  0.000067
    9.9051    17.3013  0.000062
   10.1049    17.3013  0.000069
   10.3049    17.3013  0.000079
   10.5048    17.3013  0.000086
   10.7046    17.3013  0.000076
   10.9046    17.3013  0.000071
   11.1045    17.3013  0.000086
   11.3043    17.3013  0.000109
   11.5043    17.3013  0.000137
   11.7042    17.3013  0.000149
   11.9040    17.3013  0.000146
   12.1040    17.3013  0.000147
   12.3039    17.3013  0.000141
   12.5037    17.3013  0.000151
   12.7037    17.3013  0.000154
   12.9036    17.3013  0.000153
   13.1034    17.3013  0.000155
   13.3034    17.3013  0.000176
   13.5033    17.3013  0.000184
   13.7031    17.3013  0.000195
   13.9031    17.3013  0.000199
   14.1030    17.3013  0.000187
   14.3028    17.3013  0.000160
   14.5028    17.3013  0.000159
   14.7027    17.3013  0.000186
   14.9025    17.3013  0.000193
   15.1025    17.3013  0.000175
   15.3024    17.3013  0.000151
   15.5022    17.3013  0.000137
   15.7022    17.3013  0.000147
   15.9021    17.3013  0.000179
   16.1019    17.3013  0.000190
   16.3018    17.3013  0.000180
   16.5017    17.3013  0.000174
   16.7016    17.3013  0.000159
   16.9015    17.3013  0.000150
   17.1014    17.3013  0.000169
   17.3013    17.3013  0.000177
   17.5012    17.3013  0.000188
   17.7011    17.3013  0.000185
   17.9010    17.3013  0.000194
   18.1009    17.3013  0.000182
   18.3008    17.3013  0.000184
   18.5007    17.3013  0.000181
   18.7006    17.3013  0.000157
   18.9005    17.3013  0.000158
   19.1004    17.3013  0.000178
   19.3003    17.3013  0.000210
   19.5002    17.3013  0.000222
   19.7001    17.3013  0.000201
   19.9000    17.3013  0.000155
    0.1099    17.5012  0.000103
    0.3099    17.5012  0.000097
    0.5098    17.5012  0.000082
    0.7096    17.5012  0.000054
    0.9096    17.5012  0.000033
    1.1094    17.5012  0.000028
    1.3093    17.5012  0.000027
    1.5092    17.5012  0.000038
    1.7091    17.5012  0.000047
    1.9090    17.5012  0.000051
    2.1090    17.5012  0.000026
    2.3089    17.5012  0.000000
    2.5087    17.5012  0.000000
    2.7087    17.5012  0.000000
    2.9086    17.5012  0.000000
    3.1085    17.5012  0.000000
    3.3084    17.5012  0.000000
    3.5082    17.5012  0.000000
    3.7082    17.5012  0.000000
    3.9081    17.5012  0.000000
    4.1080    17.5012  0.000000
    4.3078    17.5012  0.000000
    4.5078    17.5012  0.000000
    4.7077    17.5012  0.000000
    4.9075    17.5012  0.000000
    5.1075    17.5012  0.000000
    5.3074    17.5012  0.000000
    5.5073    17.5012  0.000000
    5.7071    17.5012  0.000000
    5.9071    17.5012  0.000000
    6.1070    17.5012  0.000000
    6.3068    17.5012  0.000001
    6.5068    17.5012  0.000005
    6.7067    17.5012  0.000003
    6.9065    17.5012  0.000001
    7.1065    17.5012  0.000001
    7.3064    17.5012  0.000005
    7.5062    17.5012  0.000009
    7.7062    17.5012  0.000009
    7.9061    17.5012  0.000013
    8.1060    17.5012  0.000023
    8.3059    17.5012  0.000027
    8.5057    17.5012  0.000038
    8.7057    17.5012  0.000047
    8.9056    17.5012  0.000041
    9.1054    17.5012  0.000048
    9.3054    17.5012  0.000058
    9.5052    17.5012  0.000066
    9.7051    17.5012  0.000068
    9.9051    17.5012  0.000068
   10.1049    17.5012  0.000074
   10.3049    17.5012  0.000078
   10.5048    17.5012  0.000081
   10.7046    17.5012  0.000079
   10.9046    17.5012  0.000069
   11.1045    17.5012  0.000081
   11.3043    17.5012  0.000106
   11.5043    17.5012  0.000141
   11.7042    17.5012  0.000146
   11.9040    17.5012  0.000149
   12.1040    17.5012  0.000141
   12.3039    17.5012  0.000144
   12.5037    17.5012  0.000154
   12.7037    17.5012  0.000157
   12.9036    17.5012  0.000152
   13.1034    17.5012  0.000156
   13.3034    17.5012  0.000171
   13.5033    17.5012  0.000195
   13.7031    17.5012  0.000200
   13.9031    17.5012  0.000207
   14.1030    17.5012  0.000190
   14.3028    17.5012  0.000168
   14.5028    17.5012  0.000166
   14.7027    17.5012  0.000185
   14.9025    17.5012  0.000192
   15.1025    17.5012  0.000183
   15.3024    17.5012  0.000158
   15.5022    17.5012  0.000140
   15.7022    17.5012  0.000155
   15.9021    17.5012  0.000168
   16.1019    17.5012  0.000197
   16.3018    17.5012  0.000187
   16.5017    17.5012  0.000174
   16.7016    17.5012  0.000169
   16.9015    17.5012  0.000169
   17.1014    17.5012  0.000167
   17.3013    17.5012  0.000185
   17.5012    17.5012  0.000190
   17.7011    17.5012  0.000188
   17.9010    17.5012  0.000184
   18.1009    17.5012  0.000188
   18.3008    17.5012  0.000184
   18.5007    17.5012  0.000175
   18.7006    17.5012  0.000167
   18.9005    17.5012  0.000163
   19.1004    17.5012  0.000174
   19.3003    17.5012  0.000198
   19.5002    17.5012  0.000222
   19.7001    17.5012  0.000204
   19.9000    17.5012  0.000159
    0.1099    17.7011  0.000096
    0.3099    17.7011  0.000093
    0.5098    17.7011  0.000075
    0.7096    17.7011  0.000055
    0.9096    17.7011  0.000035
    1.1094    17.7011  0.000019
    1.3093    17.7011  0.000024
    1.5092    17.7011  0.000043
    1.7091    17.7011  0.000043
    1.9090    17.7011  0.000037
    2.1090    17.7011  0.000017
    2.3089    17.7011  0.000001
    2.5087    17.7011  0.000000
    2.7087    17.7011  0.000000
    2.9086    17.7011  0.000000
    3.1085    17.7011  0.000000
    3.3084    17.7011  0.000000
    3.5082    17.7011  0.000000
    3.7082    17.7011  0.000000
    3.9081    17.7011  0.000000
    4.1080    17.7011  0.000000
    4.3078    17.7011  0.000000
    4.5078    17.7011  0.000000
    4.7077    17.7011  0.000000
    4.9075    17.7011  0.000000
    5.1075    17.7011  0.000000
    5.3074    17.7011  0.000000
    5.5073    17.7011  0.000000
    5.7071    17.7011  0.000000
    5.9071    17.7011  0.000000
    6.1070    17.7011  0.000000
    6.3068    17.7011  0.000001
    6.5068    17.7011  0.000002
    6.7067    17.7011  0.000004
    6.9065    17.7011  0.000002
    7.1065    17.7011  0.000002
    7.3064    17.7011  0.000002
    7.5062    17.7011  0.000004
    7.7062    17.7011  0.000013
    7.9061    17.7011  0.000006
    8.1060    17.7011  0.000009
    8.3059    17.7011  0.000029
    8.5057    17.7011  0.000029
    8.7057    17.7011  0.000040
    8.9056    17.7011  0.000041
    9.1054    17.7011  0.000049
    9.3054    17.7011  0.000063
    9.5052    17.7011  0.000064
    9.7051    17.7011  0.000066
    9.9051    17.7011  0.000066
   10.1049    17.7011  0.000070
   10.3049    17.7011  0.000079
   10.5048    17.7011  0.000076
   10.7046    17.7011  0.000076
   10.9046    17.7011  0.000066
   11.1045    17.7011  0.000073
   11.3043    17.7011  0.000106
   11.5043    17.7011  0.000136
   11.7042    17.7011  0.000146
   11.9040    17.7011  0.000154
   12.1040    17.7011  0.000145
   12.3039    17.7011  0.000143
   12.5037    17.7011  0.000157
   12.7037    17.7011  0.000160
   12.9036    17.7011  0.000158
   13.1034    17.7011  0.000157
   13.3034    17.7011  0.000177
   13.5033    17.7011  0.000197
   13.7031    17.7011  0.000211
   13.9031    17.7011  0.000217
   14.1030    17.7011  0.000194
   14.3028    17.7011  0.000175
   14.5028    17.7011  0.000162
   14.7027    17.7011  0.000178
   14.9025    17.7011  0.000197
   15.1025    17.7011  0.000187
   15.3024    17.7011  0.000161
   15.5022    17.7011  0.000149
   15.7022    17.7011  0.000155
   15.9021    17.7011  0.000160
   16.1019    17.7011  0.000193
   16.3018    17.7011  0.000194
   16.5017    17.7011  0.000181
   16.7016    17.7011  0.000173
   16.9015    17.7011  0.000164
   17.1014    17.7011  0.000168
   17.3013    17.7011  0.000186
   17.5012    17.7011  0.000179
   17.7011    17.7011  0.000197
   17.9010    17.7011  0.000193
   18.1009    17.7011  0.000192
   18.3008    17.7011  0.000197
   18.5007    17.7011  0.000182
   18.7006    17.7011  0.000167
   18.9005    17.7011  0.000162
   19.1004    17.7011  0.000175
   19.3003    17.7011  0.000202
   19.5002    17.7011  0.000222
   19.7001    17.7011  0.000207
   19.9000    17.7011  0.000161
    0.1099    17.9010  0.000090
    0.3099    17.9010  0.000087
    0.5098    17.9010  0.000066
    0.7096    17.9010  0.000050
    0.9096    17.9010  0.000028
    1.1094    17.9010  0.000014
    1.3093    17.9010  0.000018
    1.5092    17.9010  0.000036
    1.7091    17.9010  0.000046
    1.9090    17.9010  0.000039
    2.1090    17.9010  0.000016
    2.3089    17.9010  0.000001
    2.5087    17.9010  0.000000
    2.7087    17.9010  0.000000
    2.9086    17.9010  0.000000
    3.1085    17.9010  0.000000
    3.3084    17.9010  0.000000
    3.5082    17.9010  0.000000
    3.7082    17.9010  0.000000
    3.9081    17.9010  0.000000
    4.1080    17.9010  0.000000
    4.3078    17.9010  0.000000
    4.5078    17.9010  0.000000
    4.7077    17.9010  0.000000
    4.9075    17.9010  0.000000
    5.1075    17.9010  0.000000
    5.3074    17.9010  0.000000
    5.5073    17.9010  0.000000
    5.7071    17.9010  0.000000
    5.9071    17.9010  0.000000
    6.1070    17.9010  0.000000
    6.3068    17.9010  0.000001
    6.5068    17.9010  0.000002
    6.7067    17.9010  0.000002
    6.9065    17.9010  0.000003
    7.1065    17.9010  0.000001
    7.3064    17.9010  0.000001
    7.5062    17.9010  0.000009
    7.7062    17.9010  0.000008
    7.9061    17.9010  0.000015
    8.1060    17.9010  0.000017
    8.3059    17.9010  0.000021
    8.5057    17.9010  0.000029
    8.7057    17.9010  0.000034
    8.9056    17.9010  0.000045
    9.1054    17.9010  0.000040
    9.3054    17.9010  0.000063
    9.5052    17.9010  0.000066
    9.7051    17.9010  0.000059
    9.9051    17.9010  0.000063
   10.1049    17.9010  0.000066
   10.3049    17.9010  0.000075
   10.5048    17.9010  0.000084
   10.7046    17.9010  0.000080
   10.9046    17.9010  0.000070
   11.1045    17.9010  0.000069
   11.3043    17.9010  0.000095
   11.5043    17.9010  0.000130
   11.7042    17.9010  0.000154
   11.9040    17.9010  0.000152
   12.1040    17.9010  0.000159
   12.3039    17.9010  0.000149
   12.5037    17.9010  0.000164
   12.7037    17.9010  0.000167
   12.9036    17.9010  0.000163
   13.1034    17.9010  0.000154
   13.3034    17.9010  0.000173
   13.5033    17.9010  0.000190
   13.7031    17.9010  0.000210
   13.9031    17.9010  0.000217
   14.1030    17.9010  0.000206
   14.3028    17.9010  0.000179
   14.5028    17.9010  0.000161
   14.7027    17.9010  0.000177
   14.9025    17.9010  0.000194
   15.1025    17.9010  0.000195
   15.3024    17.9010  0.000171
   15.5022    17.9010  0.000147
   15.7022    17.9010  0.000143
   15.9021    17.9010  0.000170
   16.1019    17.9010  0.000182
   16.3018    17.9010  0.000186
   16.5017    17.9010  0.000187
   16.7016    17.9010  0.000176
   16.9015    17.9010  0.000174
   17.1014    17.9010  0.000174
   17.3013    17.9010  0.000178
   17.5012    17.9010  0.000186
   17.7011    17.9010  0.000188
   17.9010    17.9010  0.000193
   18.1009    17.9010  0.000196
   18.3008    17.9010  0.000199
   18.5007    17.9010  0.000195
   18.7006    17.9010  0.000177
   18.9005    17.9010  0.000167
   19.1004    17.9010  0.000167
   19.3003    17.9010  0.000190
   19.5002    17.9010  0.000220
   19.7001    17.9010  0.000221
   19.9000    17.9010  0.000168
    0.1099    18.1009  0.000089
    0.3099    18.1009  0.000083
    0.5098    18.1009  0.000060
    0.7096    18.1009  0.000043
    0.9096    18.1009  0.000026
    1.1094    18.1009  0.000023
    1.3093    18.1009  0.000017
    1.5092    18.1009  0.000032
    1.7091    18.1009  0.000042
    1.9090    18.1009  0.000034
    2.1090    18.1009  0.000018
    2.3089    18.1009  0.000000
    2.5087    18.1009  0.000000
    2.7087    18.1009  0.000001
    2.9086    18.1009  0.000000
    3.1085    18.1009  0.000000
    3.3084    18.1009  0.000000
    3.5082    18.1009  0.000000
    3.7082    18.1009  0.000000
    3.9081    18.1009  0.000000
    4.1080    18.1009  0.000000
    4.3078    18.1009  0.000000
    4.5078    18.1009  0.000001
    4.7077    18.1009  0.000000
    4.9075    18.1009  0.000000
    5.1075    18.1009  0.000000
    5.3074    18.1009  0.000000
    5.5073    18.1009  0.000000
    5.7071    18.1009  0.000000
    5.9071    18.1009  0.000000
    6.1070    18.1009  0.000000
    6.3068    18.1009  0.000001
    6.5068    18.1009  0.000002
    6.7067    18.1009  0.000002
    6.9065    18.1009  0.000002
    7.1065    18.1009  0.000001
    7.3064    18.1009  0.000003
    7.5062    18.1009  0.000005
    7.7062    18.1009  0.000005
    7.9061    18.1009  0.000004
    8.1060    18.1009  0.000004
    8.3059    18.1009  0.000029
    8.5057    18.1009  0.000037
    8.7057    18.1009  0.000034
    8.9056    18.1009  0.000032
    9.1054    18.1009  0.000043
    9.3054    18.1009  0.000053
    9.5052    18.1009  0.000058
    9.7051    18.1009  0.000064
    9.9051    18.1009  0.000062
   10.1049    18.1009  0.000069
   10.3049    18.1009  0.000080
   10.5048    18.1009  0.000090
   10.7046    18.1009  0.000078
   10.9046    18.1009  0.000067
   11.1045    18.1009  0.000072
   11.3043    18.1009  0.000086
   11.5043    18.1009  0.000128
   11.7042    18.1009  0.000151
   11.9040    18.1009  0.000153
   12.1040    18.1009  0.000158
   12.3039    18.1009  0.000152
   12.5037    18.1009  0.000165
   12.7037    18.1009  0.000172
   12.9036    18.1009  0.000171
   13.1034    18.1009  0.000169
   13.3034    18.1009  0.000175
   13.5033    18.1009  0.000192
   13.7031    18.1009  0.000218
   13.9031    18.1009  0.000223
   14.1030    18.1009  0.000207
   14.3028    18.1009  0.000172
   14.5028    18.1009  0.000160
   14.7027    18.1009  0.000178
   14.9025    18.1009  0.000193
   15.1025    18.1009  0.000198
   15.3024    18.1009  0.000177
   15.5022    18.1009  0.000154
   15.7022    18.1009  0.000151
   15.9021    18.1009  0.000164
   16.1019    18.1009  0.000182
   16.3018    18.1009  0.000184
   16.5017    18.1009  0.000185
   16.7016    18.1009  0.000182
   16.9015    18.1009  0.000181
   17.1014    18.1009  0.000176
   17.3013    18.1009  0.000175
   17.5012    18.1009  0.000181
   17.7011    18.1009  0.000192
   17.9010    18.1009  0.000194
   18.1009    18.1009  0.000204
   18.3008    18.1009  0.000204
   18.5007    18.1009  0.000194
   18.7006    18.1009  0.000186
   18.9005    18.1009  0.000171
   19.1004    18.1009  0.000169
   19.3003    18.1009  0.000197
   19.5002    18.1009  0.000212
   19.7001    18.1009  0.000221
   19.9000    18.1009  0.000168
    0.1099    18.3008  0.000088
    0.3099    18.3008  0.000081
    0.5098    18.3008  0.000064
    0.7096    18.3008  0.000044
    0.9096    18.3008  0.000020
    1.1094    18.3008  0.000019
    1.3093    18.3008  0.000016
    1.5092    18.3008  0.000029
    1.7091    18.3008  0.000036
    1.9090    18.3008  0.000037
    2.1090    18.3008  0.000016
    2.3089    18.3008  0.000000
    2.5087    18.3008  0.000000
    2.7087    18.3008  0.000000
    2.9086    18.3008  0.000000
    3.1085    18.3008  0.000000
    3.3084    18.3008  0.000000
    3.5082    18.3008  0.000000
    3.7082    18.3008  0.000000
    3.9081    18.3008  0.000000
    4.1080    18.3008  0.000000
    4.3078    18.3008  0.000000
    4.5078    18.3008  0.000000
    4.7077    18.3008  0.000000
    4.9075    18.3008  0.000000
    5.1075    18.3008  0.000001
    5.3074    18.3008  0.000000
    5.5073    18.3008  0.000000
    5.7071    18.3008  0.000000
    5.9071    18.3008  0.000000
    6.1070    18.3008  0.000000
    6.3068    18.3008  0.000001
    6.5068    18.3008  0.000001
    6.7067    18.3008  0.000002
    6.9065    18.3008  0.000001
    7.1065    18.3008  0.000001
    7.3064    18.3008  0.000002
    7.5062    18.3008  0.000002
    7.7062    18.3008  0.000004
    7.9061    18.3008  0.000002
    8.1060    18.3008  0.000004
    8.3059    18.3008  0.000025
    8.5057    18.3008  0.000039
    8.7057    18.3008  0.000032
    8.9056    18.3008  0.000036
    9.1054    18.3008  0.000043
    9.3054    18.3008  0.000057
    9.5052    18.3008  0.000059
    9.7051    18.3008  0.000057
    9.9051    18.3008  0.000063
   10.1049    18.3008  0.000072
   10.3049    18.3008  0.000075
   10.5048    18.3008  0.000080
   10.7046    18.3008  0.000081
   10.9046    18.3008  0.000076
   11.1045    18.3008  0.000066
   11.3043    18.3008  0.000083
   11.5043    18.3008  0.000122
   11.7042    18.3008  0.000145
   11.9040    18.3008  0.000160
   12.1040    18.3008  0.000159
   12.3039    18.3008  0.000160
   12.5037    18.3008  0.000166
   12.7037    18.3008  0.000176
   12.9036    18.3008  0.000175
   13.1034    18.3008  0.000167
   13.3034    18.3008  0.000174
   13.5033    18.3008  0.000196
   13.7031    18.3008  0.000206
   13.9031    18.3008  0.000217
   14.1030    18.3008  0.000213
   14.3028    18.3008  0.000191
   14.5028    18.3008  0.000173
   14.7027    18.3008  0.000174
   14.9025    18.3008  0.000195
   15.1025    18.3008  0.000205
   15.3024    18.3008  0.000191
   15.5022    18.3008  0.000161
   15.7022    18.3008  0.000165
   15.9021    18.3008  0.000166
   16.1019    18.3008  0.000180
   16.3018    18.3008  0.000185
   16.5017    18.3008  0.000188
   16.7016    18.3008  0.000181
   16.9015    18.3008  0.000186
   17.1014    18.3008  0.000182
   17.3013    18.3008  0.000188
   17.5012    18.3008  0.000186
   17.7011    18.3008  0.000190
   17.9010    18.3008  0.000198
   18.1009    18.3008  0.000209
   18.3008    18.3008  0.000205
   18.5007    18.3008  0.000209
   18.7006    18.3008  0.000191
   18.9005    18.3008  0.000176
   19.1004    18.3008  0.000174
   19.3003    18.3008  0.000183
   19.5002    18.3008  0.000215
   19.7001    18.3008  0.000220
   19.9000    18.3008  0.000173
    0.1099    18.5007  0.000090
    0.3099    18.5007  0.000075
    0.5098    18.5007  0.000058
    0.7096    18.5007  0.000035
    0.9096    18.5007  0.000024
    1.1094    18.5007  0.000012
    1.3093    18.5007  0.000018
    1.5092    18.5007  0.000035
    1.7091    18.5007  0.000039
    1.9090    18.5007  0.000030
    2.1090    18.5007  0.000008
    2.3089    18.5007  0.000000
    2.5087    18.5007  0.000000
    2.7087    18.5007  0.000000
    2.9086    18.5007  0.000000
    3.1085    18.5007  0.000000
    3.3084    18.5007  0.000000
    3.5082    18.5007  0.000000
    3.7082    18.5007  0.000000
    3.9081    18.5007  0.000000
    4.1080    18.5007  0.000000
    4.3078    18.5007  0.000000
    4.5078    18.5007  0.000000
    4.7077    18.5007  0.000000
    4.9075    18.5007  0.000000
    5.1075    18.5007  0.000000
    5.3074    18.5007  0.000000
    5.5073    18.5007  0.000000
    5.7071    18.5007  0.000000
    5.9071    18.5007  0.000000
    6.1070    18.5007  0.000000
    6.3068    18.5007  0.000001
    6.5068    18.5007  0.000001
    6.7067    18.5007  0.000001
    6.9065    18.5007  0.000001
    7.1065    18.5007  0.000001
    7.3064    18.5007  0.000002
    7.5062    18.5007  0.000004
    7.7062    18.5007  0.000005
    7.9061    18.5007  0.000004
    8.1060    18.5007  0.000009
    8.3059    18.5007  0.000028
    8.5057    18.5007  0.000031
    8.7057    18.5007  0.000033
    8.9056    18.5007  0.000037
    9.1054    18.5007  0.000033
    9.3054    18.5007  0.000049
    9.5052    18.5007  0.000053
    9.7051    18.5007  0.000054
    9.9051    18.5007  0.000061
   10.1049    18.5007  0.000067
   10.3049    18.5007  0.000087
   10.5048    18.5007  0.000084
   10.7046    18.5007  0.000088
   10.9046    18.5007  0.000071
   11.1045    18.5007  0.000068
   11.3043    18.5007  0.000094
   11.5043    18.5007  0.000118
   11.7042    18.5007  0.000148
   11.9040    18.5007  0.000160
   12.1040    18.5007  0.000160
   12.3039    18.5007  0.000164
   12.5037    18.5007  0.000163
   12.7037    18.5007  0.000181
   12.9036    18.5007  0.000182
   13.1034    18.5007  0.000171
   13.3034    18.5007  0.000174
   13.5033    18.5007  0.000184
   13.7031    18.5007  0.000185
   13.9031    18.5007  0.000218
   14.1030    18.5007  0.000216
   14.3028    18.5007  0.000193
   14.5028    18.5007  0.000176
   14.7027    18.5007  0.000177
   14.9025    18.5007  0.000202
   15.1025    18.5007  0.000210
   15.3024    18.5007  0.000189
   15.5022    18.5007  0.000167
   15.7022    18.5007  0.000158
   15.9021    18.5007  0.000170
   16.1019    18.5007  0.000171
   16.3018    18.5007  0.000187
   16.5017    18.5007  0.000185
   16.7016    18.5007  0.000183
   16.9015    18.5007  0.000186
   17.1014    18.5007  0.000185
   17.3013    18.5007  0.000189
   17.5012    18.5007  0.000191
   17.7011    18.5007  0.000189
   17.9010    18.5007  0.000206
   18.1009    18.5007  0.000207
   18.3008    18.5007  0.000219
   18.5007    18.5007  0.000211
   18.7006    18.5007  0.000196
   18.9005    18.5007  0.000182
   19.1004    18.5007  0.000174
   19.3003    18.5007  0.000185
   19.5002    18.5007  0.000213
   19.7001    18.5007  0.000228
   19.9000    18.5007  0.000174
    0.1099    18.7006  0.000083
    0.3099    18.7006  0.000075
    0.5098    18.7006  0.000067
    0.7096    18.7006  0.000047
    0.9096    18.7006  0.000023
    1.1094    18.7006  0.000015
    1.3093    18.7006  0.000021
    1.5092    18.7006  0.000038
    1.7091    18.7006  0.000052
    1.9090    18.7006  0.000040
    2.1090    18.7006  0.000006
    2.3089    18.7006  0.000000
    2.5087    18.7006  0.000000
    2.7087    18.7006  0.000000
    2.9086    18.7006  0.000000
    3.1085    18.7006  0.000000
    3.3084    18.7006  0.000000
    3.5082    18.7006  0.000000
    3.7082    18.7006  0.000000
    3.9081    18.7006  0.000000
    4.1080    18.7006  0.000000
    4.3078    18.7006  0.000000
    4.5078    18.7006  0.000000
    4.7077    18.7006  0.000000
    4.9075    18.7006  0.000000
    5.1075    18.7006  0.000000
    5.3074    18.7006  0.000000
    5.5073    18.7006  0.000000
    5.7071    18.7006  0.000000
    5.9071    18.7006  0.000000
    6.1070    18.7006  0.000000
    6.3068    18.7006  0.000001
    6.5068    18.7006  0.000001
    6.7067    18.7006  0.000002
    6.9065    18.7006  0.000001
    7.1065    18.7006  0.000001
    7.3064    18.7006  0.000001
    7.5062    18.7006  0.000003
    7.7062    18.7006  0.000009
    7.9061    18.7006  0.000003
    8.1060    18.7006  0.000010
    8.3059    18.7006  0.000027
    8.5057    18.7006  0.000042
    8.7057    18.7006  0.000035
    8.9056    18.7006  0.000035
    9.1054    18.7006  0.000045
    9.3054    18.7006  0.000045
    9.5052    18.7006  0.000059
    9.7051    18.7006  0.000056
    9.9051    18.7006  0.000062
   10.1049    18.7006  0.000069
   10.3049    18.7006  0.000089
   10.5048    18.7006  0.000088
   10.7046    18.7006  0.000084
   10.9046    18.7006  0.000083
   11.1045    18.7006  0.000068
   11.3043    18.7006  0.000085
   11.5043    18.7006  0.000117
   11.7042    18.7006  0.000141
   11.9040    18.7006  0.000158
   12.1040    18.7006  0.000164
   12.3039    18.7006  0.000160
   12.5037    18.7006  0.000169
   12.7037    18.7006  0.000177
   12.9036    18.7006  0.000177
   13.1034    18.7006  0.000168
   13.3034    18.7006  0.000176
   13.5033    18.7006  0.000190
   13.7031    18.7006  0.000188
   13.9031    18.7006  0.000202
   14.1030    18.7006  0.000213
   14.3028    18.7006  0.000197
   14.5028    18.7006  0.000180
   14.7027    18.7006  0.000180
   14.9025    18.7006  0.000190
   15.1025    18.7006  0.000210
   15.3024    18.7006  0.000197
   15.5022    18.7006  0.000173
   15.7022    18.7006  0.000159
   15.9021    18.7006  0.000160
   16.1019    18.7006  0.000177
   16.3018    18.7006  0.000181
   16.5017    18.7006  0.000188
   16.7016    18.7006  0.000193
   16.9015    18.7006  0.000191
   17.1014    18.7006  0.000189
   17.3013    18.7006  0.000186
   17.5012    18.7006  0.000179
   17.7011    18.7006  0.000184
   17.9010    18.7006  0.000203
   18.1009    18.7006  0.000210
   18.3008    18.7006  0.000216
   18.5007    18.7006  0.000216
   18.7006    18.7006  0.000199
   18.9005    18.7006  0.000179
   19.1004    18.7006  0.000175
   19.3003    18.7006  0.000179
   19.5002    18.7006  0.000202
   19.7001    18.7006  0.000213
   19.9000    18.7006  0.000170
    0.1099    18.9005  0.000087
    0.3099    18.9005  0.000081
    0.5098    18.9005  0.000066
    0.7096    18.9005  0.000044
    0.9096    18.9005  0.000036
    1.1094    18.9005  0.000029
    1.3093    18.9005  0.000026
    1.5092    18.9005  0.000036
    1.7091    18.9005  0.000048
    1.9090    18.9005  0.000041
    2.1090    18.9005  0.000017
    2.3089    18.9005  0.000000
    2.5087    18.9005  0.000000
    2.7087    18.9005  0.000000
    2.9086    18.9005  0.000000
    3.1085    18.9005  0.000000
    3.3084    18.9005  0.000000
    3.5082    18.9005  0.000000
    3.7082    18.9005  0.000000
    3.9081    18.9005  0.000000
    4.1080    18.9005  0.000000
    4.3078    18.9005  0.000000
    4.5078    18.9005  0.000000
    4.7077    18.9005  0.000000
    4.9075    18.9005  0.000000
    5.1075    18.9005  0.000000
    5.3074    18.9005  0.000000
    5.5073    18.9005  0.000000
    5.7071    18.9005  0.000000
    5.9071    18.9005  0.000000
    6.1070    18.9005  0.000000
    6.3068    18.9005  0.000001
    6.5068    18.9005  0.000001
    6.7067    18.9005  0.000002
    6.9065    18.9005  0.000001
    7.1065    18.9005  0.000001
    7.3064    18.9005  0.000001
    7.5062    18.9005  0.000005
    7.7062    18.9005  0.000008
    7.9061    18.9005  0.000008
    8.1060    18.9005  0.000011
    8.3059    18.9005  0.000031
    8.5057    18.9005  0.000043
    8.7057    18.9005  0.000042
    8.9056    18.9005  0.000042
    9.1054    18.9005  0.000041
    9.3054    18.9005  0.000049
    9.5052    18.9005  0.000058
    9.7051    18.9005  0.000060
    9.9051    18.9005  0.000065
   10.1049    18.9005  0.000073
   10.3049    18.9005  0.000086
   10.5048    18.9005  0.000093
   10.7046    18.9005  0.000099
   10.9046    18.9005  0.000091
   11.1045    18.9005  0.000084
   11.3043    18.9005  0.000087
   11.5043    18.9005  0.000107
   11.7042    18.9005  0.000135
   11.9040    18.9005  0.000152
   12.1040    18.9005  0.000159
   12.3039    18.9005  0.000165
   12.5037    18.9005  0.000172
   12.7037    18.9005  0.000183
   12.9036    18.9005  0.000181
   13.1034    18.9005  0.000177
   13.3034    18.9005  0.000175
   13.5033    18.9005  0.000175
   13.7031    18.9005  0.000178
   13.9031    18.9005  0.000193
   14.1030    18.9005  0.000207
   14.3028    18.9005  0.000197
   14.5028    18.9005  0.000183
   14.7027    18.9005  0.000175
   14.9025    18.9005  0.000190
   15.1025    18.9005  0.000202
   15.3024    18.9005  0.000202
   15.5022    18.9005  0.000174
   15.7022    18.9005  0.000163
   15.9021    18.9005  0.000164
   16.1019    18.9005  0.000174
   16.3018    18.9005  0.000178
   16.5017    18.9005  0.000179
   16.7016    18.9005  0.000186
   16.9015    18.9005  0.000192
   17.1014    18.9005  0.000186
   17.3013    18.9005  0.000185
   17.5012    18.9005  0.000181
   17.7011    18.9005  0.000190
   17.9010    18.9005  0.000195
   18.1009    18.9005  0.000211
   18.3008    18.9005  0.000216
   18.5007    18.9005  0.000210
   18.7006    18.9005  0.000206
   18.9005    18.9005  0.000186
   19.1004    18.9005  0.000169
   19.3003    18.9005  0.000173
   19.5002    18.9005  0.000199
   19.7001    18.9005  0.000213
   19.9000    18.9005  0.000174
    0.1099    19.1004  0.000084
    0.3099    19.1004  0.000079
    0.5098    19.1004  0.000065
    0.7096    19.1004  0.000054
    0.9096    19.1004  0.000037
    1.1094    19.1004  0.000035
    1.3093    19.1004  0.000038
    1.5092    19.1004  0.000043
    1.7091    19.1004  0.000054
    1.9090    19.1004  0.000055
    2.1090    19.1004  0.000019
    2.3089    19.1004  0.000000
    2.5087    19.1004  0.000000
    2.7087    19.1004  0.000000
    2.9086    19.1004  0.000000
    3.1085    19.1004  0.000000
    3.3084    19.1004  0.000000
    3.5082    19.1004  0.000000
    3.7082    19.1004  0.000000
    3.9081    19.1004  0.000000
    4.1080    19.1004  0.000000
    4.3078    19.1004  0.000000
    4.5078    19.1004  0.000000
    4.7077    19.1004  0.000000
    4.9075    19.1004  0.000000
    5.1075    19.1004  0.000000
    5.3074    19.1004  0.000000
    5.5073    19.1004  0.000000
    5.7071    19.1004  0.000000
    5.9071    19.1004  0.000000
    6.1070    19.1004  0.000000
    6.3068    19.1004  0.000001
    6.5068    19.1004  0.000001
    6.7067    19.1004  0.000001
    6.9065    19.1004  0.000001
    7.1065    19.1004  0.000001
    7.3064    19.1004  0.000003
    7.5062    19.1004  0.000009
    7.7062    19.1004  0.000015
    7.9061    19.1004  0.000013
    8.1060    19.1004  0.000019
    8.3059    19.1004  0.000036
    8.5057    19.1004  0.000051
    8.7057    19.1004  0.000049
    8.9056    19.1004  0.000047
    9.1054    19.1004  0.000049
    9.3054    19.1004  0.000054
    9.5052    19.1004  0.000062
    9.7051    19.1004  0.000058
    9.9051    19.1004  0.000064
   10.1049    19.1004  0.000078
   10.3049    19.1004  0.000085
   10.5048    19.1004  0.000095
   10.7046    19.1004  0.000095
   10.9046    19.1004  0.000089
   11.1045    19.1004  0.000090
   11.3043    19.1004  0.000087
   11.5043    19.1004  0.000108
   11.7042    19.1004  0.000136
   11.9040    19.1004  0.000155
   12.1040    19.1004  0.000161
   12.3039    19.1004  0.000163
   12.5037    19.1004  0.000172
   12.7037    19.1004  0.000174
   12.9036    19.1004  0.000177
   13.1034    19.1004  0.000176
   13.3034    19.1004  0.000170
   13.5033    19.1004  0.000171
   13.7031    19.1004  0.000165
   13.9031    19.1004  0.000179
   14.1030    19.1004  0.000188
   14.3028    19.1004  0.000194
   14.5028    19.1004  0.000181
   14.7027    19.1004  0.000168
   14.9025    19.1004  0.000182
   15.1025    19.1004  0.000196
   15.3024    19.1004  0.000191
   15.5022    19.1004  0.000178
   15.7022    19.1004  0.000163
   15.9021    19.1004  0.000161
   16.1019    19.1004  0.000163
   16.3018    19.1004  0.000166
   16.5017    19.1004  0.000174
   16.7016    19.1004  0.000180
   16.9015    19.1004  0.000191
   17.1014    19.1004  0.000187
   17.3013    19.1004  0.000185
   17.5012    19.1004  0.000177
   17.7011    19.1004  0.000182
   17.9010    19.1004  0.000192
   18.1009    19.1004  0.000204
   18.3008    19.1004  0.000210
   18.5007    19.1004  0.000211
   18.7006    19.1004  0.000201
   18.9005    19.1004  0.000183
   19.1004    19.1004  0.000177
   19.3003    19.1004  0.000166
   19.5002    19.1004  0.000186
   19.7001    19.1004  0.000204
   19.9000    19.1004  0.000173
    0.1099    19.3003  0.000084
    0.3099    19.3003  0.000082
    0.5098    19.3003  0.000070
    0.7096    19.3003  0.000066
    0.9096    19.3003  0.000049
    1.1094    19.3003  0.000043
    1.3093    19.3003  0.000041
    1.5092    19.3003  0.000051
    1.7091    19.3003  0.000059
    1.9090    19.3003  0.000062
    2.1090    19.3003  0.000023
    2.3089    19.3003  0.000001
    2.5087    19.3003  0.000000
    2.7087    19.3003  0.000000
    2.9086    19.3003  0.000000
    3.1085    19.3003  0.000000
    3.3084    19.3003  0.000000
    3.5082    19.3003  0.000000
    3.7082    19.3003  0.000000
    3.9081    19.3003  0.000000
    4.1080    19.3003  0.000000
    4.3078    19.3003  0.000000
    4.5078    19.3003  0.000000
    4.7077    19.3003  0.000000
    4.9075    19.3003  0.000000
    5.1075    19.3003  0.000000
    5.3074    19.3003  0.000000
    5.5073    19.3003  0.000000
    5.7071    19.3003  0.000000
    5.9071    19.3003  0.000000
    6.1070    19.3003  0.000000
    6.3068    19.3003  0.000001
    6.5068    19.3003  0.000002
    6.7067    19.3003  0.000003
    6.9065    19.3003  0.000000
    7.1065    19.3003  0.000003
    7.3064    19.3003  0.000009
    7.5062    19.3003  0.000018
    7.7062    19.3003  0.000021
    7.9061    19.3003  0.000026
    8.1060    19.3003  0.000027
    8.3059    19.3003  0.000041
    8.5057    19.3003  0.000053
    8.7057    19.3003  0.000055
    8.9056    19.3003  0.000052
    9.1054    19.3003  0.000056
    9.3054    19.3003  0.000058
    9.5052    19.3003  0.000066
    9.7051    19.3003  0.000062
    9.9051    19.3003  0.000066
   10.1049    19.3003  0.000079
   10.3049    19.3003  0.000086
   10.5048    19.3003  0.000096
   10.7046    19.3003  0.000095
   10.9046    19.3003  0.000096
   11.1045    19.3003  0.000089
   11.3043    19.3003  0.000091
   11.5043    19.3003  0.000109
   11.7042    19.3003  0.000122
   11.9040    19.3003  0.000142
   12.1040    19.3003  0.000154
   12.3039    19.3003  0.000158
   12.5037    19.3003  0.000160
   12.7037    19.3003  0.000161
   12.9036    19.3003  0.000170
   13.1034    19.3003  0.000167
   13.3034    19.3003  0.000165
   13.5033    19.3003  0.000158
   13.7031    19.3003  0.000152
   13.9031    19.3003  0.000162
   14.1030    19.3003  0.000176
   14.3028    19.3003  0.000180
   14.5028    19.3003  0.000175
   14.7027    19.3003  0.000163
   14.9025    19.3003  0.000175
   15.1025    19.3003  0.000193
   15.3024    19.3003  0.000193
   15.5022    19.3003  0.000174
   15.7022    19.3003  0.000162
   15.9021    19.3003  0.000157
   16.1019    19.3003  0.000156
   16.3018    19.3003  0.000158
   16.5017    19.3003  0.000169
   16.7016    19.3003  0.000170
   16.9015    19.3003  0.000180
   17.1014    19.3003  0.000179
   17.3013    19.3003  0.000173
   17.5012    19.3003  0.000175
   17.7011    19.3003  0.000170
   17.9010    19.3003  0.000178
   18.1009    19.3003  0.000192
   18.3008    19.3003  0.000202
   18.5007    19.3003  0.000204
   18.7006    19.3003  0.000193
   18.9005    19.3003  0.000184
   19.1004    19.3003  0.000167
   19.3003    19.3003  0.000165
   19.5002    19.3003  0.000173
   19.7001    19.3003  0.000191
   19.9000    19.3003  0.000168
    0.1099    19.5002  0.000085
    0.3099    19.5002  0.000084
    0.5098    19.5002  0.000074
    0.7096    19.5002  0.000066
    0.9096    19.5002  0.000061
    1.1094    19.5002  0.000048
    1.3093    19.5002  0.000050
    1.5092    19.5002  0.000058
    1.7091    19.5002  0.000066
    1.9090    19.5002  0.000067
    2.1090    19.5002  0.000033
    2.3089    19.5002  0.000001
    2.5087    19.5002  0.000000
    2.7087    19.5002  0.000000
    2.9086    19.5002  0.000000
    3.1085    19.5002  0.000000
    3.3084    19.5002  0.000000
    3.5082    19.5002  0.000000
    3.7082    19.5002  0.000000
    3.9081    19.5002  0.000000
    4.1080    19.5002  0.000000
    4.3078    19.5002  0.000000
    4.5078    19.5002  0.000000
    4.7077    19.5002  0.000000
    4.9075    19.5002  0.000000
    5.1075    19.5002  0.000000
    5.3074    19.5002  0.000001
    5.5073    19.5002  0.000000
    5.7071    19.5002  0.000000
    5.9071    19.5002  0.000000
    6.1070    19.5002  0.000000
    6.3068    19.5002  0.000002
    6.5068    19.5002  0.000007
    6.7067    19.5002  0.000008
    6.9065    19.5002  0.000005
    7.1065    19.5002  0.000007
    7.3064    19.5002  0.000011
    7.5062    19.5002  0.000027
    7.7062    19.5002  0.000034
    7.9061    19.5002  0.000032
    8.1060    19.5002  0.000035
    8.3059    19.5002  0.000051
    8.5057    19.5002  0.000065
    8.7057    19.5002  0.000061
    8.9056    19.5002  0.000062
    9.1054    19.5002  0.000057
    9.3054    19.5002  0.000065
    9.5052    19.5002  0.000067
    9.7051    19.5002  0.000070
    9.9051    19.5002  0.000076
   10.1049    19.5002  0.000086
   10.3049    19.5002  0.000088
   10.5048    19.5002  0.000102
   10.7046    19.5002  0.000098
   10.9046    19.5002  0.000102
   11.1045    19.5002  0.000096
   11.3043    19.5002  0.000093
   11.5043    19.5002  0.000110
   11.7042    19.5002  0.000125
   11.9040    19.5002  0.000137
   12.1040    19.5002  0.000148
   12.3039    19.5002  0.000151
   12.5037    19.5002  0.000154
   12.7037    19.5002  0.000156
   12.9036    19.5002  0.000164
   13.1034    19.5002  0.000161
   13.3034    19.5002  0.000152
   13.5033    19.5002  0.000155
   13.7031    19.5002  0.000146
   13.9031    19.5002  0.000000
   14.1030    19.5002  0.000160
   14.3028    19.5002  0.000177
   14.5028    19.5002  0.000164
   14.7027    19.5002  0.000160
   14.9025    19.5002  0.000166
   15.1025    19.5002  0.000181
   15.3024    19.5002  0.000179
   15.5022    19.5002  0.000170
   15.7022    19.5002  0.000158
   15.9021    19.5002  0.000151
   16.1019    19.5002  0.000152
   16.3018    19.5002  0.000152
   16.5017    19.5002  0.000159
   16.7016    19.5002  0.000169
   16.9015    19.5002  0.000173
   17.1014    19.5002  0.000178
   17.3013    19.5002  0.000172
   17.5012    19.5002  0.000163
   17.7011    19.5002  0.000162
   17.9010    19.5002  0.000168
   18.1009    19.5002  0.000187
   18.3008    19.5002  0.000190
   18.5007    19.5002  0.000192
   18.7006    19.5002  0.000184
   18.9005    19.5002  0.000176
   19.1004    19.5002  0.000165
   19.3003    19.5002  0.000156
   19.5002    19.5002  0.000165
   19.7001    19.5002  0.000175
   19.9000    19.5002  0.000168
    0.1099    19.7001  0.000087
    0.3099    19.7001  0.000090
    0.5098    19.7001  0.000076
    0.7096    19.7001  0.000069
    0.9096    19.7001  0.000065
    1.1094    19.7001  0.000055
    1.3093    19.7001  0.000057
    1.5092    19.7001  0.000062
    1.7091    19.7001  0.000069
    1.9090    19.7001  0.000075
    2.1090    19.7001  0.000045
    2.3089    19.7001  0.000001
    2.5087    19.7001  0.000000
    2.7087    19.7001  0.000000
    2.9086    19.7001  0.000000
    3.1085    19.7001  0.000000
    3.3084    19.7001  0.000000
    3.5082    19.7001  0.000000
    3.7082    19.7001  0.000000
    3.9081    19.7001  0.000000
    4.1080    19.7001  0.000000
    4.3078    19.7001  0.000000
    4.5078    19.7001  0.000000
    4.7077    19.7001  0.000000
    4.9075    19.7001  0.000000
    5.1075    19.7001  0.000001
    5.3074    19.7001  0.000000
    5.5073    19.7001  0.000000
    5.7071    19.7001  0.000000
    5.9071    19.7001  0.000000
    6.1070    19.7001  0.000000
    6.3068    19.7001  0.000004
    6.5068    19.7001  0.000011
    6.7067    19.7001  0.000016
    6.9065    19.7001  0.000017
    7.1065    19.7001  0.000016
    7.3064    19.7001  0.000028
    7.5062    19.7001  0.000031
    7.7062    19.7001  0.000042
    7.9061    19.7001  0.000039
    8.1060    19.7001  0.000042
    8.3059    19.7001  0.000056
    8.5057    19.7001  0.000066
    8.7057    19.7001  0.000070
    8.9056    19.7001  0.000066
    9.1054    19.7001  0.000068
    9.3054    19.7001  0.000066
    9.5052    19.7001  0.000074
    9.7051    19.7001  0.000072
    9.9051    19.7001  0.000079
   10.1049    19.7001  0.000080
   10.3049    19.7001  0.000093
   10.5048    19.7001  0.000095
   10.7046    19.7001  0.000099
   10.9046    19.7001  0.000093
   11.1045    19.7001  0.000097
   11.3043    19.7001  0.000093
   11.5043    19.7001  0.000100
   11.7042    19.7001  0.000117
   11.9040    19.7001  0.000128
   12.1040    19.7001  0.000135
   12.3039    19.7001  0.000138
   12.5037    19.7001  0.000142
   12.7037    19.7001  0.000147
   12.9036    19.7001  0.000149
   13.1034    19.7001  0.000143
   13.3034    19.7001  0.000143
   13.5033    19.7001  0.000143
   13.7031    19.7001  0.000133
   13.9031    19.7001  0.000134
   14.1030    19.7001  0.000142
   14.3028    19.7001  0.000157
   14.5028    19.7001  0.000148
   14.7027    19.7001  0.000146
   14.9025    19.7001  0.000155
   15.1025    19.7001  0.000162
   15.3024    19.7001  0.000170
   15.5022    19.7001  0.000160
   15.7022    19.7001  0.000151
   15.9021    19.7001  0.000143
   16.1019    19.7001  0.000139
   16.3018    19.7001  0.000139
   16.5017    19.7001  0.000150
   16.7016    19.7001  0.000156
   16.9015    19.7001  0.000159
   17.1014    19.7001  0.000160
   17.3013    19.7001  0.000158
   17.5012    19.7001  0.000147
   17.7011    19.7001  0.000155
   17.9010    19.7001  0.000158
   18.1009    19.7001  0.000166
   18.3008    19.7001  0.000168
   18.5007    19.7001  0.000171
   18.7006    19.7001  0.000170
   18.9005    19.7001  0.000157
   19.1004    19.7001  0.000152
   19.3003    19.7001  0.000141
   19.5002    19.7001  0.000149
   19.7001    19.7001  0.000163
   19.9000    19.7001  0.000158
    0.1099    19.9000  0.000088
    0.3099    19.9000  0.000086
    0.5098    19.9000  0.000076
    0.7096    19.9000  0.000081
    0.9096    19.9000  0.000066
    1.1094    19.9000  0.000065
    1.3093    19.9000  0.000068
    1.5092    19.9000  0.000066
    1.7091    19.9000  0.000072
    1.9090    19.9000  0.000079
    2.1090    19.9000  0.000058
    2.3089    19.9000  0.000001
    2.5087    19.9000  0.000000
    2.7087    19.9000  0.000000
    2.9086    19.9000  0.000001
    3.1085    19.9000  0.000001
    3.3084    19.9000  0.000000
    3.5082    19.9000  0.000000
    3.7082    19.9000  0.000000
    3.9081    19.9000  0.000000
    4.1080    19.9000  0.000000
    4.3078    19.9000  0.000000
    4.5078    19.9000  0.000000
    4.7077    19.9000  0.000000
    4.9075    19.9000  0.000000
    5.1075    19.9000  0.000000
    5.3074    19.9000  0.000000
    5.5073    19.9000  0.000000
    5.7071    19.9000  0.000000
    5.9071    19.9000  0.000001
    6.1070    19.9000  0.000000
    6.3068    19.9000  0.000011
    6.5068    19.9000  0.000023
    6.7067    19.9000  0.000033
    6.9065    19.9000  0.000024
    7.1065    19.9000  0.000029
    7.3064    19.9000  0.000036
    7.5062    19.9000  0.000045
    7.7062    19.9000  0.000048
    7.9061    19.9000  0.000051
    8.1060    19.9000  0.000057
    8.3059    19.9000  0.000060
    8.5057    19.9000  0.000066
    8.7057    19.9000  0.000076
    8.9056    19.9000  0.000069
    9.1054    19.9000  0.000069
    9.3054    19.9000  0.000074
    9.5052    19.9000  0.000078
    9.7051    19.9000  0.000079
    9.9051    19.9000  0.000080
   10.1049    19.9000  0.000085
   10.3049    19.9000  0.000084
   10.5048    19.9000  0.000093
   10.7046    19.9000  0.000097
   10.9046    19.9000  0.000100
   11.1045    19.9000  0.000093
   11.3043    19.9000  0.000094
   11.5043    19.9000  0.000100
   11.7042    19.9000  0.000108
   11.9040    19.9000  0.000118
   12.1040    19.9000  0.000129
   12.3039    19.9000  0.000133
   12.5037    19.9000  0.000134
   12.7037    19.9000  0.000137
   12.9036    19.9000  0.000137
   13.1034    19.9000  0.000134
   13.3034    19.9000  0.000133
   13.5033    19.9000  0.000131
   13.7031    19.9000  0.000121
   13.9031    19.9000  0.000119
   14.1030    19.9000  0.000132
   14.3028    19.9000  0.000142
   14.5028    19.9000  0.000139
   14.7027    19.9000  0.000134
   14.9025    19.9000  0.000139
   15.1025    19.9000  0.000147
   15.3024    19.9000  0.000154
   15.5022    19.9000  0.000147
   15.7022    19.9000  0.000135
   15.9021    19.9000  0.000133
   16.1019    19.9000  0.000129
   16.3018    19.9000  0.000134
   16.5017    19.9000  0.000134
   16.7016    19.9000  0.000141
   16.9015    19.9000  0.000144
   17.1014    19.9000  0.000142
   17.3013    19.9000  0.000138
   17.5012    19.9000  0.000139
   17.7011    19.9000  0.000135
   17.9010    19.9000  0.000141
   18.1009    19.9000  0.000151
   18.3008    19.9000  0.000157
   18.5007    19.9000  0.000164
   18.7006    19.9000  0.000154
   18.9005    19.9000  0.000152
   19.1004    19.9000  0.000142
   19.3003    19.9000  0.000132
   19.5002    19.9000  0.000138
   19.7001    19.9000  0.000145
   19.9000    19.9000  0.000152
