Synthetic 50x50 grid – 2 variables      
  7
Primary                                 
Secondary                               
Primary Threshold       1.0000
Primary Threshold       3.0000
Primary Threshold       5.0000
Primary Threshold       7.0000
Primary Threshold      10.0000
4.4661  4.2537   0.0588  0.3529  0.8235  1.0000  1.0000
6.8448  3.9322   0.0588  0.3529  0.8235  1.0000  1.0000
8.8021  3.4141   0.0588  0.3529  0.8235  1.0000  1.0000
9.5215  2.7565   0.1538  0.5769  0.9615  1.0000  1.0000
8.71  2.0667   0.1538  0.5769  0.9615  1.0000  1.0000
6.7343  1.4811   0.1538  0.5769  0.9615  1.0000  1.0000
4.4243  1.1255   0.1538  0.5769  0.9615  1.0000  1.0000
2.6548  1.0686   0.1538  0.5769  0.9615  1.0000  1.0000
1.9338  1.2896   0.1538  0.5769  0.9615  1.0000  1.0000
2.2083  1.6757   0.1538  0.5769  0.9615  1.0000  1.0000
2.9789  2.0575   0.1538  0.5769  0.9615  1.0000  1.0000
3.6343  2.2717   0.1538  0.5769  0.9615  1.0000  1.0000
3.8081  2.2292   0.1538  0.5769  0.9615  1.0000  1.0000
3.5528  1.9601   0.1538  0.5769  0.9615  1.0000  1.0000
3.2454  1.6132   0.1538  0.5769  0.9615  1.0000  1.0000
3.2946  1.4069   0.1538  0.5769  0.9615  1.0000  1.0000
3.8368  1.5446   0.1538  0.5769  0.9615  1.0000  1.0000
4.6104  2.1278   0.1538  0.5769  0.9615  1.0000  1.0000
5.0903  3.1005   0.0588  0.3529  0.8235  1.0000  1.0000
4.806  4.2524   0.0588  0.3529  0.8235  1.0000  1.0000
3.6566  5.2826   0.0000  0.0789  0.4474  0.7632  1.0000
2.0299  5.9045   0.0000  0.0789  0.4474  0.7632  1.0000
0.6415  5.9545   0.0000  0.0789  0.4474  0.7632  1.0000
0.1718  5.46   0.0000  0.0789  0.4474  0.7632  1.0000
0.8977  4.6405   0.0588  0.3529  0.8235  1.0000  1.0000
2.5242  3.8354   0.0588  0.3529  0.8235  1.0000  1.0000
4.3169  3.3834   0.0588  0.3529  0.8235  1.0000  1.0000
5.4685  3.4964   0.0588  0.3529  0.8235  1.0000  1.0000
5.502  4.1754   0.0588  0.3529  0.8235  1.0000  1.0000
4.4935  5.2009   0.0000  0.0789  0.4474  0.7632  1.0000
2.994  6.2057   0.0000  0.0789  0.4474  0.7632  1.0000
1.7003  6.8035   0.0000  0.0789  0.4474  0.7632  1.0000
1.0622  6.7313   0.0000  0.0789  0.4474  0.7632  1.0000
1.0485  5.9515   0.0000  0.0789  0.4474  0.7632  1.0000
1.2039  4.6788   0.0588  0.3529  0.8235  1.0000  1.0000
0.9617  3.3198   0.0588  0.3529  0.8235  1.0000  1.0000
0.0321  2.3462   0.1538  0.5769  0.9615  1.0000  1.0000
-1.3632  2.1446   0.1538  0.5769  0.9615  1.0000  1.0000
-2.553  2.8925   0.1538  0.5769  0.9615  1.0000  1.0000
-2.7555  4.5019   0.0588  0.3529  0.8235  1.0000  1.0000
-1.5145  6.6456   0.0000  0.0789  0.4474  0.7632  1.0000
1.0051  8.8551   0.0000  0.0000  0.0714  0.2857  0.8929
4.0344  10.6549   0.0000  0.0000  0.0000  0.0000  0.4000
6.5324  11.6902   0.0000  0.0000  0.0000  0.0000  0.4000
7.6687  11.809   0.0000  0.0000  0.0000  0.0000  0.4000
7.2111  11.0798   0.0000  0.0000  0.0000  0.0000  0.4000
5.6177  9.7461   0.0000  0.0000  0.0714  0.2857  0.8929
3.793  8.1412   0.0000  0.0000  0.0714  0.2857  0.8929
2.6369  6.5925   0.0000  0.0789  0.4474  0.7632  1.0000
2.6203  5.3455   0.0000  0.0789  0.4474  0.7632  1.0000
3.6853  3.985   0.0588  0.3529  0.8235  1.0000  1.0000
5.6412  3.4782   0.0588  0.3529  0.8235  1.0000  1.0000
6.9502  3.1235   0.0588  0.3529  0.8235  1.0000  1.0000
6.9719  2.9232   0.1538  0.5769  0.9615  1.0000  1.0000
5.6234  2.8421   0.1538  0.5769  0.9615  1.0000  1.0000
3.4403  2.8354   0.1538  0.5769  0.9615  1.0000  1.0000
1.3193  2.8687   0.1538  0.5769  0.9615  1.0000  1.0000
0.0809  2.9205   0.1538  0.5769  0.9615  1.0000  1.0000
0.0819  2.9734   0.1538  0.5769  0.9615  1.0000  1.0000
1.0817  3.0034   0.0588  0.3529  0.8235  1.0000  1.0000
2.4209  2.9788   0.1538  0.5769  0.9615  1.0000  1.0000
3.4031  2.8731   0.1538  0.5769  0.9615  1.0000  1.0000
3.6616  2.6878   0.1538  0.5769  0.9615  1.0000  1.0000
3.3109  2.4705   0.1538  0.5769  0.9615  1.0000  1.0000
2.8115  2.3172   0.1538  0.5769  0.9615  1.0000  1.0000
2.641  2.3483   0.1538  0.5769  0.9615  1.0000  1.0000
2.9758  2.6651   0.1538  0.5769  0.9615  1.0000  1.0000
3.5741  3.3023   0.0588  0.3529  0.8235  1.0000  1.0000
3.9329  4.1965   0.0588  0.3529  0.8235  1.0000  1.0000
3.6242  5.1907   0.0000  0.0789  0.4474  0.7632  1.0000
2.6084  6.0774   0.0000  0.0789  0.4474  0.7632  1.0000
1.3289  6.6686   0.0000  0.0789  0.4474  0.7632  1.0000
0.5149  6.8672   0.0000  0.0789  0.4474  0.7632  1.0000
0.7887  6.7104   0.0000  0.0789  0.4474  0.7632  1.0000
2.2939  6.3626   0.0000  0.0789  0.4474  0.7632  1.0000
4.5572  6.0569   0.0000  0.0789  0.4474  0.7632  1.0000
6.6761  6.0039   0.0000  0.0789  0.4474  0.7632  1.0000
7.746  6.301   0.0000  0.0789  0.4474  0.7632  1.0000
7.3033  6.88   0.0000  0.0789  0.4474  0.7632  1.0000
5.5498  7.5179   0.0000  0.0000  0.0714  0.2857  0.8929
3.2364  7.9122   0.0000  0.0000  0.0714  0.2857  0.8929
1.2697  7.7965   0.0000  0.0000  0.0714  0.2857  0.8929
0.2527  7.0551   0.0000  0.0000  0.0714  0.2857  0.8929
0.2091  5.7917   0.0000  0.0789  0.4474  0.7632  1.0000
0.6343  4.3229   0.0588  0.3529  0.8235  1.0000  1.0000
0.8378  3.0933   0.0588  0.3529  0.8235  1.0000  1.0000
0.3813  2.5372   0.1538  0.5769  0.9615  1.0000  1.0000
-0.6389  2.9339   0.1538  0.5769  0.9615  1.0000  1.0000
-1.6241  4.3065   0.0588  0.3529  0.8235  1.0000  1.0000
-1.8086  6.4007   0.0000  0.0789  0.4474  0.7632  1.0000
-0.712  8.7513   0.0000  0.0000  0.0714  0.2857  0.8929
1.5436  10.8172   0.0000  0.0000  0.0000  0.0000  0.4000
4.2334  12.1369   0.0000  0.0000  0.0000  0.0000  0.4000
6.3571  12.4576   0.0000  0.0000  0.0000  0.0000  0.4000
7.1273  11.7947   0.0000  0.0000  0.0000  0.0000  0.4000
6.3626  10.4076   0.0000  0.0000  0.0000  0.0000  0.4000
4.5783  8.7054   0.0000  0.0000  0.0714  0.2857  0.8929
2.7292  7.1163   0.0000  0.0000  0.0714  0.2857  0.8929
1.7394  5.967   0.0000  0.0789  0.4474  0.7632  1.0000
2.0638  5.4076   0.0000  0.0789  0.4474  0.7632  1.0000
2.2979  2.8745   0.1538  0.5769  0.9615  1.0000  1.0000
3.6793  2.5803   0.1538  0.5769  0.9615  1.0000  1.0000
4.332  2.7432   0.1538  0.5769  0.9615  1.0000  1.0000
3.8148  3.2309   0.0588  0.3529  0.8235  1.0000  1.0000
2.2349  3.8303   0.0588  0.3529  0.8235  1.0000  1.0000
0.2366  4.3304   0.0588  0.3529  0.8235  1.0000  1.0000
-1.2989  4.5926   0.0588  0.3529  0.8235  1.0000  1.0000
-1.6882  4.5828   0.0588  0.3529  0.8235  1.0000  1.0000
-0.7848  4.3615   0.0588  0.3529  0.8235  1.0000  1.0000
0.9591  4.0418   0.0588  0.3529  0.8235  1.0000  1.0000
2.7389  3.7376   0.0588  0.3529  0.8235  1.0000  1.0000
3.8166  3.5257   0.0588  0.3529  0.8235  1.0000  1.0000
3.8841  3.4328   0.0588  0.3529  0.8235  1.0000  1.0000
3.1782  3.4491   0.0588  0.3529  0.8235  1.0000  1.0000
2.2954  3.554   0.0588  0.3529  0.8235  1.0000  1.0000
1.8212  3.7392   0.0588  0.3529  0.8235  1.0000  1.0000
1.9936  4.0155   0.0588  0.3529  0.8235  1.0000  1.0000
2.592  4.4013   0.0588  0.3529  0.8235  1.0000  1.0000
3.1124  4.9013   0.0588  0.3529  0.8235  1.0000  1.0000
3.1211  5.4883   0.0000  0.0789  0.4474  0.7632  1.0000
2.5692  6.1026   0.0000  0.0789  0.4474  0.7632  1.0000
1.8763  6.6696   0.0000  0.0789  0.4474  0.7632  1.0000
1.7152  7.1297   0.0000  0.0000  0.0714  0.2857  0.8929
2.613  7.4658   0.0000  0.0000  0.0714  0.2857  0.8929
4.5913  7.7111   0.0000  0.0000  0.0714  0.2857  0.8929
7.0619  7.9306   0.0000  0.0000  0.0714  0.2857  0.8929
9.0567  8.1816   0.0000  0.0000  0.0714  0.2857  0.8929
9.6871  8.4708   0.0000  0.0000  0.0714  0.2857  0.8929
8.5943  8.7288   0.0000  0.0000  0.0714  0.2857  0.8929
6.1472  8.8204   0.0000  0.0000  0.0714  0.2857  0.8929
3.2767  8.5923   0.0000  0.0000  0.0714  0.2857  0.8929
1.0248  7.9448   0.0000  0.0000  0.0714  0.2857  0.8929
0.0456  6.8982   0.0000  0.0789  0.4474  0.7632  1.0000
0.3185  5.6246   0.0000  0.0789  0.4474  0.7632  1.0000
1.2218  4.4253   0.0588  0.3529  0.8235  1.0000  1.0000
1.9194  3.6519   0.0588  0.3529  0.8235  1.0000  1.0000
1.8454  3.5959   0.0588  0.3529  0.8235  1.0000  1.0000
1.0199  4.3822   0.0588  0.3529  0.8235  1.0000  1.0000
0.0245  5.9079   0.0000  0.0789  0.4474  0.7632  1.0000
-0.3452  7.8515   0.0000  0.0000  0.0714  0.2857  0.8929
0.4441  9.7563   0.0000  0.0000  0.0714  0.2857  0.8929
2.3259  11.1614   0.0000  0.0000  0.0000  0.0000  0.4000
4.6237  11.7398   0.0000  0.0000  0.0000  0.0000  0.4000
6.3804  11.3958   0.0000  0.0000  0.0000  0.0000  0.4000
6.8524  10.2887   0.0000  0.0000  0.0000  0.0000  0.4000
5.9041  8.7767   0.0000  0.0000  0.0714  0.2857  0.8929
4.0906  7.2995   0.0000  0.0000  0.0714  0.2857  0.8929
2.3839  6.2421   0.0000  0.0789  0.4474  0.7632  1.0000
1.6886  5.8247   0.0000  0.0789  0.4474  0.7632  1.0000
2.3994  6.0541   0.0000  0.0789  0.4474  0.7632  1.0000
0.7721  1.7256   0.1538  0.5769  0.9615  1.0000  1.0000
1.5402  1.8183   0.1538  0.5769  0.9615  1.0000  1.0000
1.6518  2.5115   0.1538  0.5769  0.9615  1.0000  1.0000
0.8448  3.5375   0.0588  0.3529  0.8235  1.0000  1.0000
-0.6449  4.5559   0.0588  0.3529  0.8235  1.0000  1.0000
-2.1508  5.2735   0.0000  0.0789  0.4474  0.7632  1.0000
-2.8929  5.5379   0.0000  0.0789  0.4474  0.7632  1.0000
-2.3829  5.3713   0.0000  0.0789  0.4474  0.7632  1.0000
-0.6996  4.9401   0.0588  0.3529  0.8235  1.0000  1.0000
1.5245  4.4742   0.0588  0.3529  0.8235  1.0000  1.0000
3.404  4.1736   0.0588  0.3529  0.8235  1.0000  1.0000
4.2373  4.1377   0.0588  0.3529  0.8235  1.0000  1.0000
3.8463  4.3424   0.0588  0.3529  0.8235  1.0000  1.0000
2.6404  4.6691   0.0588  0.3529  0.8235  1.0000  1.0000
1.3747  4.9694   0.0588  0.3529  0.8235  1.0000  1.0000
0.7394  5.1345   0.0000  0.0789  0.4474  0.7632  1.0000
1.0093  5.1422   0.0000  0.0789  0.4474  0.7632  1.0000
1.9428  5.0626   0.0000  0.0789  0.4474  0.7632  1.0000
2.9808  5.0235   0.0000  0.0789  0.4474  0.7632  1.0000
3.6198  5.154   0.0000  0.0789  0.4474  0.7632  1.0000
3.7384  5.5301   0.0000  0.0789  0.4474  0.7632  1.0000
3.6798  6.1446   0.0000  0.0789  0.4474  0.7632  1.0000
4.0366  6.9112   0.0000  0.0789  0.4474  0.7632  1.0000
5.256  7.6973   0.0000  0.0000  0.0714  0.2857  0.8929
7.2976  8.3697   0.0000  0.0000  0.0714  0.2857  0.8929
9.5525  8.8319   0.0000  0.0000  0.0714  0.2857  0.8929
11.0921  9.0405   0.0000  0.0000  0.0714  0.2857  0.8929
11.1302  8.9987   0.0000  0.0000  0.0714  0.2857  0.8929
9.452  8.735   0.0000  0.0000  0.0714  0.2857  0.8929
6.5735  8.2833   0.0000  0.0000  0.0714  0.2857  0.8929
3.5296  7.6766   0.0000  0.0000  0.0714  0.2857  0.8929
1.391  6.957   0.0000  0.0789  0.4474  0.7632  1.0000
0.7578  6.1947   0.0000  0.0789  0.4474  0.7632  1.0000
1.4937  5.5015   0.0000  0.0789  0.4474  0.7632  1.0000
2.8406  5.0233   0.0000  0.0789  0.4474  0.7632  1.0000
3.8488  4.906   0.0588  0.3529  0.8235  1.0000  1.0000
3.8921  5.245   0.0000  0.0789  0.4474  0.7632  1.0000
2.9894  6.0337   0.0000  0.0789  0.4474  0.7632  1.0000
1.7652  7.1388   0.0000  0.0000  0.0714  0.2857  0.8929
1.0758  8.3158   0.0000  0.0000  0.0714  0.2857  0.8929
1.5098  9.2697   0.0000  0.0000  0.0714  0.2857  0.8929
3.0404  9.7425   0.0000  0.0000  0.0714  0.2857  0.8929
5.0195  9.5994   0.0000  0.0000  0.0714  0.2857  0.8929
6.5183  8.8812   0.0000  0.0000  0.0714  0.2857  0.8929
6.8288  7.8012   0.0000  0.0000  0.0714  0.2857  0.8929
5.8537  6.6834   0.0000  0.0789  0.4474  0.7632  1.0000
4.1726  5.8624   0.0000  0.0789  0.4474  0.7632  1.0000
2.7485  5.5784   0.0000  0.0789  0.4474  0.7632  1.0000
2.4322  5.9047   0.0000  0.0789  0.4474  0.7632  1.0000
3.5271  6.7332   0.0000  0.0789  0.4474  0.7632  1.0000
-0.1703  1.3641   0.1538  0.5769  0.9615  1.0000  1.0000
0.1342  1.7476   0.1538  0.5769  0.9615  1.0000  1.0000
-0.0424  2.6684   0.1538  0.5769  0.9615  1.0000  1.0000
-0.8451  3.7987   0.0588  0.3529  0.8235  1.0000  1.0000
-1.998  4.7806   0.0588  0.3529  0.8235  1.0000  1.0000
-2.8994  5.3496   0.0000  0.0789  0.4474  0.7632  1.0000
-2.9273  5.4187   0.0000  0.0789  0.4474  0.7632  1.0000
-1.7963  5.0934   0.0000  0.0789  0.4474  0.7632  1.0000
0.2358  4.615   0.0588  0.3529  0.8235  1.0000  1.0000
2.4412  4.2565   0.0588  0.3529  0.8235  1.0000  1.0000
3.9533  4.2123   0.0588  0.3529  0.8235  1.0000  1.0000
4.1932  4.5249   0.0588  0.3529  0.8235  1.0000  1.0000
3.1655  5.0759   0.0000  0.0789  0.4474  0.7632  1.0000
1.4632  5.6414   0.0000  0.0789  0.4474  0.7632  1.0000
-0.0256  5.9901   0.0000  0.0789  0.4474  0.7632  1.0000
-0.556  5.9817   0.0000  0.0789  0.4474  0.7632  1.0000
0.1225  5.6279   0.0000  0.0789  0.4474  0.7632  1.0000
1.6876  5.0914   0.0000  0.0789  0.4474  0.7632  1.0000
3.4715  4.6241   0.0588  0.3529  0.8235  1.0000  1.0000
4.859  4.4697   0.0588  0.3529  0.8235  1.0000  1.0000
5.6289  4.7692   0.0588  0.3529  0.8235  1.0000  1.0000
6.0434  5.505   0.0000  0.0789  0.4474  0.7632  1.0000
6.6376  6.504   0.0000  0.0789  0.4474  0.7632  1.0000
7.8328  7.4983   0.0000  0.0000  0.0714  0.2857  0.8929
9.6053  8.2166   0.0000  0.0000  0.0714  0.2857  0.8929
11.4121  8.4749   0.0000  0.0000  0.0714  0.2857  0.8929
12.4356  8.2305   0.0000  0.0000  0.0714  0.2857  0.8929
12.0241  7.586   0.0000  0.0000  0.0714  0.2857  0.8929
10.0859  6.744   0.0000  0.0789  0.4474  0.7632  1.0000
7.2106  5.935   0.0000  0.0789  0.4474  0.7632  1.0000
4.4314  5.3465   0.0000  0.0789  0.4474  0.7632  1.0000
2.7413  5.0771   0.0000  0.0789  0.4474  0.7632  1.0000
2.6102  5.1285   0.0000  0.0789  0.4474  0.7632  1.0000
3.7634  5.4294   0.0000  0.0789  0.4474  0.7632  1.0000
5.3399  5.8761   0.0000  0.0789  0.4474  0.7632  1.0000
6.3516  6.3687   0.0000  0.0789  0.4474  0.7632  1.0000
6.1995  6.8308   0.0000  0.0789  0.4474  0.7632  1.0000
4.974  7.2088   0.0000  0.0000  0.0714  0.2857  0.8929
3.3801  7.46   0.0000  0.0000  0.0714  0.2857  0.8929
2.3341  7.5422   0.0000  0.0000  0.0714  0.2857  0.8929
2.4515  7.417   0.0000  0.0000  0.0714  0.2857  0.8929
3.7077  7.0673   0.0000  0.0000  0.0714  0.2857  0.8929
5.4533  6.5218   0.0000  0.0789  0.4474  0.7632  1.0000
6.7745  5.871   0.0000  0.0789  0.4474  0.7632  1.0000
6.9988  5.2621   0.0000  0.0789  0.4474  0.7632  1.0000
6.0701  4.8675   0.0588  0.3529  0.8235  1.0000  1.0000
4.5878  4.8337   0.0588  0.3529  0.8235  1.0000  1.0000
3.4892  5.2307   0.0000  0.0789  0.4474  0.7632  1.0000
3.547  6.0221   0.0000  0.0789  0.4474  0.7632  1.0000
4.9524  7.07   0.0000  0.0000  0.0714  0.2857  0.8929
-0.0413  2.2048   0.1538  0.5769  0.9615  1.0000  1.0000
0.1452  2.6068   0.1538  0.5769  0.9615  1.0000  1.0000
0.0424  3.3233   0.0588  0.3529  0.8235  1.0000  1.0000
-0.4665  4.0772   0.0588  0.3529  0.8235  1.0000  1.0000
-1.1536  4.6073   0.0588  0.3529  0.8235  1.0000  1.0000
-1.5409  4.7613   0.0588  0.3529  0.8235  1.0000  1.0000
-1.1712  4.5484   0.0588  0.3529  0.8235  1.0000  1.0000
0.0905  4.1303   0.0588  0.3529  0.8235  1.0000  1.0000
1.9048  3.7522   0.0588  0.3529  0.8235  1.0000  1.0000
3.5631  3.6425   0.0588  0.3529  0.8235  1.0000  1.0000
4.3167  3.9166   0.0588  0.3529  0.8235  1.0000  1.0000
3.7659  4.5262   0.0588  0.3529  0.8235  1.0000  1.0000
2.1016  5.2737   0.0000  0.0789  0.4474  0.7632  1.0000
0.056  5.8882   0.0000  0.0789  0.4474  0.7632  1.0000
-1.4232  6.1339   0.0000  0.0789  0.4474  0.7632  1.0000
-1.6164  5.9093   0.0000  0.0789  0.4474  0.7632  1.0000
-0.3634  5.2954   0.0000  0.0789  0.4474  0.7632  1.0000
1.8899  4.534   0.0588  0.3529  0.8235  1.0000  1.0000
4.3501  3.9405   0.0588  0.3529  0.8235  1.0000  1.0000
6.2957  3.7837   0.0588  0.3529  0.8235  1.0000  1.0000
7.4291  4.1784   0.0588  0.3529  0.8235  1.0000  1.0000
7.9705  5.0333   0.0000  0.0789  0.4474  0.7632  1.0000
8.4503  6.0741   0.0000  0.0789  0.4474  0.7632  1.0000
9.3273  6.9371   0.0000  0.0789  0.4474  0.7632  1.0000
10.6586  7.2978   0.0000  0.0000  0.0714  0.2857  0.8929
12.0179  6.9894   0.0000  0.0789  0.4474  0.7632  1.0000
12.7192  6.0657   0.0000  0.0789  0.4474  0.7632  1.0000
12.2229  4.788   0.0588  0.3529  0.8235  1.0000  1.0000
10.4944  3.5392   0.0588  0.3529  0.8235  1.0000  1.0000
8.1004  2.6975   0.1538  0.5769  0.9615  1.0000  1.0000
5.972  2.5145   0.1538  0.5769  0.9615  1.0000  1.0000
4.9476  3.0393   0.0588  0.3529  0.8235  1.0000  1.0000
5.3393  4.1118   0.0588  0.3529  0.8235  1.0000  1.0000
6.7605  5.4237   0.0000  0.0789  0.4474  0.7632  1.0000
8.3179  6.6213   0.0000  0.0789  0.4474  0.7632  1.0000
9.0738  7.4128   0.0000  0.0000  0.0714  0.2857  0.8929
8.5339  7.6435   0.0000  0.0000  0.0714  0.2857  0.8929
6.9022  7.321   0.0000  0.0000  0.0714  0.2857  0.8929
4.9633  6.5864   0.0000  0.0789  0.4474  0.7632  1.0000
3.6572  5.6531   0.0000  0.0789  0.4474  0.7632  1.0000
3.5754  4.7372   0.0588  0.3529  0.8235  1.0000  1.0000
4.6516  4.0052   0.0588  0.3529  0.8235  1.0000  1.0000
6.2126  3.5515   0.0588  0.3529  0.8235  1.0000  1.0000
7.3604  3.4038   0.0588  0.3529  0.8235  1.0000  1.0000
7.4728  3.5458   0.0588  0.3529  0.8235  1.0000  1.0000
6.5496  3.9403   0.0588  0.3529  0.8235  1.0000  1.0000
5.2131  4.543   0.0588  0.3529  0.8235  1.0000  1.0000
4.3636  5.3038   0.0000  0.0789  0.4474  0.7632  1.0000
4.6773  6.1629   0.0000  0.0789  0.4474  0.7632  1.0000
6.2211  7.0498   0.0000  0.0000  0.0714  0.2857  0.8929
1.1151  4.0512   0.0588  0.3529  0.8235  1.0000  1.0000
1.6057  4.1892   0.0588  0.3529  0.8235  1.0000  1.0000
1.9296  4.375   0.0588  0.3529  0.8235  1.0000  1.0000
1.9143  4.4718   0.0588  0.3529  0.8235  1.0000  1.0000
1.6806  4.3778   0.0588  0.3529  0.8235  1.0000  1.0000
1.5731  4.071   0.0588  0.3529  0.8235  1.0000  1.0000
1.9331  3.6275   0.0588  0.3529  0.8235  1.0000  1.0000
2.8419  3.2012   0.0588  0.3529  0.8235  1.0000  1.0000
3.9964  2.9678   0.1538  0.5769  0.9615  1.0000  1.0000
4.8104  3.054   0.0588  0.3529  0.8235  1.0000  1.0000
4.7103  3.4784   0.0588  0.3529  0.8235  1.0000  1.0000
3.4723  4.1307   0.0588  0.3529  0.8235  1.0000  1.0000
1.4127  4.8017   0.0588  0.3529  0.8235  1.0000  1.0000
-0.6923  5.2564   0.0000  0.0789  0.4474  0.7632  1.0000
-1.9354  5.3258   0.0000  0.0789  0.4474  0.7632  1.0000
-1.6996  4.9792   0.0588  0.3529  0.8235  1.0000  1.0000
0.0475  4.3485   0.0588  0.3529  0.8235  1.0000  1.0000
2.7404  3.6879   0.0588  0.3529  0.8235  1.0000  1.0000
5.4965  3.2815   0.0588  0.3529  0.8235  1.0000  1.0000
7.5435  3.3306   0.0588  0.3529  0.8235  1.0000  1.0000
8.5684  3.8638   0.0588  0.3529  0.8235  1.0000  1.0000
8.8079  4.7085   0.0588  0.3529  0.8235  1.0000  1.0000
8.8401  5.538   0.0000  0.0789  0.4474  0.7632  1.0000
9.2039  5.9836   0.0000  0.0789  0.4474  0.7632  1.0000
10.0653  5.7718   0.0000  0.0789  0.4474  0.7632  1.0000
11.1206  4.837   0.0588  0.3529  0.8235  1.0000  1.0000
11.7917  3.3663   0.0588  0.3529  0.8235  1.0000  1.0000
11.5967  1.7551   0.1538  0.5769  0.9615  1.0000  1.0000
10.4799  0.487   0.5556  0.7778  1.0000  1.0000  1.0000
8.9023  -0.0242   0.5556  0.7778  1.0000  1.0000  1.0000
7.6268  0.4257   0.5556  0.7778  1.0000  1.0000  1.0000
7.3099  1.7583   0.1538  0.5769  0.9615  1.0000  1.0000
8.1252  3.6318   0.0588  0.3529  0.8235  1.0000  1.0000
9.6354  5.5453   0.0000  0.0789  0.4474  0.7632  1.0000
10.9968  6.9936   0.0000  0.0789  0.4474  0.7632  1.0000
11.396  7.6186   0.0000  0.0000  0.0714  0.2857  0.8929
10.4861  7.3077   0.0000  0.0000  0.0714  0.2857  0.8929
8.5839  6.2119   0.0000  0.0789  0.4474  0.7632  1.0000
6.514  4.6808   0.0588  0.3529  0.8235  1.0000  1.0000
5.1803  3.1438   0.0588  0.3529  0.8235  1.0000  1.0000
5.0933  1.9804   0.1538  0.5769  0.9615  1.0000  1.0000
6.11  1.4218   0.1538  0.5769  0.9615  1.0000  1.0000
7.5278  1.5121   0.1538  0.5769  0.9615  1.0000  1.0000
8.4807  2.1316   0.1538  0.5769  0.9615  1.0000  1.0000
8.4213  3.0661   0.0588  0.3529  0.8235  1.0000  1.0000
7.4216  4.0898   0.0588  0.3529  0.8235  1.0000  1.0000
6.1275  5.0331   0.0000  0.0789  0.4474  0.7632  1.0000
5.3892  5.8149   0.0000  0.0789  0.4474  0.7632  1.0000
5.772  6.4381   0.0000  0.0789  0.4474  0.7632  1.0000
7.2161  6.958   0.0000  0.0789  0.4474  0.7632  1.0000
2.8613  6.2264   0.0000  0.0789  0.4474  0.7632  1.0000
3.9461  5.9543   0.0000  0.0789  0.4474  0.7632  1.0000
4.8675  5.5465   0.0000  0.0789  0.4474  0.7632  1.0000
5.3484  5.0304   0.0000  0.0789  0.4474  0.7632  1.0000
5.3935  4.4476   0.0588  0.3529  0.8235  1.0000  1.0000
5.2571  3.856   0.0588  0.3529  0.8235  1.0000  1.0000
5.2529  3.3297   0.0588  0.3529  0.8235  1.0000  1.0000
5.5192  2.9496   0.1538  0.5769  0.9615  1.0000  1.0000
5.8869  2.7826   0.1538  0.5769  0.9615  1.0000  1.0000
5.946  2.8555   0.1538  0.5769  0.9615  1.0000  1.0000
5.2877  3.1335   0.0588  0.3529  0.8235  1.0000  1.0000
3.7916  3.5188   0.0588  0.3529  0.8235  1.0000  1.0000
1.7865  3.8727   0.0588  0.3529  0.8235  1.0000  1.0000
-0.0262  4.0613   0.0588  0.3529  0.8235  1.0000  1.0000
-0.8713  4.007   0.0588  0.3529  0.8235  1.0000  1.0000
-0.275  3.7267   0.0588  0.3529  0.8235  1.0000  1.0000
1.681  3.3359   0.0588  0.3529  0.8235  1.0000  1.0000
4.3699  3.0122   0.0588  0.3529  0.8235  1.0000  1.0000
6.9011  2.9261   0.1538  0.5769  0.9615  1.0000  1.0000
8.5322  3.1641   0.0588  0.3529  0.8235  1.0000  1.0000
9.0008  3.6748   0.0588  0.3529  0.8235  1.0000  1.0000
8.6036  4.2652   0.0588  0.3529  0.8235  1.0000  1.0000
7.9879  4.655   0.0588  0.3529  0.8235  1.0000  1.0000
7.7759  4.5761   0.0588  0.3529  0.8235  1.0000  1.0000
8.2298  3.8834   0.0588  0.3529  0.8235  1.0000  1.0000
9.1405  2.6338   0.1538  0.5769  0.9615  1.0000  1.0000
9.9941  1.1001   0.1538  0.5769  0.9615  1.0000  1.0000
10.311  -0.2947   0.5556  0.7778  1.0000  1.0000  1.0000
9.9579  -1.1048   0.5556  0.7778  1.0000  1.0000  1.0000
9.2455  -1.0114   0.5556  0.7778  1.0000  1.0000  1.0000
8.7519  0.0578   0.5556  0.7778  1.0000  1.0000  1.0000
8.9717  1.8847   0.1538  0.5769  0.9615  1.0000  1.0000
9.9936  4.0111   0.0588  0.3529  0.8235  1.0000  1.0000
11.4021  5.871   0.0000  0.0789  0.4474  0.7632  1.0000
12.4713  6.9626   0.0000  0.0789  0.4474  0.7632  1.0000
12.5544  7.0023   0.0000  0.0000  0.0714  0.2857  0.8929
11.4537  6.0106   0.0000  0.0789  0.4474  0.7632  1.0000
9.5616  4.2998   0.0588  0.3529  0.8235  1.0000  1.0000
7.6811  2.372   0.1538  0.5769  0.9615  1.0000  1.0000
6.6165  0.7615   0.5556  0.7778  1.0000  1.0000  1.0000
6.7526  -0.1226   0.5556  0.7778  1.0000  1.0000  1.0000
7.8542  -0.1045   0.5556  0.7778  1.0000  1.0000  1.0000
9.2002  0.7335   0.5556  0.7778  1.0000  1.0000  1.0000
9.9816  2.1085   0.1538  0.5769  0.9615  1.0000  1.0000
9.7469  3.6499   0.0588  0.3529  0.8235  1.0000  1.0000
8.6467  5.0253   0.0000  0.0789  0.4474  0.7632  1.0000
7.3402  6.0338   0.0000  0.0789  0.4474  0.7632  1.0000
6.6108  6.6412   0.0000  0.0789  0.4474  0.7632  1.0000
6.9032  6.9525   0.0000  0.0789  0.4474  0.7632  1.0000
8.0403  7.1418   0.0000  0.0000  0.0714  0.2857  0.8929
4.7592  7.9479   0.0000  0.0000  0.0714  0.2857  0.8929
6.4287  7.3136   0.0000  0.0000  0.0714  0.2857  0.8929
7.8177  6.5195   0.0000  0.0789  0.4474  0.7632  1.0000
8.5472  5.7062   0.0000  0.0789  0.4474  0.7632  1.0000
8.5481  4.9774   0.0588  0.3529  0.8235  1.0000  1.0000
8.0632  4.3839   0.0588  0.3529  0.8235  1.0000  1.0000
7.4767  3.929   0.0588  0.3529  0.8235  1.0000  1.0000
7.0707  3.5902   0.0588  0.3529  0.8235  1.0000  1.0000
6.8577  3.3408   0.0588  0.3529  0.8235  1.0000  1.0000
6.5895  3.1628   0.0588  0.3529  0.8235  1.0000  1.0000
5.9459  3.0468   0.0588  0.3529  0.8235  1.0000  1.0000
4.7902  2.9842   0.1538  0.5769  0.9615  1.0000  1.0000
3.3355  2.9595   0.1538  0.5769  0.9615  1.0000  1.0000
2.1064  2.9508   0.1538  0.5769  0.9615  1.0000  1.0000
1.6994  2.9381   0.1538  0.5769  0.9615  1.0000  1.0000
2.4609  2.9168   0.1538  0.5769  0.9615  1.0000  1.0000
4.2637  2.9046   0.1538  0.5769  0.9615  1.0000  1.0000
6.5152  2.9345   0.1538  0.5769  0.9615  1.0000  1.0000
8.4099  3.0343   0.0588  0.3529  0.8235  1.0000  1.0000
9.3049  3.1985   0.0588  0.3529  0.8235  1.0000  1.0000
9.0217  3.3687   0.0588  0.3529  0.8235  1.0000  1.0000
7.9168  3.4359   0.0588  0.3529  0.8235  1.0000  1.0000
6.6829  3.2724   0.0588  0.3529  0.8235  1.0000  1.0000
5.9892  2.785   0.1538  0.5769  0.9615  1.0000  1.0000
6.1538  1.973   0.1538  0.5769  0.9615  1.0000  1.0000
7.0227  0.9631   0.5556  0.7778  1.0000  1.0000  1.0000
8.109  0.0008   0.5556  0.7778  1.0000  1.0000  1.0000
8.9048  -0.6078   0.5556  0.7778  1.0000  1.0000  1.0000
9.1794  -0.5927   0.5556  0.7778  1.0000  1.0000  1.0000
9.0933  0.1774   0.5556  0.7778  1.0000  1.0000  1.0000
9.0656  1.6233   0.1538  0.5769  0.9615  1.0000  1.0000
9.4785  3.4474   0.0588  0.3529  0.8235  1.0000  1.0000
10.4008  5.2   0.0000  0.0789  0.4474  0.7632  1.0000
11.5013  6.405   0.0000  0.0789  0.4474  0.7632  1.0000
12.2135  6.7066   0.0000  0.0789  0.4474  0.7632  1.0000
12.0644  5.9887   0.0000  0.0789  0.4474  0.7632  1.0000
10.9769  4.4223   0.0588  0.3529  0.8235  1.0000  1.0000
9.3646  2.4242   0.1538  0.5769  0.9615  1.0000  1.0000
7.9486  0.5359   0.5556  0.7778  1.0000  1.0000  1.0000
7.3866  -0.7364   0.5556  0.7778  1.0000  1.0000  1.0000
7.9169  -1.069   0.5556  0.7778  1.0000  1.0000  1.0000
9.2186  -0.4054   0.5556  0.7778  1.0000  1.0000  1.0000
10.5744  1.0459   0.1538  0.5769  0.9615  1.0000  1.0000
11.2551  2.8981   0.1538  0.5769  0.9615  1.0000  1.0000
10.9145  4.7206   0.0588  0.3529  0.8235  1.0000  1.0000
9.7739  6.1751   0.0000  0.0789  0.4474  0.7632  1.0000
8.4866  7.104   0.0000  0.0000  0.0714  0.2857  0.8929
7.7529  7.5473   0.0000  0.0000  0.0714  0.2857  0.8929
7.8972  7.6874   0.0000  0.0000  0.0714  0.2857  0.8929
8.6485  7.752   0.0000  0.0000  0.0714  0.2857  0.8929
6.612  8.7219   0.0000  0.0000  0.0714  0.2857  0.8929
8.551  7.9213   0.0000  0.0000  0.0714  0.2857  0.8929
10.0171  7.0878   0.0000  0.0000  0.0714  0.2857  0.8929
10.5762  6.3767   0.0000  0.0789  0.4474  0.7632  1.0000
10.1567  5.8532   0.0000  0.0789  0.4474  0.7632  1.0000
9.0726  5.485   0.0000  0.0789  0.4474  0.7632  1.0000
7.8504  5.1755   0.0000  0.0789  0.4474  0.7632  1.0000
6.9546  4.8194   0.0588  0.3529  0.8235  1.0000  1.0000
6.5631  4.3565   0.0588  0.3529  0.8235  1.0000  1.0000
6.518  3.8016   0.0588  0.3529  0.8235  1.0000  1.0000
6.4749  3.2391   0.0588  0.3529  0.8235  1.0000  1.0000
6.1573  2.7864   0.1538  0.5769  0.9615  1.0000  1.0000
5.5635  2.5444   0.1538  0.5769  0.9615  1.0000  1.0000
4.9958  2.5548   0.1538  0.5769  0.9615  1.0000  1.0000
4.8899  2.7811   0.1538  0.5769  0.9615  1.0000  1.0000
5.5385  3.121   0.0588  0.3529  0.8235  1.0000  1.0000
6.8714  3.4406   0.0588  0.3529  0.8235  1.0000  1.0000
8.4294  3.6175   0.0588  0.3529  0.8235  1.0000  1.0000
9.5615  3.5745   0.0588  0.3529  0.8235  1.0000  1.0000
9.7473  3.2943   0.0588  0.3529  0.8235  1.0000  1.0000
8.8725  2.8134   0.1538  0.5769  0.9615  1.0000  1.0000
7.3032  2.2027   0.1538  0.5769  0.9615  1.0000  1.0000
5.7158  1.5486   0.1538  0.5769  0.9615  1.0000  1.0000
4.7691  0.9409   0.5556  0.7778  1.0000  1.0000  1.0000
4.7939  0.4712   0.5556  0.7778  1.0000  1.0000  1.0000
5.6632  0.2349   0.5556  0.7778  1.0000  1.0000  1.0000
6.9046  0.3259   0.5556  0.7778  1.0000  1.0000  1.0000
7.9816  0.8174   0.5556  0.7778  1.0000  1.0000  1.0000
8.5808  1.7295   0.1538  0.5769  0.9615  1.0000  1.0000
8.7424  2.9939   0.1538  0.5769  0.9615  1.0000  1.0000
8.7716  4.4351   0.0588  0.3529  0.8235  1.0000  1.0000
8.9935  5.7835   0.0000  0.0789  0.4474  0.7632  1.0000
9.5111  6.7277   0.0000  0.0789  0.4474  0.7632  1.0000
10.1161  6.9975   0.0000  0.0789  0.4474  0.7632  1.0000
10.4134  6.4527   0.0000  0.0789  0.4474  0.7632  1.0000
10.0849  5.1469   0.0000  0.0789  0.4474  0.7632  1.0000
9.1316  3.3389   0.0588  0.3529  0.8235  1.0000  1.0000
7.9369  1.4399   0.1538  0.5769  0.9615  1.0000  1.0000
7.0975  -0.092   0.5556  0.7778  1.0000  1.0000  1.0000
7.1045  -0.8791   0.5556  0.7778  1.0000  1.0000  1.0000
8.0554  -0.7305   0.5556  0.7778  1.0000  1.0000  1.0000
9.5664  0.3069   0.5556  0.7778  1.0000  1.0000  1.0000
10.9508  1.9723   0.1538  0.5769  0.9615  1.0000  1.0000
11.5743  3.8811   0.0588  0.3529  0.8235  1.0000  1.0000
11.1938  5.6484   0.0000  0.0789  0.4474  0.7632  1.0000
10.0848  7.0033   0.0000  0.0000  0.0714  0.2857  0.8929
8.8772  7.8532   0.0000  0.0000  0.0714  0.2857  0.8929
8.1827  8.2794   0.0000  0.0000  0.0714  0.2857  0.8929
8.2215  8.4701   0.0000  0.0000  0.0714  0.2857  0.8929
8.6629  8.6209   0.0000  0.0000  0.0714  0.2857  0.8929
8.3428  8.5364   0.0000  0.0000  0.0714  0.2857  0.8929
10.1003  7.8019   0.0000  0.0000  0.0714  0.2857  0.8929
11.193  7.2294   0.0000  0.0000  0.0714  0.2857  0.8929
11.1942  6.8947   0.0000  0.0789  0.4474  0.7632  1.0000
10.0933  6.755   0.0000  0.0789  0.4474  0.7632  1.0000
8.3269  6.6712   0.0000  0.0789  0.4474  0.7632  1.0000
6.5867  6.4709   0.0000  0.0789  0.4474  0.7632  1.0000
5.4988  6.0261   0.0000  0.0789  0.4474  0.7632  1.0000
5.3416  5.3157   0.0000  0.0789  0.4474  0.7632  1.0000
5.9496  4.4436   0.0588  0.3529  0.8235  1.0000  1.0000
6.8477  3.6076   0.0588  0.3529  0.8235  1.0000  1.0000
7.5367  3.0264   0.0588  0.3529  0.8235  1.0000  1.0000
7.7658  2.8551   0.1538  0.5769  0.9615  1.0000  1.0000
7.6415  3.1193   0.0588  0.3529  0.8235  1.0000  1.0000
7.5186  3.6955   0.0588  0.3529  0.8235  1.0000  1.0000
7.7431  4.3447   0.0588  0.3529  0.8235  1.0000  1.0000
8.4047  4.7892   0.0588  0.3529  0.8235  1.0000  1.0000
9.2458  4.8045   0.0588  0.3529  0.8235  1.0000  1.0000
9.7866  4.2936   0.0588  0.3529  0.8235  1.0000  1.0000
9.5954  3.3202   0.0588  0.3529  0.8235  1.0000  1.0000
8.5528  2.0886   0.1538  0.5769  0.9615  1.0000  1.0000
6.9537  0.8824   0.5556  0.7778  1.0000  1.0000  1.0000
5.3863  -0.0166   0.5556  0.7778  1.0000  1.0000  1.0000
4.4502  -0.4014   0.5556  0.7778  1.0000  1.0000  1.0000
4.4659  -0.1831   0.5556  0.7778  1.0000  1.0000  1.0000
5.3325  0.6033   0.5556  0.7778  1.0000  1.0000  1.0000
6.6055  1.8253   0.1538  0.5769  0.9615  1.0000  1.0000
7.7427  3.2942   0.0588  0.3529  0.8235  1.0000  1.0000
8.3773  4.8058   0.0588  0.3529  0.8235  1.0000  1.0000
8.4657  6.1682   0.0000  0.0789  0.4474  0.7632  1.0000
8.2402  7.2154   0.0000  0.0000  0.0714  0.2857  0.8929
8.0095  7.8134   0.0000  0.0000  0.0714  0.2857  0.8929
7.941  7.8697   0.0000  0.0000  0.0714  0.2857  0.8929
7.9611  7.3495   0.0000  0.0000  0.0714  0.2857  0.8929
7.8332  6.2973   0.0000  0.0789  0.4474  0.7632  1.0000
7.3609  4.8531   0.0588  0.3529  0.8235  1.0000  1.0000
6.5796  3.248   0.0588  0.3529  0.8235  1.0000  1.0000
5.8043  1.772   0.1538  0.5769  0.9615  1.0000  1.0000
5.4875  0.7149   0.5556  0.7778  1.0000  1.0000  1.0000
5.9585  0.2953   0.5556  0.7778  1.0000  1.0000  1.0000
7.1978  0.6013   0.5556  0.7778  1.0000  1.0000  1.0000
8.7906  1.5639   0.1538  0.5769  0.9615  1.0000  1.0000
10.1051  2.9777   0.1538  0.5769  0.9615  1.0000  1.0000
10.6106  4.5628   0.0588  0.3529  0.8235  1.0000  1.0000
10.1599  6.0486   0.0000  0.0789  0.4474  0.7632  1.0000
9.0697  7.2486   0.0000  0.0000  0.0714  0.2857  0.8929
7.9411  8.1009   0.0000  0.0000  0.0714  0.2857  0.8929
7.3101  8.6581   0.0000  0.0000  0.0714  0.2857  0.8929
7.3232  9.0351   0.0000  0.0000  0.0714  0.2857  0.8929
7.6285  9.3369   0.0000  0.0000  0.0714  0.2857  0.8929
9.7069  7.7649   0.0000  0.0000  0.0714  0.2857  0.8929
10.934  7.2501   0.0000  0.0000  0.0714  0.2857  0.8929
11.3867  7.0536   0.0000  0.0000  0.0714  0.2857  0.8929
10.6875  7.1274   0.0000  0.0000  0.0714  0.2857  0.8929
8.911  7.3159   0.0000  0.0000  0.0714  0.2857  0.8929
6.6156  7.4088   0.0000  0.0000  0.0714  0.2857  0.8929
4.6257  7.2204   0.0000  0.0000  0.0714  0.2857  0.8929
3.666  6.666   0.0000  0.0789  0.4474  0.7632  1.0000
4.031  5.8054   0.0000  0.0789  0.4474  0.7632  1.0000
5.4611  4.8347   0.0588  0.3529  0.8235  1.0000  1.0000
7.2888  4.023   0.0588  0.3529  0.8235  1.0000  1.0000
8.7752  3.6164   0.0588  0.3529  0.8235  1.0000  1.0000
9.4588  3.7415   0.0588  0.3529  0.8235  1.0000  1.0000
9.3364  4.3447   0.0588  0.3529  0.8235  1.0000  1.0000
8.7924  5.1933   0.0000  0.0789  0.4474  0.7632  1.0000
8.3304  5.9415   0.0000  0.0789  0.4474  0.7632  1.0000
8.2668  6.2412   0.0000  0.0789  0.4474  0.7632  1.0000
8.5589  5.8613   0.0000  0.0789  0.4474  0.7632  1.0000
8.8564  4.7731   0.0588  0.3529  0.8235  1.0000  1.0000
8.7381  3.1723   0.0588  0.3529  0.8235  1.0000  1.0000
7.989  1.4288   0.1538  0.5769  0.9615  1.0000  1.0000
6.7551  -0.0202   0.5556  0.7778  1.0000  1.0000  1.0000
5.4888  -0.7974   0.5556  0.7778  1.0000  1.0000  1.0000
4.7157  -0.6922   0.5556  0.7778  1.0000  1.0000  1.0000
4.7577  0.2876   0.5556  0.7778  1.0000  1.0000  1.0000
5.5658  1.9297   0.1538  0.5769  0.9615  1.0000  1.0000
6.7528  3.8899   0.0588  0.3529  0.8235  1.0000  1.0000
7.7986  5.7931   0.0000  0.0789  0.4474  0.7632  1.0000
8.3082  7.3285   0.0000  0.0000  0.0714  0.2857  0.8929
8.1788  8.3103   0.0000  0.0000  0.0714  0.2857  0.8929
7.5936  8.6915   0.0000  0.0000  0.0714  0.2857  0.8929
6.8635  8.536   0.0000  0.0000  0.0714  0.2857  0.8929
6.2277  7.9687   0.0000  0.0000  0.0714  0.2857  0.8929
5.7366  7.1266   0.0000  0.0000  0.0714  0.2857  0.8929
5.2844  6.1305   0.0000  0.0789  0.4474  0.7632  1.0000
4.7561  5.0795   0.0000  0.0789  0.4474  0.7632  1.0000
4.1821  4.064   0.0588  0.3529  0.8235  1.0000  1.0000
3.7835  3.1797   0.0588  0.3529  0.8235  1.0000  1.0000
3.8659  2.5313   0.1538  0.5769  0.9615  1.0000  1.0000
4.6157  2.2179   0.1538  0.5769  0.9615  1.0000  1.0000
5.9292  2.3064   0.1538  0.5769  0.9615  1.0000  1.0000
7.3922  2.8048   0.1538  0.5769  0.9615  1.0000  1.0000
8.4484  3.6508   0.0588  0.3529  0.8235  1.0000  1.0000
8.6755  4.7227   0.0588  0.3529  0.8235  1.0000  1.0000
8.0177  5.8705   0.0000  0.0789  0.4474  0.7632  1.0000
6.8301  6.9552   0.0000  0.0789  0.4474  0.7632  1.0000
5.695  7.8809   0.0000  0.0000  0.0714  0.2857  0.8929
5.0997  8.6048   0.0000  0.0000  0.0714  0.2857  0.8929
5.1532  9.1247   0.0000  0.0000  0.0714  0.2857  0.8929
5.5116  9.4513   0.0000  0.0000  0.0714  0.2857  0.8929
10.2279  6.8736   0.0000  0.0789  0.4474  0.7632  1.0000
10.8371  6.5883   0.0000  0.0789  0.4474  0.7632  1.0000
10.7011  6.6697   0.0000  0.0789  0.4474  0.7632  1.0000
9.4872  6.9704   0.0000  0.0789  0.4474  0.7632  1.0000
7.3285  7.2786   0.0000  0.0000  0.0714  0.2857  0.8929
4.8557  7.3846   0.0000  0.0000  0.0714  0.2857  0.8929
2.959  7.1516   0.0000  0.0000  0.0714  0.2857  0.8929
2.3857  6.5685   0.0000  0.0789  0.4474  0.7632  1.0000
3.3774  5.7628   0.0000  0.0789  0.4474  0.7632  1.0000
5.5376  4.9646   0.0588  0.3529  0.8235  1.0000  1.0000
8.0047  4.4304   0.0588  0.3529  0.8235  1.0000  1.0000
9.8474  4.3488   0.0588  0.3529  0.8235  1.0000  1.0000
10.4821  4.7615   0.0588  0.3529  0.8235  1.0000  1.0000
9.9046  5.53   0.0000  0.0789  0.4474  0.7632  1.0000
8.6289  6.363   0.0000  0.0789  0.4474  0.7632  1.0000
7.3785  6.9033   0.0000  0.0789  0.4474  0.7632  1.0000
6.7047  6.845   0.0000  0.0789  0.4474  0.7632  1.0000
6.7331  6.0452   0.0000  0.0789  0.4474  0.7632  1.0000
7.1602  4.5883   0.0588  0.3529  0.8235  1.0000  1.0000
7.4819  2.7795   0.1538  0.5769  0.9615  1.0000  1.0000
7.3112  1.064   0.1538  0.5769  0.9615  1.0000  1.0000
6.6051  -0.1025   0.5556  0.7778  1.0000  1.0000  1.0000
5.6785  -0.3916   0.5556  0.7778  1.0000  1.0000  1.0000
5.0118  0.2985   0.5556  0.7778  1.0000  1.0000  1.0000
4.9701  1.8137   0.1538  0.5769  0.9615  1.0000  1.0000
5.5967  3.7947   0.0588  0.3529  0.8235  1.0000  1.0000
6.5901  5.7883   0.0000  0.0789  0.4474  0.7632  1.0000
7.469  7.3819   0.0000  0.0000  0.0714  0.2857  0.8929
7.8199  8.3155   0.0000  0.0000  0.0714  0.2857  0.8929
7.4889  8.5354   0.0000  0.0000  0.0714  0.2857  0.8929
6.6176  8.1779   0.0000  0.0000  0.0714  0.2857  0.8929
5.5235  7.4944   0.0000  0.0000  0.0714  0.2857  0.8929
4.5108  6.7497   0.0000  0.0789  0.4474  0.7632  1.0000
3.7324  6.1324   0.0000  0.0789  0.4474  0.7632  1.0000
3.1765  5.7086   0.0000  0.0789  0.4474  0.7632  1.0000
2.7678  5.4296   0.0000  0.0789  0.4474  0.7632  1.0000
2.4963  5.1855   0.0000  0.0789  0.4474  0.7632  1.0000
2.4723  4.8756   0.0588  0.3529  0.8235  1.0000  1.0000
2.8604  4.4674   0.0588  0.3529  0.8235  1.0000  1.0000
3.7298  4.0199   0.0588  0.3529  0.8235  1.0000  1.0000
4.926  3.6627   0.0588  0.3529  0.8235  1.0000  1.0000
6.0652  3.5453   0.0588  0.3529  0.8235  1.0000  1.0000
6.6828  3.7758   0.0588  0.3529  0.8235  1.0000  1.0000
6.469  4.3765   0.0588  0.3529  0.8235  1.0000  1.0000
5.4577  5.2712   0.0000  0.0789  0.4474  0.7632  1.0000
4.0463  6.3073   0.0000  0.0789  0.4474  0.7632  1.0000
2.8151  7.3017   0.0000  0.0000  0.0714  0.2857  0.8929
2.2292  8.0904   0.0000  0.0000  0.0714  0.2857  0.8929
2.3861  8.5661   0.0000  0.0000  0.0714  0.2857  0.8929
2.9586  8.6935   0.0000  0.0000  0.0714  0.2857  0.8929
9.514  6.1373   0.0000  0.0789  0.4474  0.7632  1.0000
9.6876  5.9558   0.0000  0.0789  0.4474  0.7632  1.0000
9.2823  6.0859   0.0000  0.0789  0.4474  0.7632  1.0000
7.9615  6.3581   0.0000  0.0789  0.4474  0.7632  1.0000
5.8529  6.5886   0.0000  0.0789  0.4474  0.7632  1.0000
3.5897  6.6322   0.0000  0.0789  0.4474  0.7632  1.0000
2.0605  6.4245   0.0000  0.0789  0.4474  0.7632  1.0000
1.9819  6.0022   0.0000  0.0789  0.4474  0.7632  1.0000
3.516  5.4908   0.0000  0.0789  0.4474  0.7632  1.0000
6.1392  5.0625   0.0000  0.0789  0.4474  0.7632  1.0000
8.8473  4.8746   0.0588  0.3529  0.8235  1.0000  1.0000
10.6012  5.0065   0.0000  0.0789  0.4474  0.7632  1.0000
10.7953  5.4187   0.0000  0.0789  0.4474  0.7632  1.0000
9.5137  5.9498   0.0000  0.0789  0.4474  0.7632  1.0000
7.4519  6.3584   0.0000  0.0789  0.4474  0.7632  1.0000
5.5533  6.3999   0.0000  0.0789  0.4474  0.7632  1.0000
4.5516  5.9152   0.0000  0.0789  0.4474  0.7632  1.0000
4.6528  4.9008   0.0588  0.3529  0.8235  1.0000  1.0000
5.5043  3.5333   0.0588  0.3529  0.8235  1.0000  1.0000
6.444  2.1335   0.1538  0.5769  0.9615  1.0000  1.0000
6.8797  1.0787   0.1538  0.5769  0.9615  1.0000  1.0000
6.5907  0.6861   0.5556  0.7778  1.0000  1.0000  1.0000
5.8005  1.108   0.1538  0.5769  0.9615  1.0000  1.0000
5.0042  2.2739   0.1538  0.5769  0.9615  1.0000  1.0000
4.6637  3.9026   0.0588  0.3529  0.8235  1.0000  1.0000
4.9472  5.5833   0.0000  0.0789  0.4474  0.7632  1.0000
5.6512  6.9005   0.0000  0.0789  0.4474  0.7632  1.0000
6.3305  7.5619   0.0000  0.0000  0.0714  0.2857  0.8929
6.5474  7.4848   0.0000  0.0000  0.0714  0.2857  0.8929
6.0955  6.8126   0.0000  0.0789  0.4474  0.7632  1.0000
5.0784  5.8551   0.0000  0.0789  0.4474  0.7632  1.0000
3.8211  4.9751   0.0588  0.3529  0.8235  1.0000  1.0000
2.6838  4.4624   0.0588  0.3529  0.8235  1.0000  1.0000
1.8964  4.4381   0.0588  0.3529  0.8235  1.0000  1.0000
1.5027  4.8249   0.0588  0.3529  0.8235  1.0000  1.0000
1.4254  5.3895   0.0000  0.0789  0.4474  0.7632  1.0000
1.5826  5.8404   0.0000  0.0789  0.4474  0.7632  1.0000
1.9638  5.9431   0.0000  0.0789  0.4474  0.7632  1.0000
2.6064  5.61   0.0000  0.0789  0.4474  0.7632  1.0000
3.4936  4.9316   0.0588  0.3529  0.8235  1.0000  1.0000
4.4564  4.141   0.0588  0.3529  0.8235  1.0000  1.0000
5.1694  3.5265   0.0588  0.3529  0.8235  1.0000  1.0000
5.2733  3.3256   0.0588  0.3529  0.8235  1.0000  1.0000
4.571  3.641   0.0588  0.3529  0.8235  1.0000  1.0000
3.1812  4.4064   0.0588  0.3529  0.8235  1.0000  1.0000
1.5426  5.4134   0.0000  0.0789  0.4474  0.7632  1.0000
0.2403  6.3844   0.0000  0.0789  0.4474  0.7632  1.0000
-0.2724  7.065   0.0000  0.0000  0.0714  0.2857  0.8929
0.0943  7.3016   0.0000  0.0000  0.0714  0.2857  0.8929
1.015  7.0798   0.0000  0.0000  0.0714  0.2857  0.8929
7.6887  5.5472   0.0000  0.0789  0.4474  0.7632  1.0000
7.7691  5.2794   0.0000  0.0789  0.4474  0.7632  1.0000
7.5049  5.2332   0.0000  0.0789  0.4474  0.7632  1.0000
6.4841  5.3077   0.0000  0.0789  0.4474  0.7632  1.0000
4.7629  5.4118   0.0000  0.0789  0.4474  0.7632  1.0000
2.9239  5.4843   0.0000  0.0789  0.4474  0.7632  1.0000
1.8201  5.5019   0.0000  0.0789  0.4474  0.7632  1.0000
2.1295  5.4755   0.0000  0.0789  0.4474  0.7632  1.0000
3.9558  5.4363   0.0000  0.0789  0.4474  0.7632  1.0000
6.7016  5.4161   0.0000  0.0789  0.4474  0.7632  1.0000
9.2967  5.4269   0.0000  0.0789  0.4474  0.7632  1.0000
10.6812  5.4465   0.0000  0.0789  0.4474  0.7632  1.0000
10.3017  5.4167   0.0000  0.0789  0.4474  0.7632  1.0000
8.3708  5.2568   0.0000  0.0789  0.4474  0.7632  1.0000
5.7574  4.8914   0.0588  0.3529  0.8235  1.0000  1.0000
3.5664  4.2858   0.0588  0.3529  0.8235  1.0000  1.0000
2.6223  3.4769   0.0588  0.3529  0.8235  1.0000  1.0000
3.1125  2.5857   0.1538  0.5769  0.9615  1.0000  1.0000
4.5584  1.803   0.1538  0.5769  0.9615  1.0000  1.0000
6.1077  1.3443   0.1538  0.5769  0.9615  1.0000  1.0000
6.9807  1.3855   0.1538  0.5769  0.9615  1.0000  1.0000
6.836  1.9969   0.1538  0.5769  0.9615  1.0000  1.0000
5.8796  3.1002   0.0588  0.3529  0.8235  1.0000  1.0000
4.6862  4.4671   0.0588  0.3529  0.8235  1.0000  1.0000
3.853  5.7679   0.0000  0.0789  0.4474  0.7632  1.0000
3.6816  6.66   0.0000  0.0789  0.4474  0.7632  1.0000
4.0522  6.892   0.0000  0.0789  0.4474  0.7632  1.0000
4.5351  6.3885   0.0000  0.0789  0.4474  0.7632  1.0000
4.6554  5.2851   0.0000  0.0789  0.4474  0.7632  1.0000
4.1545  3.8974   0.0588  0.3529  0.8235  1.0000  1.0000
3.1072  2.6297   0.1538  0.5769  0.9615  1.0000  1.0000
1.8525  1.8497   0.1538  0.5769  0.9615  1.0000  1.0000
0.7988  1.7718   0.1538  0.5769  0.9615  1.0000  1.0000
0.2272  2.3869   0.1538  0.5769  0.9615  1.0000  1.0000
0.1981  3.4666   0.0588  0.3529  0.8235  1.0000  1.0000
0.593  4.6399   0.0588  0.3529  0.8235  1.0000  1.0000
1.2352  5.5186   0.0000  0.0789  0.4474  0.7632  1.0000
1.9952  5.8266   0.0000  0.0789  0.4474  0.7632  1.0000
2.8109  5.491   0.0000  0.0789  0.4474  0.7632  1.0000
3.6218  4.66   0.0588  0.3529  0.8235  1.0000  1.0000
4.2868  3.6451   0.0588  0.3529  0.8235  1.0000  1.0000
4.5675  2.8078   0.1538  0.5769  0.9615  1.0000  1.0000
4.2181  2.4325   0.1538  0.5769  0.9615  1.0000  1.0000
3.1448  2.6303   0.1538  0.5769  0.9615  1.0000  1.0000
1.5324  3.3081   0.0588  0.3529  0.8235  1.0000  1.0000
-0.1569  4.21   0.0588  0.3529  0.8235  1.0000  1.0000
-1.3479  5.0147   0.0000  0.0789  0.4474  0.7632  1.0000
-1.6109  5.4514   0.0000  0.0789  0.4474  0.7632  1.0000
-0.8818  5.3916   0.0000  0.0789  0.4474  0.7632  1.0000
0.4879  4.8863   0.0588  0.3529  0.8235  1.0000  1.0000
5.4879  4.9549   0.0588  0.3529  0.8235  1.0000  1.0000
5.8416  4.4442   0.0588  0.3529  0.8235  1.0000  1.0000
6.0378  4.1171   0.0588  0.3529  0.8235  1.0000  1.0000
5.531  3.997   0.0588  0.3529  0.8235  1.0000  1.0000
4.272  4.0986   0.0588  0.3529  0.8235  1.0000  1.0000
2.7836  4.4106   0.0588  0.3529  0.8235  1.0000  1.0000
1.898  4.8812   0.0588  0.3529  0.8235  1.0000  1.0000
2.2898  5.4138   0.0000  0.0789  0.4474  0.7632  1.0000
4.0594  5.8782   0.0000  0.0789  0.4474  0.7632  1.0000
6.6032  6.1355   0.0000  0.0789  0.4474  0.7632  1.0000
8.856  6.0703   0.0000  0.0789  0.4474  0.7632  1.0000
9.7957  5.6203   0.0000  0.0789  0.4474  0.7632  1.0000
8.9507  4.7972   0.0588  0.3529  0.8235  1.0000  1.0000
6.6496  3.6902   0.0588  0.3529  0.8235  1.0000  1.0000
3.8783  2.4543   0.1538  0.5769  0.9615  1.0000  1.0000
1.8155  1.2849   0.1538  0.5769  0.9615  1.0000  1.0000
1.2791  0.384   0.5556  0.7778  1.0000  1.0000  1.0000
2.3608  -0.076   0.5556  0.7778  1.0000  1.0000  1.0000
4.4215  0.0144   0.5556  0.7778  1.0000  1.0000  1.0000
6.4355  0.675   0.5556  0.7778  1.0000  1.0000  1.0000
7.4954  1.8219   0.1538  0.5769  0.9615  1.0000  1.0000
7.2194  3.2695   0.0588  0.3529  0.8235  1.0000  1.0000
5.8688  4.7527   0.0588  0.3529  0.8235  1.0000  1.0000
4.1416  5.9712   0.0000  0.0789  0.4474  0.7632  1.0000
2.7758  6.6502   0.0000  0.0789  0.4474  0.7632  1.0000
2.1816  6.6063   0.0000  0.0789  0.4474  0.7632  1.0000
2.285  5.8036   0.0000  0.0789  0.4474  0.7632  1.0000
2.6415  4.3787   0.0588  0.3529  0.8235  1.0000  1.0000
2.7284  2.6249   0.1538  0.5769  0.9615  1.0000  1.0000
2.2434  0.93   0.5556  0.7778  1.0000  1.0000  1.0000
1.2495  -0.3193   0.5556  0.7778  1.0000  1.0000  1.0000
0.1099  -0.8408   0.5556  0.7778  1.0000  1.0000  1.0000
-0.728  -0.5388   0.5556  0.7778  1.0000  1.0000  1.0000
-0.9613  0.4647   0.5556  0.7778  1.0000  1.0000  1.0000
-0.5521  1.8624   0.1538  0.5769  0.9615  1.0000  1.0000
0.3088  3.2508   0.0588  0.3529  0.8235  1.0000  1.0000
1.3413  4.2509   0.0588  0.3529  0.8235  1.0000  1.0000
2.3195  4.6211   0.0588  0.3529  0.8235  1.0000  1.0000
3.1285  4.3264   0.0588  0.3529  0.8235  1.0000  1.0000
3.7217  3.5386   0.0588  0.3529  0.8235  1.0000  1.0000
4.0338  2.5698   0.1538  0.5769  0.9615  1.0000  1.0000
3.9375  1.7599   0.1538  0.5769  0.9615  1.0000  1.0000
3.2967  1.3606   0.1538  0.5769  0.9615  1.0000  1.0000
2.093  1.4539   0.1538  0.5769  0.9615  1.0000  1.0000
0.5388  1.9355   0.1538  0.5769  0.9615  1.0000  1.0000
-0.9202  2.5662   0.1538  0.5769  0.9615  1.0000  1.0000
-1.7505  3.0698   0.0588  0.3529  0.8235  1.0000  1.0000
-1.5721  3.2418   0.0588  0.3529  0.8235  1.0000  1.0000
-0.3684  3.0256   0.0588  0.3529  0.8235  1.0000  1.0000
1.462  2.5301   0.1538  0.5769  0.9615  1.0000  1.0000
3.8482  4.3296   0.0588  0.3529  0.8235  1.0000  1.0000
4.7635  3.5385   0.0588  0.3529  0.8235  1.0000  1.0000
5.5551  2.9872   0.1538  0.5769  0.9615  1.0000  1.0000
5.5287  2.8194   0.1538  0.5769  0.9615  1.0000  1.0000
4.5454  3.113   0.0588  0.3529  0.8235  1.0000  1.0000
3.1072  3.841   0.0588  0.3529  0.8235  1.0000  1.0000
2.0763  4.8576   0.0588  0.3529  0.8235  1.0000  1.0000
2.1801  5.9179   0.0000  0.0789  0.4474  0.7632  1.0000
3.5721  6.7302   0.0000  0.0789  0.4474  0.7632  1.0000
5.6934  7.0279   0.0000  0.0000  0.0714  0.2857  0.8929
7.524  6.6423   0.0000  0.0789  0.4474  0.7632  1.0000
8.0973  5.5538   0.0000  0.0789  0.4474  0.7632  1.0000
7.011  3.907   0.0588  0.3529  0.8235  1.0000  1.0000
4.6633  1.9833   0.1538  0.5769  0.9615  1.0000  1.0000
2.0835  0.1393   0.5556  0.7778  1.0000  1.0000  1.0000
0.4401  -1.2746   0.5556  0.7778  1.0000  1.0000  1.0000
0.4749  -1.9915   0.5556  0.7778  1.0000  1.0000  1.0000
2.1496  -1.8852   0.5556  0.7778  1.0000  1.0000  1.0000
4.6783  -0.993   0.5556  0.7778  1.0000  1.0000  1.0000
6.9186  0.4973   0.5556  0.7778  1.0000  1.0000  1.0000
7.9163  2.2902   0.1538  0.5769  0.9615  1.0000  1.0000
7.327  4.0419   0.0588  0.3529  0.8235  1.0000  1.0000
5.5167  5.4253   0.0000  0.0789  0.4474  0.7632  1.0000
3.3147  6.187   0.0000  0.0789  0.4474  0.7632  1.0000
1.5696  6.1885   0.0000  0.0789  0.4474  0.7632  1.0000
0.7485  5.4288   0.0000  0.0789  0.4474  0.7632  1.0000
0.7742  4.0439   0.0588  0.3529  0.8235  1.0000  1.0000
1.1584  2.284   0.1538  0.5769  0.9615  1.0000  1.0000
1.3285  0.4697   0.5556  0.7778  1.0000  1.0000  1.0000
0.9557  -1.0678   0.5556  0.7778  1.0000  1.0000  1.0000
0.111  -2.0537   0.5556  0.7778  1.0000  1.0000  1.0000
-0.8136  -2.3292   0.5556  0.7778  1.0000  1.0000  1.0000
-1.3482  -1.8897   0.5556  0.7778  1.0000  1.0000  1.0000
-1.2028  -0.8878   0.5556  0.7778  1.0000  1.0000  1.0000
-0.3977  0.4029   0.5556  0.7778  1.0000  1.0000  1.0000
0.7854  1.6577   0.1538  0.5769  0.9615  1.0000  1.0000
1.9766  2.5854   0.1538  0.5769  0.9615  1.0000  1.0000
2.8987  3.0047   0.0588  0.3529  0.8235  1.0000  1.0000
3.4501  2.8869   0.1538  0.5769  0.9615  1.0000  1.0000
3.6624  2.3524   0.1538  0.5769  0.9615  1.0000  1.0000
3.5888  1.6206   0.1538  0.5769  0.9615  1.0000  1.0000
3.2214  0.9313   0.5556  0.7778  1.0000  1.0000  1.0000
2.5062  0.4648   0.5556  0.7778  1.0000  1.0000  1.0000
1.4496  0.2884   0.5556  0.7778  1.0000  1.0000  1.0000
0.2326  0.3499   0.5556  0.7778  1.0000  1.0000  1.0000
-0.7658  0.5165   0.5556  0.7778  1.0000  1.0000  1.0000
-1.0885  0.6444   0.5556  0.7778  1.0000  1.0000  1.0000
-0.4222  0.6485   0.5556  0.7778  1.0000  1.0000  1.0000
1.1992  0.5438   0.5556  0.7778  1.0000  1.0000  1.0000
3.3371  0.4402   0.5556  0.7778  1.0000  1.0000  1.0000
3.285  3.9276   0.0588  0.3529  0.8235  1.0000  1.0000
4.9049  2.9736   0.1538  0.5769  0.9615  1.0000  1.0000
6.2424  2.3763   0.1538  0.5769  0.9615  1.0000  1.0000
6.4915  2.3369   0.1538  0.5769  0.9615  1.0000  1.0000
5.4845  2.9255   0.1538  0.5769  0.9615  1.0000  1.0000
3.7674  4.0444   0.0588  0.3529  0.8235  1.0000  1.0000
2.2887  5.4374   0.0000  0.0789  0.4474  0.7632  1.0000
1.8699  6.7447   0.0000  0.0789  0.4474  0.7632  1.0000
2.7434  7.591   0.0000  0.0000  0.0714  0.2857  0.8929
4.409  7.6857   0.0000  0.0000  0.0714  0.2857  0.8929
5.8914  6.9038   0.0000  0.0789  0.4474  0.7632  1.0000
6.2632  5.3276   0.0000  0.0789  0.4474  0.7632  1.0000
5.1562  3.2331   0.0588  0.3529  0.8235  1.0000  1.0000
2.985  1.0254   0.1538  0.5769  0.9615  1.0000  1.0000
0.7614  -0.8594   0.5556  0.7778  1.0000  1.0000  1.0000
-0.4097  -2.0601   0.5556  0.7778  1.0000  1.0000  1.0000
0.11  -2.3743   0.5556  0.7778  1.0000  1.0000  1.0000
2.1632  -1.7985   0.5556  0.7778  1.0000  1.0000  1.0000
4.8672  -0.518   0.5556  0.7778  1.0000  1.0000  1.0000
7.0392  1.149   0.1538  0.5769  0.9615  1.0000  1.0000
7.7574  2.8331   0.1538  0.5769  0.9615  1.0000  1.0000
6.7715  4.1973   0.0588  0.3529  0.8235  1.0000  1.0000
4.5694  5.0026   0.0000  0.0789  0.4474  0.7632  1.0000
2.0862  5.1411   0.0000  0.0789  0.4474  0.7632  1.0000
0.2272  4.6362   0.0588  0.3529  0.8235  1.0000  1.0000
-0.5444  3.6163   0.0588  0.3529  0.8235  1.0000  1.0000
-0.3544  2.2754   0.1538  0.5769  0.9615  1.0000  1.0000
0.2477  0.8326   0.5556  0.7778  1.0000  1.0000  1.0000
0.6483  -0.5022   0.5556  0.7778  1.0000  1.0000  1.0000
0.5129  -1.5531   0.5556  0.7778  1.0000  1.0000  1.0000
-0.0651  -2.1955   0.5556  0.7778  1.0000  1.0000  1.0000
-0.6695  -2.3686   0.5556  0.7778  1.0000  1.0000  1.0000
-0.8346  -2.0819   0.5556  0.7778  1.0000  1.0000  1.0000
-0.3188  -1.4161   0.5556  0.7778  1.0000  1.0000  1.0000
0.7735  -0.5123   0.5556  0.7778  1.0000  1.0000  1.0000
2.0713  0.4509   0.5556  0.7778  1.0000  1.0000  1.0000
3.1506  1.2911   0.1538  0.5769  0.9615  1.0000  1.0000
3.7462  1.8593   0.1538  0.5769  0.9615  1.0000  1.0000
3.8404  2.0702   0.1538  0.5769  0.9615  1.0000  1.0000
3.5969  1.9167   0.1538  0.5769  0.9615  1.0000  1.0000
3.2062  1.4629   0.1538  0.5769  0.9615  1.0000  1.0000
2.7562  0.8187   0.5556  0.7778  1.0000  1.0000  1.0000
2.2187  0.1061   0.5556  0.7778  1.0000  1.0000  1.0000
1.5526  -0.5706   0.5556  0.7778  1.0000  1.0000  1.0000
0.842  -1.1392   0.5556  0.7778  1.0000  1.0000  1.0000
0.356  -1.5565   0.5556  0.7778  1.0000  1.0000  1.0000
0.4617  -1.792   0.5556  0.7778  1.0000  1.0000  1.0000
1.4191  -1.8111   0.5556  0.7778  1.0000  1.0000  1.0000
3.1754  -1.5701   0.5556  0.7778  1.0000  1.0000  1.0000
5.2943  -1.0317   0.5556  0.7778  1.0000  1.0000  1.0000
3.5787  4.2253   0.0588  0.3529  0.8235  1.0000  1.0000
5.8497  3.3521   0.0588  0.3529  0.8235  1.0000  1.0000
7.5392  2.9144   0.1538  0.5769  0.9615  1.0000  1.0000
7.8095  3.0837   0.0588  0.3529  0.8235  1.0000  1.0000
6.5432  3.8635   0.0588  0.3529  0.8235  1.0000  1.0000
4.3878  5.0783   0.0000  0.0789  0.4474  0.7632  1.0000
2.4048  6.4144   0.0000  0.0789  0.4474  0.7632  1.0000
1.5089  7.5011   0.0000  0.0000  0.0714  0.2857  0.8929
1.9925  8.0109   0.0000  0.0000  0.0714  0.2857  0.8929
3.3869  7.7494   0.0000  0.0000  0.0714  0.2857  0.8929
4.7319  6.7111   0.0000  0.0789  0.4474  0.7632  1.0000
5.1085  5.0842   0.0000  0.0789  0.4474  0.7632  1.0000
4.1479  3.2017   0.0588  0.3529  0.8235  1.0000  1.0000
2.2453  1.4549   0.1538  0.5769  0.9615  1.0000  1.0000
0.3621  0.1906   0.5556  0.7778  1.0000  1.0000  1.0000
-0.4771  -0.3751   0.5556  0.7778  1.0000  1.0000  1.0000
0.2707  -0.2061   0.5556  0.7778  1.0000  1.0000  1.0000
2.3693  0.5569   0.5556  0.7778  1.0000  1.0000  1.0000
4.9031  1.6463   0.1538  0.5769  0.9615  1.0000  1.0000
6.7224  2.7489   0.1538  0.5769  0.9615  1.0000  1.0000
6.9973  3.5908   0.0588  0.3529  0.8235  1.0000  1.0000
5.5998  4.0017   0.0588  0.3529  0.8235  1.0000  1.0000
3.128  3.9416   0.0588  0.3529  0.8235  1.0000  1.0000
0.5788  3.4856   0.0588  0.3529  0.8235  1.0000  1.0000
-1.1459  2.7778   0.1538  0.5769  0.9615  1.0000  1.0000
-1.6399  1.9747   0.1538  0.5769  0.9615  1.0000  1.0000
-1.1072  1.1977   0.1538  0.5769  0.9615  1.0000  1.0000
-0.1599  0.5116   0.5556  0.7778  1.0000  1.0000  1.0000
0.5645  -0.0691   0.5556  0.7778  1.0000  1.0000  1.0000
0.7465  -0.5524   0.5556  0.7778  1.0000  1.0000  1.0000
0.5089  -0.9372   0.5556  0.7778  1.0000  1.0000  1.0000
0.2787  -1.1926   0.5556  0.7778  1.0000  1.0000  1.0000
0.4901  -1.26   0.5556  0.7778  1.0000  1.0000  1.0000
1.3105  -1.0764   0.5556  0.7778  1.0000  1.0000  1.0000
2.5444  -0.6105   0.5556  0.7778  1.0000  1.0000  1.0000
3.7556  0.106   0.5556  0.7778  1.0000  1.0000  1.0000
4.5192  0.9656   0.5556  0.7778  1.0000  1.0000  1.0000
4.6474  1.7985   0.1538  0.5769  0.9615  1.0000  1.0000
4.2613  2.4107   0.1538  0.5769  0.9615  1.0000  1.0000
3.6791  2.6341   0.1538  0.5769  0.9615  1.0000  1.0000
3.207  2.3735   0.1538  0.5769  0.9615  1.0000  1.0000
2.9686  1.6346   0.1538  0.5769  0.9615  1.0000  1.0000
2.8795  0.5269   0.5556  0.7778  1.0000  1.0000  1.0000
2.7732  -0.76   0.5556  0.7778  1.0000  1.0000  1.0000
2.5851  -1.9958   0.5556  0.7778  1.0000  1.0000  1.0000
2.4602  -2.9558   0.5556  0.7778  1.0000  1.0000  1.0000
2.6994  -3.4605   0.5556  0.7778  1.0000  1.0000  1.0000
3.5608  -3.4057   0.5556  0.7778  1.0000  1.0000  1.0000
5.037  -2.7776   0.5556  0.7778  1.0000  1.0000  1.0000
6.7558  -1.6573   0.5556  0.7778  1.0000  1.0000  1.0000
4.0286  5.6298   0.0000  0.0789  0.4474  0.7632  1.0000
6.6777  5.1149   0.0000  0.0789  0.4474  0.7632  1.0000
8.4266  4.9718   0.0588  0.3529  0.8235  1.0000  1.0000
8.5004  5.2739   0.0000  0.0789  0.4474  0.7632  1.0000
6.8969  5.9448   0.0000  0.0789  0.4474  0.7632  1.0000
4.3853  6.7823   0.0000  0.0789  0.4474  0.7632  1.0000
2.1186  7.5207   0.0000  0.0000  0.0714  0.2857  0.8929
1.0559  7.9121   0.0000  0.0000  0.0714  0.2857  0.8929
1.4934  7.8029   0.0000  0.0000  0.0714  0.2857  0.8929
2.9445  7.1809   0.0000  0.0000  0.0714  0.2857  0.8929
4.4296  6.1789   0.0000  0.0789  0.4474  0.7632  1.0000
5.0154  5.0364   0.0000  0.0789  0.4474  0.7632  1.0000
4.3178  4.0274   0.0588  0.3529  0.8235  1.0000  1.0000
2.7009  3.3799   0.0588  0.3529  0.8235  1.0000  1.0000
1.0713  3.2092   0.0588  0.3529  0.8235  1.0000  1.0000
0.3794  3.4856   0.0588  0.3529  0.8235  1.0000  1.0000
1.099  4.0469   0.0588  0.3529  0.8235  1.0000  1.0000
2.9586  4.6507   0.0588  0.3529  0.8235  1.0000  1.0000
5.0661  5.0511   0.0000  0.0789  0.4474  0.7632  1.0000
6.357  5.0739   0.0000  0.0789  0.4474  0.7632  1.0000
6.1262  4.6687   0.0588  0.3529  0.8235  1.0000  1.0000
4.3698  3.9191   0.0588  0.3529  0.8235  1.0000  1.0000
1.7663  3.0101   0.0588  0.3529  0.8235  1.0000  1.0000
-0.6757  2.1623   0.1538  0.5769  0.9615  1.0000  1.0000
-2.1096  1.5569   0.1538  0.5769  0.9615  1.0000  1.0000
-2.2223  1.276   0.1538  0.5769  0.9615  1.0000  1.0000
-1.3075  1.2806   0.1538  0.5769  0.9615  1.0000  1.0000
-0.0285  1.4319   0.1538  0.5769  0.9615  1.0000  1.0000
0.9761  1.5499   0.1538  0.5769  0.9615  1.0000  1.0000
1.4196  1.4872   0.1538  0.5769  0.9615  1.0000  1.0000
1.4576  1.1911   0.1538  0.5769  0.9615  1.0000  1.0000
1.5165  0.7301   0.5556  0.7778  1.0000  1.0000  1.0000
1.9828  0.2748   0.5556  0.7778  1.0000  1.0000  1.0000
2.9443  0.0372   0.5556  0.7778  1.0000  1.0000  1.0000
4.1326  0.1899   0.5556  0.7778  1.0000  1.0000  1.0000
5.0893  0.7941   0.5556  0.7778  1.0000  1.0000  1.0000
5.4444  1.7615   0.1538  0.5769  0.9615  1.0000  1.0000
5.1372  2.8659   0.1538  0.5769  0.9615  1.0000  1.0000
4.4478  3.8023   0.0588  0.3529  0.8235  1.0000  1.0000
3.8275  4.2744   0.0588  0.3529  0.8235  1.0000  1.0000
3.636  4.0839   0.0588  0.3529  0.8235  1.0000  1.0000
3.9456  3.192   0.0588  0.3529  0.8235  1.0000  1.0000
4.5303  1.7359   0.1538  0.5769  0.9615  1.0000  1.0000
5.0394  -0.005   0.5556  0.7778  1.0000  1.0000  1.0000
5.2432  -1.6802   0.5556  0.7778  1.0000  1.0000  1.0000
5.1922  -2.9542   0.5556  0.7778  1.0000  1.0000  1.0000
5.1841  -3.5848   0.5556  0.7778  1.0000  1.0000  1.0000
5.5531  -3.4719   0.5556  0.7778  1.0000  1.0000  1.0000
6.4091  -2.6692   0.5556  0.7778  1.0000  1.0000  1.0000
7.4968  -1.3622   0.5556  0.7778  1.0000  1.0000  1.0000
4.0329  8.1341   0.0000  0.0000  0.0714  0.2857  0.8929
6.6213  8.1651   0.0000  0.0000  0.0714  0.2857  0.8929
8.1004  8.3199   0.0000  0.0000  0.0714  0.2857  0.8929
7.8352  8.5577   0.0000  0.0000  0.0714  0.2857  0.8929
5.9626  8.7638   0.0000  0.0000  0.0714  0.2857  0.8929
3.3444  8.7957   0.0000  0.0000  0.0714  0.2857  0.8929
1.1589  8.5435   0.0000  0.0000  0.0714  0.2857  0.8929
0.3316  7.9815   0.0000  0.0000  0.0714  0.2857  0.8929
1.0956  7.1934   0.0000  0.0000  0.0714  0.2857  0.8929
2.9056  6.3584   0.0000  0.0789  0.4474  0.7632  1.0000
4.7472  5.7026   0.0000  0.0789  0.4474  0.7632  1.0000
5.6761  5.4295   0.0000  0.0789  0.4474  0.7632  1.0000
5.3025  5.6503   0.0000  0.0789  0.4474  0.7632  1.0000
3.9696  6.3391   0.0000  0.0789  0.4474  0.7632  1.0000
2.537  7.3264   0.0000  0.0000  0.0714  0.2857  0.8929
1.8944  8.3363   0.0000  0.0000  0.0714  0.2857  0.8929
2.4673  9.0581   0.0000  0.0000  0.0714  0.2857  0.8929
3.9804  9.2331   0.0000  0.0000  0.0714  0.2857  0.8929
5.6002  8.7303   0.0000  0.0000  0.0714  0.2857  0.8929
6.3737  7.5888   0.0000  0.0000  0.0714  0.2857  0.8929
5.728  6.0136   0.0000  0.0789  0.4474  0.7632  1.0000
3.7653  4.323   0.0588  0.3529  0.8235  1.0000  1.0000
1.2062  2.8629   0.1538  0.5769  0.9615  1.0000  1.0000
-0.9764  1.9108   0.1538  0.5769  0.9615  1.0000  1.0000
-2.0313  1.5992   0.1538  0.5769  0.9615  1.0000  1.0000
-1.7598  1.8807   0.1538  0.5769  0.9615  1.0000  1.0000
-0.5433  2.5471   0.1538  0.5769  0.9615  1.0000  1.0000
0.9222  3.2969   0.0588  0.3529  0.8235  1.0000  1.0000
2.0202  3.8315   0.0588  0.3529  0.8235  1.0000  1.0000
2.5136  3.9508   0.0588  0.3529  0.8235  1.0000  1.0000
2.597  3.6165   0.0588  0.3529  0.8235  1.0000  1.0000
2.6963  2.963   0.1538  0.5769  0.9615  1.0000  1.0000
3.154  2.2519   0.1538  0.5769  0.9615  1.0000  1.0000
3.9971  1.7821   0.1538  0.5769  0.9615  1.0000  1.0000
4.9213  1.7867   0.1538  0.5769  0.9615  1.0000  1.0000
5.4935  2.3481   0.1538  0.5769  0.9615  1.0000  1.0000
5.4412  3.3613   0.0588  0.3529  0.8235  1.0000  1.0000
4.8479  4.5583   0.0588  0.3529  0.8235  1.0000  1.0000
4.1315  5.5849   0.0000  0.0789  0.4474  0.7632  1.0000
3.816  6.1075   0.0000  0.0789  0.4474  0.7632  1.0000
4.2294  5.9143   0.0000  0.0789  0.4474  0.7632  1.0000
5.3081  4.98   0.0588  0.3529  0.8235  1.0000  1.0000
6.6259  3.4726   0.0588  0.3529  0.8235  1.0000  1.0000
7.6342  1.7038   0.1538  0.5769  0.9615  1.0000  1.0000
7.973  0.0403   0.5556  0.7778  1.0000  1.0000  1.0000
7.6696  -1.1969   0.5556  0.7778  1.0000  1.0000  1.0000
7.105  -1.811   0.5556  0.7778  1.0000  1.0000  1.0000
6.7654  -1.7663   0.5556  0.7778  1.0000  1.0000  1.0000
6.9261  -1.1773   0.5556  0.7778  1.0000  1.0000  1.0000
7.4603  -0.2577   0.5556  0.7778  1.0000  1.0000  1.0000
3.4905  11.1464   0.0000  0.0000  0.0000  0.0000  0.4000
5.5651  11.7141   0.0000  0.0000  0.0000  0.0000  0.4000
6.5115  12.0336   0.0000  0.0000  0.0000  0.0000  0.4000
5.8667  11.9965   0.0000  0.0000  0.0000  0.0000  0.4000
3.8803  11.5231   0.0000  0.0000  0.0000  0.0000  0.4000
1.4363  10.6072   0.0000  0.0000  0.0000  0.0000  0.4000
-0.3496  9.3475   0.0000  0.0000  0.0714  0.2857  0.8929
-0.6618  7.952   0.0000  0.0000  0.0714  0.2857  0.8929
0.6247  6.7055   0.0000  0.0789  0.4474  0.7632  1.0000
2.8968  5.9056   0.0000  0.0789  0.4474  0.7632  1.0000
5.1248  5.7832   0.0000  0.0789  0.4474  0.7632  1.0000
6.3842  6.4295   0.0000  0.0789  0.4474  0.7632  1.0000
6.308  7.7542   0.0000  0.0000  0.0714  0.2857  0.8929
5.2356  9.49   0.0000  0.0000  0.0714  0.2857  0.8929
3.9882  11.2463   0.0000  0.0000  0.0000  0.0000  0.4000
3.3992  12.5995   0.0000  0.0000  0.0000  0.0000  0.4000
3.8553  13.1983   0.0000  0.0000  0.0000  0.0000  0.4000
5.0922  12.8533   0.0000  0.0000  0.0000  0.0000  0.4000
6.3494  11.5885   0.0000  0.0000  0.0000  0.0000  0.4000
6.7924  9.6375   0.0000  0.0000  0.0714  0.2857  0.8929
5.9698  7.3863   0.0000  0.0000  0.0714  0.2857  0.8929
4.061  5.277   0.0000  0.0789  0.4474  0.7632  1.0000
1.7867  3.6978   0.0588  0.3529  0.8235  1.0000  1.0000
0.0415  2.8887   0.1538  0.5769  0.9615  1.0000  1.0000
-0.5498  2.8882   0.1538  0.5769  0.9615  1.0000  1.0000
0.0861  3.5347   0.0588  0.3529  0.8235  1.0000  1.0000
1.4879  4.5216   0.0588  0.3529  0.8235  1.0000  1.0000
2.9471  5.4892   0.0000  0.0789  0.4474  0.7632  1.0000
3.8919  6.1288   0.0000  0.0789  0.4474  0.7632  1.0000
4.1534  6.267   0.0000  0.0789  0.4474  0.7632  1.0000
3.9778  5.9089   0.0000  0.0789  0.4474  0.7632  1.0000
3.8032  5.225   0.0000  0.0789  0.4474  0.7632  1.0000
3.9492  4.4901   0.0588  0.3529  0.8235  1.0000  1.0000
4.414  3.9904   0.0588  0.3529  0.8235  1.0000  1.0000
4.8962  3.9299   0.0588  0.3529  0.8235  1.0000  1.0000
5.0219  4.3637   0.0588  0.3529  0.8235  1.0000  1.0000
4.6283  5.18   0.0000  0.0789  0.4474  0.7632  1.0000
3.9219  6.1359   0.0000  0.0789  0.4474  0.7632  1.0000
3.4033  6.9335   0.0000  0.0789  0.4474  0.7632  1.0000
3.5916  7.3136   0.0000  0.0000  0.0714  0.2857  0.8929
4.7069  7.1337   0.0000  0.0000  0.0714  0.2857  0.8929
6.4997  6.4069   0.0000  0.0789  0.4474  0.7632  1.0000
8.3394  5.2907   0.0000  0.0789  0.4474  0.7632  1.0000
9.5245  4.0295   0.0588  0.3529  0.8235  1.0000  1.0000
9.6472  2.8751   0.1538  0.5769  0.9615  1.0000  1.0000
8.8066  2.0104   0.1538  0.5769  0.9615  1.0000  1.0000
7.5468  1.5042   0.1538  0.5769  0.9615  1.0000  1.0000
6.5491  1.3096   0.1538  0.5769  0.9615  1.0000  1.0000
6.2515  1.3035   0.1538  0.5769  0.9615  1.0000  1.0000
6.611  1.3488   0.1538  0.5769  0.9615  1.0000  1.0000
2.7224  13.63   0.0000  0.0000  0.0000  0.0000  0.4000
4.0106  14.4928   0.0000  0.0000  0.0000  0.0000  0.4000
4.3476  14.7594   0.0000  0.0000  0.0000  0.0000  0.4000
3.4198  14.3403   0.0000  0.0000  0.0000  0.0000  0.4000
1.5206  13.258   0.0000  0.0000  0.0000  0.0000  0.4000
-0.5327  11.6642   0.0000  0.0000  0.0000  0.0000  0.4000
-1.7666  9.829   0.0000  0.0000  0.0714  0.2857  0.8929
-1.5221  8.1009   0.0000  0.0000  0.0714  0.2857  0.8929
0.2134  6.8392   0.0000  0.0789  0.4474  0.7632  1.0000
2.7904  6.3334   0.0000  0.0789  0.4474  0.7632  1.0000
5.2125  6.7283   0.0000  0.0789  0.4474  0.7632  1.0000
6.6223  7.9772   0.0000  0.0000  0.0714  0.2857  0.8929
6.7067  9.8379   0.0000  0.0000  0.0714  0.2857  0.8929
5.8134  11.9184   0.0000  0.0000  0.0000  0.0000  0.4000
4.7243  13.7613   0.0000  0.0000  0.0000  0.0000  0.4000
4.2127  14.9503   0.0000  0.0000  0.0000  0.0000  0.4000
4.6269  15.2078   0.0000  0.0000  0.0000  0.0000  0.4000
5.7195  14.46   0.0000  0.0000  0.0000  0.0000  0.4000
6.8091  12.8525   0.0000  0.0000  0.0000  0.0000  0.4000
7.1757  10.7103   0.0000  0.0000  0.0000  0.0000  0.4000
6.4704  8.456   0.0000  0.0000  0.0714  0.2857  0.8929
4.9157  6.5067   0.0000  0.0789  0.4474  0.7632  1.0000
3.1908  5.1773   0.0000  0.0789  0.4474  0.7632  1.0000
2.0746  4.6154   0.0588  0.3529  0.8235  1.0000  1.0000
2.0427  4.781   0.0588  0.3529  0.8235  1.0000  1.0000
3.0393  5.4752   0.0000  0.0789  0.4474  0.7632  1.0000
4.5362  6.4065   0.0000  0.0789  0.4474  0.7632  1.0000
5.835  7.2744   0.0000  0.0000  0.0714  0.2857  0.8929
6.4319  7.8471   0.0000  0.0000  0.0714  0.2857  0.8929
6.2456  8.0135   0.0000  0.0000  0.0714  0.2857  0.8929
5.5914  7.7976   0.0000  0.0000  0.0714  0.2857  0.8929
4.9378  7.333   0.0000  0.0000  0.0714  0.2857  0.8929
4.6042  6.8099   0.0000  0.0789  0.4474  0.7632  1.0000
4.5853  6.41   0.0000  0.0789  0.4474  0.7632  1.0000
4.6029  6.2512   0.0000  0.0789  0.4474  0.7632  1.0000
4.3452  6.3569   0.0000  0.0789  0.4474  0.7632  1.0000
3.7353  6.6582   0.0000  0.0789  0.4474  0.7632  1.0000
3.0508  7.0258   0.0000  0.0000  0.0714  0.2857  0.8929
2.8057  7.32   0.0000  0.0000  0.0714  0.2857  0.8929
3.4489  7.4387   0.0000  0.0000  0.0714  0.2857  0.8929
5.0544  7.3484   0.0000  0.0000  0.0714  0.2857  0.8929
7.1948  7.0857   0.0000  0.0000  0.0714  0.2857  0.8929
9.0923  6.7319   0.0000  0.0789  0.4474  0.7632  1.0000
9.9874  6.3692   0.0000  0.0789  0.4474  0.7632  1.0000
9.5299  6.0391   0.0000  0.0789  0.4474  0.7632  1.0000
7.9765  5.7189   0.0000  0.0789  0.4474  0.7632  1.0000
6.076  5.3299   0.0000  0.0789  0.4474  0.7632  1.0000
4.6928  4.7751   0.0588  0.3529  0.8235  1.0000  1.0000
4.3665  3.9932   0.0588  0.3529  0.8235  1.0000  1.0000
5.0492  3.0077   0.0588  0.3529  0.8235  1.0000  1.0000
2.0774  14.5213   0.0000  0.0000  0.0000  0.0000  0.4000
2.6116  15.2719   0.0000  0.0000  0.0000  0.0000  0.4000
2.5109  15.27   0.0000  0.0000  0.0000  0.0000  0.4000
1.544  14.5309   0.0000  0.0000  0.0000  0.0000  0.4000
-0.0394  13.2035   0.0000  0.0000  0.0000  0.0000  0.4000
-1.5695  11.5452   0.0000  0.0000  0.0000  0.0000  0.4000
-2.2631  9.8757   0.0000  0.0000  0.0714  0.2857  0.8929
-1.6217  8.5196   0.0000  0.0000  0.0714  0.2857  0.8929
0.2906  7.7436   0.0000  0.0000  0.0714  0.2857  0.8929
2.846  7.7025   0.0000  0.0000  0.0714  0.2857  0.8929
5.1407  8.4047   0.0000  0.0000  0.0714  0.2857  0.8929
6.4263  9.7049   0.0000  0.0000  0.0714  0.2857  0.8929
6.462  11.331   0.0000  0.0000  0.0000  0.0000  0.4000
5.6028  12.9387   0.0000  0.0000  0.0000  0.0000  0.4000
4.5813  14.1855   0.0000  0.0000  0.0000  0.0000  0.4000
4.1045  14.8051   0.0000  0.0000  0.0000  0.0000  0.4000
4.4845  14.6649   0.0000  0.0000  0.0000  0.0000  0.4000
5.4992  13.7919   0.0000  0.0000  0.0000  0.0000  0.4000
6.551  12.3605   0.0000  0.0000  0.0000  0.0000  0.4000
7.0279  10.6457   0.0000  0.0000  0.0000  0.0000  0.4000
6.6608  8.9559   0.0000  0.0000  0.0714  0.2857  0.8929
5.6796  7.5624   0.0000  0.0000  0.0714  0.2857  0.8929
4.6846  6.6446   0.0000  0.0789  0.4474  0.7632  1.0000
4.3104  6.2631   0.0000  0.0789  0.4474  0.7632  1.0000
4.8735  6.365   0.0000  0.0789  0.4474  0.7632  1.0000
6.1982  6.8143   0.0000  0.0789  0.4474  0.7632  1.0000
7.7132  7.4384   0.0000  0.0000  0.0714  0.2857  0.8929
8.7584  8.0728   0.0000  0.0000  0.0714  0.2857  0.8929
8.9239  8.5947   0.0000  0.0000  0.0714  0.2857  0.8929
8.2346  8.9374   0.0000  0.0000  0.0714  0.2857  0.8929
7.0873  9.0862   0.0000  0.0000  0.0714  0.2857  0.8929
5.9903  9.0617   0.0000  0.0000  0.0714  0.2857  0.8929
5.2698  8.8996   0.0000  0.0000  0.0714  0.2857  0.8929
4.9184  8.6345   0.0000  0.0000  0.0714  0.2857  0.8929
4.6697  8.2933   0.0000  0.0000  0.0714  0.2857  0.8929
4.2432  7.8995   0.0000  0.0000  0.0714  0.2857  0.8929
3.5963  7.4827   0.0000  0.0000  0.0714  0.2857  0.8929
3.0154  7.0886   0.0000  0.0000  0.0714  0.2857  0.8929
2.9706  6.7808   0.0000  0.0789  0.4474  0.7632  1.0000
3.8109  6.6311   0.0000  0.0789  0.4474  0.7632  1.0000
5.4795  6.6989   0.0000  0.0789  0.4474  0.7632  1.0000
7.4348  7.0037   0.0000  0.0000  0.0714  0.2857  0.8929
8.8532  7.5009   0.0000  0.0000  0.0714  0.2857  0.8929
9.0285  8.072   0.0000  0.0000  0.0714  0.2857  0.8929
7.7582  8.5365   0.0000  0.0000  0.0714  0.2857  0.8929
5.4988  8.6886   0.0000  0.0000  0.0714  0.2857  0.8929
3.1857  8.3528   0.0000  0.0000  0.0714  0.2857  0.8929
1.7945  7.4442   0.0000  0.0000  0.0714  0.2857  0.8929
1.8652  6.0143   0.0000  0.0789  0.4474  0.7632  1.0000
3.2429  4.2653   0.0588  0.3529  0.8235  1.0000  1.0000
1.6487  13.2207   0.0000  0.0000  0.0000  0.0000  0.4000
1.7337  13.4442   0.0000  0.0000  0.0000  0.0000  0.4000
1.5554  13.0522   0.0000  0.0000  0.0000  0.0000  0.4000
0.8794  12.2087   0.0000  0.0000  0.0000  0.0000  0.4000
-0.1675  11.1542   0.0000  0.0000  0.0000  0.0000  0.4000
-1.1123  10.1438   0.0000  0.0000  0.0000  0.0000  0.4000
-1.369  9.3901   0.0000  0.0000  0.0714  0.2857  0.8929
-0.5659  9.0253   0.0000  0.0000  0.0714  0.2857  0.8929
1.2144  9.0866   0.0000  0.0000  0.0714  0.2857  0.8929
3.4273  9.5225   0.0000  0.0000  0.0714  0.2857  0.8929
5.3064  10.2153   0.0000  0.0000  0.0000  0.0000  0.4000
6.2321  11.0107   0.0000  0.0000  0.0000  0.0000  0.4000
6.032  11.7487   0.0000  0.0000  0.0000  0.0000  0.4000
5.0533  12.2912   0.0000  0.0000  0.0000  0.0000  0.4000
3.9674  12.542   0.0000  0.0000  0.0000  0.0000  0.4000
3.4144  12.4585   0.0000  0.0000  0.0000  0.0000  0.4000
3.6808  12.0538   0.0000  0.0000  0.0000  0.0000  0.4000
4.5828  11.3886   0.0000  0.0000  0.0000  0.0000  0.4000
5.6122  10.556   0.0000  0.0000  0.0000  0.0000  0.4000
6.2537  9.6618   0.0000  0.0000  0.0714  0.2857  0.8929
6.2908  8.8053   0.0000  0.0000  0.0714  0.2857  0.8929
5.9268  8.0655   0.0000  0.0000  0.0714  0.2857  0.8929
5.654  7.4952   0.0000  0.0000  0.0714  0.2857  0.8929
5.9521  7.1231   0.0000  0.0000  0.0714  0.2857  0.8929
6.9899  6.9607   0.0000  0.0789  0.4474  0.7632  1.0000
8.5024  7.0096   0.0000  0.0000  0.0714  0.2857  0.8929
9.915  7.2636   0.0000  0.0000  0.0714  0.2857  0.8929
10.6424  7.7041   0.0000  0.0000  0.0714  0.2857  0.8929
10.393  8.291   0.0000  0.0000  0.0714  0.2857  0.8929
9.3082  8.9539   0.0000  0.0000  0.0714  0.2857  0.8929
7.863  9.5901   0.0000  0.0000  0.0714  0.2857  0.8929
6.594  10.0744   0.0000  0.0000  0.0000  0.0000  0.4000
5.8154  10.283   0.0000  0.0000  0.0000  0.0000  0.4000
5.4911  10.1256   0.0000  0.0000  0.0000  0.0000  0.4000
5.3288  9.5775   0.0000  0.0000  0.0714  0.2857  0.8929
5.0297  8.7003   0.0000  0.0000  0.0714  0.2857  0.8929
4.5306  7.6427   0.0000  0.0000  0.0714  0.2857  0.8929
4.0776  6.6157   0.0000  0.0789  0.4474  0.7632  1.0000
4.0733  5.8479   0.0000  0.0789  0.4474  0.7632  1.0000
4.7828  5.5277   0.0000  0.0789  0.4474  0.7632  1.0000
6.0793  5.7498   0.0000  0.0789  0.4474  0.7632  1.0000
7.4029  6.48   0.0000  0.0789  0.4474  0.7632  1.0000
7.9909  7.55   0.0000  0.0000  0.0714  0.2857  0.8929
7.2769  8.6868   0.0000  0.0000  0.0714  0.2857  0.8929
5.2443  9.572   0.0000  0.0000  0.0714  0.2857  0.8929
2.5255  9.919   0.0000  0.0000  0.0714  0.2857  0.8929
0.163  9.5488   0.0000  0.0000  0.0714  0.2857  0.8929
-0.8676  8.445   0.0000  0.0000  0.0714  0.2857  0.8929
-0.1351  6.7715   0.0000  0.0789  0.4474  0.7632  1.0000
2.0236  4.8458   0.0588  0.3529  0.8235  1.0000  1.0000
1.3543  9.9077   0.0000  0.0000  0.0714  0.2857  0.8929
1.3978  9.3698   0.0000  0.0000  0.0714  0.2857  0.8929
1.5242  8.6221   0.0000  0.0000  0.0714  0.2857  0.8929
1.4232  7.9572   0.0000  0.0000  0.0714  0.2857  0.8929
1.0515  7.6283   0.0000  0.0000  0.0714  0.2857  0.8929
0.6772  7.7714   0.0000  0.0000  0.0714  0.2857  0.8929
0.7194  8.3689   0.0000  0.0000  0.0714  0.2857  0.8929
1.4776  9.2626   0.0000  0.0000  0.0714  0.2857  0.8929
2.9096  10.2114   0.0000  0.0000  0.0000  0.0000  0.4000
4.5967  10.9685   0.0000  0.0000  0.0000  0.0000  0.4000
5.9259  11.3547   0.0000  0.0000  0.0000  0.0000  0.4000
6.3963  11.3042   0.0000  0.0000  0.0000  0.0000  0.4000
5.881  10.8715   0.0000  0.0000  0.0000  0.0000  0.4000
4.6982  10.2018   0.0000  0.0000  0.0000  0.0000  0.4000
3.4508  9.4779   0.0000  0.0000  0.0714  0.2857  0.8929
2.7203  8.8623   0.0000  0.0000  0.0714  0.2857  0.8929
2.7844  8.4517   0.0000  0.0000  0.0714  0.2857  0.8929
3.5103  8.2578   0.0000  0.0000  0.0714  0.2857  0.8929
4.4759  8.2149   0.0000  0.0000  0.0714  0.2857  0.8929
5.2411  8.211   0.0000  0.0000  0.0714  0.2857  0.8929
5.609  8.1302   0.0000  0.0000  0.0714  0.2857  0.8929
5.7255  7.8941   0.0000  0.0000  0.0714  0.2857  0.8929
5.9626  7.4902   0.0000  0.0000  0.0714  0.2857  0.8929
6.6594  6.9807   0.0000  0.0789  0.4474  0.7632  1.0000
7.8765  6.4878   0.0000  0.0789  0.4474  0.7632  1.0000
9.3144  6.1614   0.0000  0.0789  0.4474  0.7632  1.0000
10.448  6.1358   0.0000  0.0789  0.4474  0.7632  1.0000
10.8041  6.4863   0.0000  0.0789  0.4474  0.7632  1.0000
10.2227  7.1991   0.0000  0.0000  0.0714  0.2857  0.8929
8.9514  8.1618   0.0000  0.0000  0.0714  0.2857  0.8929
7.5167  9.1807   0.0000  0.0000  0.0714  0.2857  0.8929
6.4472  10.0221   0.0000  0.0000  0.0000  0.0000  0.4000
6.0061  10.4696   0.0000  0.0000  0.0000  0.0000  0.4000
6.088  10.3819   0.0000  0.0000  0.0000  0.0000  0.4000
6.333  9.7364   0.0000  0.0000  0.0714  0.2857  0.8929
6.3835  8.6449   0.0000  0.0000  0.0714  0.2857  0.8929
6.1228  7.3336   0.0000  0.0000  0.0714  0.2857  0.8929
5.7433  6.092   0.0000  0.0789  0.4474  0.7632  1.0000
5.597  5.2014   0.0000  0.0789  0.4474  0.7632  1.0000
5.9175  4.8618   0.0588  0.3529  0.8235  1.0000  1.0000
6.5894  5.1379   0.0000  0.0789  0.4474  0.7632  1.0000
7.1258  5.9384   0.0000  0.0789  0.4474  0.7632  1.0000
6.8979  7.0355   0.0000  0.0000  0.0714  0.2857  0.8929
5.5078  8.1211   0.0000  0.0000  0.0714  0.2857  0.8929
3.0944  8.8846   0.0000  0.0000  0.0714  0.2857  0.8929
0.3802  9.0927   0.0000  0.0000  0.0714  0.2857  0.8929
-1.6036  8.6499   0.0000  0.0000  0.0714  0.2857  0.8929
-1.9975  7.6245   0.0000  0.0000  0.0714  0.2857  0.8929
-0.5578  6.2325   0.0000  0.0789  0.4474  0.7632  1.0000
2.1782  4.7837   0.0588  0.3529  0.8235  1.0000  1.0000
1.2219  5.5128   0.0000  0.0789  0.4474  0.7632  1.0000
1.5424  4.2903   0.0588  0.3529  0.8235  1.0000  1.0000
2.2079  3.3815   0.0588  0.3529  0.8235  1.0000  1.0000
2.7922  3.1315   0.0588  0.3529  0.8235  1.0000  1.0000
3.0765  3.7198   0.0588  0.3529  0.8235  1.0000  1.0000
3.1534  5.094   0.0000  0.0789  0.4474  0.7632  1.0000
3.3288  6.9739   0.0000  0.0789  0.4474  0.7632  1.0000
3.888  8.9271   0.0000  0.0000  0.0714  0.2857  0.8929
4.8717  10.4924   0.0000  0.0000  0.0000  0.0000  0.4000
6.0017  11.3116   0.0000  0.0000  0.0000  0.0000  0.4000
6.8047  11.2284   0.0000  0.0000  0.0000  0.0000  0.4000
6.8678  10.3248   0.0000  0.0000  0.0000  0.0000  0.4000
6.078  8.8868   0.0000  0.0000  0.0714  0.2857  0.8929
4.7076  7.3117   0.0000  0.0000  0.0714  0.2857  0.8929
3.2928  5.9904   0.0000  0.0789  0.4474  0.7632  1.0000
2.3716  5.1991   0.0000  0.0789  0.4474  0.7632  1.0000
2.228  5.0342   0.0000  0.0789  0.4474  0.7632  1.0000
2.7813  5.4034   0.0000  0.0789  0.4474  0.7632  1.0000
3.6757  6.0735   0.0000  0.0789  0.4474  0.7632  1.0000
4.5109  6.753   0.0000  0.0789  0.4474  0.7632  1.0000
5.0726  7.1841   0.0000  0.0000  0.0714  0.2857  0.8929
5.4293  7.2168   0.0000  0.0000  0.0714  0.2857  0.8929
5.8431  6.8443   0.0000  0.0789  0.4474  0.7632  1.0000
6.555  6.1953   0.0000  0.0789  0.4474  0.7632  1.0000
7.5829  5.4878   0.0000  0.0789  0.4474  0.7632  1.0000
8.6611  4.9615   0.0588  0.3529  0.8235  1.0000  1.0000
9.3653  4.8076   0.0588  0.3529  0.8235  1.0000  1.0000
9.3549  5.1154   0.0000  0.0789  0.4474  0.7632  1.0000
8.5882  5.8489   0.0000  0.0789  0.4474  0.7632  1.0000
7.3796  6.8566   0.0000  0.0789  0.4474  0.7632  1.0000
6.2555  7.9115   0.0000  0.0000  0.0714  0.2857  0.8929
5.6853  8.77   0.0000  0.0000  0.0714  0.2857  0.8929
5.8402  9.2333   0.0000  0.0000  0.0714  0.2857  0.8929
6.5159  9.1981   0.0000  0.0000  0.0714  0.2857  0.8929
7.2672  8.681   0.0000  0.0000  0.0714  0.2857  0.8929
7.6711  7.8128   0.0000  0.0000  0.0714  0.2857  0.8929
7.5642  6.8034   0.0000  0.0789  0.4474  0.7632  1.0000
7.1107  5.8862   0.0000  0.0789  0.4474  0.7632  1.0000
6.659  5.2577   0.0000  0.0789  0.4474  0.7632  1.0000
6.476  5.027   0.0000  0.0789  0.4474  0.7632  1.0000
6.5276  5.1911   0.0000  0.0789  0.4474  0.7632  1.0000
6.4536  5.6401   0.0000  0.0789  0.4474  0.7632  1.0000
5.7759  6.1925   0.0000  0.0789  0.4474  0.7632  1.0000
4.2291  6.6484   0.0000  0.0789  0.4474  0.7632  1.0000
2.0212  6.847   0.0000  0.0789  0.4474  0.7632  1.0000
-0.1533  6.7104   0.0000  0.0789  0.4474  0.7632  1.0000
-1.3916  6.2626   0.0000  0.0789  0.4474  0.7632  1.0000
-1.0321  5.6179   0.0000  0.0789  0.4474  0.7632  1.0000
0.9611  4.9449   0.0588  0.3529  0.8235  1.0000  1.0000
3.8966  4.4149   0.0588  0.3529  0.8235  1.0000  1.0000
1.5019  1.3601   0.1538  0.5769  0.9615  1.0000  1.0000
2.2352  -0.1597   0.5556  0.7778  1.0000  1.0000  1.0000
3.4602  -0.9399   0.5556  0.7778  1.0000  1.0000  1.0000
4.6319  -0.68   0.5556  0.7778  1.0000  1.0000  1.0000
5.3855  0.6749   0.5556  0.7778  1.0000  1.0000  1.0000
5.6914  2.8969   0.1538  0.5769  0.9615  1.0000  1.0000
5.8024  5.5212   0.0000  0.0789  0.4474  0.7632  1.0000
6.0369  7.9647   0.0000  0.0000  0.0714  0.2857  0.8929
6.539  9.6832   0.0000  0.0000  0.0714  0.2857  0.8929
7.1608  10.3209   0.0000  0.0000  0.0000  0.0000  0.4000
7.5368  9.8042   0.0000  0.0000  0.0714  0.2857  0.8929
7.3047  8.3534   0.0000  0.0000  0.0714  0.2857  0.8929
6.3397  6.4097   0.0000  0.0789  0.4474  0.7632  1.0000
4.862  4.5013   0.0588  0.3529  0.8235  1.0000  1.0000
3.352  3.0931   0.0588  0.3529  0.8235  1.0000  1.0000
2.3207  2.4647   0.1538  0.5769  0.9615  1.0000  1.0000
2.0634  2.6518   0.1538  0.5769  0.9615  1.0000  1.0000
2.5353  3.4635   0.0588  0.3529  0.8235  1.0000  1.0000
3.4108  4.5631   0.0588  0.3529  0.8235  1.0000  1.0000
4.2859  5.583   0.0000  0.0789  0.4474  0.7632  1.0000
4.8984  6.235   0.0000  0.0789  0.4474  0.7632  1.0000
5.239  6.3837   0.0000  0.0789  0.4474  0.7632  1.0000
5.4963  6.0658   0.0000  0.0789  0.4474  0.7632  1.0000
5.8802  5.4554   0.0000  0.0789  0.4474  0.7632  1.0000
6.4422  4.7938   0.0588  0.3529  0.8235  1.0000  1.0000
7.0119  4.3088   0.0588  0.3529  0.8235  1.0000  1.0000
7.2929  4.1492   0.0588  0.3529  0.8235  1.0000  1.0000
7.0616  4.352   0.0588  0.3529  0.8235  1.0000  1.0000
6.3439  4.8467   0.0588  0.3529  0.8235  1.0000  1.0000
5.4524  5.4906   0.0000  0.0789  0.4474  0.7632  1.0000
4.8475  6.1195   0.0000  0.0789  0.4474  0.7632  1.0000
4.8935  6.5967   0.0000  0.0789  0.4474  0.7632  1.0000
5.6494  6.8468   0.0000  0.0789  0.4474  0.7632  1.0000
6.818  6.8664   0.0000  0.0789  0.4474  0.7632  1.0000
7.8922  6.712   0.0000  0.0789  0.4474  0.7632  1.0000
8.4189  6.4721   0.0000  0.0789  0.4474  0.7632  1.0000
8.23  6.2333   0.0000  0.0789  0.4474  0.7632  1.0000
7.5089  6.0515   0.0000  0.0789  0.4474  0.7632  1.0000
6.6509  5.9371   0.0000  0.0789  0.4474  0.7632  1.0000
6.0037  5.8557   0.0000  0.0789  0.4474  0.7632  1.0000
5.6466  5.7459   0.0000  0.0789  0.4474  0.7632  1.0000
5.3491  5.5457   0.0000  0.0789  0.4474  0.7632  1.0000
4.7453  5.2207   0.0000  0.0789  0.4474  0.7632  1.0000
3.6241  4.7828   0.0588  0.3529  0.8235  1.0000  1.0000
2.1564  4.2947   0.0588  0.3529  0.8235  1.0000  1.0000
0.9027  3.8562   0.0588  0.3529  0.8235  1.0000  1.0000
0.5616  3.5758   0.0588  0.3529  0.8235  1.0000  1.0000
1.5774  3.5358   0.0588  0.3529  0.8235  1.0000  1.0000
3.8228  3.7614   0.0588  0.3529  0.8235  1.0000  1.0000
6.5497  4.204   0.0588  0.3529  0.8235  1.0000  1.0000
2.4338  -1.3465   0.5556  0.7778  1.0000  1.0000  1.0000
3.566  -2.6136   0.5556  0.7778  1.0000  1.0000  1.0000
5.2195  -2.9969   0.5556  0.7778  1.0000  1.0000  1.0000
6.7543  -2.3138   0.5556  0.7778  1.0000  1.0000  1.0000
7.7065  -0.623   0.5556  0.7778  1.0000  1.0000  1.0000
7.9836  1.7685   0.1538  0.5769  0.9615  1.0000  1.0000
7.8375  4.3688   0.0588  0.3529  0.8235  1.0000  1.0000
7.6501  6.6224   0.0000  0.0789  0.4474  0.7632  1.0000
7.6692  8.0557   0.0000  0.0000  0.0714  0.2857  0.8929
7.8517  8.4041   0.0000  0.0000  0.0714  0.2857  0.8929
7.9023  7.6808   0.0000  0.0000  0.0714  0.2857  0.8929
7.4777  6.1653   0.0000  0.0789  0.4474  0.7632  1.0000
6.4267  4.3166   0.0588  0.3529  0.8235  1.0000  1.0000
4.9229  2.6373   0.1538  0.5769  0.9615  1.0000  1.0000
3.4072  1.5334   0.1538  0.5769  0.9615  1.0000  1.0000
2.3743  1.2116   0.1538  0.5769  0.9615  1.0000  1.0000
2.1242  1.6442   0.1538  0.5769  0.9615  1.0000  1.0000
2.6191  2.606   0.1538  0.5769  0.9615  1.0000  1.0000
3.5221  3.7665   0.0588  0.3529  0.8235  1.0000  1.0000
4.3894  4.8019   0.0588  0.3529  0.8235  1.0000  1.0000
4.8999  5.4889   0.0000  0.0789  0.4474  0.7632  1.0000
4.9929  5.7531   0.0000  0.0789  0.4474  0.7632  1.0000
4.8439  5.6608   0.0000  0.0789  0.4474  0.7632  1.0000
4.708  5.3663   0.0000  0.0789  0.4474  0.7632  1.0000
4.7371  5.039   0.0000  0.0789  0.4474  0.7632  1.0000
4.8877  4.7988   0.0588  0.3529  0.8235  1.0000  1.0000
4.9753  4.6833   0.0588  0.3529  0.8235  1.0000  1.0000
4.8337  4.6531   0.0588  0.3529  0.8235  1.0000  1.0000
4.4719  4.6302   0.0588  0.3529  0.8235  1.0000  1.0000
4.1173  4.5472   0.0588  0.3529  0.8235  1.0000  1.0000
4.1065  4.3884   0.0588  0.3529  0.8235  1.0000  1.0000
4.6805  4.2041   0.0588  0.3529  0.8235  1.0000  1.0000
5.8069  4.0931   0.0588  0.3529  0.8235  1.0000  1.0000
7.1452  4.1621   0.0588  0.3529  0.8235  1.0000  1.0000
8.1892  4.4765   0.0588  0.3529  0.8235  1.0000  1.0000
8.516  5.0233   0.0000  0.0789  0.4474  0.7632  1.0000
8.0048  5.6997   0.0000  0.0789  0.4474  0.7632  1.0000
6.8962  6.3341   0.0000  0.0789  0.4474  0.7632  1.0000
5.6562  6.7323   0.0000  0.0789  0.4474  0.7632  1.0000
4.7201  6.7359   0.0000  0.0789  0.4474  0.7632  1.0000
4.2661  6.2746   0.0000  0.0789  0.4474  0.7632  1.0000
4.1528  5.395   0.0000  0.0789  0.4474  0.7632  1.0000
4.0593  4.2574   0.0588  0.3529  0.8235  1.0000  1.0000
3.7446  3.101   0.0588  0.3529  0.8235  1.0000  1.0000
3.2606  2.1843   0.1538  0.5769  0.9615  1.0000  1.0000
2.9767  1.7181   0.1538  0.5769  0.9615  1.0000  1.0000
3.3774  1.8089   0.1538  0.5769  0.9615  1.0000  1.0000
4.7355  2.4264   0.1538  0.5769  0.9615  1.0000  1.0000
6.8532  3.4061   0.0588  0.3529  0.8235  1.0000  1.0000
9.0406  4.4851   0.0588  0.3529  0.8235  1.0000  1.0000
3.8871  -1.9574   0.5556  0.7778  1.0000  1.0000  1.0000
5.343  -2.4952   0.5556  0.7778  1.0000  1.0000  1.0000
7.2592  -2.3573   0.5556  0.7778  1.0000  1.0000  1.0000
8.9337  -1.4948   0.5556  0.7778  1.0000  1.0000  1.0000
9.853  -0.0077   0.5556  0.7778  1.0000  1.0000  1.0000
9.912  1.8589   0.1538  0.5769  0.9615  1.0000  1.0000
9.3994  3.7585   0.0588  0.3529  0.8235  1.0000  1.0000
8.7729  5.3222   0.0000  0.0789  0.4474  0.7632  1.0000
8.3688  6.2515   0.0000  0.0789  0.4474  0.7632  1.0000
8.2154  6.3989   0.0000  0.0789  0.4474  0.7632  1.0000
8.0512  5.8083   0.0000  0.0789  0.4474  0.7632  1.0000
7.5267  4.7017   0.0588  0.3529  0.8235  1.0000  1.0000
6.4593  3.4137   0.0588  0.3529  0.8235  1.0000  1.0000
4.9864  2.2949   0.1538  0.5769  0.9615  1.0000  1.0000
3.5241  1.615   0.1538  0.5769  0.9615  1.0000  1.0000
2.5557  1.4969   0.1538  0.5769  0.9615  1.0000  1.0000
2.3718  1.9015   0.1538  0.5769  0.9615  1.0000  1.0000
2.9123  2.664   0.1538  0.5769  0.9615  1.0000  1.0000
3.7982  3.5652   0.0588  0.3529  0.8235  1.0000  1.0000
4.532  4.4095   0.0588  0.3529  0.8235  1.0000  1.0000
4.7512  5.0799   0.0000  0.0789  0.4474  0.7632  1.0000
4.3948  5.5535   0.0000  0.0789  0.4474  0.7632  1.0000
3.6967  5.8762   0.0000  0.0789  0.4474  0.7632  1.0000
3.0241  6.1109   0.0000  0.0789  0.4474  0.7632  1.0000
2.6648  6.2873   0.0000  0.0789  0.4474  0.7632  1.0000
2.6901  6.374   0.0000  0.0789  0.4474  0.7632  1.0000
2.9659  6.2879   0.0000  0.0789  0.4474  0.7632  1.0000
3.2901  5.9371   0.0000  0.0789  0.4474  0.7632  1.0000
3.5582  5.278   0.0000  0.0789  0.4474  0.7632  1.0000
3.8426  4.362   0.0588  0.3529  0.8235  1.0000  1.0000
4.3331  3.3485   0.0588  0.3529  0.8235  1.0000  1.0000
5.1747  2.4746   0.1538  0.5769  0.9615  1.0000  1.0000
6.3102  1.9877   0.1538  0.5769  0.9615  1.0000  1.0000
7.4389  2.0633   0.1538  0.5769  0.9615  1.0000  1.0000
8.133  2.7367   0.1538  0.5769  0.9615  1.0000  1.0000
8.0557  3.8744   0.0588  0.3529  0.8235  1.0000  1.0000
7.1593  5.1978   0.0000  0.0789  0.4474  0.7632  1.0000
5.7409  6.3552   0.0000  0.0789  0.4474  0.7632  1.0000
4.3148  7.0206   0.0000  0.0000  0.0714  0.2857  0.8929
3.3662  6.9894   0.0000  0.0789  0.4474  0.7632  1.0000
3.1223  6.2411   0.0000  0.0789  0.4474  0.7632  1.0000
3.4717  4.9495   0.0588  0.3529  0.8235  1.0000  1.0000
4.0781  3.4377   0.0588  0.3529  0.8235  1.0000  1.0000
4.6171  2.0893   0.1538  0.5769  0.9615  1.0000  1.0000
4.9911  1.2435   0.1538  0.5769  0.9615  1.0000  1.0000
5.3854  1.1031   0.1538  0.5769  0.9615  1.0000  1.0000
6.1204  1.6795   0.1538  0.5769  0.9615  1.0000  1.0000
7.3859  2.7916   0.1538  0.5769  0.9615  1.0000  1.0000
9.0193  4.1141   0.0588  0.3529  0.8235  1.0000  1.0000
10.4834  5.2635   0.0000  0.0789  0.4474  0.7632  1.0000
5.2813  -0.5578   0.5556  0.7778  1.0000  1.0000  1.0000
6.9705  -0.1769   0.5556  0.7778  1.0000  1.0000  1.0000
9.0137  0.3931   0.5556  0.7778  1.0000  1.0000  1.0000
10.6785  1.115   0.1538  0.5769  0.9615  1.0000  1.0000
11.443  1.9494   0.1538  0.5769  0.9615  1.0000  1.0000
11.2289  2.8404   0.1538  0.5769  0.9615  1.0000  1.0000
10.3836  3.7056   0.0588  0.3529  0.8235  1.0000  1.0000
9.4373  4.4401   0.0588  0.3529  0.8235  1.0000  1.0000
8.7882  4.9391   0.0588  0.3529  0.8235  1.0000  1.0000
8.4961  5.1293   0.0000  0.0789  0.4474  0.7632  1.0000
8.2961  4.9978   0.0588  0.3529  0.8235  1.0000  1.0000
7.8097  4.6041   0.0588  0.3529  0.8235  1.0000  1.0000
6.8189  4.0679   0.0588  0.3529  0.8235  1.0000  1.0000
5.4342  3.5367   0.0588  0.3529  0.8235  1.0000  1.0000
4.0575  3.1442   0.0588  0.3529  0.8235  1.0000  1.0000
3.1615  2.9765   0.1538  0.5769  0.9615  1.0000  1.0000
3.0163  3.0581   0.0588  0.3529  0.8235  1.0000  1.0000
3.5222  3.3611   0.0588  0.3529  0.8235  1.0000  1.0000
4.2488  3.832   0.0588  0.3529  0.8235  1.0000  1.0000
4.6578  4.4194   0.0588  0.3529  0.8235  1.0000  1.0000
4.3864  5.0911   0.0000  0.0789  0.4474  0.7632  1.0000
3.4341  5.8291   0.0000  0.0789  0.4474  0.7632  1.0000
2.1546  6.6079   0.0000  0.0789  0.4474  0.7632  1.0000
1.0646  7.3663   0.0000  0.0000  0.0714  0.2857  0.8929
0.5815  7.9927   0.0000  0.0000  0.0714  0.2857  0.8929
0.8359  8.3352   0.0000  0.0000  0.0714  0.2857  0.8929
1.6537  8.2412   0.0000  0.0000  0.0714  0.2857  0.8929
2.6982  7.6155   0.0000  0.0000  0.0714  0.2857  0.8929
3.6765  6.4749   0.0000  0.0789  0.4474  0.7632  1.0000
4.48  4.9755   0.0588  0.3529  0.8235  1.0000  1.0000
5.1821  3.3962   0.0588  0.3529  0.8235  1.0000  1.0000
5.9083  2.0762   0.1538  0.5769  0.9615  1.0000  1.0000
6.6752  1.3219   0.1538  0.5769  0.9615  1.0000  1.0000
7.3128  1.3119   0.1538  0.5769  0.9615  1.0000  1.0000
7.5311  2.0341   0.1538  0.5769  0.9615  1.0000  1.0000
7.0968  3.2763   0.0588  0.3529  0.8235  1.0000  1.0000
6.0123  4.6799   0.0588  0.3529  0.8235  1.0000  1.0000
4.5799  5.8408   0.0000  0.0789  0.4474  0.7632  1.0000
3.298  6.428   0.0000  0.0789  0.4474  0.7632  1.0000
2.6366  6.2825   0.0000  0.0789  0.4474  0.7632  1.0000
2.815  5.4638   0.0000  0.0789  0.4474  0.7632  1.0000
3.7085  4.2314   0.0588  0.3529  0.8235  1.0000  1.0000
4.9381  2.9646   0.1538  0.5769  0.9615  1.0000  1.0000
6.0922  2.0471   0.1538  0.5769  0.9615  1.0000  1.0000
6.9481  1.752   0.1538  0.5769  0.9615  1.0000  1.0000
7.5614  2.1616   0.1538  0.5769  0.9615  1.0000  1.0000
8.1698  3.1453   0.0588  0.3529  0.8235  1.0000  1.0000
8.9708  4.4001   0.0588  0.3529  0.8235  1.0000  1.0000
9.9173  5.5394   0.0000  0.0789  0.4474  0.7632  1.0000
10.6699  6.2023   0.0000  0.0789  0.4474  0.7632  1.0000
5.9388  2.145   0.1538  0.5769  0.9615  1.0000  1.0000
7.7342  3.2634   0.0588  0.3529  0.8235  1.0000  1.0000
9.7762  3.9892   0.0588  0.3529  0.8235  1.0000  1.0000
11.3306  4.2844   0.0588  0.3529  0.8235  1.0000  1.0000
11.9035  4.2553   0.0588  0.3529  0.8235  1.0000  1.0000
11.4729  4.0959   0.0588  0.3529  0.8235  1.0000  1.0000
10.4551  4.0074   0.0588  0.3529  0.8235  1.0000  1.0000
9.4377  4.1244   0.0588  0.3529  0.8235  1.0000  1.0000
8.8434  4.4733   0.0588  0.3529  0.8235  1.0000  1.0000
8.7171  4.9756   0.0588  0.3529  0.8235  1.0000  1.0000
8.7489  5.4874   0.0000  0.0789  0.4474  0.7632  1.0000
8.5071  5.8584   0.0000  0.0789  0.4474  0.7632  1.0000
7.7321  5.9861   0.0000  0.0789  0.4474  0.7632  1.0000
6.515  5.8473   0.0000  0.0789  0.4474  0.7632  1.0000
5.2536  5.5004   0.0000  0.0789  0.4474  0.7632  1.0000
4.4156  5.0624   0.0000  0.0789  0.4474  0.7632  1.0000
4.2493  4.6732   0.0588  0.3529  0.8235  1.0000  1.0000
4.6158  4.461   0.0588  0.3529  0.8235  1.0000  1.0000
5.0442  4.5174   0.0588  0.3529  0.8235  1.0000  1.0000
4.9844  4.8848   0.0588  0.3529  0.8235  1.0000  1.0000
4.1178  5.5533   0.0000  0.0789  0.4474  0.7632  1.0000
2.5518  6.4606   0.0000  0.0789  0.4474  0.7632  1.0000
0.7904  7.4954   0.0000  0.0000  0.0714  0.2857  0.8929
-0.5055  8.5032   0.0000  0.0000  0.0714  0.2857  0.8929
-0.8357  9.3023   0.0000  0.0000  0.0714  0.2857  0.8929
-0.0904  9.7118   0.0000  0.0000  0.0714  0.2857  0.8929
1.4254  9.5922   0.0000  0.0000  0.0714  0.2857  0.8929
3.171  8.889   0.0000  0.0000  0.0714  0.2857  0.8929
4.6416  7.6649   0.0000  0.0000  0.0714  0.2857  0.8929
5.5819  6.1053   0.0000  0.0789  0.4474  0.7632  1.0000
6.0328  4.4886   0.0588  0.3529  0.8235  1.0000  1.0000
6.2096  3.1225   0.0588  0.3529  0.8235  1.0000  1.0000
6.3038  2.2632   0.1538  0.5769  0.9615  1.0000  1.0000
6.3415  2.0407   0.1538  0.5769  0.9615  1.0000  1.0000
6.184  2.418   0.1538  0.5769  0.9615  1.0000  1.0000
5.6639  3.1983   0.0588  0.3529  0.8235  1.0000  1.0000
4.761  4.0838   0.0588  0.3529  0.8235  1.0000  1.0000
3.6966  4.7689   0.0588  0.3529  0.8235  1.0000  1.0000
2.874  5.0364   0.0000  0.0789  0.4474  0.7632  1.0000
2.6904  4.8277   0.0588  0.3529  0.8235  1.0000  1.0000
3.3267  4.2598   0.0588  0.3529  0.8235  1.0000  1.0000
4.6401  3.5835   0.0588  0.3529  0.8235  1.0000  1.0000
6.2285  3.0962   0.0588  0.3529  0.8235  1.0000  1.0000
7.6326  3.0378   0.0588  0.3529  0.8235  1.0000  1.0000
8.5616  3.5049   0.0588  0.3529  0.8235  1.0000  1.0000
9.011  4.4119   0.0588  0.3529  0.8235  1.0000  1.0000
9.2065  5.5124   0.0000  0.0789  0.4474  0.7632  1.0000
9.4116  6.4731   0.0000  0.0789  0.4474  0.7632  1.0000
9.7233  6.9762   0.0000  0.0789  0.4474  0.7632  1.0000
9.9869  6.8163   0.0000  0.0789  0.4474  0.7632  1.0000
5.5961  5.134   0.0000  0.0789  0.4474  0.7632  1.0000
7.3017  6.5309   0.0000  0.0789  0.4474  0.7632  1.0000
9.1702  7.0705   0.0000  0.0000  0.0714  0.2857  0.8929
10.4964  6.7924   0.0000  0.0789  0.4474  0.7632  1.0000
10.8492  5.9748   0.0000  0.0789  0.4474  0.7632  1.0000
10.2876  5.0303   0.0000  0.0789  0.4474  0.7632  1.0000
9.2982  4.3653   0.0588  0.3529  0.8235  1.0000  1.0000
8.4997  4.2502   0.0588  0.3529  0.8235  1.0000  1.0000
8.2934  4.7444   0.0588  0.3529  0.8235  1.0000  1.0000
8.6566  5.696   0.0000  0.0789  0.4474  0.7632  1.0000
9.1923  6.8106   0.0000  0.0789  0.4474  0.7632  1.0000
9.393  7.7593   0.0000  0.0000  0.0714  0.2857  0.8929
8.9571  8.2878   0.0000  0.0000  0.0714  0.2857  0.8929
7.9701  8.2898   0.0000  0.0000  0.0714  0.2857  0.8929
6.8449  7.8253   0.0000  0.0000  0.0714  0.2857  0.8929
6.0604  7.0854   0.0000  0.0000  0.0714  0.2857  0.8929
5.8559  6.3215   0.0000  0.0789  0.4474  0.7632  1.0000
6.0655  5.7675   0.0000  0.0789  0.4474  0.7632  1.0000
6.1952  5.579   0.0000  0.0789  0.4474  0.7632  1.0000
5.7073  5.8052   0.0000  0.0789  0.4474  0.7632  1.0000
4.3517  6.3938   0.0000  0.0789  0.4474  0.7632  1.0000
2.3564  7.2192   0.0000  0.0000  0.0714  0.2857  0.8929
0.3625  8.1205   0.0000  0.0000  0.0714  0.2857  0.8929
-0.8685  8.935   0.0000  0.0000  0.0714  0.2857  0.8929
-0.8248  9.5232   0.0000  0.0000  0.0714  0.2857  0.8929
0.5042  9.7834   0.0000  0.0000  0.0714  0.2857  0.8929
2.6236  9.6612   0.0000  0.0000  0.0714  0.2857  0.8929
4.7714  9.1554   0.0000  0.0000  0.0714  0.2857  0.8929
6.2695  8.321   0.0000  0.0000  0.0714  0.2857  0.8929
6.8032  7.2659   0.0000  0.0000  0.0714  0.2857  0.8929
6.4948  6.1353   0.0000  0.0789  0.4474  0.7632  1.0000
5.7563  5.0845   0.0000  0.0789  0.4474  0.7632  1.0000
5.0234  4.2435   0.0588  0.3529  0.8235  1.0000  1.0000
4.5308  3.6848   0.0588  0.3529  0.8235  1.0000  1.0000
4.2469  3.4053   0.0588  0.3529  0.8235  1.0000  1.0000
3.9856  3.3325   0.0588  0.3529  0.8235  1.0000  1.0000
3.6055  3.3557   0.0588  0.3529  0.8235  1.0000  1.0000
3.1606  3.3724   0.0588  0.3529  0.8235  1.0000  1.0000
2.9044  3.3334   0.0588  0.3529  0.8235  1.0000  1.0000
3.1446  3.2678   0.0588  0.3529  0.8235  1.0000  1.0000
4.0408  3.2762   0.0588  0.3529  0.8235  1.0000  1.0000
5.4739  3.4904   0.0588  0.3529  0.8235  1.0000  1.0000
7.0732  4.013   0.0588  0.3529  0.8235  1.0000  1.0000
8.3913  4.8599   0.0588  0.3529  0.8235  1.0000  1.0000
9.1265  5.9276   0.0000  0.0789  0.4474  0.7632  1.0000
9.2631  7.0027   0.0000  0.0000  0.0714  0.2857  0.8929
9.0471  7.8143   0.0000  0.0000  0.0714  0.2857  0.8929
8.816  8.1141   0.0000  0.0000  0.0714  0.2857  0.8929
8.7867  7.759   0.0000  0.0000  0.0714  0.2857  0.8929
8.9337  6.7658   0.0000  0.0789  0.4474  0.7632  1.0000
4.6124  7.4425   0.0000  0.0000  0.0714  0.2857  0.8929
5.9944  8.6067   0.0000  0.0000  0.0714  0.2857  0.8929
7.4803  8.7179   0.0000  0.0000  0.0714  0.2857  0.8929
8.4285  7.922   0.0000  0.0000  0.0714  0.2857  0.8929
8.5047  6.6203   0.0000  0.0789  0.4474  0.7632  1.0000
7.8665  5.3352   0.0000  0.0789  0.4474  0.7632  1.0000
7.0607  4.5411   0.0588  0.3529  0.8235  1.0000  1.0000
6.7007  4.5194   0.0588  0.3529  0.8235  1.0000  1.0000
7.1139  5.2825   0.0000  0.0789  0.4474  0.7632  1.0000
8.1596  6.5906   0.0000  0.0789  0.4474  0.7632  1.0000
9.3208  8.0477   0.0000  0.0000  0.0714  0.2857  0.8929
10.0075  9.2419   0.0000  0.0000  0.0714  0.2857  0.8929
9.8937  9.8783   0.0000  0.0000  0.0714  0.2857  0.8929
9.092  9.8601   0.0000  0.0000  0.0714  0.2857  0.8929
8.0657  9.2978   0.0000  0.0000  0.0714  0.2857  0.8929
7.3343  8.4478   0.0000  0.0000  0.0714  0.2857  0.8929
7.1474  7.6117   0.0000  0.0000  0.0714  0.2857  0.8929
7.3234  7.0339   0.0000  0.0000  0.0714  0.2857  0.8929
7.3513  6.8334   0.0000  0.0789  0.4474  0.7632  1.0000
6.7051  6.9891   0.0000  0.0789  0.4474  0.7632  1.0000
5.1929  7.3747   0.0000  0.0000  0.0714  0.2857  0.8929
3.1354  7.8238   0.0000  0.0000  0.0714  0.2857  0.8929
1.2631  8.1957   0.0000  0.0000  0.0714  0.2857  0.8929
0.3728  8.4172   0.0000  0.0000  0.0714  0.2857  0.8929
0.9211  8.4896   0.0000  0.0000  0.0714  0.2857  0.8929
2.7707  8.4626   0.0000  0.0000  0.0714  0.2857  0.8929
5.2264  8.3932   0.0000  0.0000  0.0714  0.2857  0.8929
7.345  8.309   0.0000  0.0000  0.0714  0.2857  0.8929
8.3603  8.1908   0.0000  0.0000  0.0714  0.2857  0.8929
8.0083  7.9803   0.0000  0.0000  0.0714  0.2857  0.8929
6.5962  7.607   0.0000  0.0000  0.0714  0.2857  0.8929
4.7984  7.0211   0.0000  0.0000  0.0714  0.2857  0.8929
3.3041  6.2195   0.0000  0.0789  0.4474  0.7632  1.0000
2.5067  5.2545   0.0000  0.0789  0.4474  0.7632  1.0000
2.3906  4.226   0.0588  0.3529  0.8235  1.0000  1.0000
2.6464  3.261   0.0588  0.3529  0.8235  1.0000  1.0000
2.9245  2.4904   0.1538  0.5769  0.9615  1.0000  1.0000
3.0638  2.0282   0.1538  0.5769  0.9615  1.0000  1.0000
3.1674  1.9575   0.1538  0.5769  0.9615  1.0000  1.0000
3.493  2.3203   0.1538  0.5769  0.9615  1.0000  1.0000
4.2434  3.1087   0.0588  0.3529  0.8235  1.0000  1.0000
5.3942  4.2565   0.0588  0.3529  0.8235  1.0000  1.0000
6.6697  5.6331   0.0000  0.0789  0.4474  0.7632  1.0000
7.6822  7.0473   0.0000  0.0000  0.0714  0.2857  0.8929
8.1485  8.2674   0.0000  0.0000  0.0714  0.2857  0.8929
8.0509  9.0597   0.0000  0.0000  0.0714  0.2857  0.8929
7.6445  9.2421   0.0000  0.0000  0.0714  0.2857  0.8929
7.3072  8.7376   0.0000  0.0000  0.0714  0.2857  0.8929
7.3217  7.6112   0.0000  0.0000  0.0714  0.2857  0.8929
7.7234  6.0738   0.0000  0.0789  0.4474  0.7632  1.0000
3.6775  8.4324   0.0000  0.0000  0.0714  0.2857  0.8929
4.5666  9.0423   0.0000  0.0000  0.0714  0.2857  0.8929
5.5147  8.7082   0.0000  0.0000  0.0714  0.2857  0.8929
5.9767  7.6438   0.0000  0.0000  0.0714  0.2857  0.8929
5.7401  6.2667   0.0000  0.0789  0.4474  0.7632  1.0000
5.0631  5.0669   0.0000  0.0789  0.4474  0.7632  1.0000
4.5271  4.4532   0.0588  0.3529  0.8235  1.0000  1.0000
4.6938  4.6289   0.0588  0.3529  0.8235  1.0000  1.0000
5.7652  5.5389   0.0000  0.0789  0.4474  0.7632  1.0000
7.4464  6.9034   0.0000  0.0789  0.4474  0.7632  1.0000
9.0916  8.3237   0.0000  0.0000  0.0714  0.2857  0.8929
10.051  9.4219   0.0000  0.0000  0.0714  0.2857  0.8929
10.0205  9.9611   0.0000  0.0000  0.0714  0.2857  0.8929
9.1949  9.9087   0.0000  0.0000  0.0714  0.2857  0.8929
8.1369  9.4218   0.0000  0.0000  0.0714  0.2857  0.8929
7.4391  8.7667   0.0000  0.0000  0.0714  0.2857  0.8929
7.3747  8.2075   0.0000  0.0000  0.0714  0.2857  0.8929
7.7411  7.9076   0.0000  0.0000  0.0714  0.2857  0.8929
7.9912  7.8808   0.0000  0.0000  0.0714  0.2857  0.8929
7.5809  8.0066   0.0000  0.0000  0.0714  0.2857  0.8929
6.3346  8.1001   0.0000  0.0000  0.0714  0.2857  0.8929
4.6139  8.0033   0.0000  0.0000  0.0714  0.2857  0.8929
3.1798  7.6607   0.0000  0.0000  0.0714  0.2857  0.8929
2.8096  7.1465   0.0000  0.0000  0.0714  0.2857  0.8929
3.8683  6.6359   0.0000  0.0789  0.4474  0.7632  1.0000
6.0683  6.3307   0.0000  0.0789  0.4474  0.7632  1.0000
8.5544  6.3708   0.0000  0.0789  0.4474  0.7632  1.0000
10.2808  6.7674   0.0000  0.0789  0.4474  0.7632  1.0000
10.4922  7.3842   0.0000  0.0000  0.0714  0.2857  0.8929
9.0662  7.9737   0.0000  0.0000  0.0714  0.2857  0.8929
6.5496  8.2575   0.0000  0.0000  0.0714  0.2857  0.8929
3.8786  8.0203   0.0000  0.0000  0.0714  0.2857  0.8929
1.9369  7.185   0.0000  0.0000  0.0714  0.2857  0.8929
1.1784  5.8456   0.0000  0.0789  0.4474  0.7632  1.0000
1.4934  4.2462   0.0588  0.3529  0.8235  1.0000  1.0000
2.3619  2.7174   0.1538  0.5769  0.9615  1.0000  1.0000
3.1845  1.5893   0.1538  0.5769  0.9615  1.0000  1.0000
3.5983  1.1109   0.1538  0.5769  0.9615  1.0000  1.0000
3.6146  1.3943   0.1538  0.5769  0.9615  1.0000  1.0000
3.5256  2.3966   0.1538  0.5769  0.9615  1.0000  1.0000
3.6627  3.9383   0.0588  0.3529  0.8235  1.0000  1.0000
4.164  5.7465   0.0000  0.0789  0.4474  0.7632  1.0000
4.8888  7.5109   0.0000  0.0000  0.0714  0.2857  0.8929
5.5212  8.9386   0.0000  0.0000  0.0714  0.2857  0.8929
5.7856  9.8008   0.0000  0.0000  0.0714  0.2857  0.8929
5.6351  9.9663   0.0000  0.0000  0.0714  0.2857  0.8929
5.2957  9.4216   0.0000  0.0000  0.0714  0.2857  0.8929
5.1383  8.2756   0.0000  0.0000  0.0714  0.2857  0.8929
5.4598  6.746   0.0000  0.0789  0.4474  0.7632  1.0000
6.3066  5.1263   0.0000  0.0789  0.4474  0.7632  1.0000
3.284  7.9279   0.0000  0.0000  0.0714  0.2857  0.8929
3.6754  7.9846   0.0000  0.0000  0.0714  0.2857  0.8929
4.0901  7.4293   0.0000  0.0000  0.0714  0.2857  0.8929
4.0998  6.4533   0.0000  0.0789  0.4474  0.7632  1.0000
3.6184  5.3688   0.0000  0.0789  0.4474  0.7632  1.0000
2.9831  4.5164   0.0588  0.3529  0.8235  1.0000  1.0000
2.7674  4.1604   0.0588  0.3529  0.8235  1.0000  1.0000
3.4302  4.4069   0.0588  0.3529  0.8235  1.0000  1.0000
5.0101  5.175   0.0000  0.0789  0.4474  0.7632  1.0000
7.0479  6.2315   0.0000  0.0789  0.4474  0.7632  1.0000
8.7955  7.2779   0.0000  0.0000  0.0714  0.2857  0.8929
9.5995  8.0559   0.0000  0.0000  0.0714  0.2857  0.8929
9.2485  8.4327   0.0000  0.0000  0.0714  0.2857  0.8929
8.0858  8.4347   0.0000  0.0000  0.0714  0.2857  0.8929
6.8193  8.2176   0.0000  0.0000  0.0714  0.2857  0.8929
6.1322  7.9873   0.0000  0.0000  0.0714  0.2857  0.8929
6.3108  7.9038   0.0000  0.0000  0.0714  0.2857  0.8929
7.101  8.0097   0.0000  0.0000  0.0714  0.2857  0.8929
7.8761  8.2111   0.0000  0.0000  0.0714  0.2857  0.8929
8.0245  8.3206   0.0000  0.0000  0.0714  0.2857  0.8929
7.3369  8.1449   0.0000  0.0000  0.0714  0.2857  0.8929
6.1686  7.5801   0.0000  0.0000  0.0714  0.2857  0.8929
5.2742  6.6751   0.0000  0.0789  0.4474  0.7632  1.0000
5.3928  5.6343   0.0000  0.0789  0.4474  0.7632  1.0000
6.8078  4.7551   0.0588  0.3529  0.8235  1.0000  1.0000
9.1245  4.3204   0.0588  0.3529  0.8235  1.0000  1.0000
11.4  4.4879   0.0588  0.3529  0.8235  1.0000  1.0000
12.572  5.2172   0.0000  0.0789  0.4474  0.7632  1.0000
11.9719  6.2655   0.0000  0.0789  0.4474  0.7632  1.0000
9.6594  7.2566   0.0000  0.0000  0.0714  0.2857  0.8929
6.4073  7.8011   0.0000  0.0000  0.0714  0.2857  0.8929
3.3456  7.6265   0.0000  0.0000  0.0714  0.2857  0.8929
1.4466  6.673   0.0000  0.0789  0.4474  0.7632  1.0000
1.1088  5.1213   0.0000  0.0789  0.4474  0.7632  1.0000
2.0386  3.3446   0.0588  0.3529  0.8235  1.0000  1.0000
3.4661  1.8   0.1538  0.5769  0.9615  1.0000  1.0000
4.5625  0.897   0.5556  0.7778  1.0000  1.0000  1.0000
4.8341  0.8839   0.5556  0.7778  1.0000  1.0000  1.0000
4.2978  1.786   0.1538  0.5769  0.9615  1.0000  1.0000
3.3744  3.41   0.0588  0.3529  0.8235  1.0000  1.0000
2.5919  5.4071   0.0000  0.0789  0.4474  0.7632  1.0000
2.2801  7.3703   0.0000  0.0000  0.0714  0.2857  0.8929
2.427  8.9343   0.0000  0.0000  0.0714  0.2857  0.8929
2.7561  9.8502   0.0000  0.0000  0.0714  0.2857  0.8929
2.9559  10.0218   0.0000  0.0000  0.0000  0.0000  0.4000
2.9074  9.4995   0.0000  0.0000  0.0714  0.2857  0.8929
2.7687  8.4469   0.0000  0.0000  0.0714  0.2857  0.8929
2.8725  7.0926   0.0000  0.0000  0.0714  0.2857  0.8929
3.5054  5.6839   0.0000  0.0789  0.4474  0.7632  1.0000
4.7101  4.4496   0.0588  0.3529  0.8235  1.0000  1.0000
3.4402  6.2062   0.0000  0.0789  0.4474  0.7632  1.0000
3.5061  5.9923   0.0000  0.0789  0.4474  0.7632  1.0000
3.5744  5.5687   0.0000  0.0789  0.4474  0.7632  1.0000
3.3333  5.0073   0.0000  0.0789  0.4474  0.7632  1.0000
2.7998  4.4289   0.0588  0.3529  0.8235  1.0000  1.0000
2.3475  3.9757   0.0588  0.3529  0.8235  1.0000  1.0000
2.4898  3.7664   0.0588  0.3529  0.8235  1.0000  1.0000
3.5416  3.8547   0.0588  0.3529  0.8235  1.0000  1.0000
5.3653  4.2081   0.0588  0.3529  0.8235  1.0000  1.0000
7.3635  4.7191   0.0588  0.3529  0.8235  1.0000  1.0000
8.7455  5.2467   0.0000  0.0789  0.4474  0.7632  1.0000
8.9331  5.672   0.0000  0.0789  0.4474  0.7632  1.0000
7.8831  5.9439   0.0000  0.0789  0.4474  0.7632  1.0000
6.1389  6.0953   0.0000  0.0789  0.4474  0.7632  1.0000
4.571  6.2195   0.0000  0.0789  0.4474  0.7632  1.0000
3.9357  6.4172   0.0000  0.0789  0.4474  0.7632  1.0000
4.4897  6.7364   0.0000  0.0789  0.4474  0.7632  1.0000
5.8727  7.1319   0.0000  0.0000  0.0714  0.2857  0.8929
7.3249  7.4682   0.0000  0.0000  0.0714  0.2857  0.8929
8.1231  7.5657   0.0000  0.0000  0.0714  0.2857  0.8929
7.9939  7.2782   0.0000  0.0000  0.0714  0.2857  0.8929
7.2731  6.5674   0.0000  0.0789  0.4474  0.7632  1.0000
6.7135  5.5442   0.0000  0.0789  0.4474  0.7632  1.0000
7.0439  4.4522   0.0588  0.3529  0.8235  1.0000  1.0000
8.5156  3.5957   0.0588  0.3529  0.8235  1.0000  1.0000
10.6957  3.2329   0.0588  0.3529  0.8235  1.0000  1.0000
12.6285  3.4758   0.0588  0.3529  0.8235  1.0000  1.0000
13.2976  4.2335   0.0588  0.3529  0.8235  1.0000  1.0000
12.149  5.2271   0.0000  0.0789  0.4474  0.7632  1.0000
9.4036  6.0737   0.0000  0.0789  0.4474  0.7632  1.0000
5.9892  6.4148   0.0000  0.0789  0.4474  0.7632  1.0000
3.1218  6.0434   0.0000  0.0789  0.4474  0.7632  1.0000
1.7464  4.9852   0.0588  0.3529  0.8235  1.0000  1.0000
2.1161  3.5029   0.0588  0.3529  0.8235  1.0000  1.0000
3.7146  2.0204   0.1538  0.5769  0.9615  1.0000  1.0000
5.5454  0.9921   0.5556  0.7778  1.0000  1.0000  1.0000
6.6268  0.7599   0.5556  0.7778  1.0000  1.0000  1.0000
6.4376  1.4482   0.1538  0.5769  0.9615  1.0000  1.0000
5.0977  2.9281   0.1538  0.5769  0.9615  1.0000  1.0000
3.221  4.8617   0.0588  0.3529  0.8235  1.0000  1.0000
1.549  6.8086   0.0000  0.0789  0.4474  0.7632  1.0000
0.5757  8.3548   0.0000  0.0000  0.0714  0.2857  0.8929
0.3605  9.2238   0.0000  0.0000  0.0714  0.2857  0.8929
0.6024  9.3338   0.0000  0.0000  0.0714  0.2857  0.8929
0.9003  8.7918   0.0000  0.0000  0.0714  0.2857  0.8929
1.0282  7.8316   0.0000  0.0000  0.0714  0.2857  0.8929
1.0621  6.7268   0.0000  0.0789  0.4474  0.7632  1.0000
1.296  5.7089   0.0000  0.0789  0.4474  0.7632  1.0000
2.0146  4.9182   0.0588  0.3529  0.8235  1.0000  1.0000
3.2722  4.397   0.0588  0.3529  0.8235  1.0000  1.0000
3.8546  3.879   0.0588  0.3529  0.8235  1.0000  1.0000
3.852  3.7708   0.0588  0.3529  0.8235  1.0000  1.0000
3.85  3.7752   0.0588  0.3529  0.8235  1.0000  1.0000
3.6299  3.7877   0.0588  0.3529  0.8235  1.0000  1.0000
3.27  3.7245   0.0588  0.3529  0.8235  1.0000  1.0000
3.1284  3.5591   0.0588  0.3529  0.8235  1.0000  1.0000
3.6156  3.327   0.0588  0.3529  0.8235  1.0000  1.0000
4.8876  3.1024   0.0588  0.3529  0.8235  1.0000  1.0000
6.6543  2.9612   0.1538  0.5769  0.9615  1.0000  1.0000
8.2396  2.9494   0.1538  0.5769  0.9615  1.0000  1.0000
8.8906  3.0702   0.0588  0.3529  0.8235  1.0000  1.0000
8.1811  3.2937   0.0588  0.3529  0.8235  1.0000  1.0000
6.286  3.5802   0.0588  0.3529  0.8235  1.0000  1.0000
3.9591  3.9023   0.0588  0.3529  0.8235  1.0000  1.0000
2.2025  4.2532   0.0588  0.3529  0.8235  1.0000  1.0000
1.7856  4.6364   0.0588  0.3529  0.8235  1.0000  1.0000
2.8659  5.0426   0.0000  0.0789  0.4474  0.7632  1.0000
4.9157  5.43   0.0000  0.0789  0.4474  0.7632  1.0000
7.0022  5.7204   0.0000  0.0789  0.4474  0.7632  1.0000
8.2765  5.8201   0.0000  0.0789  0.4474  0.7632  1.0000
8.4122  5.6591   0.0000  0.0789  0.4474  0.7632  1.0000
7.7553  5.2325   0.0000  0.0789  0.4474  0.7632  1.0000
7.1035  4.6232   0.0588  0.3529  0.8235  1.0000  1.0000
7.2315  3.9902   0.0588  0.3529  0.8235  1.0000  1.0000
8.4235  3.5206   0.0588  0.3529  0.8235  1.0000  1.0000
10.27  3.3607   0.0588  0.3529  0.8235  1.0000  1.0000
11.8507  3.5516   0.0588  0.3529  0.8235  1.0000  1.0000
12.2127  3.9986   0.0588  0.3529  0.8235  1.0000  1.0000
10.8942  4.4914   0.0588  0.3529  0.8235  1.0000  1.0000
8.211  4.7735   0.0588  0.3529  0.8235  1.0000  1.0000
5.1478  4.6388   0.0588  0.3529  0.8235  1.0000  1.0000
2.9016  4.0202   0.0588  0.3529  0.8235  1.0000  1.0000
2.3074  3.0341   0.0588  0.3529  0.8235  1.0000  1.0000
3.439  1.9597   0.1538  0.5769  0.9615  1.0000  1.0000
5.5835  1.156   0.1538  0.5769  0.9615  1.0000  1.0000
7.5967  0.9425   0.5556  0.7778  1.0000  1.0000  1.0000
8.4504  1.4855   0.1538  0.5769  0.9615  1.0000  1.0000
7.6954  2.7317   0.1538  0.5769  0.9615  1.0000  1.0000
5.6172  4.4144   0.0588  0.3529  0.8235  1.0000  1.0000
3.0307  6.1334   0.0000  0.0789  0.4474  0.7632  1.0000
0.8454  7.4797   0.0000  0.0000  0.0714  0.2857  0.8929
-0.3595  8.1631   0.0000  0.0000  0.0714  0.2857  0.8929
-0.5396  8.0982   0.0000  0.0000  0.0714  0.2857  0.8929
-0.0899  7.4188   0.0000  0.0000  0.0714  0.2857  0.8929
0.4611  6.4194   0.0000  0.0789  0.4474  0.7632  1.0000
0.775  5.4449   0.0000  0.0789  0.4474  0.7632  1.0000
0.863  4.7722   0.0588  0.3529  0.8235  1.0000  1.0000
1.0078  4.524   0.0588  0.3529  0.8235  1.0000  1.0000
1.52  4.6444   0.0588  0.3529  0.8235  1.0000  1.0000
2.4908  4.9423   0.0588  0.3529  0.8235  1.0000  1.0000
4.3575  1.6977   0.1538  0.5769  0.9615  1.0000  1.0000
4.4993  1.941   0.1538  0.5769  0.9615  1.0000  1.0000
4.6436  2.4506   0.1538  0.5769  0.9615  1.0000  1.0000
4.6294  2.9601   0.1538  0.5769  0.9615  1.0000  1.0000
4.5508  3.2426   0.0588  0.3529  0.8235  1.0000  1.0000
4.7122  3.1894   0.0588  0.3529  0.8235  1.0000  1.0000
5.4075  2.8362   0.1538  0.5769  0.9615  1.0000  1.0000
6.6574  2.3326   0.1538  0.5769  0.9615  1.0000  1.0000
8.0787  1.8727   0.1538  0.5769  0.9615  1.0000  1.0000
8.997  1.6175   0.1538  0.5769  0.9615  1.0000  1.0000
8.7736  1.6396   0.1538  0.5769  0.9615  1.0000  1.0000
7.1813  1.9089   0.1538  0.5769  0.9615  1.0000  1.0000
4.6141  2.3198   0.1538  0.5769  0.9615  1.0000  1.0000
1.9903  2.743   0.1538  0.5769  0.9615  1.0000  1.0000
0.3636  3.0787   0.0588  0.3529  0.8235  1.0000  1.0000
0.4282  3.2883   0.0588  0.3529  0.8235  1.0000  1.0000
2.1685  3.3954   0.0588  0.3529  0.8235  1.0000  1.0000
4.849  3.4607   0.0588  0.3529  0.8235  1.0000  1.0000
7.3618  3.5452   0.0588  0.3529  0.8235  1.0000  1.0000
8.7644  3.6813   0.0588  0.3529  0.8235  1.0000  1.0000
8.7302  3.8627   0.0588  0.3529  0.8235  1.0000  1.0000
7.6779  4.0554   0.0588  0.3529  0.8235  1.0000  1.0000
6.5104  4.2203   0.0588  0.3529  0.8235  1.0000  1.0000
6.1034  4.3338   0.0588  0.3529  0.8235  1.0000  1.0000
6.816  4.3937   0.0588  0.3529  0.8235  1.0000  1.0000
8.2888  4.4086   0.0588  0.3529  0.8235  1.0000  1.0000
9.6398  4.3783   0.0588  0.3529  0.8235  1.0000  1.0000
9.9534  4.2789   0.0588  0.3529  0.8235  1.0000  1.0000
8.8024  4.0642   0.0588  0.3529  0.8235  1.0000  1.0000
6.5174  3.6891   0.0588  0.3529  0.8235  1.0000  1.0000
4.0548  3.1465   0.0588  0.3529  0.8235  1.0000  1.0000
2.5266  2.4992   0.1538  0.5769  0.9615  1.0000  1.0000
2.6339  1.8886   0.1538  0.5769  0.9615  1.0000  1.0000
4.3014  1.5086   0.1538  0.5769  0.9615  1.0000  1.0000
6.6995  1.5455   0.1538  0.5769  0.9615  1.0000  1.0000
8.6433  2.1046   0.1538  0.5769  0.9615  1.0000  1.0000
9.1603  3.1516   0.0588  0.3529  0.8235  1.0000  1.0000
7.9379  4.4949   0.0588  0.3529  0.8235  1.0000  1.0000
5.4343  5.825   0.0000  0.0789  0.4474  0.7632  1.0000
2.6144  6.8014   0.0000  0.0789  0.4474  0.7632  1.0000
0.4649  7.163   0.0000  0.0000  0.0714  0.2857  0.8929
-0.4517  6.8207   0.0000  0.0789  0.4474  0.7632  1.0000
-0.1884  5.8979   0.0000  0.0789  0.4474  0.7632  1.0000
0.7219  4.7001   0.0588  0.3529  0.8235  1.0000  1.0000
1.6216  3.6193   0.0588  0.3529  0.8235  1.0000  1.0000
2.0897  3.0048   0.0588  0.3529  0.8235  1.0000  1.0000
2.1152  3.0441   0.0588  0.3529  0.8235  1.0000  1.0000
2.0075  3.6986   0.0588  0.3529  0.8235  1.0000  1.0000
2.128  4.7153   0.0588  0.3529  0.8235  1.0000  1.0000
2.6182  5.7143   0.0000  0.0789  0.4474  0.7632  1.0000
5.1081  0.3183   0.5556  0.7778  1.0000  1.0000  1.0000
5.4844  0.8931   0.5556  0.7778  1.0000  1.0000  1.0000
5.8331  1.719   0.1538  0.5769  0.9615  1.0000  1.0000
6.0178  2.4494   0.1538  0.5769  0.9615  1.0000  1.0000
6.1199  2.8199   0.1538  0.5769  0.9615  1.0000  1.0000
6.3815  2.7365   0.1538  0.5769  0.9615  1.0000  1.0000
7.0055  2.2937   0.1538  0.5769  0.9615  1.0000  1.0000
7.9361  1.722   0.1538  0.5769  0.9615  1.0000  1.0000
8.7778  1.2859   0.1538  0.5769  0.9615  1.0000  1.0000
8.935  1.1769   0.1538  0.5769  0.9615  1.0000  1.0000
7.9302  1.4419   0.1538  0.5769  0.9615  1.0000  1.0000
5.7323  1.9723   0.1538  0.5769  0.9615  1.0000  1.0000
2.8995  2.5557   0.1538  0.5769  0.9615  1.0000  1.0000
0.4201  2.9671   0.1538  0.5769  0.9615  1.0000  1.0000
-0.7047  3.0607   0.0588  0.3529  0.8235  1.0000  1.0000
0.0579  2.8282   0.1538  0.5769  0.9615  1.0000  1.0000
2.4761  2.4001   0.1538  0.5769  0.9615  1.0000  1.0000
5.6131  1.994   0.1538  0.5769  0.9615  1.0000  1.0000
8.236  1.8306   0.1538  0.5769  0.9615  1.0000  1.0000
9.3826  2.0508   0.1538  0.5769  0.9615  1.0000  1.0000
8.8036  2.6651   0.1538  0.5769  0.9615  1.0000  1.0000
7.0537  3.5519   0.0588  0.3529  0.8235  1.0000  1.0000
5.1824  4.5005   0.0588  0.3529  0.8235  1.0000  1.0000
4.1826  5.2817   0.0000  0.0789  0.4474  0.7632  1.0000
4.4849  5.7172   0.0000  0.0789  0.4474  0.7632  1.0000
5.7584  5.7259   0.0000  0.0789  0.4474  0.7632  1.0000
7.1211  5.3344   0.0000  0.0789  0.4474  0.7632  1.0000
7.6425  4.6559   0.0588  0.3529  0.8235  1.0000  1.0000
6.8675  3.8505   0.0588  0.3529  0.8235  1.0000  1.0000
5.08  3.0845   0.0588  0.3529  0.8235  1.0000  1.0000
3.1633  2.5015   0.1538  0.5769  0.9615  1.0000  1.0000
2.1331  2.2073   0.1538  0.5769  0.9615  1.0000  1.0000
2.5903  2.2647   0.1538  0.5769  0.9615  1.0000  1.0000
4.3859  2.6901   0.1538  0.5769  0.9615  1.0000  1.0000
6.6755  3.4454   0.0588  0.3529  0.8235  1.0000  1.0000
8.3329  4.4285   0.0588  0.3529  0.8235  1.0000  1.0000
8.5078  5.4715   0.0000  0.0789  0.4474  0.7632  1.0000
7.0371  6.3567   0.0000  0.0789  0.4474  0.7632  1.0000
4.5065  6.8581   0.0000  0.0789  0.4474  0.7632  1.0000
1.9412  6.8021   0.0000  0.0789  0.4474  0.7632  1.0000
0.3016  6.1312   0.0000  0.0789  0.4474  0.7632  1.0000
0.0462  4.9467   0.0588  0.3529  0.8235  1.0000  1.0000
0.9783  3.5073   0.0588  0.3529  0.8235  1.0000  1.0000
2.4288  2.1754   0.1538  0.5769  0.9615  1.0000  1.0000
3.6505  1.3203   0.1538  0.5769  0.9615  1.0000  1.0000
4.1962  1.2048   0.1538  0.5769  0.9615  1.0000  1.0000
4.0827  1.8949   0.1538  0.5769  0.9615  1.0000  1.0000
3.6758  3.2234   0.0588  0.3529  0.8235  1.0000  1.0000
3.3931  4.8281   0.0588  0.3529  0.8235  1.0000  1.0000
3.416  6.2533   0.0000  0.0789  0.4474  0.7632  1.0000
6.3685  0.0816   0.5556  0.7778  1.0000  1.0000  1.0000
6.9492  0.7258   0.5556  0.7778  1.0000  1.0000  1.0000
7.4067  1.5109   0.1538  0.5769  0.9615  1.0000  1.0000
7.6131  2.1205   0.1538  0.5769  0.9615  1.0000  1.0000
7.6345  2.3526   0.1538  0.5769  0.9615  1.0000  1.0000
7.6759  2.1882   0.1538  0.5769  0.9615  1.0000  1.0000
7.9033  1.7867   0.1538  0.5769  0.9615  1.0000  1.0000
8.2605  1.4121   0.1538  0.5769  0.9615  1.0000  1.0000
8.4136  1.3193   0.1538  0.5769  0.9615  1.0000  1.0000
7.8934  1.6446   0.1538  0.5769  0.9615  1.0000  1.0000
6.3821  2.3445   0.1538  0.5769  0.9615  1.0000  1.0000
3.9893  3.2074   0.0588  0.3529  0.8235  1.0000  1.0000
1.3393  3.9334   0.0588  0.3529  0.8235  1.0000  1.0000
-0.6212  4.2519   0.0588  0.3529  0.8235  1.0000  1.0000
-1.0357  4.0324   0.0588  0.3529  0.8235  1.0000  1.0000
0.4223  3.3434   0.0588  0.3529  0.8235  1.0000  1.0000
3.3192  2.4378   0.1538  0.5769  0.9615  1.0000  1.0000
6.583  1.6673   0.1538  0.5769  0.9615  1.0000  1.0000
8.9508  1.3589   0.1538  0.5769  0.9615  1.0000  1.0000
9.5357  1.6975   0.1538  0.5769  0.9615  1.0000  1.0000
8.2358  2.6581   0.1538  0.5769  0.9615  1.0000  1.0000
5.7732  4.0115   0.0588  0.3529  0.8235  1.0000  1.0000
3.3364  5.3995   0.0000  0.0789  0.4474  0.7632  1.0000
1.9995  6.453   0.0000  0.0789  0.4474  0.7632  1.0000
2.2121  6.9088   0.0000  0.0789  0.4474  0.7632  1.0000
3.615  6.6885   0.0000  0.0789  0.4474  0.7632  1.0000
5.2721  5.9121   0.0000  0.0789  0.4474  0.7632  1.0000
6.1896  4.8503   0.0588  0.3529  0.8235  1.0000  1.0000
5.8464  3.834   0.0588  0.3529  0.8235  1.0000  1.0000
4.4576  3.1556   0.0588  0.3529  0.8235  1.0000  1.0000
2.8361  2.9938   0.1538  0.5769  0.9615  1.0000  1.0000
1.9352  3.3803   0.0588  0.3529  0.8235  1.0000  1.0000
2.3208  4.212   0.0588  0.3529  0.8235  1.0000  1.0000
3.8564  5.2941   0.0000  0.0789  0.4474  0.7632  1.0000
5.7678  6.3955   0.0000  0.0789  0.4474  0.7632  1.0000
7.0485  7.2967   0.0000  0.0000  0.0714  0.2857  0.8929
6.986  7.8233   0.0000  0.0000  0.0714  0.2857  0.8929
5.5304  7.862   0.0000  0.0000  0.0714  0.2857  0.8929
3.316  7.37   0.0000  0.0000  0.0714  0.2857  0.8929
1.3328  6.3809   0.0000  0.0789  0.4474  0.7632  1.0000
0.4314  5.0104   0.0000  0.0789  0.4474  0.7632  1.0000
0.922  3.4555   0.0588  0.3529  0.8235  1.0000  1.0000
2.4689  1.9768   0.1538  0.5769  0.9615  1.0000  1.0000
4.3138  0.8588   0.5556  0.7778  1.0000  1.0000  1.0000
5.6882  0.3488   0.5556  0.7778  1.0000  1.0000  1.0000
6.1825  0.5891   0.5556  0.7778  1.0000  1.0000  1.0000
5.8807  1.5628   0.1538  0.5769  0.9615  1.0000  1.0000
5.212  3.0779   0.0588  0.3529  0.8235  1.0000  1.0000
4.6323  4.7988   0.0588  0.3529  0.8235  1.0000  1.0000
4.3343  6.3263   0.0000  0.0789  0.4474  0.7632  1.0000
8.0825  0.8822   0.5556  0.7778  1.0000  1.0000  1.0000
8.7605  1.2548   0.1538  0.5769  0.9615  1.0000  1.0000
9.157  1.6648   0.1538  0.5769  0.9615  1.0000  1.0000
9.1567  1.9136   0.1538  0.5769  0.9615  1.0000  1.0000
8.8321  1.9115   0.1538  0.5769  0.9615  1.0000  1.0000
8.3934  1.7132   0.1538  0.5769  0.9615  1.0000  1.0000
8.0302  1.4959   0.1538  0.5769  0.9615  1.0000  1.0000
7.7472  1.4846   0.1538  0.5769  0.9615  1.0000  1.0000
7.3129  1.8533   0.1538  0.5769  0.9615  1.0000  1.0000
6.3829  2.6403   0.1538  0.5769  0.9615  1.0000  1.0000
4.7479  3.7127   0.0588  0.3529  0.8235  1.0000  1.0000
2.5646  4.7996   0.0588  0.3529  0.8235  1.0000  1.0000
0.4138  5.5826   0.0000  0.0789  0.4474  0.7632  1.0000
-0.8914  5.8148   0.0000  0.0789  0.4474  0.7632  1.0000
-0.6837  5.4207   0.0000  0.0789  0.4474  0.7632  1.0000
1.1775  4.539   0.0588  0.3529  0.8235  1.0000  1.0000
4.1344  3.4873   0.0588  0.3529  0.8235  1.0000  1.0000
7.0932  2.6591   0.1538  0.5769  0.9615  1.0000  1.0000
8.8738  2.3876   0.1538  0.5769  0.9615  1.0000  1.0000
8.7464  2.8262   0.1538  0.5769  0.9615  1.0000  1.0000
6.7864  3.89   0.0588  0.3529  0.8235  1.0000  1.0000
3.8609  5.2803   0.0000  0.0789  0.4474  0.7632  1.0000
1.2352  6.585   0.0000  0.0789  0.4474  0.7632  1.0000
-0.0151  7.4192   0.0000  0.0000  0.0714  0.2857  0.8929
0.5022  7.5566   0.0000  0.0000  0.0714  0.2857  0.8929
2.3406  7.0046   0.0000  0.0000  0.0714  0.2857  0.8929
4.4735  5.9989   0.0000  0.0789  0.4474  0.7632  1.0000
5.8287  4.9207   0.0588  0.3529  0.8235  1.0000  1.0000
5.8223  4.1679   0.0588  0.3529  0.8235  1.0000  1.0000
4.6198  4.0264   0.0588  0.3529  0.8235  1.0000  1.0000
3.0004  4.5844   0.0588  0.3529  0.8235  1.0000  1.0000
1.9074  5.7149   0.0000  0.0789  0.4474  0.7632  1.0000
1.9342  7.1278   0.0000  0.0000  0.0714  0.2857  0.8929
3.0179  8.4664   0.0000  0.0000  0.0714  0.2857  0.8929
4.4983  9.4119   0.0000  0.0000  0.0714  0.2857  0.8929
5.4978  9.7633   0.0000  0.0000  0.0714  0.2857  0.8929
5.4104  9.4682   0.0000  0.0000  0.0714  0.2857  0.8929
4.2324  8.6082   0.0000  0.0000  0.0714  0.2857  0.8929
2.5627  7.3499   0.0000  0.0000  0.0714  0.2857  0.8929
1.2811  5.8909   0.0000  0.0789  0.4474  0.7632  1.0000
1.0873  4.417   0.0588  0.3529  0.8235  1.0000  1.0000
2.1482  3.0844   0.0588  0.3529  0.8235  1.0000  1.0000
4.0374  2.0203   0.1538  0.5769  0.9615  1.0000  1.0000
5.9807  1.3308   0.1538  0.5769  0.9615  1.0000  1.0000
7.2616  1.1007   0.1538  0.5769  0.9615  1.0000  1.0000
7.5577  1.3792   0.1538  0.5769  0.9615  1.0000  1.0000
7.035  2.1545   0.1538  0.5769  0.9615  1.0000  1.0000
6.1691  3.3313   0.0588  0.3529  0.8235  1.0000  1.0000
5.4197  4.726   0.0588  0.3529  0.8235  1.0000  1.0000
4.9582  6.0906   0.0000  0.0789  0.4474  0.7632  1.0000
9.7089  2.2015   0.1538  0.5769  0.9615  1.0000  1.0000
10.332  2.0832   0.1538  0.5769  0.9615  1.0000  1.0000
10.5043  1.9838   0.1538  0.5769  0.9615  1.0000  1.0000
10.1437  1.8487   0.1538  0.5769  0.9615  1.0000  1.0000
9.3571  1.6811   0.1538  0.5769  0.9615  1.0000  1.0000
8.3969  1.5541   0.1538  0.5769  0.9615  1.0000  1.0000
7.5141  1.5913   0.1538  0.5769  0.9615  1.0000  1.0000
6.7973  1.9185   0.1538  0.5769  0.9615  1.0000  1.0000
6.1094  2.603   0.1538  0.5769  0.9615  1.0000  1.0000
5.1823  3.6059   0.0588  0.3529  0.8235  1.0000  1.0000
3.8302  4.7697   0.0588  0.3529  0.8235  1.0000  1.0000
2.1562  5.8527   0.0000  0.0789  0.4474  0.7632  1.0000
0.6111  6.6029   0.0000  0.0789  0.4474  0.7632  1.0000
-0.1681  6.8474   0.0000  0.0789  0.4474  0.7632  1.0000
0.3174  6.5624   0.0000  0.0789  0.4474  0.7632  1.0000
2.1034  5.895   0.0000  0.0789  0.4474  0.7632  1.0000
4.6289  5.1234   0.0000  0.0789  0.4474  0.7632  1.0000
6.9017  4.5648   0.0588  0.3529  0.8235  1.0000  1.0000
7.9163  4.4635   0.0588  0.3529  0.8235  1.0000  1.0000
7.1336  4.8987   0.0588  0.3529  0.8235  1.0000  1.0000
4.7777  5.7502   0.0000  0.0789  0.4474  0.7632  1.0000
1.7831  6.7371   0.0000  0.0789  0.4474  0.7632  1.0000
-0.6071  7.5177   0.0000  0.0000  0.0714  0.2857  0.8929
-1.4073  7.8173   0.0000  0.0000  0.0714  0.2857  0.8929
-0.3459  7.5347   0.0000  0.0000  0.0714  0.2857  0.8929
2.0182  6.7885   0.0000  0.0789  0.4474  0.7632  1.0000
4.5759  5.8833   0.0000  0.0789  0.4474  0.7632  1.0000
6.2077  5.2057   0.0000  0.0789  0.4474  0.7632  1.0000
6.309  5.0885   0.0000  0.0789  0.4474  0.7632  1.0000
5.0413  5.6898   0.0000  0.0789  0.4474  0.7632  1.0000
3.1942  6.9325   0.0000  0.0789  0.4474  0.7632  1.0000
1.7423  8.5248   0.0000  0.0000  0.0714  0.2857  0.8929
1.3405  10.0539   0.0000  0.0000  0.0000  0.0000  0.4000
2.0191  11.1176   0.0000  0.0000  0.0000  0.0000  0.4000
3.2285  11.4481   0.0000  0.0000  0.0000  0.0000  0.4000
4.1887  10.9843   0.0000  0.0000  0.0000  0.0000  0.4000
4.3428  9.8721   0.0000  0.0000  0.0714  0.2857  0.8929
3.6622  8.397   0.0000  0.0000  0.0714  0.2857  0.8929
2.646  6.8806   0.0000  0.0789  0.4474  0.7632  1.0000
2.0261  5.5792   0.0000  0.0789  0.4474  0.7632  1.0000
2.3531  4.6227   0.0588  0.3529  0.8235  1.0000  1.0000
3.6934  4.0094   0.0588  0.3529  0.8235  1.0000  1.0000
5.5987  3.6527   0.0588  0.3529  0.8235  1.0000  1.0000
7.352  3.4507   0.0588  0.3529  0.8235  1.0000  1.0000
8.3421  3.3498   0.0588  0.3529  0.8235  1.0000  1.0000
8.3545  3.3712   0.0588  0.3529  0.8235  1.0000  1.0000
7.6238  3.5939   0.0588  0.3529  0.8235  1.0000  1.0000
6.6375  4.1023   0.0588  0.3529  0.8235  1.0000  1.0000
5.8216  4.9243   0.0588  0.3529  0.8235  1.0000  1.0000
5.3018  5.9889   0.0000  0.0789  0.4474  0.7632  1.0000
10.5241  3.3234   0.0588  0.3529  0.8235  1.0000  1.0000
10.9091  2.7383   0.1538  0.5769  0.9615  1.0000  1.0000
10.7462  2.2582   0.1538  0.5769  0.9615  1.0000  1.0000
10.0057  1.9296   0.1538  0.5769  0.9615  1.0000  1.0000
8.8438  1.7788   0.1538  0.5769  0.9615  1.0000  1.0000
7.5654  1.8223   0.1538  0.5769  0.9615  1.0000  1.0000
6.4817  2.0745   0.1538  0.5769  0.9615  1.0000  1.0000
5.7444  2.5454   0.1538  0.5769  0.9615  1.0000  1.0000
5.2627  3.2255   0.0588  0.3529  0.8235  1.0000  1.0000
4.7715  4.069   0.0588  0.3529  0.8235  1.0000  1.0000
4.0229  4.9851   0.0588  0.3529  0.8235  1.0000  1.0000
2.992  5.8476   0.0000  0.0789  0.4474  0.7632  1.0000
1.9623  6.5258   0.0000  0.0789  0.4474  0.7632  1.0000
1.4136  6.9265   0.0000  0.0789  0.4474  0.7632  1.0000
1.7512  7.0309   0.0000  0.0000  0.0714  0.2857  0.8929
3.0205  6.9083   0.0000  0.0789  0.4474  0.7632  1.0000
4.7783  6.6968   0.0000  0.0789  0.4474  0.7632  1.0000
6.2256  6.5538   0.0000  0.0789  0.4474  0.7632  1.0000
6.5651  6.5936   0.0000  0.0789  0.4474  0.7632  1.0000
5.4162  6.8381   0.0000  0.0789  0.4474  0.7632  1.0000
3.066  7.2019   0.0000  0.0000  0.0714  0.2857  0.8929
0.4054  7.5237   0.0000  0.0000  0.0714  0.2857  0.8929
-1.4465  7.6342   0.0000  0.0000  0.0714  0.2857  0.8929
-1.6605  7.4366   0.0000  0.0000  0.0714  0.2857  0.8929
-0.1018  6.9655   0.0000  0.0789  0.4474  0.7632  1.0000
2.586  6.3972   0.0000  0.0789  0.4474  0.7632  1.0000
5.2691  6.0012   0.0000  0.0789  0.4474  0.7632  1.0000
6.8474  6.0457   0.0000  0.0789  0.4474  0.7632  1.0000
6.7555  6.6907   0.0000  0.0789  0.4474  0.7632  1.0000
5.1953  7.9093   0.0000  0.0000  0.0714  0.2857  0.8929
2.9932  9.4709   0.0000  0.0000  0.0714  0.2857  0.8929
1.1665  10.9979   0.0000  0.0000  0.0000  0.0000  0.4000
0.4288  12.0798   0.0000  0.0000  0.0000  0.0000  0.4000
0.8868  12.4063   0.0000  0.0000  0.0000  0.0000  0.4000
2.0679  11.8716   0.0000  0.0000  0.0000  0.0000  0.4000
3.2424  10.612   0.0000  0.0000  0.0000  0.0000  0.4000
3.8469  8.9609   0.0000  0.0000  0.0714  0.2857  0.8929
3.7773  7.338   0.0000  0.0000  0.0714  0.2857  0.8929
3.4016  6.111   0.0000  0.0789  0.4474  0.7632  1.0000
3.3043  5.4813   0.0000  0.0789  0.4474  0.7632  1.0000
3.9209  5.4326   0.0000  0.0789  0.4474  0.7632  1.0000
5.2755  5.7609   0.0000  0.0789  0.4474  0.7632  1.0000
6.9627  6.1699   0.0000  0.0789  0.4474  0.7632  1.0000
8.3731  6.3956   0.0000  0.0789  0.4474  0.7632  1.0000
9.0227  6.3106   0.0000  0.0789  0.4474  0.7632  1.0000
8.7935  5.9692   0.0000  0.0789  0.4474  0.7632  1.0000
7.9542  5.5785   0.0000  0.0789  0.4474  0.7632  1.0000
6.9631  5.4069   0.0000  0.0789  0.4474  0.7632  1.0000
6.1826  5.6687   0.0000  0.0789  0.4474  0.7632  1.0000
5.6828  6.4279   0.0000  0.0789  0.4474  0.7632  1.0000
10.1482  3.6633   0.0588  0.3529  0.8235  1.0000  1.0000
10.1227  2.8544   0.1538  0.5769  0.9615  1.0000  1.0000
9.5915  2.2971   0.1538  0.5769  0.9615  1.0000  1.0000
8.5779  2.0564   0.1538  0.5769  0.9615  1.0000  1.0000
7.2731  2.1036   0.1538  0.5769  0.9615  1.0000  1.0000
6.0089  2.3489   0.1538  0.5769  0.9615  1.0000  1.0000
5.1214  2.6897   0.1538  0.5769  0.9615  1.0000  1.0000
4.7776  3.0544   0.0588  0.3529  0.8235  1.0000  1.0000
4.8741  3.4234   0.0588  0.3529  0.8235  1.0000  1.0000
5.0857  3.8215   0.0588  0.3529  0.8235  1.0000  1.0000
5.05  4.2906   0.0588  0.3529  0.8235  1.0000  1.0000
4.5915  4.8559   0.0588  0.3529  0.8235  1.0000  1.0000
3.8465  5.5029   0.0000  0.0789  0.4474  0.7632  1.0000
3.2037  6.1763   0.0000  0.0789  0.4474  0.7632  1.0000
3.075  6.7966   0.0000  0.0789  0.4474  0.7632  1.0000
3.6211  7.2886   0.0000  0.0000  0.0714  0.2857  0.8929
4.5962  7.6049   0.0000  0.0000  0.0714  0.2857  0.8929
5.4205  7.7356   0.0000  0.0000  0.0714  0.2857  0.8929
5.468  7.7015   0.0000  0.0000  0.0714  0.2857  0.8929
4.4253  7.5378   0.0000  0.0000  0.0714  0.2857  0.8929
2.5252  7.2787   0.0000  0.0000  0.0714  0.2857  0.8929
0.5066  6.9544   0.0000  0.0789  0.4474  0.7632  1.0000
-0.7044  6.6019   0.0000  0.0789  0.4474  0.7632  1.0000
-0.4474  6.2828   0.0000  0.0789  0.4474  0.7632  1.0000
1.316  6.0943   0.0000  0.0789  0.4474  0.7632  1.0000
3.9334  6.1608   0.0000  0.0789  0.4474  0.7632  1.0000
6.3323  6.5994   0.0000  0.0789  0.4474  0.7632  1.0000
7.5051  7.4682   0.0000  0.0000  0.0714  0.2857  0.8929
6.972  8.7172   0.0000  0.0000  0.0714  0.2857  0.8929
4.9923  10.1643   0.0000  0.0000  0.0000  0.0000  0.4000
2.4231  11.5171   0.0000  0.0000  0.0000  0.0000  0.4000
0.3028  12.4411   0.0000  0.0000  0.0000  0.0000  0.4000
-0.6254  12.6596   0.0000  0.0000  0.0000  0.0000  0.4000
-0.2128  12.0514   0.0000  0.0000  0.0000  0.0000  0.4000
1.1083  10.7096   0.0000  0.0000  0.0000  0.0000  0.4000
2.6201  8.9358   0.0000  0.0000  0.0714  0.2857  0.8929
3.7199  7.1626   0.0000  0.0000  0.0714  0.2857  0.8929
4.2091  5.8266   0.0000  0.0789  0.4474  0.7632  1.0000
4.3279  5.2327   0.0000  0.0789  0.4474  0.7632  1.0000
4.5413  5.4575   0.0000  0.0789  0.4474  0.7632  1.0000
5.2185  6.3269   0.0000  0.0789  0.4474  0.7632  1.0000
6.3969  7.479   0.0000  0.0000  0.0714  0.2857  0.8929
7.7597  8.4912   0.0000  0.0000  0.0714  0.2857  0.8929
8.8264  9.0278   0.0000  0.0000  0.0714  0.2857  0.8929
9.2313  8.9546   0.0000  0.0000  0.0714  0.2857  0.8929
8.9199  8.3801   0.0000  0.0000  0.0714  0.2857  0.8929
8.1528  7.6079   0.0000  0.0000  0.0714  0.2857  0.8929
7.3229  7.0181   0.0000  0.0000  0.0714  0.2857  0.8929
6.7108  6.9222   0.0000  0.0789  0.4474  0.7632  1.0000
6.3328  7.4447   0.0000  0.0000  0.0714  0.2857  0.8929
8.8239  3.0616   0.0588  0.3529  0.8235  1.0000  1.0000
8.3231  2.3428   0.1538  0.5769  0.9615  1.0000  1.0000
7.5099  2.0004   0.1538  0.5769  0.9615  1.0000  1.0000
6.4267  2.0428   0.1538  0.5769  0.9615  1.0000  1.0000
5.2528  2.348   0.1538  0.5769  0.9615  1.0000  1.0000
4.2964  2.7262   0.1538  0.5769  0.9615  1.0000  1.0000
3.8699  3.0038   0.0588  0.3529  0.8235  1.0000  1.0000
4.112  3.0952   0.0588  0.3529  0.8235  1.0000  1.0000
4.8716  3.0348   0.0588  0.3529  0.8235  1.0000  1.0000
5.7413  2.9578   0.1538  0.5769  0.9615  1.0000  1.0000
6.2458  3.04   0.0588  0.3529  0.8235  1.0000  1.0000
6.0899  3.4203   0.0588  0.3529  0.8235  1.0000  1.0000
5.326  4.138   0.0588  0.3529  0.8235  1.0000  1.0000
4.3364  5.1079   0.0000  0.0789  0.4474  0.7632  1.0000
3.6257  6.1424   0.0000  0.0789  0.4474  0.7632  1.0000
3.5315  7.0113   0.0000  0.0000  0.0714  0.2857  0.8929
4.0194  7.5162   0.0000  0.0000  0.0714  0.2857  0.8929
4.6859  7.5528   0.0000  0.0000  0.0714  0.2857  0.8929
4.983  7.1419   0.0000  0.0000  0.0714  0.2857  0.8929
4.5475  6.4197   0.0000  0.0789  0.4474  0.7632  1.0000
3.4489  5.5968   0.0000  0.0789  0.4474  0.7632  1.0000
2.2057  4.9019   0.0588  0.3529  0.8235  1.0000  1.0000
1.5404  4.5294   0.0588  0.3529  0.8235  1.0000  1.0000
1.9906  4.6042   0.0588  0.3529  0.8235  1.0000  1.0000
3.583  5.1678   0.0000  0.0789  0.4474  0.7632  1.0000
5.7519  6.1802   0.0000  0.0789  0.4474  0.7632  1.0000
7.5646  7.5314   0.0000  0.0000  0.0714  0.2857  0.8929
8.1509  9.0527   0.0000  0.0000  0.0714  0.2857  0.8929
7.1233  10.5318   0.0000  0.0000  0.0000  0.0000  0.4000
4.7754  11.7329   0.0000  0.0000  0.0000  0.0000  0.4000
1.9562  12.4291   0.0000  0.0000  0.0000  0.0000  0.4000
-0.3166  12.4492   0.0000  0.0000  0.0000  0.0000  0.4000
-1.3067  11.7286   0.0000  0.0000  0.0000  0.0000  0.4000
-0.8522  10.3501   0.0000  0.0000  0.0000  0.0000  0.4000
0.6332  8.5531   0.0000  0.0000  0.0714  0.2857  0.8929
2.4285  6.6994   0.0000  0.0789  0.4474  0.7632  1.0000
3.886  5.1939   0.0000  0.0789  0.4474  0.7632  1.0000
4.7213  4.3793   0.0588  0.3529  0.8235  1.0000  1.0000
5.0726  4.4352   0.0588  0.3529  0.8235  1.0000  1.0000
5.327  5.3173   0.0000  0.0789  0.4474  0.7632  1.0000
5.8362  6.7621   0.0000  0.0789  0.4474  0.7632  1.0000
6.6939  8.3607   0.0000  0.0000  0.0714  0.2857  0.8929
7.696  9.6831   0.0000  0.0000  0.0714  0.2857  0.8929
8.4889  10.4124   0.0000  0.0000  0.0000  0.0000  0.4000
8.7986  10.4427   0.0000  0.0000  0.0000  0.0000  0.4000
8.5949  9.9063   0.0000  0.0000  0.0714  0.2857  0.8929
8.0914  9.1189   0.0000  0.0000  0.0714  0.2857  0.8929
7.5916  8.4617   0.0000  0.0000  0.0714  0.2857  0.8929
7.2886  8.2417   0.0000  0.0000  0.0714  0.2857  0.8929
7.1521  8.5822   0.0000  0.0000  0.0714  0.2857  0.8929
7.2077  1.8862   0.1538  0.5769  0.9615  1.0000  1.0000
6.3835  1.4633   0.1538  0.5769  0.9615  1.0000  1.0000
5.5346  1.4419   0.1538  0.5769  0.9615  1.0000  1.0000
4.6549  1.7491   0.1538  0.5769  0.9615  1.0000  1.0000
3.8444  2.1939   0.1538  0.5769  0.9615  1.0000  1.0000
3.335  2.55   0.1538  0.5769  0.9615  1.0000  1.0000
3.3828  2.652   0.1538  0.5769  0.9615  1.0000  1.0000
4.0879  2.4656   0.1538  0.5769  0.9615  1.0000  1.0000
5.2608  2.1059   0.1538  0.5769  0.9615  1.0000  1.0000
6.4421  1.7951   0.1538  0.5769  0.9615  1.0000  1.0000
7.0922  1.7741   0.1538  0.5769  0.9615  1.0000  1.0000
6.8612  2.2027   0.1538  0.5769  0.9615  1.0000  1.0000
5.7915  3.0855   0.0588  0.3529  0.8235  1.0000  1.0000
4.3265  4.2537   0.0588  0.3529  0.8235  1.0000  1.0000
3.1061  5.4109   0.0000  0.0789  0.4474  0.7632  1.0000
2.6464  6.2281   0.0000  0.0789  0.4474  0.7632  1.0000
3.0771  6.4552   0.0000  0.0789  0.4474  0.7632  1.0000
4.0818  6.0094   0.0000  0.0789  0.4474  0.7632  1.0000
5.0816  5.01   0.0000  0.0789  0.4474  0.7632  1.0000
5.5635  3.7486   0.0588  0.3529  0.8235  1.0000  1.0000
5.3734  2.6057   0.1538  0.5769  0.9615  1.0000  1.0000
4.8045  1.9421   0.1538  0.5769  0.9615  1.0000  1.0000
4.427  2.0008   0.1538  0.5769  0.9615  1.0000  1.0000
4.7448  2.8478   0.1538  0.5769  0.9615  1.0000  1.0000
5.8711  4.3661   0.0588  0.3529  0.8235  1.0000  1.0000
7.4053  6.2971   0.0000  0.0789  0.4474  0.7632  1.0000
8.5932  8.3108   0.0000  0.0000  0.0714  0.2857  0.8929
8.6961  10.0808   0.0000  0.0000  0.0000  0.0000  0.4000
7.3789  11.3442   0.0000  0.0000  0.0000  0.0000  0.4000
4.9126  11.9361   0.0000  0.0000  0.0000  0.0000  0.4000
2.0825  11.8004   0.0000  0.0000  0.0000  0.0000  0.4000
-0.1559  10.9848   0.0000  0.0000  0.0000  0.0000  0.4000
-1.0979  9.6285   0.0000  0.0000  0.0714  0.2857  0.8929
-0.5791  7.9467   0.0000  0.0000  0.0714  0.2857  0.8929
1.0035  6.2085   0.0000  0.0789  0.4474  0.7632  1.0000
2.93  4.7055   0.0588  0.3529  0.8235  1.0000  1.0000
4.5193  3.7052   0.0588  0.3529  0.8235  1.0000  1.0000
5.4223  3.3967   0.0588  0.3529  0.8235  1.0000  1.0000
5.7081  3.84   0.0588  0.3529  0.8235  1.0000  1.0000
5.727  4.9392   0.0588  0.3529  0.8235  1.0000  1.0000
5.8537  6.4526   0.0000  0.0789  0.4474  0.7632  1.0000
6.2669  8.0476   0.0000  0.0000  0.0714  0.2857  0.8929
6.883  9.3868   0.0000  0.0000  0.0714  0.2857  0.8929
7.4599  10.2223   0.0000  0.0000  0.0000  0.0000  0.4000
7.7843  10.4657   0.0000  0.0000  0.0000  0.0000  0.4000
7.8136  10.2091   0.0000  0.0000  0.0000  0.0000  0.4000
7.6871  9.6861   0.0000  0.0000  0.0714  0.2857  0.8929
7.6076  9.1858   0.0000  0.0000  0.0714  0.2857  0.8929
7.6843  8.9485   0.0000  0.0000  0.0714  0.2857  0.8929
7.8502  9.0829   0.0000  0.0000  0.0714  0.2857  0.8929
5.8857  0.8674   0.5556  0.7778  1.0000  1.0000  1.0000
5.129  0.7347   0.5556  0.7778  1.0000  1.0000  1.0000
4.629  0.8977   0.5556  0.7778  1.0000  1.0000  1.0000
4.2472  1.2383   0.1538  0.5769  0.9615  1.0000  1.0000
3.9427  1.5722   0.1538  0.5769  0.9615  1.0000  1.0000
3.8427  1.727   0.1538  0.5769  0.9615  1.0000  1.0000
4.1537  1.6186   0.1538  0.5769  0.9615  1.0000  1.0000
4.9707  1.294   0.1538  0.5769  0.9615  1.0000  1.0000
6.1194  0.9237   0.5556  0.7778  1.0000  1.0000  1.0000
7.1519  0.7403   0.5556  0.7778  1.0000  1.0000  1.0000
7.5312  0.9457   0.5556  0.7778  1.0000  1.0000  1.0000
6.9158  1.6196   0.1538  0.5769  0.9615  1.0000  1.0000
5.386  2.6677   0.1538  0.5769  0.9615  1.0000  1.0000
3.4701  3.8307   0.0588  0.3529  0.8235  1.0000  1.0000
1.9314  4.7577   0.0588  0.3529  0.8235  1.0000  1.0000
1.4147  5.1218   0.0000  0.0789  0.4474  0.7632  1.0000
2.132  4.7377   0.0588  0.3529  0.8235  1.0000  1.0000
3.7593  3.6406   0.0588  0.3529  0.8235  1.0000  1.0000
5.6041  2.0957   0.1538  0.5769  0.9615  1.0000  1.0000
6.9589  0.5327   0.5556  0.7778  1.0000  1.0000  1.0000
7.4533  -0.576   0.5556  0.7778  1.0000  1.0000  1.0000
7.2153  -0.8529   0.5556  0.7778  1.0000  1.0000  1.0000
6.7572  -0.1264   0.5556  0.7778  1.0000  1.0000  1.0000
6.6505  1.5225   0.1538  0.5769  0.9615  1.0000  1.0000
7.1723  3.7871   0.0588  0.3529  0.8235  1.0000  1.0000
8.1205  6.2259   0.0000  0.0789  0.4474  0.7632  1.0000
8.9038  8.3831   0.0000  0.0000  0.0714  0.2857  0.8929
8.8607  9.9013   0.0000  0.0000  0.0714  0.2857  0.8929
7.6362  10.5933   0.0000  0.0000  0.0000  0.0000  0.4000
5.4117  10.4572   0.0000  0.0000  0.0000  0.0000  0.4000
2.8616  9.6416   0.0000  0.0000  0.0714  0.2857  0.8929
0.8569  8.3817   0.0000  0.0000  0.0714  0.2857  0.8929
0.0686  6.9319   0.0000  0.0789  0.4474  0.7632  1.0000
0.6718  5.5172   0.0000  0.0789  0.4474  0.7632  1.0000
2.2959  4.3117   0.0588  0.3529  0.8235  1.0000  1.0000
4.2322  3.4389   0.0588  0.3529  0.8235  1.0000  1.0000
5.7776  2.981   0.1538  0.5769  0.9615  1.0000  1.0000
6.5373  2.9836   0.1538  0.5769  0.9615  1.0000  1.0000
6.5386  3.4488   0.0588  0.3529  0.8235  1.0000  1.0000
6.1284  4.3221   0.0588  0.3529  0.8235  1.0000  1.0000
5.7339  5.4832   0.0000  0.0789  0.4474  0.7632  1.0000
5.6348  6.7537   0.0000  0.0789  0.4474  0.7632  1.0000
5.8646  7.9282   0.0000  0.0000  0.0714  0.2857  0.8929
6.2701  8.8215   0.0000  0.0000  0.0714  0.2857  0.8929
6.6652  9.3195   0.0000  0.0000  0.0714  0.2857  0.8929
6.9647  9.4114   0.0000  0.0000  0.0714  0.2857  0.8929
7.2158  9.1913   0.0000  0.0000  0.0714  0.2857  0.8929
7.5188  8.8234   0.0000  0.0000  0.0714  0.2857  0.8929
7.9101  8.4855   0.0000  0.0000  0.0714  0.2857  0.8929
8.2997  8.3095   0.0000  0.0000  0.0714  0.2857  0.8929
5.0571  0.7313   0.5556  0.7778  1.0000  1.0000  1.0000
4.8691  0.7028   0.5556  0.7778  1.0000  1.0000  1.0000
5.1102  0.7657   0.5556  0.7778  1.0000  1.0000  1.0000
5.4412  0.8309   0.5556  0.7778  1.0000  1.0000  1.0000
5.6539  0.8063   0.5556  0.7778  1.0000  1.0000  1.0000
5.7876  0.6424   0.5556  0.7778  1.0000  1.0000  1.0000
6.049  0.3663   0.5556  0.7778  1.0000  1.0000  1.0000
6.5968  0.0874   0.5556  0.7778  1.0000  1.0000  1.0000
7.3429  -0.0327   0.5556  0.7778  1.0000  1.0000  1.0000
7.9142  0.1604   0.5556  0.7778  1.0000  1.0000  1.0000
7.8229  0.7441   0.5556  0.7778  1.0000  1.0000  1.0000
6.7615  1.6658   0.1538  0.5769  0.9615  1.0000  1.0000
4.8492  2.7299   0.1538  0.5769  0.9615  1.0000  1.0000
2.6709  3.6386   0.0588  0.3529  0.8235  1.0000  1.0000
1.0589  4.0769   0.0588  0.3529  0.8235  1.0000  1.0000
0.7115  3.8197   0.0588  0.3529  0.8235  1.0000  1.0000
1.8435  2.8227   0.1538  0.5769  0.9615  1.0000  1.0000
4.0593  1.2648   0.1538  0.5769  0.9615  1.0000  1.0000
6.525  -0.4805   0.5556  0.7778  1.0000  1.0000  1.0000
8.3594  -1.9386   0.5556  0.7778  1.0000  1.0000  1.0000
9.0446  -2.6684   0.5556  0.7778  1.0000  1.0000  1.0000
8.6436  -2.394   0.5556  0.7778  1.0000  1.0000  1.0000
7.7152  -1.091   0.5556  0.7778  1.0000  1.0000  1.0000
6.9771  1.0014   0.1538  0.5769  0.9615  1.0000  1.0000
6.9028  3.448   0.0588  0.3529  0.8235  1.0000  1.0000
7.4684  5.7419   0.0000  0.0789  0.4474  0.7632  1.0000
8.1834  7.445   0.0000  0.0000  0.0714  0.2857  0.8929
8.3833  8.3002   0.0000  0.0000  0.0714  0.2857  0.8929
7.6193  8.2804   0.0000  0.0000  0.0714  0.2857  0.8929
5.9347  7.5646   0.0000  0.0000  0.0714  0.2857  0.8929
3.8765  6.4558   0.0000  0.0789  0.4474  0.7632  1.0000
2.24  5.2737   0.0000  0.0789  0.4474  0.7632  1.0000
1.6821  4.2627   0.0588  0.3529  0.8235  1.0000  1.0000
2.4064  3.5431   0.0588  0.3529  0.8235  1.0000  1.0000
4.0783  3.1172   0.0588  0.3529  0.8235  1.0000  1.0000
6.0013  2.9173   0.1538  0.5769  0.9615  1.0000  1.0000
7.4527  2.8689   0.1538  0.5769  0.9615  1.0000  1.0000
8.0009  2.9398   0.1538  0.5769  0.9615  1.0000  1.0000
7.6516  3.1538   0.0588  0.3529  0.8235  1.0000  1.0000
6.7729  3.5669   0.0588  0.3529  0.8235  1.0000  1.0000
5.8643  4.2191   0.0588  0.3529  0.8235  1.0000  1.0000
5.3117  5.089   0.0000  0.0789  0.4474  0.7632  1.0000
5.2497  6.0727   0.0000  0.0789  0.4474  0.7632  1.0000
5.5827  7.0001   0.0000  0.0000  0.0714  0.2857  0.8929
6.1147  7.6849   0.0000  0.0000  0.0714  0.2857  0.8929
6.688  7.9876   0.0000  0.0000  0.0714  0.2857  0.8929
7.2447  7.8668   0.0000  0.0000  0.0714  0.2857  0.8929
7.7891  7.3988   0.0000  0.0000  0.0714  0.2857  0.8929
8.3033  6.7563   0.0000  0.0789  0.4474  0.7632  1.0000
8.6957  6.1557   0.0000  0.0789  0.4474  0.7632  1.0000
4.6245  1.8179   0.1538  0.5769  0.9615  1.0000  1.0000
5.3808  1.6654   0.1538  0.5769  0.9615  1.0000  1.0000
6.5639  1.3873   0.1538  0.5769  0.9615  1.0000  1.0000
7.6131  0.9884   0.5556  0.7778  1.0000  1.0000  1.0000
8.1815  0.5129   0.5556  0.7778  1.0000  1.0000  1.0000
8.285  0.0432   0.5556  0.7778  1.0000  1.0000  1.0000
8.2103  -0.3112   0.5556  0.7778  1.0000  1.0000  1.0000
8.2545  -0.4368   0.5556  0.7778  1.0000  1.0000  1.0000
8.4707  -0.2478   0.5556  0.7778  1.0000  1.0000  1.0000
8.5877  0.2793   0.5556  0.7778  1.0000  1.0000  1.0000
8.167  1.0799   0.1538  0.5769  0.9615  1.0000  1.0000
6.9096  1.9961   0.1538  0.5769  0.9615  1.0000  1.0000
4.927  2.8001   0.1538  0.5769  0.9615  1.0000  1.0000
2.7992  3.2464   0.0588  0.3529  0.8235  1.0000  1.0000
1.3573  3.1428   0.0588  0.3529  0.8235  1.0000  1.0000
1.2861  2.4189   0.1538  0.5769  0.9615  1.0000  1.0000
2.7548  1.1697   0.1538  0.5769  0.9615  1.0000  1.0000
5.281  -0.3458   0.5556  0.7778  1.0000  1.0000  1.0000
7.9177  -1.7582   0.5556  0.7778  1.0000  1.0000  1.0000
9.6806  -2.6821   0.5556  0.7778  1.0000  1.0000  1.0000
10.0027  -2.8273   0.5556  0.7778  1.0000  1.0000  1.0000
8.9842  -2.0893   0.5556  0.7778  1.0000  1.0000  1.0000
7.3079  -0.5906   0.5556  0.7778  1.0000  1.0000  1.0000
5.87  1.3458   0.1538  0.5769  0.9615  1.0000  1.0000
5.3195  3.2857   0.0588  0.3529  0.8235  1.0000  1.0000
5.747  4.8078   0.0588  0.3529  0.8235  1.0000  1.0000
6.6796  5.624   0.0000  0.0789  0.4474  0.7632  1.0000
7.3738  5.6563   0.0000  0.0789  0.4474  0.7632  1.0000
7.2411  5.045   0.0000  0.0789  0.4474  0.7632  1.0000
6.1783  4.0867   0.0588  0.3529  0.8235  1.0000  1.0000
4.6275  3.1265   0.0588  0.3529  0.8235  1.0000  1.0000
3.3452  2.4426   0.1538  0.5769  0.9615  1.0000  1.0000
3.0069  2.1647   0.1538  0.5769  0.9615  1.0000  1.0000
3.8611  2.253   0.1538  0.5769  0.9615  1.0000  1.0000
5.6073  2.5425   0.1538  0.5769  0.9615  1.0000  1.0000
7.5513  2.8302   0.1538  0.5769  0.9615  1.0000  1.0000
8.9431  2.9701   0.1538  0.5769  0.9615  1.0000  1.0000
9.3196  2.936   0.1538  0.5769  0.9615  1.0000  1.0000
8.6822  2.8291   0.1538  0.5769  0.9615  1.0000  1.0000
7.441  2.8264   0.1538  0.5769  0.9615  1.0000  1.0000
6.1803  3.0948   0.0588  0.3529  0.8235  1.0000  1.0000
5.3839  3.7052   0.0588  0.3529  0.8235  1.0000  1.0000
5.2582  4.5834   0.0588  0.3529  0.8235  1.0000  1.0000
5.7204  5.5208   0.0000  0.0789  0.4474  0.7632  1.0000
6.5196  6.2414   0.0000  0.0789  0.4474  0.7632  1.0000
7.3951  6.5015   0.0000  0.0789  0.4474  0.7632  1.0000
8.1766  6.1842   0.0000  0.0789  0.4474  0.7632  1.0000
8.7875  5.3534   0.0000  0.0789  0.4474  0.7632  1.0000
9.1856  4.2449   0.0588  0.3529  0.8235  1.0000  1.0000
9.3102  3.1985   0.0588  0.3529  0.8235  1.0000  1.0000
