Back Transform:Simulation output                       
 2
Simulated Value                         
Back Transform
4.524364     19.99319
8.438679     20.00000
7.375324     20.00000
6.342611     20.00000
5.401573     19.99987
5.196208     19.99973
4.683077     19.99680
6.467551     20.00000
3.148301     18.16010
9.589166     20.00000
9.095838     20.00000
5.93597     20.00000
8.532119     20.00000
9.006969     20.00000
4.831061     19.99853
2.941482     16.34051
7.756159     20.00000
1.108427      7.94443
7.738075     20.00000
6.394064     20.00000
2.919246     16.06900
0.01      5.34339
6.073069     20.00000
7.017812     20.00000
6.207911     20.00000
0.01      5.34339
6.082231     20.00000
5.723169     20.00000
5.019412     19.99947
2.380452     11.97303
0.354023      6.46718
9.004709     20.00000
4.883598     19.99880
0.590582      6.98547
8.280171     20.00000
1.402049      9.13511
6.591891     20.00000
0.997641      7.68630
4.121358     19.95780
4.417624     19.98878
10.572813     20.00000
1.444279      9.26593
2.497074     11.98590
8.384528     20.00000
8.512179     20.00000
5.37433     19.99987
3.212685     18.52669
3.24885     18.70177
0.103651      5.70920
7.916618     20.00000
7.052939     20.00000
7.593511     20.00000
7.530624     20.00000
6.526206     20.00000
8.055593     20.00000
2.220466     11.91851
10.83613     20.00000
6.075432     20.00000
3.018293     17.15208
1.949604     10.79817
4.392565     19.98745
7.46433     20.00000
6.713552     20.00000
8.818725     20.00000
11.871164     20.00000
7.221211     20.00000
8.352004     20.00000
7.524829     20.00000
2.472112     11.98315
3.693647     19.75227
4.428211     19.98932
8.175174     20.00000
1.171529      8.39493
12.031573     20.00000
2.776083     13.83621
2.134078     11.86934
3.185286     18.37979
2.006472     11.18498
5.382188     19.99987
5.516974     20.00000
10.683781     20.00000
3.917254     19.89957
8.406916     20.00000
7.317985     20.00000
6.39022     20.00000
0.01      5.34339
6.467955     20.00000
5.631611     20.00000
1.82303     10.21825
7.554567     20.00000
9.017057     20.00000
7.298203     20.00000
5.095948     19.99960
1.737036     10.06189
6.735264     20.00000
2.580595     11.99512
6.473306     20.00000
2.451043     11.98082
2.614301     11.99885
6.682638     20.00000
3.449309     19.37032
0.01      5.34339
8.60053     20.00000
6.756553     20.00000
7.35708     20.00000
1.04501      7.82396
5.285688     19.99987
7.841744     20.00000
6.579565     20.00000
3.628713     19.68082
7.86715     20.00000
4.146092     19.96207
0.330221      6.36704
4.401797     19.98798
3.319751     18.99051
1.360498      9.08923
7.888829     20.00000
1.827635     10.22140
8.7671     20.00000
2.811663     14.47844
4.126904     19.95873
4.462387     19.99092
6.817969     20.00000
3.824893     19.85336
5.145771     19.99973
5.942043     20.00000
2.91236     15.98126
3.008131     17.05512
1.839817     10.22976
0.501582      6.80855
10.050517     20.00000
3.065193     17.56287
6.551061     20.00000
2.504312     11.98670
9.854587     20.00000
6.685104     20.00000
8.343463     20.00000
4.897406     19.99893
8.124754     20.00000
2.708805     12.43502
0.743143      7.27612
8.740466     20.00000
7.631684     20.00000
6.087409     20.00000
4.586571     19.99493
3.832195     19.85764
2.191886     11.90224
4.013194     19.93283
5.570354     20.00000
8.009798     20.00000
4.816609     19.99840
0.534994      6.91638
0.643587      7.10931
2.180171     11.89558
1.669644      9.75026
7.131106     20.00000
8.575027     20.00000
7.576402     20.00000
2.908407     15.93011
1.347526      9.08590
7.584219     20.00000
0.01      5.34339
3.633859     19.68710
0.01      5.34339
3.630991     19.68362
3.004204     17.01680
7.975133     20.00000
1.672553      9.75775
3.824109     19.85296
3.794019     19.83387
2.49154     11.98529
3.911629     19.89730
0.01      5.34339
1.859414     10.28705
4.561622     19.99426
5.403461     19.99987
7.687686     20.00000
7.58799     20.00000
5.524888     20.00000
4.209116     19.97129
2.679067     12.00600
6.436377     20.00000
1.068173      7.85778
6.51905     20.00000
2.612363     11.99863
4.958997     19.99920
8.725119     20.00000
1.000615      7.68931
6.243703     20.00000
4.06507     19.94618
2.851406     15.12361
4.519466     19.99306
10.638871     20.00000
8.915104     20.00000
3.216939     18.54833
2.208787     11.91186
5.587277     20.00000
0.01      5.34339
3.602098     19.64623
5.305304     19.99987
7.905858     20.00000
2.930166     16.20455
3.285777     18.86057
5.9693     20.00000
0.01      5.34339
4.238191     19.97476
6.505015     20.00000
4.312688     19.98197
11.777034     20.00000
11.317441     20.00000
0.792393      7.40181
4.376133     19.98651
3.947974     19.91172
2.089394     11.77102
0.213212      5.88558
8.73583     20.00000
4.539686     19.99372
4.547234     19.99386
10.560779     20.00000
6.359852     20.00000
0.869568      7.52771
2.246228     11.93317
0.27553      6.10727
5.012159     19.99933
3.358079     19.12058
7.346828     20.00000
3.630388     19.68282
7.093671     20.00000
10.813662     20.00000
3.051941     17.45270
4.153192     19.96327
4.752959     19.99773
9.885069     20.00000
2.560269     11.99288
0.01      5.34339
0.01      5.34339
5.130058     19.99973
0.901701      7.60436
2.809561     14.44225
8.571325     20.00000
3.361805     19.13234
5.873276     20.00000
5.748213     20.00000
6.213505     20.00000
3.826814     19.85456
2.33736     11.96827
11.663076     20.00000
4.497686     19.99225
4.701068     19.99706
6.356265     20.00000
7.887247     20.00000
0.01      5.34339
1.547075      9.27870
8.735206     20.00000
8.021141     20.00000
3.769923     19.81704
1.106874      7.93907
6.460392     20.00000
7.632726     20.00000
1.135269      8.12845
6.665875     20.00000
4.872701     19.99880
6.258028     20.00000
5.853108     20.00000
7.345498     20.00000
4.076404     19.94872
6.534428     20.00000
5.763605     20.00000
8.664445     20.00000
5.512483     20.00000
3.381854     19.19323
3.157375     18.21646
5.829903     20.00000
5.101375     19.99960
4.947465     19.99920
4.871649     19.99880
5.234196     19.99987
8.263962     20.00000
0.01      5.34339
8.678717     20.00000
8.22675     20.00000
3.544679     19.55956
2.875558     15.48152
3.145431     18.14194
4.361563     19.98558
4.198893     19.96995
7.128977     20.00000
10.180691     20.00000
1.617532      9.61614
5.903829     20.00000
7.163247     20.00000
1.212665      8.55569
6.601407     20.00000
7.951731     20.00000
6.705227     20.00000
2.799541     14.26677
6.882797     20.00000
4.415644     19.98865
3.456652     19.38715
6.19086     20.00000
4.571776     19.99452
7.070199     20.00000
2.130911     11.86754
0.916592      7.62292
6.170452     20.00000
3.849075     19.86712
9.572387     20.00000
4.876357     19.99880
4.435583     19.98972
9.450319     20.00000
2.877158     15.50449
3.174773     18.31996
4.80958     19.99826
6.255344     20.00000
6.263506     20.00000
10.788968     20.00000
1.966735     10.90414
8.137302     20.00000
2.919355     16.07034
5.702935     20.00000
3.059304     17.51453
5.896159     20.00000
3.229477     18.61056
5.847062     20.00000
8.648389     20.00000
8.89356     20.00000
3.278921     18.83252
9.220551     20.00000
10.964705     20.00000
2.027226     11.33166
6.786418     20.00000
1.968894     10.91940
4.436282     19.98972
4.942889     19.99920
3.405507     19.26001
1.826234     10.22044
1.801683     10.20361
9.93595     20.00000
5.073575     19.99960
0.01      5.34339
3.061905     17.53590
8.019985     20.00000
6.122778     20.00000
0.01      5.34339
0.250863      6.01737
5.384083     19.99987
3.022646     17.19268
4.150605     19.96287
7.600855     20.00000
2.315379     11.96584
6.829509     20.00000
8.506135     20.00000
6.117094     20.00000
3.62566     19.67708
7.157141     20.00000
8.67177     20.00000
8.306834     20.00000
8.875658     20.00000
2.361145     11.97089
2.842864     14.99100
0.01      5.34339
7.366992     20.00000
3.707838     19.76576
8.659068     20.00000
0.01      5.34339
8.131294     20.00000
4.792571     19.99813
5.191528     19.99973
1.467161      9.26785
6.286907     20.00000
4.937353     19.99907
0.733454      7.25254
6.700583     20.00000
3.543137     19.55689
1.193083      8.50816
0.785011      7.37106
9.14417     20.00000
1.499181      9.27107
3.322736     19.00132
2.357818     11.97053
9.378573     20.00000
2.70237     12.28704
0.01      5.34339
7.972765     20.00000
10.857914     20.00000
0.01      5.34339
11.906062     20.00000
2.727528     12.85129
2.369053     11.97177
6.529377     20.00000
5.705742     20.00000
4.889488     19.99893
10.29598     20.00000
3.169677     18.29018
6.55861     20.00000
8.927662     20.00000
1.381611      9.09465
8.402659     20.00000
9.35329     20.00000
2.513509     11.98772
6.323538     20.00000
2.936748     16.28415
1.62146      9.62625
4.992063     19.99933
6.930566     20.00000
4.21716     19.97222
4.15006     19.96274
0.533304      6.91253
0.907473      7.62031
10.688001     20.00000
6.875974     20.00000
3.648916     19.70486
3.071578     17.61442
8.830271     20.00000
6.676398     20.00000
6.796289     20.00000
8.513427     20.00000
8.131325     20.00000
3.625885     19.67735
5.085898     19.99960
6.959871     20.00000
1.800746     10.20296
3.76956     19.81677
3.143867     18.13192
3.857765     19.87179
2.533505     11.98993
6.110244     20.00000
4.86287     19.99866
7.852664     20.00000
5.862205     20.00000
6.080297     20.00000
6.211144     20.00000
5.16132     19.99973
1.222186      8.57880
4.373572     19.98624
3.251048     18.71179
1.740369     10.07867
1.01344      7.70229
6.603608     20.00000
5.95204     20.00000
2.421492     11.97756
5.682462     20.00000
7.177566     20.00000
1.839107     10.22927
2.072084     11.64869
5.579056     20.00000
5.958692     20.00000
6.675995     20.00000
4.930569     19.99907
5.473687     20.00000
7.017442     20.00000
8.44736     20.00000
1.482353      9.26913
4.875487     19.99880
1.219744      8.57287
3.925924     19.90318
8.641731     20.00000
4.992565     19.99933
5.326616     19.99987
2.47511     11.98348
6.271152     20.00000
1.515277      9.27363
9.78709     20.00000
0.01      5.34339
7.061625     20.00000
10.984121     20.00000
0.769313      7.32984
0.253529      6.02498
10.487332     20.00000
6.684757     20.00000
4.85239     19.99866
0.01      5.34339
4.444325     19.99012
7.598011     20.00000
3.366084     19.14569
2.724102     12.77663
0.01      5.34339
3.368483     19.15317
0.01      5.34339
11.81007     20.00000
8.782465     20.00000
1.908668     10.56618
5.344105     19.99987
4.554266     19.99412
0.316738      6.23917
0.453673      6.70540
2.791098     14.11506
8.442545     20.00000
9.138946     20.00000
7.922083     20.00000
6.540768     20.00000
13.337211     20.00000
4.253254     19.97636
4.382759     19.98691
3.480663     19.43950
4.673922     19.99666
2.985833     16.83156
8.981541     20.00000
9.881984     20.00000
7.834728     20.00000
3.312475     18.96393
0.835724      7.46997
4.363128     19.98558
6.293026     20.00000
0.632285      7.09060
4.098154     19.95326
9.138747     20.00000
3.500629     19.47996
4.928477     19.99907
1.655651      9.71425
5.466715     20.00000
8.701395     20.00000
8.47038     20.00000
3.445095     19.36030
9.000412     20.00000
6.453401     20.00000
7.137936     20.00000
2.274622     11.94934
4.286786     19.97970
3.367146     19.14903
3.301745     18.92347
1.691419      9.83224
6.036709     20.00000
1.643517      9.68302
1.944733     10.77057
6.083568     20.00000
12.042747     20.00000
0.01      5.34339
2.780897     13.92689
4.656715     19.99640
4.78051     19.99800
2.71037     12.47067
6.069375     20.00000
4.101565     19.95406
0.01      5.34339
8.956669     20.00000
10.529807     20.00000
6.239615     20.00000
1.243461      8.63379
2.146821     11.87659
9.530965     20.00000
6.890537     20.00000
5.5688     20.00000
4.798207     19.99826
5.575565     20.00000
10.584531     20.00000
6.139695     20.00000
1.172004      8.39810
8.620435     20.00000
3.525821     19.52697
5.750402     20.00000
10.316838     20.00000
4.424323     19.98918
7.055026     20.00000
4.734785     19.99760
6.75485     20.00000
6.607285     20.00000
10.023379     20.00000
4.865255     19.99866
5.046962     19.99947
6.643532     20.00000
4.423201     19.98905
4.746304     19.99773
8.546214     20.00000
0.772753      7.33579
10.376992     20.00000
7.501671     20.00000
0.01      5.34339
3.888513     19.88702
5.145251     19.99973
4.953226     19.99920
6.716302     20.00000
8.010764     20.00000
5.861425     20.00000
4.855545     19.99866
7.096792     20.00000
7.039895     20.00000
5.511676     20.00000
7.685578     20.00000
4.619792     19.99573
4.160314     19.96434
2.078031     11.69072
3.510473     19.49879
7.692202     20.00000
1.967668     10.91074
5.683381     20.00000
6.16352     20.00000
4.433425     19.98958
7.342643     20.00000
0.862886      7.51885
7.755876     20.00000
0.499269      6.79879
5.827089     20.00000
4.058559     19.94471
2.674149     12.00546
8.43385     20.00000
5.288954     19.99987
4.674461     19.99666
3.821409     19.85136
6.58938     20.00000
4.227013     19.97342
10.20251     20.00000
0.01      5.34339
0.01      5.34339
4.117415     19.95700
4.521111     19.99306
4.943215     19.99920
7.798941     20.00000
9.190332     20.00000
8.156542     20.00000
11.430645     20.00000
4.299894     19.98090
10.521396     20.00000
5.483952     20.00000
7.007897     20.00000
4.324234     19.98291
5.116061     19.99960
6.97821     20.00000
0.01      5.34339
8.237165     20.00000
5.69856     20.00000
3.648867     19.70486
8.863137     20.00000
8.704149     20.00000
8.618519     20.00000
1.112072      7.95700
3.882937     19.88435
8.418438     20.00000
9.874456     20.00000
0.01      5.34339
1.534939      9.27677
7.139017     20.00000
7.638284     20.00000
0.01      5.34339
6.217109     20.00000
5.937693     20.00000
3.944002     19.91026
6.717902     20.00000
6.830263     20.00000
4.3316     19.98344
3.245161     18.68481
6.690274     20.00000
5.831418     20.00000
0.680804      7.13627
3.418699     19.29500
6.623239     20.00000
5.165111     19.99973
3.56694     19.59535
6.242927     20.00000
4.037961     19.93950
5.503732     20.00000
4.801781     19.99826
7.14697     20.00000
3.197589     18.44737
12.182298     20.00000
6.160951     20.00000
2.446612     11.98033
3.82588     19.85403
8.476534     20.00000
9.184767     20.00000
3.347956     19.08786
5.069155     19.99960
5.999857     20.00000
8.983885     20.00000
1.755798     10.15635
4.085138     19.95059
7.192899     20.00000
2.411379     11.97644
7.812425     20.00000
6.807724     20.00000
5.8933     20.00000
4.330197     19.98331
5.102442     19.99960
8.257064     20.00000
8.463912     20.00000
8.19736     20.00000
3.424062     19.30875
1.127154      8.06118
7.710977     20.00000
12.411506     20.00000
5.850344     20.00000
3.195293     18.43495
1.782685     10.19058
5.173101     19.99973
5.59594     20.00000
5.738494     20.00000
6.840838     20.00000
6.00325     20.00000
10.353286     20.00000
3.99859     19.92855
5.877411     20.00000
5.482927     20.00000
5.834326     20.00000
8.550616     20.00000
4.935777     19.99907
12.920471     20.00000
9.232477     20.00000
2.68277     12.00641
7.14377     20.00000
7.451666     20.00000
4.254375     19.97650
6.731975     20.00000
2.894693     15.74809
7.198158     20.00000
6.237678     20.00000
7.350876     20.00000
4.570763     19.99452
9.097196     20.00000
3.691339     19.75000
4.389652     19.98731
4.576496     19.99466
7.791438     20.00000
7.264622     20.00000
5.290091     19.99987
6.412177     20.00000
7.552669     20.00000
6.09905     20.00000
4.66351     19.99653
5.743611     20.00000
7.08812     20.00000
3.994099     19.92722
9.844672     20.00000
4.202059     19.97035
5.511897     20.00000
7.80795     20.00000
3.439922     19.34802
3.332019     19.03404
0.323517      6.30025
9.092337     20.00000
8.923292     20.00000
6.201606     20.00000
1.720852      9.98041
4.112415     19.95606
2.353694     11.97007
4.41779     19.98878
1.766011     10.17914
3.831415     19.85724
4.794535     19.99813
8.083264     20.00000
4.381083     19.98678
8.109612     20.00000
2.360737     11.97085
10.199473     20.00000
10.486287     20.00000
6.56547     20.00000
0.01      5.34339
1.767087     10.17988
5.94401     20.00000
3.197442     18.44656
1.739484     10.07421
3.764699     19.81317
9.242755     20.00000
4.592087     19.99506
6.044308     20.00000
9.589603     20.00000
8.215308     20.00000
7.769017     20.00000
10.256776     20.00000
7.736382     20.00000
1.851337     10.24128
10.634626     20.00000
6.29737     20.00000
7.217711     20.00000
8.44964     20.00000
9.889492     20.00000
3.438923     19.34561
6.367748     20.00000
5.987198     20.00000
8.561843     20.00000
4.18363     19.96782
6.215628     20.00000
0.01      5.34339
3.19032     18.40770
3.771672     19.81824
4.091934     19.95206
1.972434     10.94442
5.90284     20.00000
1.814373     10.21231
3.549357     19.56730
9.041654     20.00000
2.342055     11.96879
2.68952     12.00715
4.334893     19.98371
0.01      5.34339
0.01      5.34339
6.022251     20.00000
0.777293      7.34363
6.979733     20.00000
1.154704      8.28267
3.098849     17.82343
4.855661     19.99866
0.973988      7.66523
5.244169     19.99987
5.474694     20.00000
4.851921     19.99866
6.563297     20.00000
3.260407     18.75346
4.35117     19.98478
10.380404     20.00000
5.337638     19.99987
6.232632     20.00000
2.851379     15.12321
6.038921     20.00000
4.653027     19.99640
5.02182     19.99947
0.146156      5.75445
10.009247     20.00000
1.257669      8.67059
5.831464     20.00000
10.669454     20.00000
6.448504     20.00000
3.447896     19.36698
2.511112     11.98745
6.607907     20.00000
3.929258     19.90451
6.49284     20.00000
7.39544     20.00000
3.040032     17.34973
5.8036     20.00000
6.019906     20.00000
8.159932     20.00000
9.939763     20.00000
4.644952     19.99613
0.01      5.34339
0.01      5.34339
3.138104     18.09493
2.853861     15.16114
3.394083     19.22849
2.156296     11.88199
4.728172     19.99746
5.120041     19.99960
8.555237     20.00000
4.46187     19.99092
4.585309     19.99493
5.435268     20.00000
3.966637     19.91827
3.64303     19.69805
4.73421     19.99760
1.453034      9.26666
6.356734     20.00000
2.99695     16.94481
0.592685      6.98773
10.99166     20.00000
3.67653     19.73504
4.826744     19.99840
5.985543     20.00000
2.651012     12.00290
4.441022     19.98998
6.676493     20.00000
6.667871     20.00000
5.549493     20.00000
10.348332     20.00000
0.01      5.34339
4.181897     19.96755
0.01      5.34339
5.677227     20.00000
1.057497      7.85715
8.922886     20.00000
6.510667     20.00000
7.830318     20.00000
0.873938      7.53351
5.854703     20.00000
2.695914     12.13600
1.482741      9.26916
4.944062     19.99920
6.034618     20.00000
0.483453      6.75837
0.452693      6.70355
3.616786     19.66573
2.717643     12.63414
5.681635     20.00000
2.422001     11.97761
4.63392     19.99599
0.01      5.34339
5.445389     20.00000
6.368706     20.00000
0.01      5.34339
2.24933     11.93494
0.89213      7.57638
6.688544     20.00000
1.132877      8.10862
6.035707     20.00000
1.937534     10.72977
5.827165     20.00000
3.832474     19.85777
6.290553     20.00000
6.22898     20.00000
6.764321     20.00000
2.577006     11.99473
6.470248     20.00000
8.633555     20.00000
5.12005     19.99960
12.042139     20.00000
6.654945     20.00000
5.636578     20.00000
7.268093     20.00000
6.096732     20.00000
2.590331     11.99620
4.153293     19.96327
8.305463     20.00000
0.01      5.34339
5.443174     20.00000
6.608456     20.00000
8.974949     20.00000
8.285557     20.00000
6.072199     20.00000
5.142123     19.99973
1.001812      7.69052
7.232913     20.00000
5.346694     19.99987
0.01      5.34339
11.888417     20.00000
7.502592     20.00000
0.01      5.34339
4.556322     19.99412
8.506013     20.00000
3.932654     19.90585
8.478465     20.00000
4.542592     19.99372
3.870359     19.87820
8.422352     20.00000
4.671917     19.99666
7.867825     20.00000
1.653964      9.70991
3.845503     19.86512
8.209352     20.00000
4.246612     19.97569
5.334614     19.99987
6.351517     20.00000
7.162973     20.00000
2.752469     13.37359
2.254025     11.93761
6.558673     20.00000
8.352843     20.00000
6.35464     20.00000
2.668984     12.00488
0.485656      6.76184
3.864462     19.87527
6.422636     20.00000
3.576696     19.61004
0.01      5.34339
7.666515     20.00000
7.924764     20.00000
9.271517     20.00000
5.154598     19.99973
6.672165     20.00000
3.253696     18.72368
3.840228     19.86218
11.726593     20.00000
4.32521     19.98291
7.597117     20.00000
4.577465     19.99466
0.134924      5.74508
3.922165     19.90171
9.625994     20.00000
0.469419      6.73506
4.687773     19.99693
1.614036      9.60714
10.05702     20.00000
4.355795     19.98518
6.288191     20.00000
5.844886     20.00000
0.725776      7.22876
4.685967     19.99693
9.571695     20.00000
5.049038     19.99947
10.459769     20.00000
10.396067     20.00000
0.911538      7.62147
6.895083     20.00000
8.07318     20.00000
0.01      5.34339
6.221125     20.00000
0.01      5.34339
6.473887     20.00000
8.796933     20.00000
5.815371     20.00000
8.527144     20.00000
11.043247     20.00000
6.225117     20.00000
0.01      5.34339
7.042345     20.00000
5.535547     20.00000
11.318799     20.00000
2.173059     11.89153
8.018274     20.00000
5.445693     20.00000
2.641562     12.00186
9.50317     20.00000
8.508158     20.00000
7.023201     20.00000
5.185158     19.99973
6.223568     20.00000
6.631893     20.00000
0.834578      7.46766
0.01      5.34339
8.211683     20.00000
6.484821     20.00000
7.585798     20.00000
5.805588     20.00000
9.615981     20.00000
8.686415     20.00000
3.761486     19.81076
7.185566     20.00000
8.744627     20.00000
1.726281     10.00775
0.01      5.34339
4.79087     19.99813
5.142672     19.99973
7.031512     20.00000
3.570677     19.60096
4.847189     19.99853
4.602739     19.99533
6.735441     20.00000
7.348198     20.00000
2.402467     11.97546
7.465994     20.00000
5.81162     20.00000
7.444823     20.00000
5.843065     20.00000
4.412264     19.98851
5.827862     20.00000
1.900757     10.52135
11.751287     20.00000
1.604438      9.56418
3.809663     19.84402
5.501065     20.00000
0.594462      6.98964
5.366164     19.99987
0.403371      6.55264
6.024643     20.00000
7.509642     20.00000
6.290672     20.00000
7.190759     20.00000
7.842615     20.00000
7.26143     20.00000
7.193663     20.00000
6.300414     20.00000
16.353721     20.00000
9.126774     20.00000
0.01      5.34339
8.297871     20.00000
8.580054     20.00000
7.21617     20.00000
2.392729     11.97438
4.362165     19.98558
3.484642     19.44778
0.416004      6.60283
9.405819     20.00000
5.178941     19.99973
10.408501     20.00000
6.27301     20.00000
3.713012     19.77043
4.991082     19.99933
4.503824     19.99252
2.66117     12.00402
4.655076     19.99640
3.76107     19.81036
7.377531     20.00000
7.944216     20.00000
10.744346     20.00000
6.403183     20.00000
0.01      5.34339
5.512363     20.00000
2.484338     11.98450
6.069251     20.00000
4.420501     19.98891
6.464549     20.00000
1.638188      9.66930
2.075758     11.67465
12.184528     20.00000
5.44123     20.00000
11.843934     20.00000
3.559474     19.58360
6.211985     20.00000
6.37654     20.00000
5.68563     20.00000
6.540905     20.00000
4.385425     19.98705
4.289925     19.97997
7.037873     20.00000
4.056895     19.94431
5.304982     19.99987
6.077943     20.00000
8.548086     20.00000
7.483134     20.00000
4.692649     19.99693
7.949701     20.00000
0.374253      6.49658
1.47388      9.26842
5.908394     20.00000
8.484463     20.00000
1.766204     10.17928
4.458363     19.99079
5.787292     20.00000
5.301326     19.99987
7.439982     20.00000
6.750722     20.00000
6.650677     20.00000
6.230147     20.00000
1.552216      9.29494
4.901674     19.99893
0.865155      7.52186
6.246328     20.00000
5.122955     19.99960
3.310161     18.95525
0.548881      6.93950
10.342026     20.00000
6.101411     20.00000
2.205522     11.91000
8.199127     20.00000
1.273592      8.75500
7.057086     20.00000
6.467567     20.00000
6.583582     20.00000
8.429772     20.00000
2.7893     14.08234
1.552409      9.29594
7.162957     20.00000
0.375839      6.49856
6.02116     20.00000
7.641322     20.00000
3.843848     19.86432
7.928995     20.00000
3.566302     19.59428
1.241778      8.62943
6.338879     20.00000
10.078992     20.00000
3.828282     19.85537
0.01      5.34339
8.121147     20.00000
12.072254     20.00000
6.985084     20.00000
6.809327     20.00000
6.315423     20.00000
3.854065     19.86979
4.688844     19.99693
6.435166     20.00000
7.724878     20.00000
5.514958     20.00000
3.635839     19.68950
8.446212     20.00000
0.01      5.34339
6.789335     20.00000
7.912444     20.00000
8.639975     20.00000
2.791774     14.12734
7.445429     20.00000
3.562168     19.58787
6.748198     20.00000
3.439479     19.34695
1.790963     10.19625
7.491684     20.00000
6.110634     20.00000
0.382884      6.50554
5.931461     20.00000
6.428471     20.00000
0.01      5.34339
3.923819     19.90238
6.631554     20.00000
8.356557     20.00000
6.973554     20.00000
4.084853     19.95059
7.298629     20.00000
2.051827     11.50552
5.78201     20.00000
5.211349     19.99973
6.973905     20.00000
3.670376     19.72863
5.219222     19.99973
0.01      5.34339
4.919989     19.99907
5.628818     20.00000
4.5482     19.99399
3.291399     18.88300
6.601131     20.00000
9.118553     20.00000
6.175445     20.00000
3.551788     19.57131
6.476187     20.00000
5.471668     20.00000
4.012079     19.93256
0.01      5.34339
2.364418     11.97126
2.200663     11.90724
10.528146     20.00000
7.965593     20.00000
5.456192     20.00000
6.919555     20.00000
5.616576     20.00000
1.445034      9.26599
1.514225      9.27347
6.280655     20.00000
5.047376     19.99947
5.801818     20.00000
0.666623      7.13358
5.208912     19.99973
7.56987     20.00000
0.01      5.34339
5.710929     20.00000
0.557142      6.95180
4.696558     19.99706
6.041537     20.00000
0.166096      5.77806
2.151254     11.87912
1.084358      7.86141
4.870731     19.99880
5.09236     19.99960
3.228012     18.60335
5.878444     20.00000
4.608954     19.99546
5.04074     19.99947
6.898723     20.00000
5.737746     20.00000
8.248033     20.00000
4.118523     19.95726
7.758869     20.00000
6.135358     20.00000
7.099355     20.00000
4.51472     19.99292
7.209051     20.00000
4.496405     19.99225
8.403777     20.00000
2.285985     11.95580
5.433817     20.00000
1.427081      9.22160
4.516108     19.99292
0.861038      7.51640
4.202146     19.97035
3.513694     19.50480
5.20623     19.99973
3.894656     19.88982
3.458693     19.39182
0.01      5.34339
4.42749     19.98932
6.578362     20.00000
5.724375     20.00000
7.533334     20.00000
5.86875     20.00000
2.766903     13.66006
7.778049     20.00000
5.025382     19.99947
5.948717     20.00000
1.034643      7.77437
0.773543      7.33715
7.266472     20.00000
5.233092     19.99987
5.679672     20.00000
0.175654      5.79441
4.758855     19.99786
0.01      5.34339
6.161342     20.00000
6.723995     20.00000
4.326106     19.98304
2.333929     11.96789
6.738657     20.00000
4.320872     19.98264
7.961928     20.00000
5.246516     19.99987
0.01      5.34339
4.569909     19.99452
10.930152     20.00000
6.04013     20.00000
3.235633     18.64008
5.571412     20.00000
8.865231     20.00000
4.654248     19.99640
4.381847     19.98678
8.317144     20.00000
10.926115     20.00000
5.130208     19.99973
0.34422      6.44883
11.500884     20.00000
4.938724     19.99907
0.574494      6.96836
4.948898     19.99920
7.304361     20.00000
6.058342     20.00000
1.790351     10.19584
4.289319     19.97997
8.165141     20.00000
9.949125     20.00000
10.417861     20.00000
8.234178     20.00000
4.474312     19.99145
4.285273     19.97957
9.866304     20.00000
3.644554     19.69978
6.283783     20.00000
0.807307      7.45009
5.834718     20.00000
7.206295     20.00000
4.816159     19.99840
0.843873      7.48642
1.292475      8.87199
2.525069     11.98899
7.684362     20.00000
8.815197     20.00000
2.492607     11.98541
4.765263     19.99786
5.385661     19.99987
6.217483     20.00000
2.028718     11.34220
4.454918     19.99065
0.01      5.34339
7.028174     20.00000
2.946344     16.39753
6.290471     20.00000
1.5756      9.41550
5.419218     19.99987
8.493717     20.00000
6.407295     20.00000
0.311971      6.21274
9.530049     20.00000
4.098835     19.95339
0.01      5.34339
3.415194     19.28592
4.770872     19.99800
6.213227     20.00000
0.606079      7.02251
6.340982     20.00000
7.205738     20.00000
5.240473     19.99987
3.050423     17.43974
10.732314     20.00000
4.986766     19.99933
5.10155     19.99960
6.703049     20.00000
6.111283     20.00000
8.253759     20.00000
6.41971     20.00000
1.284228      8.82090
9.180494     20.00000
0.562757      6.95716
0.198939      5.83305
0.955936      7.64905
5.675062     20.00000
4.326258     19.98304
8.1412     20.00000
9.654652     20.00000
3.213834     18.53257
6.162276     20.00000
3.052062     17.45377
9.69983     20.00000
7.384241     20.00000
4.537184     19.99359
9.146694     20.00000
2.517073     11.98811
6.251852     20.00000
0.990644      7.67935
0.864472      7.52095
2.865008     15.32834
5.718297     20.00000
5.824909     20.00000
8.151914     20.00000
6.898623     20.00000
3.737751     19.79193
1.009446      7.69824
2.634159     12.00104
6.640946     20.00000
4.893429     19.99893
9.733646     20.00000
1.505867      9.27213
1.119392      7.99683
6.909407     20.00000
1.938987     10.73801
5.28719     19.99987
6.424607     20.00000
2.973641     16.70296
5.923822     20.00000
5.265515     19.99987
6.405679     20.00000
0.186509      5.81650
2.54585     11.99129
9.503182     20.00000
8.528043     20.00000
4.517248     19.99292
2.354136     11.97012
3.12368     17.99891
4.130335     19.95940
3.3455     19.07972
0.01      5.34339
9.032128     20.00000
2.17011     11.88985
9.579383     20.00000
2.276042     11.95014
0.564214      6.95855
6.82435     20.00000
4.960663     19.99920
7.770368     20.00000
0.01      5.34339
11.698615     20.00000
7.68936     20.00000
2.530159     11.98956
3.011739     17.08985
2.379234     11.97289
6.837785     20.00000
2.254631     11.93796
4.918463     19.99907
6.858396     20.00000
6.524509     20.00000
10.345204     20.00000
3.588834     19.62780
3.532392     19.53859
9.165405     20.00000
4.559822     19.99426
8.041875     20.00000
9.579474     20.00000
8.300505     20.00000
5.544812     20.00000
6.410248     20.00000
4.969954     19.99920
5.161218     19.99973
4.142906     19.96154
2.195643     11.90438
2.987014     16.84385
2.600484     11.99732
9.211827     20.00000
2.340214     11.96858
0.01      5.34339
7.833138     20.00000
5.064411     19.99960
8.154347     20.00000
0.489427      6.76778
4.742426     19.99760
9.481073     20.00000
5.363751     19.99987
0.029498      5.34571
4.075156     19.94845
4.682778     19.99680
0.01      5.34339
7.047237     20.00000
5.935598     20.00000
4.073871     19.94818
1.015353      7.70422
3.792934     19.83320
5.685083     20.00000
6.964757     20.00000
3.524307     19.52430
3.596184     19.63822
1.747395     10.11404
8.258982     20.00000
6.189169     20.00000
0.01      5.34339
4.545533     19.99386
7.543453     20.00000
2.491491     11.98529
7.916948     20.00000
3.679796     19.73838
7.767301     20.00000
10.714113     20.00000
5.040738     19.99947
2.005055     11.17496
0.01      5.34339
7.347452     20.00000
0.387675      6.51028
3.758822     19.80862
2.610071     11.99838
8.932631     20.00000
1.943163     10.76167
4.794738     19.99813
3.035076     17.30579
5.042242     19.99947
6.065918     20.00000
6.514145     20.00000
1.367609      9.09106
9.806051     20.00000
7.486893     20.00000
2.720012     12.68675
5.639412     20.00000
1.916683     10.61161
2.611778     11.99857
5.334575     19.99987
4.789947     19.99813
1.450541      9.26645
3.812773     19.84602
9.841086     20.00000
9.845351     20.00000
3.462672     19.40077
3.169416     18.28871
0.01      5.34339
1.533702      9.27657
2.677399     12.00581
6.523644     20.00000
6.13993     20.00000
0.725687      7.22847
8.615578     20.00000
2.509857     11.98731
0.81881      7.45321
6.980708     20.00000
3.028288     17.24463
4.316678     19.98224
2.868379     15.37776
7.820985     20.00000
9.215682     20.00000
3.794298     19.83413
4.111969     19.95606
2.855091     15.17984
2.444519     11.98010
3.64409     19.69925
13.190005     20.00000
2.955998     16.50838
3.449357     19.37032
4.687802     19.99693
6.824279     20.00000
0.845256      7.48921
2.952489     16.46844
4.445988     19.99025
8.337216     20.00000
5.607766     20.00000
7.108855     20.00000
4.342092     19.98424
5.757699     20.00000
6.513791     20.00000
3.697102     19.75561
0.756233      7.30724
11.27156     20.00000
11.277755     20.00000
3.301037     18.92066
4.59401     19.99506
2.855943     15.19279
6.652207     20.00000
11.25735     20.00000
8.670246     20.00000
8.521365     20.00000
5.811424     20.00000
5.558763     20.00000
0.826703      7.45535
7.746342     20.00000
8.993201     20.00000
9.792929     20.00000
5.562963     20.00000
4.007924     19.93136
3.199034     18.45511
0.555995      6.95070
3.652552     19.70900
3.364745     19.14155
8.877692     20.00000
3.612301     19.65999
10.54502     20.00000
7.063137     20.00000
4.378304     19.98664
6.439715     20.00000
6.072878     20.00000
2.105413     11.85302
9.719815     20.00000
4.947846     19.99920
5.759463     20.00000
4.706727     19.99720
6.980555     20.00000
6.06378     20.00000
7.172639     20.00000
4.693515     19.99693
0.714027      7.18979
6.405137     20.00000
6.80988     20.00000
6.326399     20.00000
0.397009      6.52702
7.45146     20.00000
6.686683     20.00000
6.794041     20.00000
5.384384     19.99987
0.01      5.34339
8.601766     20.00000
6.25841     20.00000
7.832309     20.00000
6.470214     20.00000
5.77863     20.00000
10.65752     20.00000
5.120332     19.99960
11.097453     20.00000
1.335618      9.05083
3.640027     19.69457
9.290857     20.00000
8.192855     20.00000
3.96974     19.91934
0.695286      7.15164
5.055512     19.99947
8.380108     20.00000
11.739206     20.00000
3.693615     19.75227
1.540843      9.27771
4.053014     19.94337
1.924273     10.65462
5.716472     20.00000
5.158952     19.99973
2.824494     14.69466
2.268658     11.94594
9.772671     20.00000
4.80231     19.99826
6.446975     20.00000
4.689979     19.99693
0.83233      7.46312
1.82821     10.22180
0.01      5.34339
6.417633     20.00000
4.577849     19.99479
2.280391     11.95262
4.697648     19.99706
7.614639     20.00000
2.746639     13.25474
11.888508     20.00000
4.820926     19.99840
7.134654     20.00000
2.081842     11.71765
2.169542     11.88953
5.762538     20.00000
5.349188     19.99987
7.885173     20.00000
11.650981     20.00000
3.742205     19.79554
9.644712     20.00000
11.984603     20.00000
3.082508     17.70030
3.596883     19.63915
9.545296     20.00000
2.719018     12.66472
3.070014     17.60187
5.459353     20.00000
3.673167     19.73157
2.895485     15.75877
8.616982     20.00000
2.901364     15.83756
0.610854      7.03886
5.95336     20.00000
3.940658     19.90892
8.480158     20.00000
8.715648     20.00000
3.723481     19.77978
13.522086     20.00000
4.368813     19.98598
4.336675     19.98384
3.219195     18.55968
4.088447     19.95139
3.755002     19.80569
7.663547     20.00000
5.391115     19.99987
14.28792     20.00000
4.073006     19.94792
4.395408     19.98758
0.01      5.34339
6.012197     20.00000
5.236617     19.99987
5.04061     19.99947
10.484886     20.00000
4.553166     19.99412
0.859752      7.51469
5.754092     20.00000
6.366591     20.00000
2.696253     12.14401
5.944062     20.00000
11.394227     20.00000
1.577795      9.42682
5.066489     19.99960
4.652743     19.99626
11.971671     20.00000
1.796818     10.20027
0.0177      5.34429
3.153636     18.19336
4.748124     19.99773
5.471357     20.00000
6.563516     20.00000
4.93827     19.99907
3.044273     17.38686
1.360721      9.08929
7.404197     20.00000
1.644367      9.68521
4.009285     19.93176
6.159107     20.00000
6.928699     20.00000
3.49859     19.47596
4.681519     19.99680
6.197782     20.00000
5.480495     20.00000
6.065628     20.00000
3.356708     19.11618
6.785412     20.00000
9.030969     20.00000
6.465557     20.00000
3.683252     19.74199
2.974213     16.70910
6.537474     20.00000
6.556007     20.00000
5.340196     19.99987
6.745645     20.00000
2.485155     11.98459
4.235915     19.97449
3.458841     19.39209
2.548236     11.99155
7.435256     20.00000
4.453597     19.99052
8.75185     20.00000
10.345297     20.00000
7.985177     20.00000
8.029454     20.00000
3.950868     19.91279
4.637848     19.99599
2.820678     14.63122
7.136335     20.00000
4.242359     19.97516
7.644978     20.00000
4.722905     19.99733
10.215226     20.00000
8.393942     20.00000
4.984264     19.99933
4.625022     19.99586
3.700214     19.75854
1.497838      9.27085
9.066898     20.00000
1.341571      9.07188
11.493238     20.00000
3.964651     19.91760
6.550414     20.00000
6.383672     20.00000
5.240075     19.99987
7.806364     20.00000
7.526849     20.00000
8.355696     20.00000
8.533225     20.00000
8.881156     20.00000
3.895297     19.89009
6.506569     20.00000
5.364549     19.99987
4.635566     19.99599
12.744239     20.00000
2.214691     11.91522
10.219214     20.00000
1.242449      8.63117
0.01      5.34339
6.297606     20.00000
1.535497      9.27686
5.278792     19.99987
6.60571     20.00000
9.471762     20.00000
6.002355     20.00000
3.488649     19.45606
6.938988     20.00000
3.864086     19.87500
3.507653     19.49345
6.476397     20.00000
8.841908     20.00000
5.203763     19.99973
6.596303     20.00000
7.812963     20.00000
4.762642     19.99786
6.379181     20.00000
5.173138     19.99973
4.321108     19.98264
10.135087     20.00000
5.535586     20.00000
3.852857     19.86912
3.173828     18.31449
1.929186     10.68246
3.999475     19.92882
6.389876     20.00000
2.371602     11.97205
6.408255     20.00000
0.01      5.34339
3.152844     18.18842
5.424775     20.00000
6.125931     20.00000
4.003509     19.93002
5.724225     20.00000
11.929698     20.00000
5.745739     20.00000
7.696462     20.00000
6.568784     20.00000
3.926225     19.90331
1.686553      9.80774
5.542276     20.00000
7.431891     20.00000
6.889805     20.00000
2.834388     14.85625
5.813628     20.00000
14.923879     20.00000
6.535027     20.00000
1.955336     10.83066
4.502566     19.99252
5.419445     19.99987
4.172773     19.96621
5.647305     20.00000
3.735037     19.78966
0.01      5.34339
4.673591     19.99666
0.728079      7.23640
3.279091     18.83319
7.872139     20.00000
4.231913     19.97396
4.633999     19.99599
8.77822     20.00000
6.125888     20.00000
5.882617     20.00000
13.176103     20.00000
8.038185     20.00000
5.197474     19.99973
9.706842     20.00000
6.726894     20.00000
7.600709     20.00000
6.172844     20.00000
5.19483     19.99973
2.351827     11.96986
3.259131     18.74785
10.211744     20.00000
7.251247     20.00000
9.856404     20.00000
0.01      5.34339
7.826226     20.00000
8.881028     20.00000
6.821404     20.00000
6.80359     20.00000
3.652852     19.70940
3.233118     18.62806
3.485611     19.44978
5.575452     20.00000
11.122103     20.00000
3.386139     19.20579
7.259812     20.00000
3.473089     19.42347
6.385664     20.00000
7.482494     20.00000
8.605399     20.00000
7.378982     20.00000
8.168411     20.00000
7.496482     20.00000
0.01      5.34339
5.692198     20.00000
5.693847     20.00000
10.843364     20.00000
4.412977     19.98851
1.943871     10.76568
2.018397     11.26926
4.638663     19.99613
8.080826     20.00000
9.208725     20.00000
0.5616      6.95605
6.608252     20.00000
5.173504     19.99973
6.745024     20.00000
0.849811      7.49841
2.645276     12.00227
2.376144     11.97255
4.773065     19.99800
8.815333     20.00000
3.902226     19.89316
7.759598     20.00000
3.425326     19.31196
1.611497      9.60057
1.391435      9.09843
0.47951      6.75216
4.170941     19.96595
7.007269     20.00000
8.569283     20.00000
1.140681      8.17332
4.980053     19.99933
0.304222      6.16977
4.871748     19.99880
3.647656     19.70339
2.123802     11.86349
8.145439     20.00000
6.418727     20.00000
1.455487      9.26687
7.574327     20.00000
6.392737     20.00000
0.487495      6.76474
11.541537     20.00000
5.986638     20.00000
3.406342     19.26228
1.245074      8.63796
3.837644     19.86084
7.240431     20.00000
2.641849     12.00189
13.701823     20.00000
11.593146     20.00000
3.446765     19.36431
6.597549     20.00000
2.041832     11.43488
6.482346     20.00000
3.24176     18.66906
8.129096     20.00000
4.921754     19.99907
9.926459     20.00000
4.522344     19.99319
1.748199     10.11809
0.01      5.34339
5.66303     20.00000
1.030284      7.75352
3.077351     17.66010
4.785154     19.99813
14.121874     20.00000
9.145124     20.00000
5.068465     19.99960
12.07069     20.00000
4.412506     19.98851
3.439015     19.34588
6.623822     20.00000
4.294033     19.98037
4.552551     19.99399
5.475923     20.00000
6.299369     20.00000
1.056438      7.85709
2.279483     11.95210
6.608447     20.00000
3.125562     18.01173
4.205156     19.97075
6.024315     20.00000
6.548029     20.00000
7.310901     20.00000
5.160591     19.99973
6.803097     20.00000
7.739071     20.00000
6.820761     20.00000
8.899804     20.00000
1.332757      9.04072
7.352628     20.00000
3.432961     19.33105
7.198071     20.00000
0.01      5.34339
2.45372     11.98112
2.613157     11.99872
11.14177     20.00000
2.612921     11.99869
6.221657     20.00000
7.880637     20.00000
9.934902     20.00000
7.548792     20.00000
4.223316     19.97302
7.934917     20.00000
2.167809     11.88854
4.071608     19.94765
6.173073     20.00000
6.483529     20.00000
5.421592     20.00000
10.340815     20.00000
5.711978     20.00000
9.069285     20.00000
7.096168     20.00000
0.01      5.34339
2.083357     11.72836
2.68987     12.00719
4.348445     19.98464
8.244926     20.00000
1.757707     10.16596
5.398085     19.99987
7.152148     20.00000
4.253481     19.97636
4.615431     19.99559
8.954884     20.00000
8.820945     20.00000
9.726279     20.00000
6.352094     20.00000
8.455544     20.00000
6.240935     20.00000
5.293517     19.99987
8.076102     20.00000
5.386725     19.99987
8.447071     20.00000
3.32033     18.99265
4.259828     19.97703
0.01      5.34339
1.404099      9.14219
2.791413     14.12080
6.5793     20.00000
5.777317     20.00000
4.472475     19.99132
6.294184     20.00000
0.01      5.34339
0.940805      7.63422
4.738527     19.99760
5.176309     19.99973
0.857234      7.51135
0.245923      6.00327
8.894243     20.00000
12.250461     20.00000
4.427307     19.98932
3.253471     18.72274
4.974553     19.99933
4.42695     19.98932
12.40656     20.00000
3.39879     19.24158
4.403988     19.98811
8.139866     20.00000
5.424862     20.00000
12.17545     20.00000
2.103148     11.85174
4.875365     19.99880
5.668556     20.00000
0.743877      7.27791
3.964978     19.91773
4.728001     19.99746
8.365253     20.00000
2.47899     11.98391
1.957039     10.84031
9.631656     20.00000
0.494268      6.77768
2.210776     11.91300
6.686036     20.00000
3.633804     19.68710
10.386662     20.00000
4.891421     19.99893
1.9179     10.61850
7.594184     20.00000
6.841024     20.00000
3.682363     19.74105
5.791928     20.00000
4.859707     19.99866
4.172921     19.96635
2.89528     15.75596
3.644185     19.69938
4.901157     19.99893
8.329689     20.00000
1.723256      9.99252
2.122276     11.86262
5.611931     20.00000
10.396825     20.00000
3.416165     19.28845
10.405085     20.00000
5.021577     19.99947
0.83876      7.47610
5.138025     19.99973
1.281657      8.80497
5.402232     19.99987
6.461065     20.00000
8.94171     20.00000
6.400827     20.00000
1.683448      9.79211
5.219792     19.99973
6.76593     20.00000
4.970813     19.99920
7.4635     20.00000
7.397591     20.00000
3.395742     19.23317
7.415937     20.00000
1.187016      8.49344
6.080118     20.00000
4.063622     19.94578
0.218832      5.92454
0.63249      7.09097
6.226822     20.00000
8.253906     20.00000
0.898988      7.59643
3.197206     18.44523
9.478462     20.00000
5.174318     19.99973
1.423672      9.20982
8.714874     20.00000
2.705927     12.36918
1.888811     10.45365
4.067727     19.94685
2.790334     14.10117
5.007597     19.99933
2.102373     11.85129
4.763506     19.99786
6.783458     20.00000
1.97464     10.96001
3.822084     19.85176
6.689797     20.00000
5.139115     19.99973
0.815617      7.45234
8.926916     20.00000
3.171659     18.30180
3.051637     17.45016
3.535368     19.54366
2.418956     11.97728
3.072666     17.62310
2.892687     15.72084
1.968909     10.91951
1.320634      8.99785
3.484033     19.44658
2.52992     11.98953
5.605429     20.00000
0.01      5.34339
6.195033     20.00000
5.636926     20.00000
4.554606     19.99412
2.833865     14.84784
10.365531     20.00000
4.453278     19.99052
5.475699     20.00000
4.486244     19.99185
1.973254     10.95021
4.617264     19.99559
3.854287     19.86992
7.46685     20.00000
8.462585     20.00000
9.059601     20.00000
6.022395     20.00000
4.360103     19.98544
2.446371     11.98030
9.151059     20.00000
1.667423      9.74454
8.769455     20.00000
5.871259     20.00000
3.909827     19.89650
3.481263     19.44083
7.580894     20.00000
5.283199     19.99987
6.720636     20.00000
4.60657     19.99546
6.094513     20.00000
0.84275      7.48415
4.90988     19.99893
1.566936      9.37083
13.244091     20.00000
0.01      5.34339
8.086105     20.00000
10.820594     20.00000
0.57344      6.96735
6.032194     20.00000
1.796141     10.19981
3.392613     19.22435
0.801222      7.43859
7.254028     20.00000
7.897757     20.00000
8.30827     20.00000
3.825842     19.85390
3.490434     19.45966
7.445982     20.00000
5.224589     19.99987
3.334928     19.04406
7.461274     20.00000
5.727635     20.00000
6.75599     20.00000
1.617902      9.61709
1.320337      8.99680
2.844793     15.02131
3.433385     19.33212
3.530513     19.53525
2.837404     14.90459
4.69964     19.99706
6.191002     20.00000
3.681369     19.73998
2.720238     12.69170
4.828183     19.99840
7.257941     20.00000
6.0555     20.00000
7.106086     20.00000
11.203158     20.00000
6.861205     20.00000
7.249738     20.00000
4.277997     19.97890
4.466024     19.99105
13.131866     20.00000
5.494764     20.00000
4.231437     19.97396
3.531759     19.53739
5.619378     20.00000
8.665849     20.00000
3.988896     19.92561
6.177888     20.00000
4.717973     19.99733
5.476764     20.00000
2.655143     12.00336
6.657879     20.00000
8.049151     20.00000
11.797543     20.00000
4.109088     19.95553
2.127599     11.86565
4.588478     19.99506
9.012252     20.00000
5.232301     19.99987
3.823982     19.85283
0.01      5.34339
2.196983     11.90514
1.149239      8.24426
9.515389     20.00000
7.083238     20.00000
13.387248     20.00000
4.352662     19.98491
6.445354     20.00000
9.224387     20.00000
4.378059     19.98651
10.913161     20.00000
8.236616     20.00000
2.546758     11.99139
9.72759     20.00000
6.975824     20.00000
4.685209     19.99693
6.429189     20.00000
6.033255     20.00000
2.971278     16.67745
10.627591     20.00000
10.957686     20.00000
4.424601     19.98918
7.250292     20.00000
3.501198     19.48103
1.902196     10.52951
2.170764     11.89022
0.275775      6.10833
0.01      5.34339
8.702902     20.00000
4.626724     19.99586
0.01      5.34339
1.587592      9.47733
6.660604     20.00000
4.095127     19.95272
5.135074     19.99973
10.328003     20.00000
7.540297     20.00000
6.377215     20.00000
5.785997     20.00000
4.97886     19.99933
4.902976     19.99893
5.3605     19.99987
4.006376     19.93096
10.269615     20.00000
3.79775     19.83640
5.151525     19.99973
4.804541     19.99826
5.246272     19.99987
9.201039     20.00000
7.720942     20.00000
6.379851     20.00000
7.075655     20.00000
6.078503     20.00000
7.958728     20.00000
3.858622     19.87219
6.98862     20.00000
5.419338     19.99987
6.834944     20.00000
0.01      5.34339
4.567099     19.99439
10.096279     20.00000
3.05154     17.44922
4.611272     19.99546
7.461381     20.00000
5.326695     19.99987
1.23564      8.61353
8.949895     20.00000
5.037224     19.99947
3.921206     19.90131
7.214364     20.00000
11.133166     20.00000
6.53975     20.00000
1.541571      9.27782
2.283641     11.95447
3.781398     19.82519
4.68216     19.99680
0.01      5.34339
8.819731     20.00000
2.442879     11.97992
8.285377     20.00000
3.553228     19.57358
9.893943     20.00000
5.355593     19.99987
6.447651     20.00000
5.410544     19.99987
8.849094     20.00000
7.403312     20.00000
9.865798     20.00000
1.075016      7.85819
3.88739     19.88648
4.349078     19.98464
8.606665     20.00000
4.592238     19.99506
3.308898     18.95058
10.997764     20.00000
6.420333     20.00000
9.606414     20.00000
5.12707     19.99973
7.270568     20.00000
0.01      5.34339
2.370816     11.97196
2.553665     11.99215
7.293267     20.00000
4.299657     19.98077
1.833603     10.22550
3.703597     19.76175
0.01      5.34339
0.394887      6.51848
0.099978      5.70059
1.049127      7.84365
0.01      5.34339
4.158204     19.96408
8.306169     20.00000
7.382374     20.00000
3.51339     19.50427
0.01      5.34339
0.886021      7.55852
4.912658     19.99893
1.602677      9.55510
5.0028     19.99933
1.785596     10.19257
0.778857      7.34634
5.717837     20.00000
5.512428     20.00000
6.841753     20.00000
1.674693      9.76326
8.296103     20.00000
11.391632     20.00000
4.442719     19.98998
6.677979     20.00000
14.377209     20.00000
6.878421     20.00000
5.135926     19.99973
1.566442      9.36829
3.147198     18.15316
6.436596     20.00000
8.937424     20.00000
3.806946     19.84228
0.981881      7.67193
2.5768     11.99471
4.891489     19.99893
3.041254     17.36055
1.542475      9.27797
6.672201     20.00000
9.751585     20.00000
0.01      5.34339
2.401648     11.97537
1.048715      7.84168
7.895534     20.00000
0.01      5.34339
7.781661     20.00000
8.405896     20.00000
7.841294     20.00000
5.565003     20.00000
0.01      5.34339
0.995215      7.68384
7.103003     20.00000
7.329084     20.00000
1.190568      8.50206
4.301907     19.98104
0.01      5.34339
2.105205     11.85291
3.674502     19.73290
2.555429     11.99235
3.978663     19.92228
4.477784     19.99159
0.119478      5.73999
4.695996     19.99706
0.445211      6.68947
6.978585     20.00000
5.524444     20.00000
2.759064     13.50594
4.393542     19.98745
5.440157     20.00000
5.900528     20.00000
6.613725     20.00000
8.456645     20.00000
5.454621     20.00000
6.772591     20.00000
6.531571     20.00000
7.194891     20.00000
2.952013     16.46297
1.99164     11.08016
4.646813     19.99626
6.820157     20.00000
7.147771     20.00000
4.640688     19.99613
6.114059     20.00000
3.245141     18.68468
3.076586     17.65409
3.271762     18.80247
5.186937     19.99973
6.190676     20.00000
8.091152     20.00000
3.021868     17.18547
7.00416     20.00000
4.220131     19.97262
5.027833     19.99947
3.317178     18.98116
7.798869     20.00000
6.343554     20.00000
5.29211     19.99987
2.607569     11.99810
6.366398     20.00000
8.440712     20.00000
1.958419     10.84813
7.20341     20.00000
3.186406     18.38607
7.978293     20.00000
7.751124     20.00000
9.60944     20.00000
6.877333     20.00000
3.965375     19.91787
6.438205     20.00000
0.160528      5.77057
1.66643      9.74199
8.280632     20.00000
4.424196     19.98918
1.094349      7.89587
4.870393     19.99880
7.965124     20.00000
5.187601     19.99973
9.834977     20.00000
0.01      5.34339
7.676084     20.00000
6.845359     20.00000
4.065193     19.94618
10.955085     20.00000
0.967963      7.66013
9.273942     20.00000
4.636699     19.99599
4.04885     19.94231
5.474268     20.00000
4.411049     19.98851
2.534637     11.99005
9.259519     20.00000
4.03766     19.93950
6.576732     20.00000
0.01      5.34339
3.18361     18.37044
0.74528      7.28133
8.896405     20.00000
8.432635     20.00000
5.830818     20.00000
5.889226     20.00000
10.986263     20.00000
2.817856     14.58381
0.01      5.34339
5.255715     19.99987
2.005109     11.17535
4.818628     19.99840
6.609708     20.00000
1.983538     11.02290
7.475673     20.00000
3.281376     18.84254
2.741089     13.13975
4.449392     19.99039
6.11223     20.00000
7.745914     20.00000
3.432361     19.32959
2.189553     11.90092
7.622055     20.00000
7.305435     20.00000
3.263994     18.76922
2.264221     11.94341
7.56542     20.00000
5.205827     19.99973
6.675862     20.00000
12.050004     20.00000
9.662717     20.00000
2.502173     11.98647
8.078915     20.00000
13.781698     20.00000
1.146596      8.22235
0.260674      6.04536
2.163424     11.88604
4.723835     19.99746
6.867799     20.00000
3.687828     19.74652
3.871865     19.87901
5.225222     19.99987
5.887168     20.00000
3.580072     19.61511
3.241209     18.66652
5.885371     20.00000
7.035136     20.00000
5.369264     19.99987
2.186843     11.89937
6.485622     20.00000
7.037108     20.00000
3.474066     19.42561
0.01      5.34339
10.585138     20.00000
3.936453     19.90732
5.582316     20.00000
1.873431     10.36649
4.816925     19.99840
4.351298     19.98478
3.793544     19.83360
6.091795     20.00000
3.900544     19.89249
2.541436     11.99080
5.164506     19.99973
6.390667     20.00000
4.401879     19.98798
6.325825     20.00000
7.000389     20.00000
5.268155     19.99987
7.747345     20.00000
4.562028     19.99426
10.187325     20.00000
1.044698      7.82247
8.762239     20.00000
5.032816     19.99947
6.666454     20.00000
7.640417     20.00000
0.689668      7.14334
6.535346     20.00000
0.572354      6.96632
8.645056     20.00000
4.727293     19.99746
7.826186     20.00000
4.904825     19.99893
1.797818     10.20096
4.120036     19.95753
7.342467     20.00000
6.965384     20.00000
8.29422     20.00000
0.01      5.34339
4.184492     19.96795
7.136409     20.00000
4.843833     19.99853
5.184753     19.99973
2.634788     12.00111
3.762462     19.81143
3.952561     19.91333
3.675921     19.73437
7.360463     20.00000
6.204143     20.00000
4.389665     19.98731
7.102952     20.00000
3.766967     19.81477
1.341331      9.07103
5.402095     19.99987
3.363938     19.13901
5.385748     19.99987
4.061079     19.94524
9.162359     20.00000
8.615799     20.00000
7.575996     20.00000
1.19651      8.51648
2.971416     16.67892
7.267936     20.00000
4.799861     19.99826
4.85514     19.99866
0.01      5.34339
3.468446     19.41346
0.938883      7.63234
8.040773     20.00000
2.24219     11.93087
8.502313     20.00000
7.675124     20.00000
2.631533     12.00075
4.308529     19.98157
3.863955     19.87500
11.34433     20.00000
14.15185     20.00000
1.454918      9.26682
2.412781     11.97659
6.166913     20.00000
7.697001     20.00000
5.893478     20.00000
1.683537      9.79256
4.926969     19.99907
7.140244     20.00000
0.599792      7.00099
1.480112      9.26894
3.849097     19.86712
5.819032     20.00000
9.84009     20.00000
1.150972      8.25777
7.666421     20.00000
7.967772     20.00000
2.99504     16.92571
6.137084     20.00000
4.847152     19.99853
6.352475     20.00000
10.661401     20.00000
6.732726     20.00000
0.251282      6.01857
1.634866      9.66075
1.738799     10.07077
8.8332     20.00000
6.494812     20.00000
5.822988     20.00000
7.94523     20.00000
2.225057     11.92112
6.057033     20.00000
8.846579     20.00000
6.849228     20.00000
4.287656     19.97970
2.355682     11.97029
4.132308     19.95980
7.485234     20.00000
0.280715      6.12965
3.36188     19.13260
3.196704     18.44256
9.17188     20.00000
3.998532     19.92855
0.01      5.34339
5.181326     19.99973
6.585722     20.00000
1.902272     10.52994
7.547906     20.00000
0.391372      6.51394
9.810172     20.00000
4.884302     19.99880
3.277355     18.82598
3.656231     19.71314
2.799227     14.26116
6.162028     20.00000
1.23356      8.60814
7.308986     20.00000
5.089215     19.99960
7.666414     20.00000
6.248105     20.00000
2.564835     11.99338
4.380689     19.98678
4.304182     19.98117
7.23571     20.00000
5.864603     20.00000
0.01      5.34339
3.679179     19.73784
2.220464     11.91851
8.993699     20.00000
1.734045     10.04683
6.603572     20.00000
8.319992     20.00000
9.52089     20.00000
1.46702      9.26784
5.274932     19.99987
5.228537     19.99987
5.897645     20.00000
4.466841     19.99105
0.01      5.34339
3.672251     19.73063
3.168156     18.28123
2.558652     11.99270
5.430355     20.00000
7.100889     20.00000
4.170802     19.96595
6.49591     20.00000
4.366504     19.98584
6.213964     20.00000
6.057928     20.00000
6.426227     20.00000
7.996147     20.00000
5.14275     19.99973
3.318441     18.98583
7.584729     20.00000
0.01      5.34339
5.418656     19.99987
2.049054     11.48592
6.057973     20.00000
7.014152     20.00000
0.01      5.34339
0.01      5.34339
5.148781     19.99973
0.969872      7.66175
9.091354     20.00000
3.635791     19.68950
2.050646     11.49718
6.399767     20.00000
7.425043     20.00000
2.674512     12.00550
4.189702     19.96875
5.357799     19.99987
5.998727     20.00000
4.861871     19.99866
7.80451     20.00000
2.482016     11.98424
8.403329     20.00000
8.131901     20.00000
4.637976     19.99599
0.830583      7.45959
3.635024     19.68856
3.018505     17.15408
4.17424     19.96648
5.365803     19.99987
3.58795     19.62660
11.193816     20.00000
1.669141      9.74897
6.013406     20.00000
5.45365     20.00000
5.043669     19.99947
0.580113      6.97421
4.916723     19.99907
1.717214      9.96210
3.758034     19.80809
3.297986     18.90891
7.483111     20.00000
2.938748     16.30805
0.01      5.34339
0.01      5.34339
2.218544     11.91742
7.437978     20.00000
6.550014     20.00000
1.825803     10.22015
7.210685     20.00000
2.426706     11.97813
4.27804     19.97890
0.01      5.34339
0.01      5.34339
2.406351     11.97589
2.098789     11.83742
5.8602     20.00000
8.558012     20.00000
4.414394     19.98865
5.63552     20.00000
8.191619     20.00000
6.04814     20.00000
9.183429     20.00000
4.819684     19.99840
6.878417     20.00000
7.698435     20.00000
7.347804     20.00000
6.004465     20.00000
5.448943     20.00000
6.86705     20.00000
2.655951     12.00345
2.218773     11.91755
5.543622     20.00000
1.831272     10.22390
7.324811     20.00000
4.71076     19.99720
8.032477     20.00000
4.461495     19.99092
6.181175     20.00000
0.355994      6.47087
10.540822     20.00000
0.743621      7.27729
6.51328     20.00000
7.356256     20.00000
4.387522     19.98718
4.635683     19.99599
7.609342     20.00000
4.225398     19.97329
0.36612      6.48515
4.049105     19.94231
3.266618     18.78057
4.185041     19.96808
8.839753     20.00000
0.01      5.34339
0.027689      5.34548
6.923215     20.00000
6.281871     20.00000
4.937267     19.99907
5.713076     20.00000
3.177489     18.33559
6.495957     20.00000
5.649037     20.00000
8.745774     20.00000
9.08959     20.00000
7.748823     20.00000
8.191983     20.00000
6.795019     20.00000
4.257292     19.97676
6.564232     20.00000
7.68477     20.00000
1.500442      9.27127
11.199209     20.00000
2.998868     16.96404
6.385185     20.00000
3.703038     19.76122
2.889552     15.67784
2.575643     11.99458
3.03838     17.33517
7.777441     20.00000
2.36234     11.97103
5.533767     20.00000
9.727509     20.00000
1.712142      9.93656
8.287446     20.00000
3.626209     19.67775
6.034461     20.00000
8.22286     20.00000
2.853206     15.15126
7.480692     20.00000
4.707412     19.99720
3.501344     19.48130
4.789619     19.99813
5.696814     20.00000
2.107544     11.85424
7.225341     20.00000
11.471326     20.00000
2.862157     15.28601
6.989378     20.00000
2.76593     13.64109
3.676826     19.73531
3.128476     18.03136
4.765641     19.99786
2.707292     12.40043
3.595858     19.63768
2.453394     11.98108
6.417257     20.00000
0.042201      5.34733
4.723469     19.99746
5.811399     20.00000
3.167411     18.27682
5.316183     19.99987
7.423701     20.00000
5.507215     20.00000
4.044172     19.94110
1.518704      9.27418
5.170871     19.99973
3.862739     19.87433
7.964257     20.00000
3.354457     19.10896
4.09221     19.95206
9.920958     20.00000
5.193303     19.99973
2.688132     12.00700
0.906344      7.61794
2.891637     15.70642
1.940328     10.74561
4.922812     19.99907
6.477694     20.00000
4.960865     19.99920
4.235982     19.97449
0.01      5.34339
5.40426     19.99987
0.858124      7.51254
3.262737     18.76374
5.098218     19.99960
3.247934     18.69764
1.72656     10.00915
10.031358     20.00000
6.277024     20.00000
8.757101     20.00000
4.097115     19.95312
3.032822     17.28563
4.752543     19.99773
6.098503     20.00000
4.789529     19.99813
7.008226     20.00000
3.656659     19.71367
4.917896     19.99907
0.01      5.34339
0.019415      5.34449
10.830685     20.00000
7.778137     20.00000
8.634372     20.00000
5.306983     19.99987
3.382906     19.19644
9.165687     20.00000
8.584344     20.00000
2.055234     11.52960
0.01      5.34339
2.415934     11.97694
1.919821     10.62939
4.045382     19.94151
7.669587     20.00000
8.401651     20.00000
3.938538     19.90812
7.562265     20.00000
1.180432      8.45433
6.128327     20.00000
1.50131      9.27141
3.541649     19.55448
0.01      5.34339
6.515964     20.00000
7.408242     20.00000
5.575174     20.00000
2.557139     11.99253
0.01      5.34339
5.822816     20.00000
4.675753     19.99666
12.775403     20.00000
7.409604     20.00000
6.217409     20.00000
5.859955     20.00000
7.450894     20.00000
5.156047     19.99973
0.01      5.34339
8.554336     20.00000
1.780582     10.18914
3.617293     19.66640
5.259011     19.99987
2.298665     11.96302
4.047039     19.94191
8.244605     20.00000
2.138085     11.87162
2.061748     11.57564
3.426202     19.31423
4.718271     19.99733
5.227601     19.99987
0.01      5.34339
8.234086     20.00000
1.668997      9.74860
0.01      5.34339
5.5122     20.00000
8.45517     20.00000
7.839247     20.00000
2.832606     14.82754
5.531747     20.00000
1.719354      9.97287
4.682736     19.99680
9.288708     20.00000
6.153306     20.00000
5.791856     20.00000
1.658401      9.72132
7.003875     20.00000
3.487859     19.45445
5.328973     19.99987
9.097489     20.00000
0.01      5.34339
1.898067     10.50611
5.94107     20.00000
10.151135     20.00000
6.701383     20.00000
11.048239     20.00000
3.550131     19.56850
7.231495     20.00000
7.556429     20.00000
7.34705     20.00000
1.081381      7.85856
0.397481      6.52892
5.906318     20.00000
4.369402     19.98598
1.007147      7.69592
5.024424     19.99947
0.190157      5.82272
0.01      5.34339
2.413882     11.97672
5.428834     20.00000
3.015868     17.12911
4.476897     19.99145
7.726444     20.00000
7.035719     20.00000
4.295933     19.98050
3.965546     19.91787
11.273766     20.00000
0.01      5.34339
0.01      5.34339
3.396731     19.23584
9.999709     20.00000
0.01      5.34339
2.44224     11.97985
8.810886     20.00000
7.262857     20.00000
8.680945     20.00000
8.668489     20.00000
1.446986      9.26615
0.01      5.34339
7.020166     20.00000
2.019622     11.27792
8.003478     20.00000
9.946819     20.00000
4.468527     19.99119
6.037355     20.00000
5.596806     20.00000
5.993056     20.00000
0.817213      7.45278
1.078798      7.85841
2.003166     11.16161
7.371396     20.00000
0.708835      7.17257
7.249321     20.00000
8.374877     20.00000
4.501225     19.99239
9.372195     20.00000
0.01      5.34339
2.603344     11.99764
8.668984     20.00000
3.810861     19.84482
8.936415     20.00000
6.609321     20.00000
5.972426     20.00000
3.495808     19.47048
5.883327     20.00000
10.871793     20.00000
3.466253     19.40865
10.039185     20.00000
2.154063     11.88071
4.271563     19.97823
2.70007     12.23349
8.005392     20.00000
4.46802     19.99119
8.169191     20.00000
12.32746     20.00000
0.01      5.34339
4.349549     19.98464
1.972258     10.94318
2.840609     14.95547
3.930289     19.90491
3.230175     18.61390
3.658059     19.71527
6.114716     20.00000
6.965831     20.00000
4.336706     19.98384
6.04661     20.00000
4.936824     19.99907
5.116516     19.99960
4.903856     19.99893
8.132424     20.00000
0.01      5.34339
0.01      5.34339
9.402737     20.00000
6.513212     20.00000
5.948478     20.00000
5.561605     20.00000
5.129408     19.99973
4.99367     19.99933
2.694582     12.10448
6.36085     20.00000
6.153115     20.00000
7.165807     20.00000
1.549594      9.28142
2.827717     14.74781
6.573507     20.00000
5.757405     20.00000
10.448186     20.00000
4.271042     19.97823
3.54171     19.55448
7.112557     20.00000
4.78107     19.99800
3.56354     19.59001
2.070579     11.63805
7.485971     20.00000
5.662368     20.00000
4.562413     19.99439
7.636057     20.00000
8.350222     20.00000
6.797981     20.00000
1.930244     10.68846
0.823985      7.45461
8.358188     20.00000
6.745691     20.00000
7.706     20.00000
4.228623     19.97369
5.141203     19.99973
7.186403     20.00000
4.098552     19.95339
4.860686     19.99866
7.989802     20.00000
6.160813     20.00000
2.90411     15.87389
1.88173     10.41352
6.141786     20.00000
2.221453     11.91907
6.396701     20.00000
6.45788     20.00000
4.884454     19.99880
10.860325     20.00000
1.110263      7.95076
2.577594     11.99479
10.490746     20.00000
2.856932     15.20775
7.39455     20.00000
6.861921     20.00000
6.93544     20.00000
4.259604     19.97703
6.220211     20.00000
4.892729     19.99893
5.69306     20.00000
3.562917     19.58907
8.396306     20.00000
0.706529      7.16824
3.234391     18.63420
10.55703     20.00000
3.406674     19.26321
5.264999     19.99987
2.421397     11.97755
5.722215     20.00000
3.253652     18.72355
3.923215     19.90211
2.985599     16.82916
5.788811     20.00000
0.348501      6.45684
5.413607     19.99987
0.30174      6.15600
6.621037     20.00000
2.999872     16.97406
4.668245     19.99653
3.23642     18.64382
5.663624     20.00000
5.544776     20.00000
5.398584     19.99987
9.14049     20.00000
5.580632     20.00000
6.624023     20.00000
2.558831     11.99272
2.317486     11.96607
6.581892     20.00000
0.01      5.34339
3.911427     19.89717
7.212119     20.00000
3.706582     19.76455
8.415214     20.00000
2.40407     11.97563
5.181708     19.99973
0.666413      7.13354
5.300884     19.99987
3.83792     19.86098
5.764542     20.00000
3.23032     18.61457
3.908263     19.89583
7.629929     20.00000
6.917177     20.00000
5.403499     19.99987
10.042664     20.00000
4.680677     19.99680
4.237447     19.97462
5.489841     20.00000
0.01      5.34339
4.020467     19.93496
7.670769     20.00000
3.594239     19.63541
3.257552     18.74091
3.919507     19.90051
6.952146     20.00000
6.714283     20.00000
3.284217     18.85415
1.393289      9.10484
12.084599     20.00000
0.01      5.34339
1.997103     11.11876
5.842384     20.00000
5.520726     20.00000
6.56944     20.00000
3.831324     19.85710
7.26351     20.00000
3.549745     19.56797
5.956759     20.00000
1.980336     11.00027
4.503472     19.99252
2.724678     12.78919
0.01      5.34339
5.321275     19.99987
4.393315     19.98745
9.67827     20.00000
5.946625     20.00000
9.127563     20.00000
0.01      5.34339
5.901249     20.00000
4.922185     19.99907
9.199551     20.00000
3.042408     17.37057
0.553693      6.94751
4.212912     19.97169
5.917851     20.00000
4.725117     19.99746
6.19249     20.00000
7.663397     20.00000
6.421729     20.00000
6.387228     20.00000
6.195505     20.00000
0.01      5.34339
3.172206     18.30500
6.383025     20.00000
8.077312     20.00000
0.01      5.34339
2.735087     13.01341
10.152292     20.00000
3.776153     19.82158
2.377863     11.97274
4.602046     19.99533
6.420993     20.00000
6.981443     20.00000
3.839682     19.86191
6.139362     20.00000
5.722669     20.00000
2.395903     11.97473
5.90365     20.00000
11.366774     20.00000
0.954488      7.64763
5.960174     20.00000
0.385636      6.50826
9.334843     20.00000
0.843739      7.48615
6.623659     20.00000
0.023802      5.34501
5.616848     20.00000
6.715203     20.00000
9.181739     20.00000
8.298638     20.00000
0.295014      6.13999
1.029409      7.74933
1.092273      7.88871
6.802856     20.00000
1.596179      9.52160
2.947413     16.40995
3.991365     19.92641
14.025733     20.00000
5.563639     20.00000
4.400744     19.98785
3.924606     19.90264
2.497298     11.98593
1.41051      9.16434
4.161003     19.96448
6.294854     20.00000
11.281153     20.00000
5.273513     19.99987
6.926949     20.00000
7.245052     20.00000
0.096058      5.69205
4.444997     19.99012
5.49849     20.00000
4.23189     19.97396
4.026324     19.93657
3.453183     19.37927
6.7439     20.00000
1.193657      8.50955
2.884448     15.60719
9.099219     20.00000
2.673602     12.00539
1.592833      9.50435
8.001757     20.00000
4.867916     19.99880
8.781197     20.00000
5.493909     20.00000
5.835472     20.00000
4.386471     19.98705
2.890382     15.68932
2.125671     11.86455
2.321675     11.96654
5.00853     19.99933
4.339306     19.98397
6.597311     20.00000
3.748565     19.80075
6.100456     20.00000
6.02409     20.00000
0.01      5.34339
6.793779     20.00000
5.561641     20.00000
5.979848     20.00000
2.336465     11.96817
7.300912     20.00000
0.270475      6.08546
5.446194     20.00000
0.01      5.34339
8.53018     20.00000
4.442944     19.98998
0.478142      6.75000
6.761057     20.00000
4.881979     19.99880
1.785315     10.19238
2.546488     11.99136
2.511304     11.98747
6.432156     20.00000
5.37893     19.99987
9.991091     20.00000
5.215102     19.99973
6.898811     20.00000
6.802805     20.00000
7.378089     20.00000
4.709392     19.99720
0.263316      6.05456
5.466754     20.00000
6.018164     20.00000
5.392905     19.99987
5.723748     20.00000
0.685114      7.13709
7.464033     20.00000
4.446805     19.99025
5.166641     19.99973
6.818064     20.00000
0.683814      7.13684
5.349402     19.99987
0.01      5.34339
4.918834     19.99907
3.297359     18.90651
3.00232     16.99823
10.558987     20.00000
5.905835     20.00000
8.478044     20.00000
0.194673      5.82803
12.127656     20.00000
10.623581     20.00000
9.089302     20.00000
1.712344      9.93758
3.031412     17.27294
1.904379     10.54188
7.710577     20.00000
2.391796     11.97428
2.975341     16.72112
6.821859     20.00000
6.667567     20.00000
3.477767     19.43349
6.185356     20.00000
12.207012     20.00000
4.614462     19.99559
10.143497     20.00000
7.920126     20.00000
5.85315     20.00000
7.189263     20.00000
4.967872     19.99920
2.263395     11.94294
5.304107     19.99987
2.937062     16.28789
0.01      5.34339
1.204716      8.53640
6.871795     20.00000
9.17449     20.00000
7.839288     20.00000
6.486131     20.00000
3.753863     19.80489
1.116471      7.97261
4.173021     19.96635
4.952382     19.99920
3.087067     17.73529
0.01      5.34339
4.603296     19.99533
6.370809     20.00000
6.524793     20.00000
7.261778     20.00000
2.346667     11.96930
8.80789     20.00000
3.447385     19.36578
7.145749     20.00000
0.01      5.34339
5.513433     20.00000
6.990197     20.00000
3.505362     19.48904
7.935403     20.00000
1.553733      9.30276
6.137351     20.00000
4.054518     19.94364
6.188238     20.00000
8.059405     20.00000
5.683029     20.00000
6.819911     20.00000
12.174402     20.00000
2.74536     13.22829
8.55807     20.00000
10.459503     20.00000
1.629813      9.64775
5.707213     20.00000
2.362373     11.97103
2.591152     11.99629
0.824638      7.45479
8.170052     20.00000
2.206999     11.91084
3.08777     17.74063
6.790964     20.00000
5.718715     20.00000
4.325142     19.98291
5.444867     20.00000
0.01      5.34339
0.01      5.34339
9.92944     20.00000
7.150782     20.00000
7.507209     20.00000
2.506762     11.98697
1.190641      8.50224
6.046972     20.00000
3.854215     19.86992
0.395337      6.52029
3.052805     17.46004
6.14932     20.00000
7.794632     20.00000
3.075826     17.64808
9.223235     20.00000
3.446983     19.36484
3.250211     18.70792
6.533296     20.00000
2.806059     14.38148
5.250968     19.99987
1.6066      9.57533
0.01      5.34339
5.030488     19.99947
6.625237     20.00000
7.731846     20.00000
5.663299     20.00000
3.400566     19.24652
4.175805     19.96675
5.235461     19.99987
5.488917     20.00000
4.08293     19.95019
0.01      5.34339
1.910765     10.57807
1.528895      9.27580
8.381922     20.00000
3.627365     19.67922
4.140645     19.96114
2.235463     11.92705
5.07791     19.99960
0.01      5.34339
6.837995     20.00000
6.488907     20.00000
3.324059     19.00600
2.061475     11.57371
5.106442     19.99960
5.048071     19.99947
3.387107     19.20859
7.169725     20.00000
0.688514      7.14164
2.615716     11.99900
2.320413     11.96640
11.179384     20.00000
11.768882     20.00000
1.866586     10.32770
9.707862     20.00000
1.149227      8.24416
1.489421      9.26972
8.905927     20.00000
5.624066     20.00000
6.769344     20.00000
10.056017     20.00000
0.542542      6.92895
6.042952     20.00000
2.424846     11.97793
9.51149     20.00000
3.347612     19.08666
2.492987     11.98545
5.946476     20.00000
8.382072     20.00000
4.636324     19.99599
5.015275     19.99947
1.440246      9.26559
5.905353     20.00000
3.022324     17.18974
6.216054     20.00000
8.479979     20.00000
2.398167     11.97498
6.074261     20.00000
7.227844     20.00000
3.938925     19.90825
6.191818     20.00000
8.866543     20.00000
8.602562     20.00000
0.01      5.34339
4.82738     19.99840
3.73318     19.78806
2.266969     11.94498
5.616196     20.00000
4.377856     19.98651
6.755444     20.00000
3.686549     19.74532
7.764426     20.00000
5.26809     19.99987
2.362649     11.97106
4.570462     19.99452
8.138428     20.00000
5.867342     20.00000
10.756902     20.00000
7.878508     20.00000
5.514208     20.00000
6.720836     20.00000
4.332012     19.98344
5.863795     20.00000
2.83982     14.94306
0.840706      7.48003
2.235245     11.92692
4.708849     19.99720
3.710134     19.76789
12.061108     20.00000
2.674198     12.00546
5.681743     20.00000
1.237082      8.61726
1.7109      9.93031
0.541639      6.92744
2.73332     12.97575
4.910397     19.99893
1.960469     10.85986
10.190682     20.00000
3.855184     19.87046
9.670649     20.00000
5.534548     20.00000
0.01      5.34339
6.737339     20.00000
9.4923     20.00000
7.94901     20.00000
4.388454     19.98718
2.219026     11.91769
4.494554     19.99212
6.975909     20.00000
6.317685     20.00000
6.015071     20.00000
8.679052     20.00000
6.559255     20.00000
3.016509     17.13525
2.914522     16.00904
0.544747      6.93262
8.500114     20.00000
2.682154     12.00634
4.324071     19.98277
7.431041     20.00000
3.018488     17.15382
6.641943     20.00000
5.560229     20.00000
9.484428     20.00000
8.542256     20.00000
5.853007     20.00000
5.42487     20.00000
4.803532     19.99826
6.756577     20.00000
3.10068     17.83678
6.881951     20.00000
0.789529      7.38988
9.743163     20.00000
2.246834     11.93352
4.080915     19.94965
10.238628     20.00000
3.230981     18.61777
7.03898     20.00000
0.080542      5.66001
6.969346     20.00000
8.065776     20.00000
5.941887     20.00000
2.874536     15.46697
2.565085     11.99341
8.861593     20.00000
5.679976     20.00000
5.917731     20.00000
1.666351      9.74179
8.162119     20.00000
2.604469     11.99776
8.443753     20.00000
4.544893     19.99386
4.662171     19.99653
4.25903     19.97703
3.88309     19.88435
4.126179     19.95860
6.021172     20.00000
5.774687     20.00000
5.158418     19.99973
6.775503     20.00000
6.706842     20.00000
3.747587     19.79994
5.300069     19.99987
9.295908     20.00000
5.198223     19.99973
5.985273     20.00000
8.726234     20.00000
7.173827     20.00000
2.624516     11.99997
8.87991     20.00000
3.505056     19.48851
3.225908     18.59307
14.467245     20.00000
5.846998     20.00000
3.721844     19.77831
9.646899     20.00000
1.871488     10.35548
1.059661      7.85728
7.381114     20.00000
7.844743     20.00000
4.336187     19.98371
1.340445      9.06790
2.941615     16.34211
5.067511     19.99960
6.53013     20.00000
6.123819     20.00000
0.01      5.34339
5.350198     19.99987
4.443749     19.99012
0.01      5.34339
0.23432      5.98292
7.473389     20.00000
5.802522     20.00000
5.210358     19.99973
5.067821     19.99960
3.198934     18.45458
1.46954      9.26805
6.761331     20.00000
0.01      5.34339
5.231456     19.99987
8.14024     20.00000
4.912802     19.99893
7.921729     20.00000
4.99913     19.99933
4.452105     19.99052
4.56392     19.99439
9.796872     20.00000
4.567671     19.99452
1.150771      8.25643
7.186754     20.00000
4.912984     19.99893
3.204456     18.48396
6.990532     20.00000
0.01      5.34339
2.581047     11.99517
8.393063     20.00000
9.598515     20.00000
6.495954     20.00000
4.042374     19.94070
2.214527     11.91513
8.625109     20.00000
4.50294     19.99252
10.603176     20.00000
9.020795     20.00000
10.17459     20.00000
4.596618     19.99519
3.205331     18.48850
6.381651     20.00000
8.044497     20.00000
0.914024      7.62218
8.572458     20.00000
5.329838     19.99987
1.83838     10.22877
4.582453     19.99479
4.008858     19.93162
7.089496     20.00000
7.293119     20.00000
4.780133     19.99800
12.488791     20.00000
3.428648     19.32037
0.228356      5.97400
6.381715     20.00000
6.990487     20.00000
1.657535      9.71910
3.404645     19.25774
0.01      5.34339
6.113272     20.00000
10.201756     20.00000
11.21256     20.00000
3.815189     19.84749
1.643861      9.68390
0.043156      5.34746
8.00755     20.00000
7.430383     20.00000
3.163602     18.25412
4.920416     19.99907
0.01      5.34339
3.914351     19.89837
0.556612      6.95129
7.629369     20.00000
5.177346     19.99973
0.164473      5.77587
8.361253     20.00000
3.135104     18.07530
1.573829      9.40637
8.849587     20.00000
2.05743     11.54512
6.911922     20.00000
3.661976     19.71955
1.771493     10.18290
0.01      5.34339
5.425861     20.00000
4.887356     19.99880
5.732314     20.00000
0.01      5.34339
3.764079     19.81263
9.557074     20.00000
7.624699     20.00000
3.645445     19.70085
6.411893     20.00000
4.277169     19.97877
7.040799     20.00000
3.674059     19.73250
8.090911     20.00000
2.538809     11.99051
5.555074     20.00000
5.289183     19.99987
8.562917     20.00000
7.611335     20.00000
4.450467     19.99039
2.817912     14.58475
2.548972     11.99163
7.415731     20.00000
2.66548     12.00450
3.921974     19.90158
1.316557      8.98344
6.937945     20.00000
6.160076     20.00000
4.402061     19.98798
4.197238     19.96968
8.326397     20.00000
6.145493     20.00000
4.26013     19.97703
6.672671     20.00000
3.408758     19.26882
5.913567     20.00000
4.891989     19.99893
0.19756      5.83142
7.971469     20.00000
0.206299      5.84170
8.965123     20.00000
5.270366     19.99987
2.683622     12.00650
7.836997     20.00000
10.998635     20.00000
5.766033     20.00000
0.563712      6.95807
6.250916     20.00000
3.685099     19.74385
2.041621     11.43339
0.159303      5.76892
7.421624     20.00000
2.946774     16.40247
0.600919      7.00485
1.23244      8.60524
5.228616     19.99987
4.966543     19.99920
5.995159     20.00000
5.61525     20.00000
2.556358     11.99245
2.935791     16.27266
0.663123      7.13292
3.370972     19.16078
2.632921     12.00090
3.811177     19.84495
8.76238     20.00000
3.24666     18.69176
8.360996     20.00000
5.244593     19.99987
1.756416     10.15946
3.519868     19.51616
7.130859     20.00000
8.851043     20.00000
4.831356     19.99853
6.078869     20.00000
8.372683     20.00000
5.073905     19.99960
1.063839      7.85753
3.710875     19.76856
6.408953     20.00000
0.078579      5.64347
4.798674     19.99826
4.233674     19.97422
1.70484      9.89980
9.228159     20.00000
3.108885     17.89594
0.01      5.34339
3.143008     18.12645
7.034306     20.00000
4.587421     19.99493
5.611426     20.00000
5.115833     19.99960
4.038271     19.93964
2.73397     12.98964
3.754233     19.80515
4.152134     19.96314
3.051776     17.45123
5.27714     19.99987
5.45998     20.00000
4.799486     19.99826
6.781489     20.00000
3.354224     19.10830
1.613338      9.60534
0.01      5.34339
2.344298     11.96903
2.125922     11.86470
6.695079     20.00000
1.998683     11.12993
5.909966     20.00000
3.274973     18.81609
4.301538     19.98104
8.420437     20.00000
3.854095     19.86979
7.208949     20.00000
5.405552     19.99987
13.113978     20.00000
5.017114     19.99947
7.442545     20.00000
6.445089     20.00000
4.110376     19.95566
0.01      5.34339
8.299114     20.00000
2.969969     16.66329
7.802464     20.00000
4.746155     19.99773
9.588912     20.00000
14.030722     20.00000
4.698472     19.99706
4.229648     19.97382
5.597058     20.00000
6.765725     20.00000
4.847799     19.99866
8.491584     20.00000
7.378232     20.00000
3.700002     19.75841
10.057037     20.00000
6.260797     20.00000
4.32705     19.98304
11.220979     20.00000
5.997448     20.00000
2.983513     16.80753
7.478011     20.00000
2.424194     11.97786
0.930286      7.62683
0.965477      7.65802
2.465899     11.98246
0.01      5.34339
3.966421     19.91827
5.737273     20.00000
10.371668     20.00000
2.857399     15.21483
6.684083     20.00000
7.956881     20.00000
4.181861     19.96755
5.337585     19.99987
5.44954     20.00000
0.01      5.34339
5.642035     20.00000
7.425983     20.00000
4.212584     19.97169
9.153686     20.00000
9.217601     20.00000
0.01      5.34339
9.898096     20.00000
8.542664     20.00000
8.638763     20.00000
5.119692     19.99960
4.077032     19.94885
4.152333     19.96314
8.675942     20.00000
3.944375     19.91039
6.631051     20.00000
0.135622      5.74566
9.263743     20.00000
2.059865     11.56233
8.014312     20.00000
6.826913     20.00000
2.111629     11.85656
7.833054     20.00000
4.700233     19.99706
6.152361     20.00000
5.390487     19.99987
4.218991     19.97249
5.11606     19.99960
5.055653     19.99947
1.106624      7.93821
0.01      5.34339
9.375173     20.00000
7.998977     20.00000
4.317089     19.98224
7.583312     20.00000
8.354693     20.00000
5.555219     20.00000
6.104703     20.00000
9.642622     20.00000
6.771752     20.00000
5.201808     19.99973
2.750473     13.33313
4.998485     19.99933
5.410115     19.99987
2.156428     11.88206
7.828908     20.00000
5.691143     20.00000
4.972667     19.99920
5.148453     19.99973
6.813029     20.00000
8.413349     20.00000
4.794927     19.99813
1.927577     10.67334
7.37385     20.00000
3.740338     19.79407
3.651478     19.70780
1.041728      7.80826
3.977662     19.92201
4.222206     19.97289
5.409569     19.99987
2.570873     11.99405
2.892867     15.72325
9.268415     20.00000
6.996277     20.00000
4.39266     19.98745
10.018063     20.00000
7.093321     20.00000
3.273022     18.80781
9.456851     20.00000
5.41095     19.99987
4.659937     19.99640
7.249338     20.00000
3.73703     19.79140
2.508814     11.98720
6.344198     20.00000
7.399777     20.00000
7.74401     20.00000
7.423047     20.00000
5.427329     20.00000
5.895715     20.00000
4.144984     19.96194
8.499522     20.00000
6.657475     20.00000
5.901715     20.00000
2.368164     11.97167
3.171576     18.30140
3.988121     19.92535
6.220052     20.00000
13.235413     20.00000
2.271666     11.94765
4.198042     19.96982
0.01      5.34339
8.178529     20.00000
2.644134     12.00214
8.62725     20.00000
8.545514     20.00000
3.864653     19.87527
5.213886     19.99973
2.320638     11.96642
3.770877     19.81771
3.407799     19.26628
7.315415     20.00000
7.965713     20.00000
2.466172     11.98249
7.521651     20.00000
2.185035     11.89834
7.344842     20.00000
0.01      5.34339
0.501228      6.80705
0.01      5.34339
1.498238      9.27092
3.180694     18.35388
4.603835     19.99533
5.369404     19.99987
2.909288     15.94160
0.01      5.34339
0.01      5.34339
3.103235     17.85548
2.36723     11.97157
4.443663     19.99012
3.540342     19.55221
4.012574     19.93269
4.301986     19.98104
5.708969     20.00000
4.177816     19.96701
9.345351     20.00000
2.692542     12.05601
6.521778     20.00000
5.517185     20.00000
2.823728     14.68197
9.777706     20.00000
0.933393      7.62772
3.560917     19.58587
1.59004      9.48995
6.437456     20.00000
1.106004      7.93607
2.47373     11.98333
3.62876     19.68082
6.672036     20.00000
7.529516     20.00000
7.368598     20.00000
8.082494     20.00000
9.557596     20.00000
7.803426     20.00000
9.319754     20.00000
5.071527     19.99960
3.516277     19.50961
4.316651     19.98224
4.118894     19.95726
4.084551     19.95045
7.645767     20.00000
0.128015      5.74265
5.645539     20.00000
7.450821     20.00000
3.101326     17.84159
1.454878      9.26682
8.762037     20.00000
8.983049     20.00000
2.194269     11.90360
2.176387     11.89342
2.088358     11.76370
5.722531     20.00000
0.07544      5.61616
8.110398     20.00000
5.753834     20.00000
7.751416     20.00000
7.131706     20.00000
8.600758     20.00000
2.570195     11.99398
6.119262     20.00000
3.479831     19.43776
2.773418     13.78559
5.690464     20.00000
4.796007     19.99813
7.459473     20.00000
3.294892     18.89689
6.937412     20.00000
0.791685      7.39886
0.01      5.34339
0.01      5.34339
8.989986     20.00000
5.008969     19.99933
6.218501     20.00000
3.311316     18.95966
6.098191     20.00000
9.889523     20.00000
7.978385     20.00000
5.74104     20.00000
4.438126     19.98985
5.467028     20.00000
5.82106     20.00000
6.618962     20.00000
6.965887     20.00000
5.855     20.00000
5.560332     20.00000
5.714821     20.00000
3.775078     19.82078
6.668698     20.00000
9.915367     20.00000
3.561967     19.58760
3.789584     19.83093
7.640745     20.00000
6.980659     20.00000
4.772074     19.99800
3.600477     19.64409
5.206898     19.99973
6.144861     20.00000
4.060393     19.94511
6.113131     20.00000
2.231847     11.92499
5.615314     20.00000
10.179804     20.00000
2.993444     16.90956
4.976478     19.99933
4.243314     19.97529
0.01      5.34339
4.788993     19.99813
5.664332     20.00000
6.356279     20.00000
5.156189     19.99973
2.446258     11.98029
7.402772     20.00000
7.727392     20.00000
9.09031     20.00000
2.991499     16.88979
5.956289     20.00000
5.685474     20.00000
0.01      5.34339
0.659288      7.12840
4.656667     19.99640
3.822417     19.85189
3.902837     19.89343
7.330076     20.00000
7.201071     20.00000
3.454042     19.38127
2.080195     11.70601
8.906719     20.00000
11.348527     20.00000
8.425262     20.00000
0.01      5.34339
12.321404     20.00000
4.971353     19.99920
0.01      5.34339
0.01      5.34339
3.584832     19.62206
3.053366     17.46472
8.582259     20.00000
2.041535     11.43278
5.498351     20.00000
7.091453     20.00000
5.763897     20.00000
7.608737     20.00000
2.876778     15.49902
4.198521     19.96982
2.11797     11.86017
8.821665     20.00000
8.279122     20.00000
2.589417     11.99610
1.018825      7.70774
7.896272     20.00000
4.380784     19.98678
5.65037     20.00000
1.351475      9.08691
3.814158     19.84682
2.860079     15.25502
8.271808     20.00000
1.401658      9.13376
3.418393     19.29420
8.347691     20.00000
6.675613     20.00000
7.674738     20.00000
5.079611     19.99960
1.268978      8.72641
11.307199     20.00000
1.22686      8.59079
7.761826     20.00000
9.29506     20.00000
3.083391     17.70711
0.01      5.34339
2.249518     11.93505
0.2864      6.13384
7.019293     20.00000
4.831546     19.99853
4.986777     19.99933
3.268403     18.78818
7.137695     20.00000
5.659211     20.00000
11.132881     20.00000
6.780089     20.00000
4.39128     19.98731
6.034708     20.00000
4.643322     19.99613
6.202661     20.00000
2.499234     11.98614
6.46511     20.00000
6.013487     20.00000
2.651398     12.00294
0.01      5.34339
2.953214     16.47673
3.775511     19.82104
5.950428     20.00000
7.752318     20.00000
0.476473      6.74737
6.506885     20.00000
10.339323     20.00000
0.959908      7.65294
2.498119     11.98602
0.01      5.34339
10.298395     20.00000
6.280766     20.00000
1.208264      8.54501
6.457868     20.00000
8.361212     20.00000
9.648809     20.00000
1.490359      9.26980
5.351298     19.99987
0.01      5.34339
0.777984      7.34483
7.66219     20.00000
7.570328     20.00000
6.365391     20.00000
5.298185     19.99987
3.59274     19.63328
1.314741      8.97702
5.810034     20.00000
6.368967     20.00000
5.720501     20.00000
9.366955     20.00000
8.234678     20.00000
9.380517     20.00000
4.928379     19.99907
5.153715     19.99973
1.67478      9.76348
11.004249     20.00000
3.399496     19.24358
1.282136      8.80793
7.598312     20.00000
1.719076      9.97147
3.123753     17.99944
3.956046     19.91466
2.50207     11.98645
3.839239     19.86164
8.061359     20.00000
6.203546     20.00000
5.517941     20.00000
4.021461     19.93523
1.56861      9.37946
6.372503     20.00000
9.776128     20.00000
8.431565     20.00000
4.3734     19.98624
9.532152     20.00000
4.93163     19.99907
11.288755     20.00000
3.234216     18.63340
7.953305     20.00000
5.751496     20.00000
10.153738     20.00000
4.556234     19.99412
2.479971     11.98401
8.908617     20.00000
2.301233     11.96428
6.125327     20.00000
2.500883     11.98632
1.194218      8.51092
7.21484     20.00000
3.510026     19.49799
4.777471     19.99800
10.255902     20.00000
8.513165     20.00000
4.960126     19.99920
4.230871     19.97396
2.768209     13.68530
7.526527     20.00000
3.571003     19.60149
11.137933     20.00000
5.418016     19.99987
0.944492      7.63783
0.01      5.34339
2.792475     14.14003
1.449403      9.26636
4.707808     19.99720
0.01      5.34339
7.791985     20.00000
4.638853     19.99613
4.544982     19.99386
4.980918     19.99933
5.006412     19.99933
6.099491     20.00000
5.035101     19.99947
5.618114     20.00000
7.143903     20.00000
0.01      5.34339
8.508241     20.00000
1.361369      9.08945
1.05125      7.85381
8.978201     20.00000
1.77846     10.18768
3.17638     18.32918
2.471481     11.98308
5.740932     20.00000
5.231099     19.99987
9.123456     20.00000
2.12198     11.86245
5.834605     20.00000
8.979789     20.00000
0.805598      7.44962
7.828678     20.00000
4.775476     19.99800
4.191495     19.96888
4.747577     19.99773
1.012113      7.70094
6.732666     20.00000
0.610555      7.03784
5.159797     19.99973
1.779009     10.18806
8.642779     20.00000
8.019213     20.00000
4.801083     19.99826
2.251333     11.93608
16.426792     20.00000
4.783138     19.99813
8.366585     20.00000
5.178563     19.99973
1.702385      9.88744
2.286034     11.95583
6.806096     20.00000
9.833679     20.00000
6.254941     20.00000
5.23222     19.99987
0.691376      7.14587
5.883842     20.00000
4.727529     19.99746
3.397566     19.23824
6.938805     20.00000
7.590061     20.00000
4.061699     19.94538
9.130014     20.00000
9.269654     20.00000
9.134751     20.00000
2.688424     12.00703
0.039782      5.34703
3.718954     19.77577
4.222003     19.97289
2.654826     12.00332
9.484028     20.00000
0.01      5.34339
0.24341      5.99651
3.522076     19.52016
4.394292     19.98758
1.94614     10.77854
0.01      5.34339
1.880309     10.40547
7.219458     20.00000
2.994626     16.92144
6.049471     20.00000
5.993755     20.00000
6.322694     20.00000
4.162363     19.96474
3.306624     18.94203
4.690363     19.99693
7.056986     20.00000
2.919311     16.06980
9.097062     20.00000
6.642749     20.00000
9.338     20.00000
4.259807     19.97703
7.133971     20.00000
5.237276     19.99987
1.750248     10.12840
7.315719     20.00000
11.757228     20.00000
4.980956     19.99933
2.835053     14.86693
4.404933     19.98811
5.069565     19.99960
6.987808     20.00000
8.060443     20.00000
2.900762     15.82955
8.392704     20.00000
3.054443     17.47380
6.914455     20.00000
2.513382     11.98770
7.762751     20.00000
4.190761     19.96888
8.002226     20.00000
9.067844     20.00000
7.547197     20.00000
3.587634     19.62606
2.834052     14.85077
1.679898      9.77665
11.835941     20.00000
2.28463     11.95503
7.91048     20.00000
8.570694     20.00000
3.948273     19.91172
6.245762     20.00000
2.238704     11.92889
6.269666     20.00000
2.783728     13.97964
5.279066     19.99987
3.310682     18.95725
3.393773     19.22756
4.214882     19.97195
4.805179     19.99826
6.422538     20.00000
11.205735     20.00000
6.2715     20.00000
7.220784     20.00000
7.231066     20.00000
9.576606     20.00000
4.825286     19.99840
6.834896     20.00000
5.554789     20.00000
1.442016      9.26574
3.140648     18.11136
2.449821     11.98069
4.494882     19.99225
6.75768     20.00000
0.01      5.34339
0.01      5.34339
3.531773     19.53752
6.49896     20.00000
3.910436     19.89677
1.635411      9.66216
7.848478     20.00000
8.430657     20.00000
0.504801      6.82213
7.880162     20.00000
3.577224     19.61084
1.176484      8.42799
6.465197     20.00000
4.787816     19.99813
0.01      5.34339
0.01      5.34339
5.994098     20.00000
1.366267      9.09071
3.597522     19.63995
8.148324     20.00000
3.957798     19.91520
3.761683     19.81090
2.15806     11.88299
2.60857     11.99821
1.611266      9.59938
1.360765      9.08930
6.08086     20.00000
1.026099      7.73350
8.765937     20.00000
11.476298     20.00000
9.146927     20.00000
8.787916     20.00000
1.943282     10.76235
1.994999     11.10390
7.78553     20.00000
6.084586     20.00000
7.919996     20.00000
2.095901     11.81701
7.578658     20.00000
7.014285     20.00000
6.096939     20.00000
2.685012     12.00665
5.516062     20.00000
2.633216     12.00094
4.548511     19.99399
4.840996     19.99853
2.451362     11.98085
7.362366     20.00000
5.819555     20.00000
1.738692     10.07023
1.318313      8.98965
4.145175     19.96194
4.298786     19.98077
6.984076     20.00000
7.899512     20.00000
3.962354     19.91680
4.874667     19.99880
9.233414     20.00000
2.821109     14.63843
6.604583     20.00000
5.860017     20.00000
0.01      5.34339
7.372857     20.00000
1.519036      9.27423
5.397813     19.99987
2.470667     11.98299
5.270646     19.99987
2.378918     11.97286
3.332632     19.03605
9.086092     20.00000
5.289066     19.99987
3.629425     19.68176
5.515248     20.00000
6.429676     20.00000
3.471966     19.42107
3.978132     19.92214
4.584911     19.99493
0.01      5.34339
2.029996     11.35123
1.120684      8.00754
8.617063     20.00000
4.924879     19.99907
5.0115     19.99933
1.324109      9.01014
5.726433     20.00000
2.80784     14.41247
6.174981     20.00000
4.644607     19.99613
3.253913     18.72461
9.453055     20.00000
0.341321      6.44340
3.214365     18.53524
3.953318     19.91359
3.643079     19.69818
5.113247     19.99960
4.522381     19.99319
8.477154     20.00000
7.130649     20.00000
7.916073     20.00000
0.01      5.34339
6.242709     20.00000
5.097153     19.99960
10.862552     20.00000
0.871005      7.52962
8.342705     20.00000
10.930195     20.00000
1.420883      9.20019
0.01      5.34339
0.01      5.34339
4.625898     19.99586
1.945422     10.77447
6.952906     20.00000
0.01      5.34339
1.838307     10.22872
10.638487     20.00000
3.225781     18.59240
7.326136     20.00000
6.916932     20.00000
0.528665      6.90005
2.173019     11.89150
0.781006      7.35438
5.217336     19.99973
3.380823     19.19030
7.274277     20.00000
4.837032     19.99853
6.873864     20.00000
3.882804     19.88421
6.290917     20.00000
7.633147     20.00000
3.108153     17.89074
9.586252     20.00000
6.853791     20.00000
7.557584     20.00000
5.321136     19.99987
5.4315     20.00000
6.261577     20.00000
0.773648      7.33733
4.957127     19.99920
10.615042     20.00000
4.479543     19.99159
4.351753     19.98491
7.706054     20.00000
8.456148     20.00000
5.297558     19.99987
7.471752     20.00000
5.028176     19.99947
0.01      5.34339
8.017359     20.00000
4.919334     19.99907
1.404919      9.14503
10.449292     20.00000
4.818344     19.99840
2.472813     11.98322
5.52996     20.00000
3.789487     19.83079
5.402648     19.99987
1.681048      9.78003
8.477208     20.00000
3.660347     19.71781
5.108269     19.99960
5.941441     20.00000
4.558473     19.99426
7.004257     20.00000
10.610841     20.00000
6.915936     20.00000
0.01      5.34339
7.86007     20.00000
4.608635     19.99546
5.647215     20.00000
0.7438      7.27772
4.717944     19.99733
2.933485     16.24488
5.18197     19.99973
10.309789     20.00000
2.750553     13.33473
1.906798     10.55559
7.243433     20.00000
3.01645     17.13472
10.421611     20.00000
7.695437     20.00000
7.453887     20.00000
3.597212     19.63955
8.68986     20.00000
3.851285     19.86832
5.143925     19.99973
4.160773     19.96448
8.96222     20.00000
7.222344     20.00000
6.240634     20.00000
6.512316     20.00000
5.528645     20.00000
3.688057     19.74679
5.783125     20.00000
3.042129     17.36816
10.659465     20.00000
1.138845      8.15810
5.86735     20.00000
9.330182     20.00000
5.347889     19.99987
3.393553     19.22702
0.589412      6.98421
6.427746     20.00000
2.000561     11.14320
1.056059      7.85707
12.009931     20.00000
6.386742     20.00000
4.215787     19.97209
8.364771     20.00000
2.704751     12.34207
5.306118     19.99987
0.01      5.34339
2.388955     11.97396
3.507252     19.49265
7.535052     20.00000
1.51494      9.27358
9.445368     20.00000
5.744908     20.00000
4.667953     19.99653
1.01235      7.70118
8.90329     20.00000
7.293922     20.00000
6.937073     20.00000
8.216874     20.00000
4.926076     19.99907
7.339134     20.00000
2.522877     11.98875
1.854173     10.25735
1.977531     10.98044
4.020417     19.93483
10.665079     20.00000
1.322769      9.00540
11.14719     20.00000
5.704157     20.00000
4.004787     19.93042
9.170127     20.00000
3.977999     19.92214
4.308928     19.98157
1.509525      9.27272
7.356156     20.00000
8.240601     20.00000
4.977774     19.99933
6.931713     20.00000
8.305755     20.00000
7.6734     20.00000
1.237255      8.61771
6.304266     20.00000
0.01      5.34339
2.012816     11.22981
6.084808     20.00000
5.514536     20.00000
0.01      5.34339
6.212003     20.00000
9.346048     20.00000
0.376379      6.49910
0.01      5.34339
7.1662     20.00000
4.198775     19.96995
2.038615     11.41215
2.183151     11.89727
3.530475     19.53525
0.812008      7.45136
4.869717     19.99880
3.10699     17.88246
2.16291     11.88575
0.962345      7.65533
7.683198     20.00000
1.297839      8.90523
2.843597     15.00248
4.692719     19.99693
7.72703     20.00000
7.218886     20.00000
4.012738     19.93269
6.507324     20.00000
1.874568     10.37293
3.146297     18.14742
0.979442      7.66986
0.719951      7.20944
8.398467     20.00000
0.01      5.34339
1.837934     10.22847
8.049028     20.00000
3.477537     19.43295
2.863667     15.30844
6.940187     20.00000
3.476713     19.43122
7.705295     20.00000
7.024728     20.00000
2.296421     11.96174
1.612736      9.60380
2.935112     16.26452
1.524213      9.27506
7.685819     20.00000
2.468286     11.98272
0.01      5.34339
1.879319     10.39986
0.993466      7.68207
2.372749     11.97217
1.109392      7.94776
8.268843     20.00000
1.803251     10.20468
0.01      5.34339
0.01      5.34339
1.634568      9.65999
7.553653     20.00000
7.23578     20.00000
5.149767     19.99973
3.17158     18.30140
11.808895     20.00000
3.443417     19.35643
6.68041     20.00000
5.596564     20.00000
5.16093     19.99973
8.508364     20.00000
4.823832     19.99840
7.861507     20.00000
10.471517     20.00000
2.859752     15.25022
6.849504     20.00000
0.01      5.34339
4.81065     19.99826
7.236569     20.00000
8.176659     20.00000
2.374923     11.97241
10.728132     20.00000
5.156572     19.99973
0.301797      6.15632
3.189031     18.40062
0.102217      5.70584
7.618309     20.00000
2.808755     14.42836
6.849261     20.00000
4.06125     19.94524
5.807359     20.00000
4.986044     19.99933
6.800783     20.00000
0.28001      6.12661
5.594933     20.00000
8.17206     20.00000
9.195271     20.00000
1.451313      9.26652
6.576764     20.00000
1.669881      9.75087
4.542995     19.99372
5.530865     20.00000
5.047112     19.99947
6.357774     20.00000
4.539987     19.99372
1.060091      7.85730
6.919135     20.00000
6.211168     20.00000
5.196737     19.99973
5.545443     20.00000
1.859453     10.28727
5.643314     20.00000
0.098361      5.69681
5.679856     20.00000
3.014528     17.11642
4.511996     19.99279
4.832613     19.99853
0.14051      5.74974
5.683188     20.00000
7.98822     20.00000
7.117292     20.00000
6.642851     20.00000
0.01      5.34339
6.08284     20.00000
7.604305     20.00000
2.899041     15.80658
4.435114     19.98972
7.715103     20.00000
5.281068     19.99987
8.509208     20.00000
3.654577     19.71127
2.096188     11.81904
4.745939     19.99773
5.124742     19.99960
9.719328     20.00000
5.474573     20.00000
4.16     19.96434
1.074923      7.85818
5.469396     20.00000
3.122678     17.99210
3.260826     18.75533
8.464921     20.00000
6.927901     20.00000
3.422075     19.30368
8.238347     20.00000
8.696705     20.00000
4.015465     19.93349
6.055827     20.00000
7.181814     20.00000
4.406871     19.98825
1.921874     10.64102
10.215096     20.00000
6.32893     20.00000
8.646551     20.00000
10.289119     20.00000
7.926632     20.00000
2.167055     11.88811
2.346207     11.96924
3.798897     19.83707
9.124891     20.00000
7.995896     20.00000
5.641787     20.00000
1.904616     10.54322
3.246571     18.69136
3.819502     19.85016
0.01      5.34339
7.577397     20.00000
10.543519     20.00000
2.706301     12.37772
9.624449     20.00000
3.261112     18.75666
4.4058     19.98825
8.111208     20.00000
2.242273     11.93092
2.751744     13.35890
5.746613     20.00000
1.312533      8.96921
0.626504      7.08020
0.105603      5.71377
5.249229     19.99987
1.25048      8.65197
5.937345     20.00000
7.039942     20.00000
6.503926     20.00000
7.755118     20.00000
2.103462     11.85191
6.76944     20.00000
7.80715     20.00000
0.07495      5.61190
4.461292     19.99092
8.885122     20.00000
5.961463     20.00000
1.557718      9.32331
6.675168     20.00000
7.901198     20.00000
3.53419     19.54166
5.37171     19.99987
2.905069     15.88644
5.839671     20.00000
6.369115     20.00000
12.417664     20.00000
7.524583     20.00000
5.252981     19.99987
1.198365      8.52098
0.01      5.34339
8.583321     20.00000
11.511806     20.00000
5.834388     20.00000
6.742495     20.00000
4.285445     19.97957
5.260441     19.99987
8.983393     20.00000
2.618244     11.99928
1.616725      9.61406
0.01      5.34339
9.138077     20.00000
0.01      5.34339
5.84134     20.00000
7.188369     20.00000
1.771892     10.18318
1.23091      8.60128
6.551787     20.00000
1.838843     10.22909
6.077261     20.00000
4.874952     19.99880
1.656805      9.71722
7.349374     20.00000
1.846743     10.23451
6.38754     20.00000
0.386431      6.50905
11.043104     20.00000
2.880624     15.55350
3.381197     19.19136
2.688821     12.00708
3.382079     19.19390
4.018001     19.93416
3.204644     18.48489
8.849062     20.00000
5.622933     20.00000
7.143491     20.00000
4.146255     19.96207
6.38946     20.00000
6.136356     20.00000
6.106699     20.00000
4.758237     19.99786
2.87827     15.52025
3.266325     18.77923
7.100559     20.00000
4.966606     19.99920
4.486559     19.99185
8.176494     20.00000
5.389735     19.99987
0.697006      7.15418
7.857488     20.00000
3.657809     19.71501
5.609461     20.00000
2.096964     11.82452
6.696558     20.00000
4.547379     19.99386
9.426371     20.00000
0.01      5.34339
2.249359     11.93496
7.746839     20.00000
3.621212     19.67147
4.323088     19.98277
8.156399     20.00000
2.663117     12.00424
4.567661     19.99452
0.757593      7.30959
7.618607     20.00000
3.242875     18.67426
4.957264     19.99920
0.716242      7.19714
7.099181     20.00000
10.813795     20.00000
4.282277     19.97930
6.69623     20.00000
7.666528     20.00000
3.848945     19.86712
7.097417     20.00000
3.968865     19.91907
7.501805     20.00000
8.248534     20.00000
0.64861      7.11542
5.133423     19.99973
5.582714     20.00000
4.950121     19.99920
5.605857     20.00000
1.004568      7.69331
3.891118     19.88822
1.772918     10.18388
0.01      5.34339
7.132236     20.00000
12.160121     20.00000
4.888439     19.99880
2.727877     12.85876
6.334355     20.00000
8.620741     20.00000
3.755449     19.80609
10.371374     20.00000
4.572875     19.99466
4.428959     19.98945
4.235878     19.97449
6.398721     20.00000
0.01      5.34339
0.999852      7.68853
3.764677     19.81317
2.813021     14.50168
7.742298     20.00000
5.78917     20.00000
2.453467     11.98109
3.031443     17.27321
8.465781     20.00000
9.901487     20.00000
4.464316     19.99105
5.4152     19.99987
5.488814     20.00000
0.01      5.34339
2.825481     14.71108
6.032533     20.00000
2.36735     11.97158
1.907024     10.55687
4.083916     19.95032
7.522266     20.00000
6.765868     20.00000
4.428352     19.98932
7.587089     20.00000
2.493957     11.98556
7.050585     20.00000
5.923636     20.00000
2.573277     11.99432
5.650105     20.00000
3.716637     19.77377
10.372482     20.00000
6.321543     20.00000
5.092479     19.99960
5.896972     20.00000
4.027912     19.93697
2.369602     11.97183
0.01      5.34339
1.706635      9.90884
5.907111     20.00000
7.767346     20.00000
0.01      5.34339
0.017682      5.34429
8.982727     20.00000
4.473224     19.99132
3.466372     19.40891
10.954748     20.00000
3.08612     17.72807
7.81521     20.00000
4.374433     19.98638
3.090205     17.75906
0.01      5.34339
0.533385      6.91275
7.927214     20.00000
8.371122     20.00000
9.141328     20.00000
6.695446     20.00000
5.631833     20.00000
6.112587     20.00000
7.990251     20.00000
10.879515     20.00000
4.570165     19.99452
4.616045     19.99559
3.284781     18.85642
3.394507     19.22969
3.917085     19.89957
7.814424     20.00000
6.339858     20.00000
2.74896     13.30228
10.765802     20.00000
4.226878     19.97342
4.750586     19.99773
3.861176     19.87353
13.210708     20.00000
7.349108     20.00000
8.974861     20.00000
0.43473      6.66974
7.928881     20.00000
4.217948     19.97235
3.985272     19.92441
6.63686     20.00000
3.764822     19.81317
6.224914     20.00000
4.346649     19.98451
4.787907     19.99813
2.567758     11.99371
4.691305     19.99693
0.663266      7.13294
5.634973     20.00000
3.089489     17.75372
3.752419     19.80368
3.170089     18.29258
1.581355      9.44517
6.178334     20.00000
0.01      5.34339
6.230674     20.00000
5.277722     19.99987
5.857643     20.00000
7.924682     20.00000
7.394931     20.00000
10.033124     20.00000
3.778741     19.82331
3.929243     19.90451
4.804807     19.99826
7.983345     20.00000
3.868777     19.87740
4.882174     19.99880
1.773567     10.18433
4.417548     19.98878
5.248985     19.99987
3.348359     19.08920
4.297267     19.98064
10.758855     20.00000
4.879657     19.99880
5.707981     20.00000
2.633373     12.00095
3.026143     17.22500
11.72457     20.00000
5.530771     20.00000
6.058099     20.00000
0.903303      7.60905
2.65537     12.00338
7.537387     20.00000
7.374286     20.00000
6.326451     20.00000
5.747338     20.00000
2.708426     12.42634
1.931775     10.69713
6.660393     20.00000
5.97843     20.00000
3.831054     19.85697
4.282738     19.97930
5.201869     19.99973
2.151663     11.87935
8.043628     20.00000
4.310324     19.98170
5.352441     19.99987
0.133828      5.74446
4.130072     19.95940
7.12243     20.00000
3.867298     19.87674
4.890481     19.99893
6.716044     20.00000
5.458839     20.00000
11.664222     20.00000
7.835756     20.00000
2.145474     11.87583
3.767622     19.81530
5.594572     20.00000
6.881527     20.00000
0.01      5.34339
7.145345     20.00000
5.142509     19.99973
3.575918     19.60897
7.206043     20.00000
6.826226     20.00000
1.926974     10.66993
8.440539     20.00000
9.47449     20.00000
3.62985     19.68229
0.01      5.34339
5.249808     19.99987
7.409449     20.00000
5.112053     19.99960
1.461206      9.26735
1.560248      9.33635
2.911646     15.97205
8.711655     20.00000
3.269164     18.79152
1.442091      9.26574
2.389796     11.97406
7.525006     20.00000
5.135519     19.99973
4.204792     19.97075
6.318722     20.00000
0.01      5.34339
10.581802     20.00000
8.280394     20.00000
0.01      5.34339
2.988487     16.85894
9.203496     20.00000
8.444896     20.00000
